	0
ENSG00000186092	2.202574442561799
ENSG00000187634	8.729232778094474
ENSG00000188976	9.022385856869608
ENSG00000187961	6.989820220117596
ENSG00000187583	8.325979979394445
ENSG00000187642	7.8697480514650655
ENSG00000188290	10.239962024134092
ENSG00000187608	14.491244566083335
ENSG00000188157	10.751620798655173
ENSG00000237330	7.414473836430928
ENSG00000131591	6.241077458175037
ENSG00000162571	10.275211372837935
ENSG00000186891	10.033338028527782
ENSG00000186827	9.416895001993637
ENSG00000078808	9.211837863645798
ENSG00000176022	7.789178699212491
ENSG00000184163	8.455737233923422
ENSG00000160087	7.388017285345135
ENSG00000162572	8.795894409033691
ENSG00000131584	10.298062567719017
ENSG00000169972	7.168213846143662
ENSG00000127054	8.453682185872175
ENSG00000224051	8.623601167504857
ENSG00000169962	9.563792374436545
ENSG00000107404	8.955219123926883
ENSG00000162576	11.846734564687324
ENSG00000175756	10.496733478775734
ENSG00000221978	9.713214652998547
ENSG00000242485	8.53734431115525
ENSG00000235098	9.227674815623985
ENSG00000205116	8.266786540694902
ENSG00000179403	10.352957734003079
ENSG00000215915	7.667513996704619
ENSG00000160072	7.623138179989426
ENSG00000197785	8.172190207156348
ENSG00000205090	6.88508622529017
ENSG00000160075	8.579914971756423
ENSG00000228594	10.618007895752006
ENSG00000197530	7.439623137557117
ENSG00000189409	5.339850002884624
ENSG00000248333	8.113742166049189
ENSG00000189339	7.367498981051308
ENSG00000008128	7.361943773735241
ENSG00000215790	5.508272058338596
ENSG00000008130	7.482293153241567
ENSG00000078369	9.64970745248441
ENSG00000169885	7.119658102924623
ENSG00000178821	8.241741584960355
ENSG00000142609	6.915619310669831
ENSG00000187730	9.94178124227853
ENSG00000067606	8.81596579422545
ENSG00000162585	8.903649979654919
ENSG00000157933	10.25077677556406
ENSG00000116151	5.065227622775619
ENSG00000157916	9.267264941372476
ENSG00000157911	9.35445784443148
ENSG00000149527	8.77774845997228
ENSG00000157881	6.88288526522142
ENSG00000197921	9.894941840581975
ENSG00000157873	9.24405145714925
ENSG00000157870	8.634191438267456
ENSG00000142606	6.549635674949056
ENSG00000215912	5.131754090984813
ENSG00000169717	9.729110867230046
ENSG00000142611	6.451849180047419
ENSG00000130762	8.005690071185542
ENSG00000162591	8.681167244275203
ENSG00000158109	9.547396710406566
ENSG00000116213	6.383809002870179
ENSG00000078900	7.105792706148154
ENSG00000162592	6.92955431573285
ENSG00000235169	9.058064469593385
ENSG00000130764	8.457434421907195
ENSG00000116198	7.343363075853133
ENSG00000169598	6.305312762466254
ENSG00000198912	6.110305794042023
ENSG00000196581	6.541127578219209
ENSG00000131697	6.540043419935017
ENSG00000069424	9.706486219714765
ENSG00000116254	7.463660282585972
ENSG00000116251	10.133142212400601
ENSG00000158286	7.1649069266756875
ENSG00000116237	8.624310334131948
ENSG00000173673	6.005179245754819
ENSG00000158292	8.732314501924964
ENSG00000097021	9.5390040933248
ENSG00000069812	9.248810604798269
ENSG00000187017	9.278059587692915
ENSG00000215788	9.889960199658642
ENSG00000171680	9.20896588630656
ENSG00000162408	6.776798547721706
ENSG00000173662	6.177403661270758
ENSG00000204859	6.839501903913062
ENSG00000162413	8.036149911190744
ENSG00000116273	7.814142858124997
ENSG00000041988	5.851955183061403
ENSG00000007923	7.250089077779888
ENSG00000171735	6.553360503335328
ENSG00000049245	9.222537416892031
ENSG00000049246	7.757556688939453
ENSG00000049247	9.36952637799142
ENSG00000049249	6.909514534426188
ENSG00000116288	10.237989765513236
ENSG00000116285	11.49662707008053
ENSG00000162426	5.797361465992282
ENSG00000142599	9.635759241033952
ENSG00000074800	13.167418671300807
ENSG00000131686	12.63822237129072
ENSG00000197241	4.687028627066878
ENSG00000142583	8.276026893235684
ENSG00000180758	7.762163334964618
ENSG00000049239	8.615623386612498
ENSG00000171621	8.682292371430833
ENSG00000171612	7.912683621741039
ENSG00000188807	6.795629486145371
ENSG00000171608	8.77320459416632
ENSG00000171603	10.428303258987095
ENSG00000178585	9.783653086390073
ENSG00000162441	7.767229968767976
ENSG00000173614	6.174216872259268
ENSG00000162444	11.824163209744158
ENSG00000130939	7.6247696938940726
ENSG00000054523	8.018697671363029
ENSG00000142657	11.81168118824788
ENSG00000251503	3.3765131694040864
ENSG00000175279	7.851124362886753
ENSG00000241563	7.974988111991927
ENSG00000160049	7.4624691343609495
ENSG00000142655	7.872828759534886
ENSG00000130940	7.070104903796374
ENSG00000175262	9.021855045440438
ENSG00000120948	8.456559766335008
ENSG00000277726	0.9147047547294477
ENSG00000009724	8.701802948293487
ENSG00000116649	10.275677839561798
ENSG00000171824	7.9014703198242655
ENSG00000198793	8.095954425066946
ENSG00000171819	10.71363203724047
ENSG00000120942	6.776750657769148
ENSG00000204624	7.31432596532367
ENSG00000116661	10.447655044425094
ENSG00000132879	9.177419537989236
ENSG00000116663	7.9625711538046575
ENSG00000116670	9.672683491272462
ENSG00000162490	7.3638317106381885
ENSG00000177674	9.070680288129262
ENSG00000215910	6.503507753634558
ENSG00000177000	7.499238941950906
ENSG00000011021	7.037513108447561
ENSG00000175206	16.820041808102665
ENSG00000120937	15.055409547063046
ENSG00000116685	9.776248928703291
ENSG00000083444	10.551421149761547
ENSG00000116688	9.60009725257184
ENSG00000116691	9.022104774551583
ENSG00000120949	7.748278061855501
ENSG00000028137	9.417661377336524
ENSG00000048707	7.3619939929469105
ENSG00000162496	11.229073323765364
ENSG00000204518	6.19792212717878
ENSG00000188984	7.816983623255381
ENSG00000157330	6.78176816689807
ENSG00000116726	4.7296928610231594
ENSG00000116721	3.508948091472367
ENSG00000239810	2.3322170272496314
ENSG00000179172	6.358921021058512
ENSG00000120952	5.116987460963143
ENSG00000243073	6.826937101980141
ENSG00000187545	7.468201008175383
ENSG00000204510	6.178273020865353
ENSG00000232423	3.2611030346519296
ENSG00000274764	2.258159990478388
ENSG00000277058	6.413079214201023
ENSG00000229571	0.6836174172218713
ENSG00000275774	5.161429167468423
ENSG00000280267	0.8190887046364251
ENSG00000179412	1.6676604240126436
ENSG00000204505	2.6082646991145237
ENSG00000279169	2.694280737470528
ENSG00000279804	3.0257139997418365
ENSG00000270601	3.670751281652082
ENSG00000182330	4.16714059291206
ENSG00000237700	5.152312640984331
ENSG00000204501	6.1061051736954015
ENSG00000204481	2.967566509619964
ENSG00000204480	4.926363923576521
ENSG00000204479	4.24544655401735
ENSG00000204478	3.9375899086370967
ENSG00000162494	11.213760744943043
ENSG00000162493	12.176781538173993
ENSG00000116731	7.733397416177867
ENSG00000189337	7.1426176554465775
ENSG00000171729	8.65288521594927
ENSG00000142621	6.136273429850582
ENSG00000142634	10.489759069306803
ENSG00000162438	13.295343175429691
ENSG00000142615	14.463460513189242
ENSG00000215704	11.992584344005802
ENSG00000132906	8.059074014663564
ENSG00000116138	6.100077725408839
ENSG00000116771	9.478179761423215
ENSG00000197312	7.095149818535786
ENSG00000116786	8.87743369400219
ENSG00000162461	6.209650187907779
ENSG00000162460	7.940730229218209
ENSG00000162458	8.76669391611574
ENSG00000233954	6.61452318032793
ENSG00000065526	7.959095464183311
ENSG00000116809	6.9533213306596995
ENSG00000183888	8.691970588466567
ENSG00000173641	12.722167139781853
ENSG00000186510	10.124121311829187
ENSG00000184908	10.759027079110862
ENSG00000185519	8.467605550082997
ENSG00000142627	10.213129673657056
ENSG00000142632	8.595927117335219
ENSG00000132881	5.987839129838648
ENSG00000037637	6.1790031368416765
ENSG00000055070	8.542107850227511
ENSG00000187144	4.797012977836145
ENSG00000157191	7.7705482279783995
ENSG00000219481	5.87236768580627
ENSG00000058453	7.9276928223357865
ENSG00000117122	10.279505617292397
ENSG00000159363	8.32358907064329
ENSG00000117118	8.951284714966972
ENSG00000117115	10.411317207959211
ENSG00000142623	10.469083550235116
ENSG00000142619	10.893716951836215
ENSG00000159339	8.357779590323009
ENSG00000276747	6.2259304111710545
ENSG00000179051	10.707157229444139
ENSG00000074964	8.501837184902296
ENSG00000117148	9.859036510953322
ENSG00000117154	8.150762744355418
ENSG00000179023	9.501767881553176
ENSG00000009709	7.97988065863082
ENSG00000179002	4.110950269299071
ENSG00000159423	9.84814904216634
ENSG00000169991	9.848153440493245
ENSG00000127481	7.740792672277682
ENSG00000127463	7.204325774124576
ENSG00000053372	8.371271565414816
ENSG00000162482	10.314396856359792
ENSG00000053371	9.367823003472955
ENSG00000040487	7.107297387235168
ENSG00000077549	10.510428722371069
ENSG00000173436	6.798079898790683
ENSG00000158747	11.136350341454156
ENSG00000270136	1.0324073836235408
ENSG00000158748	6.469893066325534
ENSG00000162542	8.7048881112412
ENSG00000178828	8.960048569719556
ENSG00000169914	7.069950256673716
ENSG00000188784	6.2861418728343015
ENSG00000188257	15.633205631425836
ENSG00000127472	8.434628227636725
ENSG00000117215	9.705738105846072
ENSG00000158786	9.13176161471402
ENSG00000187980	3.9939296910300506
ENSG00000162543	7.986919240915285
ENSG00000158816	7.600786012700859
ENSG00000162545	10.944712061043486
ENSG00000090432	7.687644305091446
ENSG00000183114	8.282608791354058
ENSG00000158825	10.858815142874018
ENSG00000158828	7.662487460098696
ENSG00000244038	10.704545369542627
ENSG00000117245	7.187846909439575
ENSG00000189410	7.104704524692996
ENSG00000127483	9.108011320198761
ENSG00000075151	7.689017486800835
ENSG00000117298	10.527041685537025
ENSG00000142794	5.33211713148344
ENSG00000162551	11.524655096973495
ENSG00000076864	10.455637977355911
ENSG00000090686	7.408064677146839
ENSG00000187942	6.514010524970328
ENSG00000142798	9.752498645005547
ENSG00000219073	14.338806009032794
ENSG00000142789	16.02774598777734
ENSG00000070831	10.404815527723596
ENSG00000162552	9.248197020689654
ENSG00000184677	7.418399892089872
ENSG00000070886	7.305298659431164
ENSG00000173372	14.179375221603296
ENSG00000159189	13.122381998537103
ENSG00000173369	13.612331310218357
ENSG00000133216	8.616176427672585
ENSG00000215906	4.0318803074289855
ENSG00000227868	8.32777717058405
ENSG00000004487	10.196286106614286
ENSG00000169641	8.496207414826692
ENSG00000179546	7.4232306685394525
ENSG00000125944	8.127516764414173
ENSG00000125945	8.186812327084535
ENSG00000204219	8.841706201446799
ENSG00000088280	8.352488675262533
ENSG00000007968	7.638444665585703
ENSG00000117318	11.263856019596082
ENSG00000142676	13.217666385855804
ENSG00000011007	9.435670847839553
ENSG00000057757	10.748833887689175
ENSG00000011009	10.634250086359337
ENSG00000117308	9.126141152332435
ENSG00000117305	8.060510296366152
ENSG00000179163	11.469972596360405
ENSG00000188822	6.399911422887238
ENSG00000189266	9.618938257820306
ENSG00000188529	7.929835241863594
ENSG00000142661	7.944858445807539
ENSG00000142677	9.259037041089966
ENSG00000185436	6.434252217517427
ENSG00000158055	9.549207089355683
ENSG00000001460	6.48603230920064
ENSG00000001461	9.273315498199723
ENSG00000117602	8.830575916893869
ENSG00000184454	8.13613684792295
ENSG00000133226	8.701746136577226
ENSG00000169504	12.480554724921086
ENSG00000020633	9.235078893983633
ENSG00000117614	9.324985997482159
ENSG00000117616	8.338959175415203
ENSG00000187010	6.028355266548723
ENSG00000183726	10.802646072805004
ENSG00000188672	6.0907207979091496
ENSG00000204178	7.929534159230632
ENSG00000157978	8.093115229701493
ENSG00000117643	8.326568623272747
ENSG00000162430	10.785227143271303
ENSG00000255054	0.6413080155618398
ENSG00000117640	7.780564889723803
ENSG00000127423	6.251580819884752
ENSG00000182749	9.31263025869442
ENSG00000117632	11.162090307200568
ENSG00000158006	7.9624927583356895
ENSG00000158008	8.447340593515094
ENSG00000158014	8.571545544276209
ENSG00000158022	10.663305389747803
ENSG00000175087	7.510434797780695
ENSG00000197245	6.613236954716332
ENSG00000236782	5.5307894154107
ENSG00000142684	8.512817236925933
ENSG00000142675	7.795853259760037
ENSG00000188782	6.124328135002202
ENSG00000130695	7.195260637233193
ENSG00000142669	11.962337139526802
ENSG00000158062	7.811343375993676
ENSG00000169442	14.619571583868034
ENSG00000176092	8.024585638278273
ENSG00000176083	8.283551423174307
ENSG00000131914	10.65669133862321
ENSG00000117682	7.834154981401319
ENSG00000198830	11.36104813064811
ENSG00000117676	8.234168366272325
ENSG00000117713	9.734737370505297
ENSG00000060642	6.547203024756931
ENSG00000204160	7.588305097946323
ENSG00000175793	14.96425972951369
ENSG00000142751	6.328399076705768
ENSG00000198746	7.1893106844171335
ENSG00000090273	10.25784481177976
ENSG00000131910	10.267149215867104
ENSG00000175707	7.633728955080348
ENSG00000253368	10.233447609076812
ENSG00000158246	9.8808861173004
ENSG00000090020	8.757968223102981
ENSG00000142784	8.966977959965867
ENSG00000186501	7.705169326789004
ENSG00000142765	8.917372079476841
ENSG00000142733	8.613973587380224
ENSG00000142748	12.950920352030098
ENSG00000174950	7.926329925869845
ENSG00000181773	8.531629147557057
ENSG00000158195	9.986094244168854
ENSG00000126705	8.657194956301623
ENSG00000000938	9.754588118337164
ENSG00000126709	15.733905540464098
ENSG00000009780	5.9310316768517914
ENSG00000117758	9.12443691063472
ENSG00000117751	7.7410966433766255
ENSG00000130775	8.577294263897427
ENSG00000117748	8.638676280650918
ENSG00000130768	9.215264268378967
ENSG00000158156	6.147498577941118
ENSG00000158161	7.596493818361553
ENSG00000169403	8.740650876842645
ENSG00000126698	8.517960305283777
ENSG00000130770	10.12159211423877
ENSG00000130766	8.565003707384577
ENSG00000130772	7.229551105592654
ENSG00000204138	7.542107403045325
ENSG00000180198	10.122390421899988
ENSG00000180098	6.705749135738447
ENSG00000120656	7.079331473751322
ENSG00000188060	9.41185350718667
ENSG00000162419	5.512000298444021
ENSG00000198492	8.57334696192194
ENSG00000116329	6.005849144474224
ENSG00000159023	7.842182532253981
ENSG00000253304	8.320969271884401
ENSG00000116350	8.478927354717364
ENSG00000116353	6.224797864269505
ENSG00000060656	9.056850960360348
ENSG00000162510	11.16640805550847
ENSG00000162511	11.49701581691212
ENSG00000162512	11.479576667094038
ENSG00000134644	8.119406175533141
ENSG00000084628	9.735084708422203
ENSG00000060688	7.351077548664514
ENSG00000121766	8.478567405579449
ENSG00000121769	14.808754048393807
ENSG00000168528	11.620773185153615
ENSG00000142910	11.776830417864113
ENSG00000121764	6.254175667806752
ENSG00000162517	9.287446872023162
ENSG00000084636	10.460991606710493
ENSG00000121753	8.959199226666357
ENSG00000134668	9.064631260020915
ENSG00000184007	11.285485475748903
ENSG00000121774	9.259436440915291
ENSG00000121775	7.09207096728263
ENSG00000025800	8.475356024159218
ENSG00000084652	8.540978558173364
ENSG00000160050	9.034241453417637
ENSG00000160051	6.000901402741532
ENSG00000222046	6.675251386050259
ENSG00000160055	6.783674593953204
ENSG00000084623	10.496319900019493
ENSG00000183615	10.967115844001563
ENSG00000182866	10.318667449390533
ENSG00000116478	9.389205441190953
ENSG00000175130	12.275659983253068
ENSG00000162526	7.222070355247179
ENSG00000225828	9.462911199765786
ENSG00000160058	7.744571872336887
ENSG00000254553	2.80959086621287
ENSG00000273274	4.494099027270886
ENSG00000160062	5.388589860786085
ENSG00000176261	6.774725324266466
ENSG00000162521	9.174901350281349
ENSG00000162520	7.277984747299765
ENSG00000162522	11.120452087448479
ENSG00000134684	8.158425839033908
ENSG00000116497	6.796909986013275
ENSG00000160097	9.08625338559683
ENSG00000121905	11.393390457443987
ENSG00000121900	11.497725757183455
ENSG00000116514	9.27103204797266
ENSG00000004455	8.7022732896253
ENSG00000142920	6.453846773749929
ENSG00000116525	7.465386477690262
ENSG00000160094	8.57846028634011
ENSG00000184389	5.770265345280884
ENSG00000134686	9.93425424474308
ENSG00000121903	5.044047547193339
ENSG00000121904	5.41331323076015
ENSG00000176256	10.29920801838728
ENSG00000142698	7.055507917144404
ENSG00000163866	5.846785280321426
ENSG00000189280	9.009548726972257
ENSG00000189433	7.383704292474052
ENSG00000188910	9.297435532930356
ENSG00000187513	9.942444398609037
ENSG00000116544	7.342931689088168
ENSG00000271741	2.016084993271132
ENSG00000243749	7.598424760527719
ENSG00000163867	5.49025704749919
ENSG00000197056	6.596519649402306
ENSG00000116560	9.48048268271606
ENSG00000146463	7.821096877649504
ENSG00000142687	8.580481873354458
ENSG00000020129	11.390706372872774
ENSG00000116819	7.620586410451877
ENSG00000126067	10.333448234307106
ENSG00000142686	7.9316184457716385
ENSG00000092853	6.442996452985739
ENSG00000134698	7.808809677678244
ENSG00000092847	6.779061274448957
ENSG00000126070	6.611699580783222
ENSG00000092850	9.07148256510281
ENSG00000116863	9.895181169374172
ENSG00000171812	9.64677000807888
ENSG00000054116	8.847958192316334
ENSG00000116871	9.307678329856975
ENSG00000054118	8.845462419811248
ENSG00000214193	9.266318057157456
ENSG00000142694	10.862378077167852
ENSG00000196182	9.800533308315124
ENSG00000181817	9.400351166071427
ENSG00000116885	7.334982639727473
ENSG00000116898	10.10219122900591
ENSG00000119535	10.42014833065556
ENSG00000163873	8.857195641581109
ENSG00000163874	9.814422246566794
ENSG00000163875	10.406465003700887
ENSG00000163877	9.121647973901348
ENSG00000163879	9.321522643060636
ENSG00000134697	10.450692755373971
ENSG00000169218	9.048886974970523
ENSG00000116922	9.28926869648095
ENSG00000134690	10.799534292673403
ENSG00000183317	5.833396134163228
ENSG00000185090	8.537147997468544
ENSG00000196449	10.136159906639305
ENSG00000197982	9.962292657222955
ENSG00000188786	8.089600997819986
ENSG00000204084	9.257473367954367
ENSG00000183431	11.243344303866518
ENSG00000183386	9.96157181768556
ENSG00000183520	10.23310024975285
ENSG00000185668	7.727066008837875
ENSG00000116954	7.734032139564931
ENSG00000214114	8.742809362352592
ENSG00000274944	3.8042953119215355
ENSG00000131233	4.4202128906107845
ENSG00000158315	7.282637491768881
ENSG00000174574	10.317767477955732
ENSG00000168653	13.49800528877425
ENSG00000127603	8.60324482430246
ENSG00000183682	9.356417026788012
ENSG00000090621	11.811506095625676
ENSG00000163909	9.731692947132354
ENSG00000116981	5.9235024926360715
ENSG00000116983	9.16045348519782
ENSG00000084072	9.170946543189347
ENSG00000116985	8.94166130549464
ENSG00000198754	7.5576551547254205
ENSG00000043514	11.73280150276928
ENSG00000116990	13.16843714688712
ENSG00000168389	9.876962544246089
ENSG00000131236	13.389844999905897
ENSG00000131238	12.212197160838533
ENSG00000117000	8.436071587213561
ENSG00000188800	9.224001674198105
ENSG00000084073	10.312262949269527
ENSG00000049089	12.54358067236853
ENSG00000084070	10.13726046538088
ENSG00000187801	7.184943780443234
ENSG00000187815	7.048198260969465
ENSG00000164002	7.820373132657093
ENSG00000117010	5.4925477127973705
ENSG00000117016	8.401941094329615
ENSG00000066136	8.289286434173299
ENSG00000117013	10.673425252854752
ENSG00000179862	13.121398647414203
ENSG00000171793	8.618171369041306
ENSG00000171790	7.0650121504369485
ENSG00000010803	8.187623234488836
ENSG00000204060	9.173721530964082
ENSG00000127129	10.821110307653967
ENSG00000127124	7.782679120551393
ENSG00000044012	10.926570053348831
ENSG00000197273	13.064060419066763
ENSG00000198815	8.674887583054847
ENSG00000177181	7.122030680787841
ENSG00000066185	7.427103287152841
ENSG00000127125	9.101196397464644
ENSG00000186409	5.286956706876325
ENSG00000171960	9.61137002225398
ENSG00000065978	13.943025230634497
ENSG00000164007	8.722405483188092
ENSG00000117385	9.017216018279862
ENSG00000164008	7.021328308145665
ENSG00000274386	4.037051723714794
ENSG00000177868	9.383399457139106
ENSG00000164010	6.848715706034119
ENSG00000164011	7.405220928821
ENSG00000117394	13.325709903503164
ENSG00000186973	9.73537749940306
ENSG00000117395	9.634028356280652
ENSG00000243710	6.863481097219663
ENSG00000179178	9.984135021323215
ENSG00000253313	8.710150829506913
ENSG00000066056	7.768894199417925
ENSG00000117400	8.915187041869117
ENSG00000117399	9.858143277214415
ENSG00000066322	9.803969636872965
ENSG00000159479	8.424562843643297
ENSG00000198198	6.357355309730911
ENSG00000178922	6.854317826041189
ENSG00000142949	10.60329106277845
ENSG00000066135	7.784081820398502
ENSG00000126091	7.211776049763137
ENSG00000117407	8.153108975267692
ENSG00000117408	7.852903956171774
ENSG00000132768	7.853998616829123
ENSG00000117410	10.390321320993332
ENSG00000117411	9.12143720659837
ENSG00000159214	6.891970285807674
ENSG00000196517	9.049217402831138
ENSG00000171872	6.9968344158313736
ENSG00000178028	7.518062975652524
ENSG00000117419	9.251106596286302
ENSG00000187147	7.858147209918784
ENSG00000126106	7.482358325284616
ENSG00000198520	9.272164961797685
ENSG00000142945	8.40981519582048
ENSG00000142937	12.932725415158838
ENSG00000142959	8.546896762916887
ENSG00000173846	8.304693557471008
ENSG00000188396	7.431375659346937
ENSG00000222009	7.112299154667061
ENSG00000117425	10.8242569865649
ENSG00000070785	7.456893065610499
ENSG00000126107	7.860075743099286
ENSG00000126088	9.095659699186424
ENSG00000162415	5.97408450649142
ENSG00000186603	8.798185163580332
ENSG00000132781	6.607825621579478
ENSG00000132773	7.164355962205836
ENSG00000070759	7.532284975403039
ENSG00000280670	6.991731636431711
ENSG00000132763	6.1555630656531
ENSG00000117450	13.358968651669565
ENSG00000117448	9.410319163252394
ENSG00000132780	9.650714662054074
ENSG00000159588	9.253847484987404
ENSG00000159592	8.111109278457006
ENSG00000159596	7.944872355983834
ENSG00000197429	6.171657869648518
ENSG00000086015	8.305091688672633
ENSG00000117461	8.85785889776016
ENSG00000278139	1.1115433660736285
ENSG00000117472	12.366795666951157
ENSG00000250719	9.3405177626933
ENSG00000085998	8.397842961000334
ENSG00000171357	5.885588554142037
ENSG00000085999	7.430896808372829
ENSG00000132128	9.380638158735925
ENSG00000173660	11.15357255981916
ENSG00000117481	7.631540867341486
ENSG00000117480	9.74279663096554
ENSG00000197587	7.147067349648579
ENSG00000162456	5.1827593632713
ENSG00000079277	7.442114122419225
ENSG00000142961	6.319648946491514
ENSG00000123472	7.420248548379011
ENSG00000186118	9.714588975599154
ENSG00000159658	8.96344647613986
ENSG00000142973	10.916373378085202
ENSG00000187048	10.042210788848466
ENSG00000186377	11.191749800513222
ENSG00000186160	12.467308124789348
ENSG00000162365	8.28788239225435
ENSG00000162366	12.317752000233433
ENSG00000162367	8.126902976140085
ENSG00000123473	6.3804990861667665
ENSG00000162368	10.062661231942329
ENSG00000186790	6.5762374440108555
ENSG00000186564	6.615867085487353
ENSG00000269113	8.512060694622797
ENSG00000117834	7.099225594460656
ENSG00000132122	7.661778097771987
ENSG00000186094	4.157129739602572
ENSG00000162373	10.522447700165035
ENSG00000162374	7.643408304548618
ENSG00000142700	6.685120327910104
ENSG00000185104	7.4135004151033765
ENSG00000123080	9.66421948950665
ENSG00000204006	6.718361626138354
ENSG00000123091	9.722394203447372
ENSG00000085831	8.963590320612017
ENSG00000085832	7.805696695665476
ENSG00000117859	7.972564314307203
ENSG00000078618	9.041478026990898
ENSG00000169213	8.159340550309539
ENSG00000117862	9.028619786195105
ENSG00000198841	8.028127677975137
ENSG00000134717	8.205987203815745
ENSG00000157077	7.672070031446261
ENSG00000154222	7.646517987440189
ENSG00000085840	8.925281825048339
ENSG00000134748	9.47014199027208
ENSG00000134744	6.779410633813941
ENSG00000116157	9.59609275866894
ENSG00000182183	5.480126362341326
ENSG00000162377	9.537021031247725
ENSG00000162378	8.720889291776519
ENSG00000203995	8.459309243025706
ENSG00000121310	9.173427297348619
ENSG00000116171	9.650640259507929
ENSG00000174348	9.98762922034694
ENSG00000162383	8.884181699705676
ENSG00000157184	7.768889789792236
ENSG00000162384	8.17299570175626
ENSG00000162385	9.395101994979258
ENSG00000157193	8.677719641641009
ENSG00000143006	8.034246925696682
ENSG00000174332	7.873967270731233
ENSG00000058804	8.618898605344611
ENSG00000058799	9.09393851833506
ENSG00000211452	11.264851940059215
ENSG00000081870	7.463533804047907
ENSG00000116212	8.507347948830143
ENSG00000203985	9.178301419720205
ENSG00000116209	9.194094448670205
ENSG00000116205	6.416688079785762
ENSG00000256407	1.6594257154676704
ENSG00000157211	2.2115343497107696
ENSG00000215883	4.9378639792129215
ENSG00000116221	9.776243421689774
ENSG00000157216	8.952903908157976
ENSG00000162390	6.801061320092923
ENSG00000162391	9.997369445246015
ENSG00000184313	8.383704292474052
ENSG00000271723	1.8663498688428315
ENSG00000243725	7.03342300153745
ENSG00000162396	6.657273767656831
ENSG00000006555	8.373300196608389
ENSG00000162398	6.167719198601074
ENSG00000116133	12.628777755492404
ENSG00000143001	7.218795433360932
ENSG00000162399	7.766861744266198
ENSG00000169174	8.664824227498086
ENSG00000162402	7.758477866314122
ENSG00000162407	11.153295944811632
ENSG00000162409	7.977678021918208
ENSG00000187889	6.150076515383231
ENSG00000157131	9.89216940627734
ENSG00000021852	10.302074774034136
ENSG00000173406	7.8991454469185305
ENSG00000162600	8.23525098735981
ENSG00000184292	12.899168076134323
ENSG00000162601	8.083809447520903
ENSG00000177606	12.580007150056955
ENSG00000172456	8.511783926889647
ENSG00000134709	8.791203697704317
ENSG00000134716	10.827932015933822
ENSG00000162598	6.948367231584678
ENSG00000162599	8.735980631743281
ENSG00000162604	8.879858947495135
ENSG00000132849	9.032517887303902
ENSG00000240563	10.753001285787542
ENSG00000132854	9.107672633342556
ENSG00000162607	9.110480539229524
ENSG00000116641	7.216421691261792
ENSG00000132855	10.51630538314654
ENSG00000125703	6.490088723943468
ENSG00000187140	8.690950383889577
ENSG00000088035	6.43149139644262
ENSG00000142856	5.93981122507565
ENSG00000203965	5.365060731657195
ENSG00000079739	10.863223614347962
ENSG00000185483	7.742662833067941
ENSG00000177414	6.700439718141092
ENSG00000158966	7.6421108094574945
ENSG00000162437	7.191329673971919
ENSG00000162434	9.190192187761202
ENSG00000162433	8.703353946300297
ENSG00000116675	8.260816858431614
ENSG00000213625	9.498551336873483
ENSG00000116678	9.040561686677743
ENSG00000184588	8.490904698648109
ENSG00000118473	6.974169165351275
ENSG00000152760	8.432974495947027
ENSG00000172410	11.484908607771496
ENSG00000152763	6.812125921820288
ENSG00000198160	7.634851128585183
ENSG00000116704	7.552252952148706
ENSG00000203963	4.582720273799108
ENSG00000162594	4.823418928158185
ENSG00000081985	7.472276461025094
ENSG00000142864	8.942170015672435
ENSG00000116717	10.253852078826627
ENSG00000172380	9.46555061045348
ENSG00000162595	11.147036948604773
ENSG00000116729	10.48148394052848
ENSG00000116745	9.921711435570804
ENSG00000024526	7.1812964731983895
ENSG00000033122	5.6415460290875235
ENSG00000066557	7.271235546854224
ENSG00000116754	8.752946981282248
ENSG00000118454	7.488464483447872
ENSG00000197568	8.159548510931383
ENSG00000116761	11.584548721874045
ENSG00000050628	8.721432426698092
ENSG00000132485	8.690170821671739
ENSG00000172260	6.829696812833895
ENSG00000162620	5.113533819591914
ENSG00000254685	6.66678513854781
ENSG00000259030	4.0117540624366566
ENSG00000116783	6.270715807874262
ENSG00000162621	7.4025482427345475
ENSG00000178965	6.93618095813742
ENSG00000116791	9.746161912580217
ENSG00000162623	6.986295563146652
ENSG00000162624	7.667277644889748
ENSG00000137968	8.339316834319915
ENSG00000117054	8.572136441474017
ENSG00000137955	8.37838533572538
ENSG00000057468	4.328639592156204
ENSG00000154007	8.076815597050832
ENSG00000184005	6.3409938590044295
ENSG00000117069	8.187700644879103
ENSG00000142892	7.768132991166486
ENSG00000154027	8.270528942380718
ENSG00000036549	7.5043270624504785
ENSG00000077254	7.868958099221383
ENSG00000180488	6.589845736649804
ENSG00000162614	9.401946123976536
ENSG00000162613	8.457007719375557
ENSG00000162616	9.139551352398794
ENSG00000137960	8.44335170244506
ENSG00000122420	7.758889432720965
ENSG00000137959	10.014162468373573
ENSG00000137965	10.195987688934217
ENSG00000162618	9.093220743872354
ENSG00000117114	8.910195051322603
ENSG00000137941	7.014578464922892
ENSG00000142875	10.630650644114905
ENSG00000203943	7.1727227455812
ENSG00000137976	9.71242760800918
ENSG00000117133	10.307604268149179
ENSG00000174021	12.510956292356928
ENSG00000122432	5.152882404468513
ENSG00000117151	8.079095686805971
ENSG00000117155	8.154127584699705
ENSG00000171517	8.941581872097375
ENSG00000153898	7.591977005030687
ENSG00000162643	6.75135475884558
ENSG00000055732	8.593590695692866
ENSG00000097096	7.428242760614949
ENSG00000162642	7.546582272511817
ENSG00000142867	8.742356123339382
ENSG00000153904	9.10547089148771
ENSG00000142871	13.591171681377785
ENSG00000117174	8.353511769133968
ENSG00000171502	8.13020869362838
ENSG00000122417	7.475206892811194
ENSG00000137975	11.118100363811138
ENSG00000016490	14.886278393473185
ENSG00000016602	11.95459375977705
ENSG00000097033	8.134052680303547
ENSG00000183291	11.008349515632725
ENSG00000153936	8.055512759035915
ENSG00000267561	3.4309326365752644
ENSG00000143013	10.122660806288271
ENSG00000065243	8.233809640075371
ENSG00000137947	7.635173946674924
ENSG00000137944	7.549469695238463
ENSG00000213516	6.661472020564082
ENSG00000117226	8.57109775906723
ENSG00000117228	10.488844346457336
ENSG00000162645	9.989402187368713
ENSG00000213512	7.9099962794767515
ENSG00000162654	10.862270578322189
ENSG00000154451	9.192073848538763
ENSG00000183347	10.676229782297652
ENSG00000197147	7.276884027892749
ENSG00000171488	7.563833514523667
ENSG00000271949	0.6019203485264664
ENSG00000171492	8.940739318795666
ENSG00000162664	6.823747139359867
ENSG00000143032	7.49425558654498
ENSG00000122482	7.777272195941178
ENSG00000162669	5.592756010441026
ENSG00000097046	7.250679551325227
ENSG00000069702	8.736343204679798
ENSG00000137948	8.12205144771389
ENSG00000172031	7.491835110666924
ENSG00000230667	3.3952850750036525
ENSG00000189195	4.784270363489985
ENSG00000203910	4.447579196548882
ENSG00000174842	6.290241673853698
ENSG00000122484	5.891727831975366
ENSG00000162676	9.285126811823513
ENSG00000067208	7.450363661779558
ENSG00000122406	13.358239100426132
ENSG00000154511	7.6186635829562395
ENSG00000143033	7.891360969912129
ENSG00000117500	9.10231045416988
ENSG00000122483	6.236681964577295
ENSG00000117505	7.22035394041495
ENSG00000137942	9.287147001081316
ENSG00000137936	9.139420248857972
ENSG00000067334	7.780211198996202
ENSG00000023909	9.468892359081952
ENSG00000198691	9.095978642618793
ENSG00000137962	9.7241018111078
ENSG00000117528	8.860142872528483
ENSG00000117525	11.396672794473114
ENSG00000143036	8.287654824364123
ENSG00000117519	11.545287277343618
ENSG00000172339	5.0757781821710335
ENSG00000152078	8.030736058868305
ENSG00000271092	3.9807363547553565
ENSG00000122481	6.215883600228019
ENSG00000117569	6.204147017631221
ENSG00000188641	8.314317810127653
ENSG00000162627	8.270724432793276
ENSG00000117598	6.160633763858634
ENSG00000117600	9.740393325516695
ENSG00000099260	8.582330187913156
ENSG00000156869	8.166588849964592
ENSG00000162688	9.325704184789801
ENSG00000117620	8.366180346104384
ENSG00000156875	8.412094505700985
ENSG00000156876	6.364555989311323
ENSG00000122435	6.823824718193631
ENSG00000122477	8.36131250418171
ENSG00000137992	7.254171991598898
ENSG00000137996	7.543093591724703
ENSG00000079335	8.08262941305217
ENSG00000181656	9.885061651479898
ENSG00000162692	11.688683991622788
ENSG00000162694	6.611838053651462
ENSG00000162695	8.33047797940919
ENSG00000117543	6.8352139660841935
ENSG00000170989	9.347842793638156
ENSG00000118733	8.410652710168371
ENSG00000060718	11.05021340080047
ENSG00000185946	8.4241662888181
ENSG00000240038	12.061371192659811
ENSG00000243480	14.410782571525399
ENSG00000237763	4.545968369105292
ENSG00000174876	9.226264490967
ENSG00000187733	4.799087306074004
ENSG00000198890	7.58120511949829
ENSG00000162631	8.64896563669945
ENSG00000134215	9.904999979803527
ENSG00000085491	7.695258054614398
ENSG00000196427	5.699005090441663
ENSG00000186086	5.42138001678232
ENSG00000162636	8.353804452064635
ENSG00000162639	7.9046369196946396
ENSG00000134186	7.312882955284356
ENSG00000143107	6.089108441086813
ENSG00000116266	7.197474015007179
ENSG00000162641	7.938005647120132
ENSG00000121957	7.322229053793651
ENSG00000121940	6.010368822142396
ENSG00000085433	7.634216328137976
ENSG00000197780	9.46820821750162
ENSG00000215717	7.825902762030691
ENSG00000179902	9.785543973937392
ENSG00000116299	10.21821792602802
ENSG00000031698	9.516398554711508
ENSG00000143126	9.124979060981612
ENSG00000134222	8.945319065570969
ENSG00000221986	8.755221420702371
ENSG00000134243	9.202368742775262
ENSG00000143106	8.746127065186753
ENSG00000143028	8.204476321928082
ENSG00000162650	6.017031080527841
ENSG00000174151	6.159871336778389
ENSG00000181754	6.790135335901525
ENSG00000156097	5.056526120227987
ENSG00000065135	6.767642463437161
ENSG00000134183	0.35944003312821665
ENSG00000116337	8.863744624572766
ENSG00000168765	9.368571265856676
ENSG00000213366	8.467677419673713
ENSG00000134184	12.230578373996405
ENSG00000134201	10.864413282549924
ENSG00000134202	10.917110224021979
ENSG00000198758	9.21150290837006
ENSG00000184371	9.934280593640024
ENSG00000168710	11.052019011423944
ENSG00000143093	7.149351591054219
ENSG00000156150	5.063441212487809
ENSG00000186150	9.140318539356988
ENSG00000197106	10.035728914420055
ENSG00000116396	4.978959652186236
ENSG00000162775	6.951606354458392
ENSG00000168679	9.896630904407843
ENSG00000134248	9.193525360501216
ENSG00000143125	13.320618484414684
ENSG00000143105	4.032612231445298
ENSG00000177301	6.39478966005667
ENSG00000177272	6.805741938385237
ENSG00000143119	10.455780991447018
ENSG00000121931	6.976134472831654
ENSG00000156171	8.117641202862009
ENSG00000134255	6.77300160399856
ENSG00000162777	7.706328912525998
ENSG00000064886	12.072952187573536
ENSG00000134216	12.32895536178133
ENSG00000173947	8.664803509530786
ENSG00000085465	15.529015335365921
ENSG00000116455	9.468547499837625
ENSG00000116459	9.33056450276665
ENSG00000143110	9.189323647339917
ENSG00000121933	8.305785207068462
ENSG00000116473	8.331895930037579
ENSG00000197852	6.829523752724999
ENSG00000064703	7.900866807980749
ENSG00000171385	7.868864591566977
ENSG00000143079	7.484455827664487
ENSG00000134245	8.792974922676645
ENSG00000007341	5.961623328286945
ENSG00000116489	9.617836730428053
ENSG00000155363	8.187618337306738
ENSG00000155366	9.963166756428091
ENSG00000271810	3.122732384888971
ENSG00000155367	7.851124362886753
ENSG00000184599	10.534929545874885
ENSG00000155380	8.894741880080586
ENSG00000198799	6.897461526030459
ENSG00000081026	7.538426377736224
ENSG00000116793	8.16999599324155
ENSG00000081019	9.070378107261394
ENSG00000134242	9.271132979018283
ENSG00000188761	7.440675794824882
ENSG00000134262	7.15279185163912
ENSG00000118655	8.557849766710842
ENSG00000163349	9.036048050458145
ENSG00000116774	11.36413538051362
ENSG00000134207	7.985893657831045
ENSG00000197323	9.731681711643809
ENSG00000116752	11.799646501791694
ENSG00000175984	6.555662799224037
ENSG00000116748	9.111254730232345
ENSG00000213281	12.088833905083103
ENSG00000009307	11.498895263315942
ENSG00000052723	7.619443739940639
ENSG00000198765	6.886306263452426
ENSG00000134200	8.093813673402728
ENSG00000134198	8.06370608511368
ENSG00000134259	8.103168279057465
ENSG00000173218	10.327315775252119
ENSG00000118729	10.642429452801743
ENSG00000177551	5.794971286579731
ENSG00000163393	7.5498448127989795
ENSG00000173212	6.883201422688972
ENSG00000163399	13.045060478237517
ENSG00000116815	9.170464296148493
ENSG00000143061	9.939843304602935
ENSG00000116824	10.265357022477545
ENSG00000134247	10.00637625105911
ENSG00000134256	6.8859754088000615
ENSG00000116830	7.2988437942417965
ENSG00000134253	7.446590824009772
ENSG00000134258	12.75704463875423
ENSG00000198162	8.665493908930463
ENSG00000183508	8.382387452063474
ENSG00000196505	7.002736273162915
ENSG00000065183	8.259823079163002
ENSG00000155761	7.673343616865946
ENSG00000092607	7.783984120666536
ENSG00000116874	8.64913103484094
ENSG00000116882	11.066294181388464
ENSG00000203859	13.323969301121803
ENSG00000203857	11.932536785581036
ENSG00000143067	11.365988187610963
ENSG00000092621	12.00742061946401
ENSG00000134240	14.356804918433143
ENSG00000134193	14.402231781251915
ENSG00000134249	6.773468927905194
ENSG00000134250	9.788556366159765
ENSG00000265808	9.371226938916898
ENSG00000273136	5.069530325162305
ENSG00000263353	2.9770549911594575
ENSG00000198019	5.189429245809757
ENSG00000188610	5.815179525825797
ENSG00000171943	7.225365192300481
ENSG00000273213	4.313657387273838
ENSG00000263513	3.641871439252264
ENSG00000271567	1.2006791685009814
ENSG00000266338	6.458113298548679
ENSG00000279782	1.3217705741933505
ENSG00000196369	5.170726276131552
ENSG00000215784	3.992126774923706
ENSG00000256374	2.230603341643458
ENSG00000162825	6.496874710001588
ENSG00000117262	4.904671439063255
ENSG00000174827	9.47246459789697
ENSG00000117281	5.457508897443922
ENSG00000265491	7.438105305652595
ENSG00000186141	8.262337182850024
ENSG00000186364	6.585754645553268
ENSG00000131788	8.214660557157314
ENSG00000198483	8.634655090777391
ENSG00000143127	11.17279735488232
ENSG00000131779	8.611699823287495
ENSG00000265241	9.657503666959766
ENSG00000280778	0.6229884776260406
ENSG00000271601	8.316103121411194
ENSG00000272031	9.07752040735638
ENSG00000121851	8.100626924877297
ENSG00000265972	13.720778649167064
ENSG00000168509	10.343583656856332
ENSG00000271425	3.606215583291972
ENSG00000264343	5.341785574554139
ENSG00000270339	3.429615964201736
ENSG00000268043	8.13647851834917
ENSG00000131791	8.110145267299204
ENSG00000131781	9.418199060551029
ENSG00000131778	9.24641286561166
ENSG00000116128	8.974271576838134
ENSG00000162836	6.561774493557279
ENSG00000265107	9.00399575888448
ENSG00000121634	5.354784216489949
ENSG00000188092	4.874841115404582
ENSG00000263956	6.0798940670854655
ENSG00000236334	1.9058516289919893
ENSG00000270629	5.3070701596912375
ENSG00000177144	1.8001597048505966
ENSG00000178104	7.646765942061745
ENSG00000269713	5.795195490817005
ENSG00000271383	4.906951148047996
ENSG00000263464	2.7303138862937764
ENSG00000150337	7.498613499878757
ENSG00000203814	8.313790025443685
ENSG00000183598	9.260627650186063
ENSG00000270882	4.90544717873885
ENSG00000203811	6.5515679012575045
ENSG00000203812	6.372246043334074
ENSG00000272196	4.92541987639265
ENSG00000203852	1.927012946985597
ENSG00000270276	2.0104128384444535
ENSG00000184678	10.399838687587586
ENSG00000184260	11.094548376696684
ENSG00000184270	10.253675620773345
ENSG00000178096	8.459459012426153
ENSG00000159164	9.16476394037455
ENSG00000143368	10.069928318901336
ENSG00000014914	8.90509753972539
ENSG00000264522	7.512908171559542
ENSG00000136631	8.025868128534801
ENSG00000023902	9.196725060786028
ENSG00000143401	10.325321264686469
ENSG00000118298	9.511734117972829
ENSG00000117362	11.096380493657595
ENSG00000118292	8.37707189002376
ENSG00000159208	8.266568326565062
ENSG00000266472	10.083567408892502
ENSG00000117360	9.698067168415317
ENSG00000163125	8.40214534287886
ENSG00000143374	8.292632258633333
ENSG00000143369	12.557703014037767
ENSG00000143382	9.41927293820194
ENSG00000143384	11.885067555476157
ENSG00000143420	10.941124836505663
ENSG00000143457	9.925384137044828
ENSG00000143452	8.18655981736365
ENSG00000163131	11.462290307190779
ENSG00000143387	14.102199951019486
ENSG00000143437	7.968910303674392
ENSG00000143379	7.866399372648377
ENSG00000143418	10.710616818662272
ENSG00000143412	10.573244435999028
ENSG00000143409	8.575013839553899
ENSG00000143363	8.573421127214376
ENSG00000163141	8.985287942184927
ENSG00000143443	8.766528908598865
ENSG00000197622	9.719433805878365
ENSG00000213190	9.614944267261349
ENSG00000143458	6.473634677812238
ENSG00000143434	8.457671121095816
ENSG00000163154	7.577758652775446
ENSG00000163156	7.851485356580686
ENSG00000163155	6.957914865053249
ENSG00000163157	6.773468927905194
ENSG00000163159	8.461809355179774
ENSG00000143398	8.947100536138477
ENSG00000159352	10.821022178219323
ENSG00000143373	8.385682678432454
ENSG00000143393	8.871444334378705
ENSG00000143390	8.818068687441926
ENSG00000143416	11.767356854125685
ENSG00000159377	11.953546489342745
ENSG00000143442	8.774737893704422
ENSG00000143375	9.401615088432976
ENSG00000143367	9.104024510411367
ENSG00000143376	7.925247996075327
ENSG00000159409	8.50853269914792
ENSG00000178796	6.715395793531933
ENSG00000143436	9.11402759968464
ENSG00000143450	7.7528823662730915
ENSG00000182134	7.728698466370864
ENSG00000213171	5.5461267533062735
ENSG00000143365	8.090534398172624
ENSG00000225556	6.602036828979164
ENSG00000196407	9.948128056602455
ENSG00000159445	6.947975125466914
ENSG00000197747	12.833352046200774
ENSG00000163191	15.042201105538268
ENSG00000182898	7.896303777423401
ENSG00000159450	11.905763049602793
ENSG00000215853	11.28071541286785
ENSG00000197915	5.851892699803657
ENSG00000143631	10.71681946132995
ENSG00000143520	11.619761463298424
ENSG00000143536	14.468560408176554
ENSG00000186207	9.958117666413022
ENSG00000169509	14.333924023669228
ENSG00000185966	11.363850451237662
ENSG00000163202	13.356796084072057
ENSG00000244057	10.196297419362233
ENSG00000187238	4.2962144453649005
ENSG00000185962	10.940158748492909
ENSG00000187223	10.409390936137703
ENSG00000187180	10.905387005018131
ENSG00000159455	11.901244032467376
ENSG00000187173	9.791814071161825
ENSG00000187170	4.742069242723734
ENSG00000198854	11.756556322524087
ENSG00000203786	11.506803437795647
ENSG00000240386	9.94178124227853
ENSG00000186226	7.967514480800969
ENSG00000172155	10.11504365016171
ENSG00000197084	12.02167404285837
ENSG00000196734	10.663558104217273
ENSG00000186844	11.163649676015824
ENSG00000235942	9.970105890612182
ENSG00000163206	11.764042217306587
ENSG00000163207	11.335428674151057
ENSG00000184148	12.212800334429431
ENSG00000169474	15.370091865730549
ENSG00000163209	15.469553044740389
ENSG00000169469	15.515856617772915
ENSG00000163216	13.167418145831737
ENSG00000241794	14.252628211617884
ENSG00000196805	11.841080145481259
ENSG00000203785	14.015642989637557
ENSG00000244094	12.693203756392846
ENSG00000159516	13.59700500260697
ENSG00000203784	12.101975670949232
ENSG00000203783	11.962534563511271
ENSG00000203782	13.688359600072276
ENSG00000159527	8.632795093998169
ENSG00000163218	8.399155030072626
ENSG00000163220	17.10160006222395
ENSG00000163221	12.453785055496155
ENSG00000143546	16.11266417246754
ENSG00000184330	11.010467068982091
ENSG00000197364	6.955956081626487
ENSG00000143556	15.682274615446282
ENSG00000197956	15.719610545147532
ENSG00000196420	8.274178178743076
ENSG00000196154	14.63430075916206
ENSG00000188015	14.616278226609802
ENSG00000196754	14.922127401942902
ENSG00000188643	12.128960950855697
ENSG00000189334	13.082672514524363
ENSG00000189171	11.310193441212908
ENSG00000160678	12.418206887015828
ENSG00000160679	8.244487808938631
ENSG00000143553	8.731951498853915
ENSG00000143621	11.029064038252958
ENSG00000169418	9.351186365203567
ENSG00000143624	7.897845456005512
ENSG00000143554	10.10742688765848
ENSG00000143614	7.406343961333647
ENSG00000198837	8.09505777299733
ENSG00000160741	8.555585037600974
ENSG00000143570	9.805668897014344
ENSG00000143578	10.110671777546152
ENSG00000143543	10.82921652283761
ENSG00000143545	9.600159856749052
ENSG00000177954	14.290435662880794
ENSG00000143552	6.102028179367315
ENSG00000143549	10.100420168669537
ENSG00000163263	9.921630432378889
ENSG00000143612	10.702097572106501
ENSG00000143569	8.707996251299967
ENSG00000143575	9.485115987333112
ENSG00000143595	8.566447751943716
ENSG00000143515	9.440767740838911
ENSG00000160712	8.894984669508478
ENSG00000169291	6.850689111969338
ENSG00000163239	8.131856960608793
ENSG00000160714	9.387468262723603
ENSG00000160716	7.059859784980996
ENSG00000160710	10.358531849798382
ENSG00000143603	7.8683443714478
ENSG00000163344	10.101369239124143
ENSG00000163346	11.377288179608534
ENSG00000163348	9.441714519077252
ENSG00000160691	10.487889771317281
ENSG00000173207	8.584282123125096
ENSG00000160688	8.247549890470335
ENSG00000163352	4.8654568311299276
ENSG00000160685	9.06467669223711
ENSG00000163354	6.871319568119242
ENSG00000163357	5.1906148602094975
ENSG00000143537	9.45141747946627
ENSG00000243364	8.598952826137545
ENSG00000251246	3.955927550357425
ENSG00000143590	8.697662633470518
ENSG00000169242	11.223193859839618
ENSG00000169241	10.162073039206472
ENSG00000179085	11.187544957101826
ENSG00000163463	7.133399125417198
ENSG00000273088	1.838281006239146
ENSG00000163462	7.33855366707173
ENSG00000185499	11.931300049492497
ENSG00000169231	9.43800894962558
ENSG00000173171	7.216311751597824
ENSG00000177628	10.42053338237174
ENSG00000160767	8.509595225678352
ENSG00000116521	10.669829415304418
ENSG00000176444	7.9200787558824794
ENSG00000143630	7.742983142648461
ENSG00000143627	10.509910115417645
ENSG00000160752	11.318242890133149
ENSG00000160753	8.868143534818422
ENSG00000116539	8.846314734323423
ENSG00000125459	7.037727646702865
ENSG00000163374	8.38465265293534
ENSG00000132676	9.123982881628516
ENSG00000116580	6.874390285960029
ENSG00000132718	10.464522346987478
ENSG00000143622	9.029045652956672
ENSG00000132680	8.35222185094898
ENSG00000173080	9.226798947928328
ENSG00000116584	8.524255796072156
ENSG00000163479	9.609593125033935
ENSG00000160803	8.811647891903698
ENSG00000116586	9.600657326839166
ENSG00000132698	10.099172966385135
ENSG00000254726	8.522921006840551
ENSG00000160789	11.130566164194285
ENSG00000196189	8.784635079732736
ENSG00000160785	8.003954739912611
ENSG00000260238	6.024824183305653
ENSG00000160783	7.47601036820716
ENSG00000242252	9.967274733202803
ENSG00000160781	12.776433032444732
ENSG00000198952	9.288347178979844
ENSG00000163472	8.90014700268519
ENSG00000198715	10.764915929444944
ENSG00000189030	5.441017352742325
ENSG00000163468	10.9236399366007
ENSG00000163467	10.944712061043486
ENSG00000132677	9.708979054971525
ENSG00000125462	10.571295025860437
ENSG00000116604	8.622907766473872
ENSG00000183856	8.160262071406269
ENSG00000187862	6.91428325026196
ENSG00000163382	10.998412188470533
ENSG00000160818	8.326878854838407
ENSG00000132702	11.071462362556623
ENSG00000132692	13.07915799895025
ENSG00000132688	11.895261080161834
ENSG00000143320	14.421176358253323
ENSG00000143319	8.093813673402728
ENSG00000143303	7.5449356289235965
ENSG00000143314	9.73298684201118
ENSG00000143321	10.892507590507282
ENSG00000143294	8.874547411420572
ENSG00000027869	8.153845001703406
ENSG00000198400	9.207497576084036
ENSG00000027644	7.700384042114168
ENSG00000187800	7.9902967183100815
ENSG00000160838	8.438656223304847
ENSG00000132694	8.637282625282745
ENSG00000253831	6.152314144894626
ENSG00000117036	8.439620401976548
ENSG00000143297	7.250125799057914
ENSG00000163518	4.032601954924277
ENSG00000160856	7.507510594137022
ENSG00000132704	7.489441086106906
ENSG00000163534	7.904104982265234
ENSG00000073754	9.754959874777251
ENSG00000183853	9.608651742954125
ENSG00000158473	7.899747477483255
ENSG00000158477	11.26544696151275
ENSG00000158481	10.171678488500907
ENSG00000158485	11.546166638459159
ENSG00000158488	11.799305694706167
ENSG00000186306	4.555710603272554
ENSG00000180708	2.904932598668721
ENSG00000173285	3.660436676822356
ENSG00000198965	2.4762562255716745
ENSG00000197532	2.813138565443016
ENSG00000186440	2.150905458890152
ENSG00000279111	0.9502444337567487
ENSG00000198967	2.0761589701151184
ENSG00000163554	7.87976509940126
ENSG00000196171	2.5658227156578155
ENSG00000203757	3.856850844072066
ENSG00000197403	2.4884140170187306
ENSG00000180433	3.127928939490896
ENSG00000188340	2.4897888072979124
ENSG00000163563	10.747955507699377
ENSG00000163564	7.102611852621272
ENSG00000163565	10.031091095232274
ENSG00000163568	8.770808664312321
ENSG00000162706	10.760719947465624
ENSG00000213088	12.41256984680521
ENSG00000179639	10.70645060363532
ENSG00000196184	5.813781191217037
ENSG00000184155	2.7644807699703704
ENSG00000132703	13.201844833422124
ENSG00000132693	15.307805600856593
ENSG00000158716	11.459922820082083
ENSG00000181036	6.797870794776662
ENSG00000158714	8.662137042571468
ENSG00000256029	3.726217625999103
ENSG00000243284	11.206403913973848
ENSG00000213085	9.174590588757424
ENSG00000158710	13.885302308856401
ENSG00000085552	9.04282490475475
ENSG00000162723	8.831644697897882
ENSG00000177807	10.135303787027963
ENSG00000143315	7.434561839172181
ENSG00000162728	8.164404157881302
ENSG00000162729	11.351184799801601
ENSG00000018625	11.84716483800659
ENSG00000132681	6.689766387462748
ENSG00000143318	11.560221704148507
ENSG00000162734	13.214524440516758
ENSG00000132716	8.528182075175755
ENSG00000258465	2.749107841441854
ENSG00000162735	9.1814730110051
ENSG00000122218	11.761021461713844
ENSG00000162736	10.995634673132392
ENSG00000171786	9.322167343370605
ENSG00000162738	8.712679672810195
ENSG00000162739	8.306853229831527
ENSG00000066294	8.51820856098269
ENSG00000117090	8.983271744933136
ENSG00000117091	8.524133272960343
ENSG00000026751	10.207421187248817
ENSG00000122224	5.623515741490549
ENSG00000122223	9.323683109177354
ENSG00000179914	16.758743168014785
ENSG00000158764	10.882140899149725
ENSG00000158769	11.279703260677735
ENSG00000270149	5.520174043925662
ENSG00000215845	10.348050194211748
ENSG00000158773	9.870555453559884
ENSG00000186517	8.439156083642873
ENSG00000143217	11.237972647899376
ENSG00000162755	8.182421899498836
ENSG00000143256	11.756894115887352
ENSG00000158793	8.352097407776279
ENSG00000158796	9.39698340624307
ENSG00000143222	11.42998298648804
ENSG00000143258	8.653858693727482
ENSG00000143224	8.448903715205395
ENSG00000158850	9.486097455030066
ENSG00000158859	10.517669388133811
ENSG00000158864	10.458739902546771
ENSG00000158869	12.634941904247183
ENSG00000158874	16.696787483593432
ENSG00000158882	7.985170144475417
ENSG00000143257	8.863812201776126
ENSG00000248485	11.218539708321472
ENSG00000158887	13.071654784452656
ENSG00000143252	8.120000670509894
ENSG00000143226	8.83738667987262
ENSG00000173110	13.42272182090061
ENSG00000203747	10.828438105053023
ENSG00000162747	9.830580334985392
ENSG00000072694	6.758889572846816
ENSG00000132185	11.60834523596874
ENSG00000162746	9.959235763082477
ENSG00000081721	7.967047733708753
ENSG00000118217	8.5005335745132
ENSG00000162745	11.940787704809859
ENSG00000198929	5.859916586668368
ENSG00000254706	4.430061647837167
ENSG00000171722	7.487840033823051
ENSG00000239887	8.686410293381673
ENSG00000198574	7.697338790882028
ENSG00000152332	9.70485644570028
ENSG00000117143	10.240892178315601
ENSG00000162733	9.59056641713946
ENSG00000132196	7.264911693074464
ENSG00000185860	7.51237077498601
ENSG00000117152	10.566204657259936
ENSG00000143248	13.509541141818072
ENSG00000143228	8.0381986538583
ENSG00000185630	9.602350730066178
ENSG00000162761	6.859660003604815
ENSG00000143171	9.300352898468553
ENSG00000162763	7.258941544787078
ENSG00000143198	8.550630477307571
ENSG00000143149	10.159944170179756
ENSG00000143183	9.437028287853002
ENSG00000143179	7.787147591877293
ENSG00000188859	8.304874372547392
ENSG00000143157	8.558585758403366
ENSG00000152382	7.120498218508097
ENSG00000143195	6.639744396725067
ENSG00000143194	8.949695389507262
ENSG00000143167	10.408108639521641
ENSG00000198842	9.068670739483556
ENSG00000143190	6.369526359747467
ENSG00000198821	8.856498288362516
ENSG00000143162	12.460742062427146
ENSG00000198771	8.705470697182927
ENSG00000197965	10.370542065644367
ENSG00000143199	5.511688848056003
ENSG00000143158	10.382487355591305
ENSG00000143164	9.230960621623366
ENSG00000143147	7.913487840715164
ENSG00000143155	10.17221095387643
ENSG00000213064	8.88786865503486
ENSG00000143178	6.434294617959925
ENSG00000143185	7.226247256372202
ENSG00000143184	6.1393410375263
ENSG00000143196	12.699755805841356
ENSG00000143153	12.869322632517658
ENSG00000143156	5.837258067909923
ENSG00000117475	7.72960313942692
ENSG00000117477	6.252836542190406
ENSG00000117479	9.164831660586186
ENSG00000198734	10.109096940158196
ENSG00000174175	7.880665299217896
ENSG00000000460	6.568226044333146
ENSG00000188404	12.783056525668998
ENSG00000007908	9.659817550747213
ENSG00000171806	6.873312851649463
ENSG00000000457	6.356837173197631
ENSG00000075945	8.717971276986718
ENSG00000203740	4.86263954390976
ENSG00000120370	6.990211653883967
ENSG00000116132	9.66307868416725
ENSG00000117501	6.586869228640217
ENSG00000007933	11.190547852143876
ENSG00000094963	9.811856314292545
ENSG00000010932	10.263418589536535
ENSG00000076258	8.017642940996145
ENSG00000117523	9.154293475836594
ENSG00000034971	12.138510729251479
ENSG00000117533	8.581926279907952
ENSG00000010165	9.675317405453066
ENSG00000197959	7.734631566701376
ENSG00000135845	9.78867619440046
ENSG00000180999	8.831102564177984
ENSG00000094975	9.632269470114222
ENSG00000117560	6.209533240750319
ENSG00000120337	7.922733271183454
ENSG00000117586	7.796351768300672
ENSG00000117592	13.341519297603645
ENSG00000162753	5.03342300153745
ENSG00000183831	6.546161983705205
ENSG00000232113	8.159871336778389
ENSG00000076321	8.621252204934299
ENSG00000120334	6.123879188819132
ENSG00000117593	8.571538530092571
ENSG00000185278	7.151543649251443
ENSG00000117601	14.272673717281295
ENSG00000135870	7.6915063877466165
ENSG00000152061	8.042653250031567
ENSG00000203737	6.002329218746814
ENSG00000116161	9.87973639382405
ENSG00000120333	7.360065825053256
ENSG00000120332	7.921794318140559
ENSG00000235750	9.86495454531599
ENSG00000116147	11.429951607211814
ENSG00000143207	8.263684249809492
ENSG00000116183	9.706910097823815
ENSG00000152092	8.170526276331188
ENSG00000198797	9.088677145897128
ENSG00000120341	6.212374787567268
ENSG00000075391	7.18073636377199
ENSG00000188585	3.71699089440494
ENSG00000240021	7.32102612859297
ENSG00000116191	7.990677032337938
ENSG00000116194	9.716608155630617
ENSG00000116199	8.253203619945774
ENSG00000186283	9.620109120876918
ENSG00000143322	7.526094799779316
ENSG00000057252	9.418951605267134
ENSG00000162779	5.367720513401452
ENSG00000116218	9.74965667391164
ENSG00000162782	6.0951406307342575
ENSG00000143340	8.777432899684234
ENSG00000169905	7.739094720104362
ENSG00000143337	7.43538160744046
ENSG00000135837	7.704622751470362
ENSG00000116260	10.902610091596406
ENSG00000121454	7.823750670767729
ENSG00000230124	6.7366335976125935
ENSG00000143324	8.729606653940117
ENSG00000135835	6.289172296234937
ENSG00000135823	7.803127901439
ENSG00000153029	6.5483786592200595
ENSG00000162783	10.028150529011434
ENSG00000198216	6.149137401227992
ENSG00000179930	5.366359673641965
ENSG00000135821	13.574251741532008
ENSG00000203730	4.718201403316497
ENSG00000121446	5.286511557664227
ENSG00000135828	5.9925703968729644
ENSG00000143333	10.886610820474793
ENSG00000135824	7.3312691676798085
ENSG00000135838	8.268853044865072
ENSG00000135829	9.284344617924205
ENSG00000157060	8.737416365937063
ENSG00000135862	10.979702487234903
ENSG00000058085	12.828882962797207
ENSG00000157064	7.923030298263772
ENSG00000116698	8.231776883122874
ENSG00000116701	9.648727084175063
ENSG00000162704	10.147625384188018
ENSG00000143344	9.097747421028531
ENSG00000173627	7.8255349885452645
ENSG00000198756	8.720949459324746
ENSG00000198860	9.514662506028726
ENSG00000116667	9.618072578470262
ENSG00000116406	8.986738451924156
ENSG00000135842	9.72226900686491
ENSG00000121481	8.262246542506611
ENSG00000121486	8.210030768348352
ENSG00000116668	6.548282482376232
ENSG00000116679	9.977981680821891
ENSG00000143341	8.841375233133165
ENSG00000116690	12.755080011740167
ENSG00000047410	9.120524350085152
ENSG00000157181	8.015509027817885
ENSG00000116703	7.882037093886872
ENSG00000073756	11.290016972424015
ENSG00000116711	10.004568129760628
ENSG00000162670	9.691164167300327
ENSG00000150681	9.823039240872559
ENSG00000253148	8.198765665480554
ENSG00000090104	11.045759661382682
ENSG00000127074	8.961117267314352
ENSG00000231767	8.131090540545589
ENSG00000116741	11.60130652612184
ENSG00000116750	8.204659548207584
ENSG00000116747	9.144185689911785
ENSG00000023572	8.600275980335498
ENSG00000134371	8.383679379310294
ENSG00000162630	7.64097028573733
ENSG00000162687	7.242698705395917
ENSG00000000971	11.09780641361148
ENSG00000116785	9.408010450783202
ENSG00000244414	11.23615810637381
ENSG00000134365	8.724283167310045
ENSG00000080910	9.560905976658258
ENSG00000134389	10.993840752336686
ENSG00000143278	9.629458257943707
ENSG00000066279	7.740508850005018
ENSG00000177888	8.123228711948428
ENSG00000134376	6.596525125025696
ENSG00000213047	8.982664409753703
ENSG00000203724	7.472804018402718
ENSG00000143355	8.107388477302178
ENSG00000151414	9.237463089887125
ENSG00000151418	10.12744813004861
ENSG00000081237	9.49761148602593
ENSG00000116833	7.843662958047588
ENSG00000162702	8.6941262692245
ENSG00000118193	6.110559182320065
ENSG00000118197	7.006561469015571
ENSG00000118200	8.023934420778044
ENSG00000170128	7.240811429700273
ENSG00000163362	8.496214259708811
ENSG00000116852	7.778768720608988
ENSG00000081248	8.647809161779456
ENSG00000232237	8.292609607769192
ENSG00000116857	9.559027836116929
ENSG00000163395	9.354910511586791
ENSG00000081277	11.551076460909783
ENSG00000118194	12.63662462054365
ENSG00000159166	11.021467079176595
ENSG00000159173	10.840017400835936
ENSG00000174307	11.0031806145842
ENSG00000159176	12.759472121202833
ENSG00000134369	7.454765887359636
ENSG00000198700	7.8743808581402535
ENSG00000198892	9.110142395039118
ENSG00000163431	11.638034295826536
ENSG00000134375	8.081851374860726
ENSG00000176393	9.328145248831774
ENSG00000163435	10.406497910258745
ENSG00000170075	9.969799519952863
ENSG00000143862	9.050035909499876
ENSG00000143851	8.257879086020692
ENSG00000133067	10.216481541571689
ENSG00000077152	9.604594854742878
ENSG00000077157	10.768237383497619
ENSG00000143858	7.9211689441141155
ENSG00000117139	8.351006761003
ENSG00000183155	8.06476435108079
ENSG00000117153	8.70234490776108
ENSG00000159346	10.603412489594614
ENSG00000159348	9.251800758750882
ENSG00000163444	8.983410657083112
ENSG00000143847	9.613605318063383
ENSG00000122180	12.13896596231072
ENSG00000163485	9.636892407383234
ENSG00000133055	11.866023665878688
ENSG00000133048	15.18115369641346
ENSG00000133063	10.970905406964908
ENSG00000159388	12.366322214245816
ENSG00000122176	12.2473811173458
ENSG00000188783	10.806549621985962
ENSG00000188770	8.993311858274621
ENSG00000058668	10.822520206659231
ENSG00000122188	6.834620505396716
ENSG00000058673	9.805392990361804
ENSG00000257315	8.384128002520969
ENSG00000182004	11.740133292861346
ENSG00000143842	9.104913835460724
ENSG00000143845	9.705067838319309
ENSG00000143839	12.279401293443694
ENSG00000170498	12.25392388854033
ENSG00000174567	9.835081648328414
ENSG00000143850	9.392036565459403
ENSG00000158615	10.710460088255918
ENSG00000133056	8.75757404660467
ENSG00000198625	9.658924507431061
ENSG00000170382	11.15429974956116
ENSG00000163531	10.619324688617708
ENSG00000184144	9.580151632048675
ENSG00000174529	7.717986764446199
ENSG00000117222	8.29939634190441
ENSG00000133059	8.123411308392846
ENSG00000133069	9.248214560333953
ENSG00000163545	9.301267540565574
ENSG00000162873	10.521600439723727
ENSG00000186007	8.345183447187665
ENSG00000281406	7.571095646326
ENSG00000117266	10.436711542137214
ENSG00000174514	10.32262744601368
ENSG00000158711	8.19307270281154
ENSG00000158715	12.72760768165168
ENSG00000069275	10.442198811787257
ENSG00000117280	8.27453558466519
ENSG00000133065	8.63461000930673
ENSG00000162877	10.951109099901416
ENSG00000174502	9.6455596482217
ENSG00000276600	8.487608311597496
ENSG00000196188	12.65320135477302
ENSG00000263961	9.954314245371547
ENSG00000198049	6.392632990603587
ENSG00000196550	4.245340779147641
ENSG00000266028	7.727920454563199
ENSG00000263528	7.493129134845439
ENSG00000266094	7.34552827313117
ENSG00000143486	7.165911938935689
ENSG00000143479	6.726558779104974
ENSG00000162889	10.258923959802079
ENSG00000136634	9.113602943110987
ENSG00000142224	9.045737214814029
ENSG00000162891	8.573555888076223
ENSG00000162892	9.244071963179753
ENSG00000162894	9.825615001958662
ENSG00000162896	14.577292076070886
ENSG00000162897	9.675565948359447
ENSG00000182795	10.542818865356182
ENSG00000123836	8.948962315044989
ENSG00000180667	8.334021038731562
ENSG00000123843	9.970105890612182
ENSG00000123838	12.644761532822402
ENSG00000196352	12.117733529215586
ENSG00000117322	10.024780857734763
ENSG00000203710	6.912566455337824
ENSG00000197721	6.886938130578197
ENSG00000117335	9.663788010743659
ENSG00000174059	10.114772228342753
ENSG00000076356	8.095211871291653
ENSG00000008118	9.094943155353642
ENSG00000196878	12.23586976402907
ENSG00000123689	13.416137768578286
ENSG00000117594	12.730984894970039
ENSG00000009790	7.279474693631862
ENSG00000162757	7.454021129515409
ENSG00000117595	10.631287115322849
ENSG00000117597	6.2594011055946215
ENSG00000143469	6.707341120587983
ENSG00000082497	8.155058829127752
ENSG00000054392	6.128977609020363
ENSG00000143473	5.699897868157645
ENSG00000117625	8.69995138670932
ENSG00000082512	7.500681483803411
ENSG00000198570	7.901074966508849
ENSG00000170385	8.978239774211602
ENSG00000117650	8.762594432796067
ENSG00000123684	9.51160012714891
ENSG00000143493	7.263300643916411
ENSG00000143476	8.851819548196904
ENSG00000066027	8.984555340223359
ENSG00000065600	8.22189223127791
ENSG00000117691	10.814326497667787
ENSG00000162772	11.442668923325426
ENSG00000162771	8.11790278909403
ENSG00000123685	7.011227255423254
ENSG00000117697	7.500810439266504
ENSG00000203705	6.687660279411096
ENSG00000185523	6.04023491675437
ENSG00000162769	7.520020736016011
ENSG00000143494	7.623023529974085
ENSG00000174606	7.096327917378134
ENSG00000136643	8.899897286395086
ENSG00000117707	8.295868784945005
ENSG00000143499	8.269767657562449
ENSG00000152104	7.389229091459777
ENSG00000117724	8.304844377623407
ENSG00000082482	9.14733139200757
ENSG00000136636	10.59024620964163
ENSG00000042781	6.725116048727682
ENSG00000196482	7.614063240086039
ENSG00000092978	8.378664769304997
ENSG00000162814	6.323370069061268
ENSG00000067533	6.568067159770683
ENSG00000092969	9.071484592533782
ENSG00000143353	7.1975146915162105
ENSG00000215817	4.249857877354827
ENSG00000196660	7.224841807323917
ENSG00000136628	10.29871138623213
ENSG00000162813	8.03420321086636
ENSG00000067704	9.734300730066414
ENSG00000118873	6.973050593785297
ENSG00000116141	6.798744224029812
ENSG00000162817	10.1258113723782
ENSG00000117791	8.246892431819703
ENSG00000186205	7.814912134617123
ENSG00000136630	8.126581200754387
ENSG00000143507	9.417774641644533
ENSG00000143512	8.052945906589933
ENSG00000143498	5.553585696639679
ENSG00000154305	8.295278837191447
ENSG00000186063	8.99828629626527
ENSG00000162819	8.427085178587674
ENSG00000197520	8.40240863226126
ENSG00000154309	7.653644396155523
ENSG00000187554	6.7520162046193635
ENSG00000143502	9.236532457316425
ENSG00000178395	7.7238315664953205
ENSG00000203697	9.853869184655425
ENSG00000162909	10.146785675471206
ENSG00000143514	8.880082702900026
ENSG00000143756	9.604291882110237
ENSG00000143753	11.267105873662974
ENSG00000143748	7.9182270432192565
ENSG00000143771	9.55164389488834
ENSG00000162923	9.050493111112372
ENSG00000143786	7.833344734260482
ENSG00000185842	6.668512346782321
ENSG00000143815	8.910149593413381
ENSG00000154380	8.825362866839255
ENSG00000143742	10.987093182559718
ENSG00000143819	13.27526460816001
ENSG00000196187	8.219229327787328
ENSG00000243709	11.765931871445172
ENSG00000255835	0.7711243146034676
ENSG00000143811	9.028812772837812
ENSG00000143768	12.364641531519943
ENSG00000143751	7.721926758725953
ENSG00000163041	8.806628809390613
ENSG00000182827	9.274779073127617
ENSG00000185155	7.58944244322878
ENSG00000183814	6.251851633944661
ENSG00000143799	10.805483369177782
ENSG00000203685	8.776078289468794
ENSG00000143772	10.299810465604079
ENSG00000143801	8.639234440009378
ENSG00000163050	8.736284325615278
ENSG00000143776	8.970086183050553
ENSG00000181450	6.725362138308223
ENSG00000143740	7.658365645941309
ENSG00000081692	7.179672173407219
ENSG00000185888	9.277200974510963
ENSG00000143816	7.635173946674924
ENSG00000154342	7.806092165982293
ENSG00000143761	11.46348776564998
ENSG00000143793	6.899723179089674
ENSG00000162910	9.289895464005617
ENSG00000143774	9.82599224893497
ENSG00000198835	7.985272714253447
ENSG00000181873	6.751107030679855
ENSG00000154358	8.092757140919852
ENSG00000154370	7.248663570237479
ENSG00000162931	7.956344146149827
ENSG00000168148	4.843481425432457
ENSG00000181218	11.080706087480106
ENSG00000196890	7.019034669364337
ENSG00000168159	10.592147267296609
ENSG00000116574	11.02294397162397
ENSG00000168118	7.938465918987316
ENSG00000154429	7.317412613764869
ENSG00000143632	16.196743803330286
ENSG00000069248	7.420718950466814
ENSG00000135776	7.4336140059453175
ENSG00000135801	6.20018704462533
ENSG00000135763	6.141526050543587
ENSG00000143641	10.189225562585355
ENSG00000177614	6.985316048468382
ENSG00000135775	6.6262931075417795
ENSG00000135744	14.108152234731033
ENSG00000135773	8.939487350364208
ENSG00000119280	9.21798085958983
ENSG00000143643	7.908153426011555
ENSG00000173409	7.799967906935421
ENSG00000182118	9.701250468886652
ENSG00000119283	8.869827572964885
ENSG00000235710	2.6624333955613473
ENSG00000143633	5.6297348483155245
ENSG00000116906	8.410331382329884
ENSG00000116903	7.048823060156949
ENSG00000010072	5.935133955033744
ENSG00000135766	8.179411523174034
ENSG00000116918	7.286796071643036
ENSG00000270106	1.286283662947166
ENSG00000162946	5.994077911306665
ENSG00000116991	10.585964838543655
ENSG00000212916	8.99879127568589
ENSG00000135778	5.5671559720336585
ENSG00000135749	6.242311369748274
ENSG00000143674	7.167896264730585
ENSG00000135750	8.99859042974533
ENSG00000183780	7.302711355988174
ENSG00000168275	9.269139893064589
ENSG00000059588	8.230150763878456
ENSG00000168264	9.697612815082081
ENSG00000173726	10.668260224977782
ENSG00000188739	4.5624853208319625
ENSG00000054267	7.153865697417246
ENSG00000152904	8.393800462447519
ENSG00000162885	6.4269915209004935
ENSG00000168243	9.07888014074605
ENSG00000143669	8.178607754432994
ENSG00000116962	11.942638495072162
ENSG00000077585	10.77502105269009
ENSG00000086619	9.801556628073975
ENSG00000186197	8.539756416571352
ENSG00000116977	7.913083099177658
ENSG00000119285	7.6518860000121975
ENSG00000077522	12.00920373249532
ENSG00000116984	7.23801023251869
ENSG00000244020	5.250879253720586
ENSG00000198626	8.362820525534264
ENSG00000116996	7.538255595640668
ENSG00000270188	3.3569273207236816
ENSG00000133019	6.161387522108055
ENSG00000155816	6.685384899599639
ENSG00000180875	8.847386190271209
ENSG00000182901	7.1838834590322325
ENSG00000091483	10.283673342480387
ENSG00000117009	8.105726149321637
ENSG00000054277	9.228911710908251
ENSG00000203668	8.197440424521472
ENSG00000162843	5.8696801511599705
ENSG00000174371	7.899997027875288
ENSG00000196289	3.881384437893291
ENSG00000197769	9.825732178074631
ENSG00000180287	6.3176162830601195
ENSG00000143702	8.718987879177018
ENSG00000054282	8.108692570881349
ENSG00000117020	8.533882678937745
ENSG00000179456	10.044069523525874
ENSG00000173728	7.344295907915817
ENSG00000035687	9.277444733179884
ENSG00000179397	5.86616616903904
ENSG00000121644	9.336167866208942
ENSG00000203667	6.5411486042452065
ENSG00000153187	9.469893580970155
ENSG00000203666	7.673771882133855
ENSG00000162849	7.551174855377591
ENSG00000185420	6.537386256065707
ENSG00000162851	7.981543067869423
ENSG00000162852	8.095591333697822
ENSG00000143653	9.708108213160333
ENSG00000153207	7.33928520520259
ENSG00000135747	4.284139422474681
ENSG00000197472	5.987729713233073
ENSG00000277462	6.2362432624713495
ENSG00000188295	6.061230573415468
ENSG00000196418	8.872614820324833
ENSG00000162714	6.959045890002315
ENSG00000162711	7.581492412330023
ENSG00000177535	5.416618332206225
ENSG00000169224	7.964734242677168
ENSG00000196242	5.33415370084963
ENSG00000177489	2.9278662424010395
ENSG00000177476	3.434263385685972
ENSG00000197437	5.075133360387109
ENSG00000169214	3.459923144670814
ENSG00000239395	4.8552351444626565
ENSG00000241128	5.40713226020212
ENSG00000153230	5.011534176725329
ENSG00000221888	4.051372101721025
ENSG00000196772	5.02977438953679
ENSG00000197591	3.2489597206710266
ENSG00000162722	7.83060087239829
ENSG00000238243	6.769847778373773
ENSG00000177462	5.575844012428658
ENSG00000177275	2.9808780886273225
ENSG00000279263	0.8562287982190446
ENSG00000187080	4.273774331530765
ENSG00000197454	4.558610255986631
ENSG00000203663	5.0768777967789465
ENSG00000198128	4.738751972763999
ENSG00000196071	4.985500430304885
ENSG00000162727	2.4612031059624186
ENSG00000198601	3.003250688427925
ENSG00000228198	3.1877936638139177
ENSG00000171180	2.3839914489859186
ENSG00000177212	3.1568685293565935
ENSG00000177201	1.3014783252682756
ENSG00000177186	2.5461317988904475
ENSG00000177174	2.7998115495514004
ENSG00000196944	3.7394744597171092
ENSG00000198104	2.827154594610562
ENSG00000175143	2.2141076848400756
ENSG00000196240	3.035305654024256
ENSG00000196539	2.9156015958923645
ENSG00000203661	1.7939933865682347
ENSG00000188558	4.289940575757548
ENSG00000182783	1.5652223223275716
ENSG00000183310	2.5862417792708867
ENSG00000184022	6.672705012810086
ENSG00000279301	4.796110699282113
ENSG00000177151	3.65494103080241
ENSG00000187701	1.756049729063467
ENSG00000189181	4.247994591073386
ENSG00000259823	10.961411586726527
ENSG00000175137	7.291737567008291
ENSG00000171161	7.96440755371173
ENSG00000171163	7.936314496505908
ENSG00000185220	7.352599695865916
ENSG00000184731	8.445746621854301
ENSG00000035115	7.505657837824434
ENSG00000143727	9.045816219759633
ENSG00000189292	10.394462694610317
ENSG00000151353	7.573174780349135
ENSG00000172554	6.957496385468838
ENSG00000115705	12.936297427216653
ENSG00000130508	10.258357534128583
ENSG00000186487	6.646696353787274
ENSG00000032389	7.072700486004367
ENSG00000171853	6.896029602976752
ENSG00000182551	10.287854809765998
ENSG00000171865	6.832413658436186
ENSG00000171863	12.187352073200497
ENSG00000118004	9.641346020679425
ENSG00000151360	7.074676686294496
ENSG00000214866	5.873074932223972
ENSG00000176887	8.166385050947214
ENSG00000134326	8.478317712205335
ENSG00000134321	9.820392530380996
ENSG00000151692	9.401300141488361
ENSG00000115738	10.348728154231077
ENSG00000134313	8.083858418568186
ENSG00000143797	9.624322587392369
ENSG00000151693	7.124015906406491
ENSG00000119185	7.572131751386659
ENSG00000119203	8.012937981871113
ENSG00000134330	7.1588621062084545
ENSG00000151694	7.713651038831667
ENSG00000134308	10.927252033693525
ENSG00000115750	6.99312697070025
ENSG00000134317	9.722751611729944
ENSG00000172059	8.303324126859511
ENSG00000205795	10.302403327488802
ENSG00000171848	9.64870369093078
ENSG00000115756	8.61750770348548
ENSG00000115758	13.439902373393075
ENSG00000115761	8.472121950048404
ENSG00000143882	9.043923674778439
ENSG00000143870	10.803253075413117
ENSG00000162975	9.611612133661245
ENSG00000150873	8.573373954025458
ENSG00000162976	10.076486389678395
ENSG00000134318	8.311127745823017
ENSG00000169016	6.655872176019075
ENSG00000196208	10.290018846932618
ENSG00000169006	9.863043702107516
ENSG00000134324	8.682643520280294
ENSG00000071575	10.205184337487145
ENSG00000162981	9.876341762216093
ENSG00000151779	8.815586188831304
ENSG00000079785	10.966371535202644
ENSG00000134323	9.96831023360041
ENSG00000197872	8.184078287746454
ENSG00000214842	5.483170853229874
ENSG00000163032	10.397674632948268
ENSG00000163029	7.4946558090589015
ENSG00000178295	7.050099448532809
ENSG00000151379	8.713370785494726
ENSG00000170745	9.076065522603372
ENSG00000240857	8.811721983414847
ENSG00000250741	0.7812948686502944
ENSG00000185013	7.729280846027402
ENSG00000143867	9.134426320220927
ENSG00000183891	6.496374323602846
ENSG00000118965	6.88031898072192
ENSG00000132031	9.377655884553276
ENSG00000068697	11.517052504997135
ENSG00000115884	13.019867746502596
ENSG00000055917	8.601313808006704
ENSG00000143878	12.693704739225286
ENSG00000118960	7.239341904863244
ENSG00000143869	7.272104271161086
ENSG00000118961	7.009789448130221
ENSG00000084674	11.51092366032038
ENSG00000218819	4.321435741403146
ENSG00000119771	6.107478646626618
ENSG00000119778	6.7041997959543504
ENSG00000173960	6.534496522022765
ENSG00000205639	6.77622978479834
ENSG00000163026	5.856597695100405
ENSG00000119782	7.774787059601174
ENSG00000115128	10.69553860931488
ENSG00000219626	5.846680939763979
ENSG00000115129	9.952033629570153
ENSG00000176732	8.77741971551583
ENSG00000276087	1.8262926208030532
ENSG00000186453	6.793115555274348
ENSG00000198399	7.234110572625002
ENSG00000084676	7.253425167168253
ENSG00000184924	8.392376412225914
ENSG00000138092	6.231895038939388
ENSG00000138031	8.372428909450047
ENSG00000115137	5.965784284662087
ENSG00000084710	6.414946692150775
ENSG00000115138	14.081067280061282
ENSG00000119772	7.039945225538859
ENSG00000138101	7.301953395126096
ENSG00000143970	6.6993805206727455
ENSG00000084731	8.696346835051514
ENSG00000084733	9.65950085213957
ENSG00000157833	7.894055619673525
ENSG00000084754	9.94649518471524
ENSG00000138029	9.978710459106358
ENSG00000173567	4.877715249925733
ENSG00000138018	7.635633603722792
ENSG00000157856	8.234645253612976
ENSG00000115155	6.521019935618059
ENSG00000173557	6.780047576061869
ENSG00000157884	6.828729963500505
ENSG00000171303	9.997820995453619
ENSG00000213699	9.00010809169267
ENSG00000115163	8.262753049674824
ENSG00000157851	9.298979000997974
ENSG00000084764	8.667821180574771
ENSG00000119777	8.627103078992908
ENSG00000084693	9.428778891337586
ENSG00000228474	12.596986805785187
ENSG00000138080	11.857708111783827
ENSG00000138030	10.18734083246963
ENSG00000138028	8.36574650342834
ENSG00000143994	8.40981519582048
ENSG00000138073	9.503761092577657
ENSG00000186143	9.744329310464892
ENSG00000163792	8.695153836458823
ENSG00000138074	9.430121075032028
ENSG00000138085	10.315160247899598
ENSG00000084774	8.346668219598218
ENSG00000115194	7.415758722669163
ENSG00000163793	6.521050736900963
ENSG00000138100	9.12902536982563
ENSG00000163794	9.38220000889481
ENSG00000115204	7.3745851245313645
ENSG00000115207	7.633492877703565
ENSG00000115211	7.409390936137702
ENSG00000115234	8.734815699142459
ENSG00000163795	7.673593433747968
ENSG00000115241	9.981567281903015
ENSG00000115216	10.990752143757666
ENSG00000157992	9.812745276300175
ENSG00000138002	7.330380611963379
ENSG00000115226	9.948805230386066
ENSG00000084734	7.803485375595953
ENSG00000221843	6.161686174583998
ENSG00000243943	7.342067492913734
ENSG00000176714	6.014132086503214
ENSG00000198522	8.02409465747777
ENSG00000119760	7.090485877140495
ENSG00000163798	6.876609335308157
ENSG00000243147	9.571183794823945
ENSG00000171174	7.2823408403765395
ENSG00000158019	11.174301544467632
ENSG00000075426	9.965611301199683
ENSG00000163803	7.595505276363215
ENSG00000213639	10.801076809585211
ENSG00000163806	6.38543103719352
ENSG00000171103	7.041140348742126
ENSG00000163811	7.908637301604155
ENSG00000189350	6.408372203572677
ENSG00000179270	5.620002206138992
ENSG00000115295	7.72845439621216
ENSG00000171094	9.687538061723954
ENSG00000119801	9.11795668285297
ENSG00000213626	10.418620460472427
ENSG00000172954	7.379882595903976
ENSG00000162949	11.686917311644912
ENSG00000158089	9.771224636096195
ENSG00000214711	11.262682142362165
ENSG00000013016	9.120863778515277
ENSG00000158125	11.448812144774333
ENSG00000277893	7.450859573581902
ENSG00000162959	6.596448257188476
ENSG00000162961	8.293817473185857
ENSG00000021574	7.313712158889223
ENSG00000152683	7.480464723663617
ENSG00000091106	6.429532140847748
ENSG00000119820	7.0597187601600515
ENSG00000115760	8.202983657105488
ENSG00000018699	7.374091950071206
ENSG00000049323	10.511007773061667
ENSG00000152689	7.947551386847398
ENSG00000119812	7.800899899920305
ENSG00000150938	9.69498478415036
ENSG00000171055	7.71218305120923
ENSG00000205221	9.893389906412448
ENSG00000115808	7.792135290625603
ENSG00000008869	7.727735694012958
ENSG00000152133	7.0879269404693215
ENSG00000055332	8.36801842767347
ENSG00000138068	3.533335941171933
ENSG00000218739	7.425431779279045
ENSG00000115816	8.693679710889786
ENSG00000003509	7.058532970201611
ENSG00000115825	8.766811249373129
ENSG00000115828	12.073008084884101
ENSG00000163171	8.429197488479907
ENSG00000115841	6.465101699646426
ENSG00000138061	11.25223621716242
ENSG00000119787	9.02064442890046
ENSG00000143889	6.960177450900914
ENSG00000143891	8.701048902036474
ENSG00000115875	8.955649907528374
ENSG00000152147	6.93161098283158
ENSG00000163214	6.657211248443792
ENSG00000188010	9.573268477675978
ENSG00000214694	6.010556078374215
ENSG00000115904	7.9058331572246106
ENSG00000205111	3.903261222068426
ENSG00000011566	7.837959767063772
ENSG00000152154	10.347621368568134
ENSG00000138050	6.261530815243406
ENSG00000183023	6.606287116363934
ENSG00000162878	10.162391328756906
ENSG00000143924	8.890099504412934
ENSG00000115944	8.499216755888254
ENSG00000171126	6.001768655249876
ENSG00000057935	7.2571844909397925
ENSG00000162881	8.156803257157174
ENSG00000162882	9.407030182219737
ENSG00000152518	11.252952445818737
ENSG00000115970	11.067614160341176
ENSG00000152527	8.823559038454958
ENSG00000223658	6.701380041756074
ENSG00000138036	7.47897916759474
ENSG00000138075	7.8049481531887
ENSG00000143921	8.324824160422304
ENSG00000138095	8.89753844425112
ENSG00000138032	7.88436782053447
ENSG00000138079	10.09897112877644
ENSG00000138078	8.57591736111815
ENSG00000143919	6.140636443388502
ENSG00000138083	9.195575004102812
ENSG00000170577	11.152802549493181
ENSG00000068784	6.301189695449917
ENSG00000171132	6.700439718141092
ENSG00000116016	11.787022474820017
ENSG00000250565	5.910942454655173
ENSG00000119729	8.813013314931997
ENSG00000151665	6.226433099439064
ENSG00000119878	7.711135854064168
ENSG00000171150	7.487577952332711
ENSG00000180398	8.728902511562998
ENSG00000068724	7.846963063659171
ENSG00000239605	4.131930666774958
ENSG00000273269	2.133563525741106
ENSG00000143933	11.491352073563435
ENSG00000119888	11.868319560583728
ENSG00000095002	8.752124061682299
ENSG00000184261	7.3410432853678165
ENSG00000116062	8.320875490275476
ENSG00000138081	7.015720733274902
ENSG00000170802	7.636084106764206
ENSG00000162869	7.547386040438721
ENSG00000243244	7.7073591320808825
ENSG00000068781	6.027684876937159
ENSG00000242441	7.571373435973201
ENSG00000279956	2.3290796889664724
ENSG00000138039	6.836832721031821
ENSG00000170820	4.447340271085117
ENSG00000179915	7.643226463381491
ENSG00000115239	7.1235987531414535
ENSG00000143942	7.6782482607457245
ENSG00000068912	9.667869620689135
ENSG00000119737	7.051253779058038
ENSG00000068878	8.420060752990745
ENSG00000170634	6.726532170864546
ENSG00000178021	6.38646609286931
ENSG00000177994	7.110613805500896
ENSG00000115306	9.729591077980702
ENSG00000214595	6.719731056749852
ENSG00000115310	10.220373688547255
ENSG00000162994	6.343141906830173
ENSG00000143947	12.627305880514848
ENSG00000085760	7.815943211016613
ENSG00000115355	7.6384590055843375
ENSG00000163001	7.956521363333119
ENSG00000275052	8.209688331385989
ENSG00000138035	7.610694448758969
ENSG00000115380	12.210574743663251
ENSG00000055813	6.217618485351048
ENSG00000028116	9.516580565830145
ENSG00000115392	8.109126702006062
ENSG00000119866	9.1306452334214
ENSG00000115421	6.483422628090375
ENSG00000162924	7.798591961343444
ENSG00000162927	6.051714475415963
ENSG00000162928	7.771043759739246
ENSG00000162929	5.951949813935671
ENSG00000237651	7.118941072723508
ENSG00000115464	7.684514360305566
ENSG00000082898	8.551923162478722
ENSG00000170264	5.516934029424212
ENSG00000115484	11.558348596906704
ENSG00000173163	7.607886543916144
ENSG00000170340	8.870735236334468
ENSG00000186889	6.506793171366992
ENSG00000115504	7.773033811616294
ENSG00000115507	7.363388579893235
ENSG00000143951	5.457979087387708
ENSG00000014641	10.022367813028454
ENSG00000169764	9.343293980613934
ENSG00000143952	7.524464014868168
ENSG00000197329	8.834135236314543
ENSG00000119862	8.994353436858859
ENSG00000119844	7.875105393009224
ENSG00000179833	8.423480155972305
ENSG00000115902	9.730277910509015
ENSG00000011523	7.641811213035349
ENSG00000138069	9.851369119797592
ENSG00000138071	10.013537610540677
ENSG00000198369	8.484431522574237
ENSG00000143995	8.18215047481945
ENSG00000143971	7.2468213417334715
ENSG00000197223	6.8082771727327644
ENSG00000243667	4.868884273028773
ENSG00000273398	1.4521701402642622
ENSG00000115946	8.188456513710246
ENSG00000221823	8.94632147710713
ENSG00000119865	7.821622282498979
ENSG00000115956	10.044370915512772
ENSG00000204923	4.160811923651182
ENSG00000169621	5.075821949726556
ENSG00000169618	6.742673004970318
ENSG00000163219	7.549788024848168
ENSG00000163217	11.741466986401146
ENSG00000183607	13.922364059762456
ENSG00000169605	16.761827022278048
ENSG00000169604	10.109376103803314
ENSG00000198380	9.851287693191995
ENSG00000169599	7.428233537572421
ENSG00000115977	6.842965724576038
ENSG00000196975	9.811476247251623
ENSG00000087338	7.149080383011916
ENSG00000124380	7.47771483859384
ENSG00000059728	9.64060646862391
ENSG00000244617	11.871135184243045
ENSG00000169564	10.436558020529903
ENSG00000115998	7.132371198732537
ENSG00000116001	9.060375006839609
ENSG00000116005	8.826622376175262
ENSG00000143977	10.050269297551834
ENSG00000035141	8.685731033597653
ENSG00000163235	9.802553334927754
ENSG00000075340	7.522633587436943
ENSG00000183733	4.7136958148433585
ENSG00000152672	6.3835315042780385
ENSG00000116031	9.492017050185419
ENSG00000116035	8.548435253765915
ENSG00000116039	11.41082918137416
ENSG00000258881	4.672834307339568
ENSG00000144031	7.157852169141737
ENSG00000144043	8.392375556488018
ENSG00000124357	7.631861827324287
ENSG00000124370	7.565024215746638
ENSG00000124383	7.789775862938403
ENSG00000124374	9.011506820396688
ENSG00000075292	8.083031941061511
ENSG00000135636	8.758528492655246
ENSG00000003137	9.150815620315933
ENSG00000144036	7.243720156171774
ENSG00000116096	9.386646883713059
ENSG00000135638	7.243750825474779
ENSG00000144040	8.705259062074814
ENSG00000135631	8.16339809435316
ENSG00000214513	4.348503171244981
ENSG00000135632	7.522447271601806
ENSG00000135617	8.378103536515876
ENSG00000135624	9.854060735386836
ENSG00000163013	7.307501528991742
ENSG00000135625	10.314016703901357
ENSG00000116127	7.257974072723872
ENSG00000144035	13.734867698009552
ENSG00000144034	7.813728458604332
ENSG00000144048	8.108199167077794
ENSG00000187833	6.906890595608519
ENSG00000124356	6.4476676268379585
ENSG00000163017	14.798724918817392
ENSG00000114956	8.778057902830602
ENSG00000187605	7.178950732814026
ENSG00000163170	6.608365723163637
ENSG00000114978	8.919835967432396
ENSG00000065911	9.206257622096896
ENSG00000264324	1.8353849061081244
ENSG00000188687	7.572558841101231
ENSG00000204843	8.592083233653891
ENSG00000159239	7.500257836869613
ENSG00000005448	8.243077745469806
ENSG00000114993	8.562727567112818
ENSG00000115274	8.058532970201611
ENSG00000274049	0.9556548508129515
ENSG00000239779	8.874674031635807
ENSG00000115275	8.977467758207071
ENSG00000204822	5.331275267146615
ENSG00000135637	5.332610897671422
ENSG00000115282	6.526036613235495
ENSG00000179528	6.024577696788854
ENSG00000115289	6.4251615877711306
ENSG00000115297	7.465790252288823
ENSG00000144045	6.564187053091608
ENSG00000115307	9.70684132563605
ENSG00000115317	6.948730322420481
ENSG00000115318	10.672488640861076
ENSG00000115325	7.310859420907248
ENSG00000159374	6.23576905475215
ENSG00000135622	6.04573149421575
ENSG00000159399	9.937435923111627
ENSG00000115350	8.351974992793883
ENSG00000115353	7.933407710006717
ENSG00000115363	8.298674691182347
ENSG00000115364	7.331377602221917
ENSG00000005436	6.506446915229932
ENSG00000176204	7.88191876139714
ENSG00000143954	14.161997870047484
ENSG00000172023	16.863036813332435
ENSG00000115386	17.434212832720696
ENSG00000172016	16.180899825282008
ENSG00000066032	8.820120509888161
ENSG00000162951	9.254319742345329
ENSG00000163541	9.577806447470149
ENSG00000115423	7.126213875668461
ENSG00000186854	8.071523114925284
ENSG00000034510	16.925045053149958
ENSG00000176407	7.4785077785326015
ENSG00000152284	8.837902938685003
ENSG00000152291	9.579742067416625
ENSG00000042445	10.684080764881397
ENSG00000115459	6.931919390100041
ENSG00000042493	12.39860122302694
ENSG00000152292	6.768398936690045
ENSG00000168906	11.868050853745158
ENSG00000115486	7.773859891040776
ENSG00000118640	11.82502386906945
ENSG00000168899	11.208591262083603
ENSG00000168894	10.225898809484551
ENSG00000168890	7.637764311921973
ENSG00000168883	8.250336060296055
ENSG00000168887	7.039082369922839
ENSG00000168878	15.722366727803342
ENSG00000115523	11.769299803627176
ENSG00000168874	8.515699838284043
ENSG00000115525	9.305736296882062
ENSG00000068654	6.870427505114723
ENSG00000132300	6.9195204745942815
ENSG00000132305	8.692250985887327
ENSG00000132313	7.2382911277904745
ENSG00000068615	8.49632132620325
ENSG00000115548	7.0696712983067895
ENSG00000115561	7.839401063588676
ENSG00000249884	2.876601054077134
ENSG00000239305	7.388667484660502
ENSG00000153561	8.230781006043857
ENSG00000153563	10.469520892269005
ENSG00000172116	10.712483275761166
ENSG00000187627	3.5065285373495283
ENSG00000183281	4.324090516037983
ENSG00000125551	5.227664072554389
ENSG00000185304	3.608809242675524
ENSG00000172086	8.713121252929234
ENSG00000115593	9.554419412469734
ENSG00000163586	13.69141305789156
ENSG00000144115	6.827551621096244
ENSG00000214336	8.789760250315332
ENSG00000172073	8.886001350624305
ENSG00000172071	7.455439490411732
ENSG00000153574	9.06773804593866
ENSG00000259916	6.422905742612183
ENSG00000163060	7.823150097542475
ENSG00000172005	13.689452054342931
ENSG00000144029	8.079484783826816
ENSG00000144026	7.019034669364337
ENSG00000275111	6.04072627902004
ENSG00000233757	5.785519953487512
ENSG00000155066	10.0931653432751
ENSG00000115041	8.63090698750157
ENSG00000115042	7.08057622351566
ENSG00000144010	5.136500822226495
ENSG00000144015	6.492971782823606
ENSG00000174501	9.607523287870126
ENSG00000186281	7.820153345678032
ENSG00000274286	7.761787434253241
ENSG00000188886	5.957777194248063
ENSG00000158050	11.046197141803765
ENSG00000084090	9.380934518524073
ENSG00000135956	8.161193810964976
ENSG00000144021	8.581072058270637
ENSG00000144028	9.59224867159812
ENSG00000198885	5.988230223060457
ENSG00000121152	7.2250674148395175
ENSG00000163121	9.204045566544604
ENSG00000196843	10.159871336778389
ENSG00000114982	7.853604675482836
ENSG00000249715	5.879705766282288
ENSG00000114988	7.8390237413739685
ENSG00000158158	8.012587126612507
ENSG00000168763	7.921966616458461
ENSG00000163126	6.391114675697104
ENSG00000213337	8.609942111394489
ENSG00000168758	11.243081427138574
ENSG00000168754	8.921548658831194
ENSG00000144199	8.542860721485232
ENSG00000135976	7.160968026817172
ENSG00000196912	6.241918569938108
ENSG00000135940	11.845640584210752
ENSG00000115073	9.352445520609276
ENSG00000228486	4.882596590188818
ENSG00000115085	8.471776949050415
ENSG00000075568	7.325749232986764
ENSG00000168658	7.206526015877427
ENSG00000144191	8.002365307149383
ENSG00000040933	7.012742365257452
ENSG00000183513	8.119209736591767
ENSG00000115446	8.844672402392435
ENSG00000071073	8.688009572495712
ENSG00000196872	7.317415581409981
ENSG00000135951	6.965784284662087
ENSG00000241962	6.141617852348518
ENSG00000273045	6.827825284466235
ENSG00000144182	5.65586131013726
ENSG00000273155	2.727383950528384
ENSG00000158411	7.048510043394751
ENSG00000185414	8.788942178665387
ENSG00000185674	9.056908618323252
ENSG00000144214	9.97962442731667
ENSG00000115514	8.265136316542659
ENSG00000158417	9.366525491838459
ENSG00000135945	7.241268177329375
ENSG00000144218	9.117044199514282
ENSG00000170500	8.474725743819752
ENSG00000115526	8.2604271133191
ENSG00000204640	5.17541719813072
ENSG00000115539	8.115069203392064
ENSG00000170485	7.00337736020232
ENSG00000071082	12.032063841866348
ENSG00000204634	9.082947360127847
ENSG00000158435	9.057520102973621
ENSG00000163162	8.738166910844326
ENSG00000175874	7.96497936767747
ENSG00000196460	9.430569878009026
ENSG00000071054	9.748995009873108
ENSG00000115590	11.273452669627522
ENSG00000115594	9.509577090197963
ENSG00000115598	5.7276699891648155
ENSG00000115602	11.141468555393084
ENSG00000115604	8.012345190419829
ENSG00000115607	7.79766152585376
ENSG00000180251	7.57222277491749
ENSG00000115616	8.145599856183182
ENSG00000135953	7.458771028618979
ENSG00000170417	7.115850367573361
ENSG00000198914	8.549951251632807
ENSG00000135972	8.633932741675507
ENSG00000135973	4.517997123982259
ENSG00000135966	7.640826635097584
ENSG00000135974	6.887704086971719
ENSG00000115641	10.315391143517703
ENSG00000071051	9.370148962925105
ENSG00000119147	10.334577772439104
ENSG00000115652	7.937823326430583
ENSG00000153165	5.166313747889934
ENSG00000254126	9.500105744990066
ENSG00000144057	9.513891052266613
ENSG00000196862	4.622742788007166
ENSG00000115665	6.70962997204007
ENSG00000196228	11.999291965213752
ENSG00000198203	9.028903194492058
ENSG00000198075	9.157646195766892
ENSG00000135968	7.6759690529120626
ENSG00000169756	8.720236253612311
ENSG00000153201	8.537606691495291
ENSG00000163006	6.571955245861071
ENSG00000135960	9.124253776076882
ENSG00000172985	7.1490580062380085
ENSG00000186522	8.561139855207411
ENSG00000198142	8.602931785768892
ENSG00000015568	0.7330939811748153
ENSG00000256977	0.8840398032034602
ENSG00000144063	7.568510955559103
ENSG00000144061	5.724923070266613
ENSG00000175701	11.01615748267727
ENSG00000257207	5.681861324175964
ENSG00000256671	2.75595576955096
ENSG00000183054	0.5023739686909712
ENSG00000169679	7.610642706974438
ENSG00000153093	6.279462701852891
ENSG00000153094	7.441214862981926
ENSG00000153107	5.6791868337153115
ENSG00000153208	8.60727911790695
ENSG00000153214	8.46757074690571
ENSG00000144152	7.366567967174847
ENSG00000144161	5.288585116106633
ENSG00000188177	6.391428395905915
ENSG00000169629	3.7452373321297494
ENSG00000114999	6.8335845834338675
ENSG00000125630	7.913422150839638
ENSG00000125611	7.386741930940935
ENSG00000144136	11.104660659190003
ENSG00000144130	5.310080357861479
ENSG00000169607	6.534911274100625
ENSG00000115008	10.757702021274774
ENSG00000125538	10.685110558928464
ENSG00000125571	10.627444046702061
ENSG00000136688	10.03736958058943
ENSG00000136694	10.749643946464827
ENSG00000136696	7.162341895051369
ENSG00000136695	9.197324604326143
ENSG00000136697	7.314696525656286
ENSG00000136689	12.332316330199218
ENSG00000125637	7.3562164412781375
ENSG00000125618	11.404077136241234
ENSG00000136682	5.398829182444627
ENSG00000184492	3.656319902475966
ENSG00000144134	6.77082904603249
ENSG00000115084	9.542925876425445
ENSG00000115091	8.67163372472332
ENSG00000175497	6.784934867926555
ENSG00000088205	7.883631968316439
ENSG00000125633	6.551391329840797
ENSG00000125629	8.58790447946132
ENSG00000163064	8.850298626918834
ENSG00000019169	12.19911752814851
ENSG00000144119	8.781339411335674
ENSG00000115107	9.213315550740639
ENSG00000186132	6.95316416698179
ENSG00000155368	11.563607593792785
ENSG00000171227	9.902843832756385
ENSG00000080293	9.672967750141856
ENSG00000163075	6.154538812468621
ENSG00000144120	6.701615396828007
ENSG00000088179	6.832124697962491
ENSG00000115109	7.803571492338366
ENSG00000226479	8.617182784233423
ENSG00000144118	10.443420350913428
ENSG00000163083	10.109564012373873
ENSG00000074047	8.107840074543207
ENSG00000115112	8.98498801863518
ENSG00000074054	8.192782005448146
ENSG00000155438	9.360457627566175
ENSG00000211460	9.76082589240601
ENSG00000155052	6.998166673194351
ENSG00000136732	9.865604989562149
ENSG00000237524	8.048759311919856
ENSG00000136717	10.8338329738006
ENSG00000186684	6.184692607187794
ENSG00000163161	7.3750394313469245
ENSG00000169967	8.111679057434555
ENSG00000115718	9.978532044044936
ENSG00000163166	8.11731922993062
ENSG00000169994	9.53119949432181
ENSG00000072163	9.869803961540281
ENSG00000144230	12.09331936819735
ENSG00000136709	7.165556977892221
ENSG00000144231	7.6542626900778385
ENSG00000144233	7.143218981855386
ENSG00000136715	7.50788285458232
ENSG00000136731	7.474683202954285
ENSG00000136720	9.08298183584729
ENSG00000222014	5.24260250592898
ENSG00000196604	6.2811449303099804
ENSG00000152076	7.36991874015415
ENSG00000136699	7.616672778259457
ENSG00000152082	10.640792538619941
ENSG00000152086	10.333155350310616
ENSG00000136710	7.3806703249559655
ENSG00000136718	8.68539043492442
ENSG00000072135	8.957508972377179
ENSG00000196834	7.102719310793492
ENSG00000152093	5.4168514606458595
ENSG00000136698	8.650438637862415
ENSG00000222038	7.0351418501270775
ENSG00000173302	5.492570341258095
ENSG00000178171	5.749212289659082
ENSG00000136002	7.85598551590923
ENSG00000152102	8.554105987583336
ENSG00000115762	8.951135037934222
ENSG00000188219	5.062386569066209
ENSG00000233087	4.860975925442962
ENSG00000173272	8.458461304692305
ENSG00000075886	10.241298629803977
ENSG00000163040	10.551634736311371
ENSG00000163046	5.916922157976559
ENSG00000183840	6.769774674852349
ENSG00000150551	10.270825111056316
ENSG00000176771	6.378768816375104
ENSG00000152127	9.73039889224747
ENSG00000152128	8.305319693150395
ENSG00000153086	8.841045557700205
ENSG00000082258	7.171135098343606
ENSG00000176601	6.512810329434975
ENSG00000115839	7.668027252830833
ENSG00000121988	4.777492798778926
ENSG00000048991	7.295539370406834
ENSG00000144224	8.865808999522754
ENSG00000115850	8.07481221987909
ENSG00000076003	8.826510778312274
ENSG00000115866	9.225267521180582
ENSG00000121966	11.369581487078335
ENSG00000144229	7.518686285256621
ENSG00000150540	8.525424792052867
ENSG00000144228	8.557862220957805
ENSG00000144227	7.116962543646929
ENSG00000168702	10.313708993953458
ENSG00000115919	7.80301753715781
ENSG00000075884	8.840872067680834
ENSG00000121964	6.539002689504481
ENSG00000169554	7.956396731930098
ENSG00000121989	6.456577506909777
ENSG00000115947	6.33517668004275
ENSG00000204406	6.20426972847962
ENSG00000135999	7.285992915548673
ENSG00000168280	9.340072623831118
ENSG00000150556	9.300284609649555
ENSG00000187123	7.878598678845988
ENSG00000168288	8.968307689062566
ENSG00000115963	10.373952655370193
ENSG00000184898	6.788385905551128
ENSG00000123609	7.630588115400073
ENSG00000123610	10.723095609110993
ENSG00000080345	7.227585222712847
ENSG00000183091	10.483054256691023
ENSG00000162980	8.101923070562085
ENSG00000182389	7.469721207110557
ENSG00000115145	7.32778206224537
ENSG00000157827	9.11608399276377
ENSG00000196504	8.22868444535894
ENSG00000177917	7.176827519352727
ENSG00000177519	10.406300789434434
ENSG00000144278	8.965968517059922
ENSG00000162989	10.167316916323625
ENSG00000153234	10.58777751632821
ENSG00000115159	8.754099164026703
ENSG00000136542	9.153596746062535
ENSG00000136541	10.506803437795647
ENSG00000115165	8.410012017509743
ENSG00000123612	7.506933336969997
ENSG00000115170	10.915657954815014
ENSG00000007001	8.121429044122204
ENSG00000153237	6.359566009116068
ENSG00000144283	10.84369548411698
ENSG00000163331	11.666224625606873
ENSG00000115183	7.35843142862635
ENSG00000196151	6.887988205406188
ENSG00000123636	7.268786376102635
ENSG00000136536	8.192644413903352
ENSG00000241399	8.021257620560519
ENSG00000248672	0.87212975765043
ENSG00000054219	7.812196439862828
ENSG00000153246	7.705064067262833
ENSG00000115221	10.731752803330162
ENSG00000153250	8.054307933510128
ENSG00000136560	7.147596052957975
ENSG00000115233	7.8746740316358075
ENSG00000136535	6.809928865721431
ENSG00000144290	7.104553300381889
ENSG00000197635	11.136933398739185
ENSG00000115263	14.99875975374591
ENSG00000078098	8.721099188707186
ENSG00000115267	9.214714355957081
ENSG00000115271	9.431421361726827
ENSG00000184611	5.067436754978761
ENSG00000182263	7.404019846595564
ENSG00000115290	10.043372736263823
ENSG00000082438	8.990144129854517
ENSG00000169507	9.125928539184557
ENSG00000153253	8.521676918624742
ENSG00000136531	7.585713708778164
ENSG00000178662	5.757305642743217
ENSG00000115339	9.207331228960545
ENSG00000123607	7.0686634724691615
ENSG00000144285	6.130395617021942
ENSG00000169432	7.286230194914875
ENSG00000136546	8.084276910531491
ENSG00000163092	10.387084331829083
ENSG00000172318	6.9389384413386335
ENSG00000198648	9.917996457700072
ENSG00000172292	8.51560748434208
ENSG00000163072	7.831027736940816
ENSG00000152253	6.807425387535393
ENSG00000152254	9.428879922642905
ENSG00000073734	7.71893628479233
ENSG00000073737	9.61391938248271
ENSG00000081479	10.224610452413035
ENSG00000163093	7.603214523441447
ENSG00000251569	0.4493251279772271
ENSG00000239474	12.076900393741356
ENSG00000138399	6.7487316394212
ENSG00000138398	7.274594537645532
ENSG00000154479	8.458201524737945
ENSG00000144362	7.633324166843007
ENSG00000213160	7.041354236825331
ENSG00000138385	8.373300196608389
ENSG00000138382	7.559486774465858
ENSG00000144357	7.456598312719814
ENSG00000071909	7.654169000146392
ENSG00000204335	9.92114701305287
ENSG00000204334	10.070120944476823
ENSG00000128683	8.413952118320875
ENSG00000115806	9.283889242857295
ENSG00000198586	7.620978793891272
ENSG00000123600	6.118025762176007
ENSG00000115827	6.4586838825357304
ENSG00000071967	11.31400709469214
ENSG00000077380	9.294139159574067
ENSG00000115840	7.2761244052742375
ENSG00000128708	8.061111841356226
ENSG00000172878	5.925358641704993
ENSG00000144355	8.84058791058898
ENSG00000115844	8.867969089067097
ENSG00000091409	11.467881611284076
ENSG00000152256	7.14710149645501
ENSG00000091428	9.223277732538243
ENSG00000091436	9.255959542868446
ENSG00000144354	8.984418410369761
ENSG00000172845	8.103694126645602
ENSG00000138430	8.03458922188333
ENSG00000217236	7.516840169328849
ENSG00000138433	8.399120137245045
ENSG00000144306	6.7400711493232475
ENSG00000163328	8.214447547711035
ENSG00000115935	7.9761165671789165
ENSG00000138435	10.624126221124587
ENSG00000128656	10.481799431665753
ENSG00000115966	8.564561989108757
ENSG00000154518	9.17886710705325
ENSG00000144320	7.368544434170801
ENSG00000174279	5.151891253020587
ENSG00000128714	9.029054686785527
ENSG00000170178	8.2956937932001
ENSG00000128713	7.766759031484062
ENSG00000128710	8.523279082414627
ENSG00000128709	9.413839452379275
ENSG00000175879	8.221056351102545
ENSG00000128652	6.239168878665448
ENSG00000170166	7.279842693520348
ENSG00000128645	7.754554368451408
ENSG00000128654	9.135497375014713
ENSG00000170144	9.48712826440819
ENSG00000116044	10.527884541445554
ENSG00000018510	7.72128939887647
ENSG00000196659	7.176870574165538
ENSG00000197557	6.29827208143749
ENSG00000128655	6.024867806877641
ENSG00000155636	5.061511356393584
ENSG00000079156	5.8702921027323
ENSG00000180228	7.560085153791102
ENSG00000204311	7.178913784669567
ENSG00000079150	7.513916686481462
ENSG00000116095	6.413726233843371
ENSG00000155657	9.003171612918287
ENSG00000163492	5.235727059838059
ENSG00000187231	7.97489017975128
ENSG00000144331	7.404717290638311
ENSG00000163510	7.491954243109545
ENSG00000170035	8.79710182787711
ENSG00000115232	9.27911144253555
ENSG00000188452	8.336176879357396
ENSG00000162992	9.274032495749141
ENSG00000138434	10.062339228672569
ENSG00000150722	6.396405192774914
ENSG00000115252	8.143893579414039
ENSG00000077232	9.226414965760137
ENSG00000162998	11.910402011294556
ENSG00000061676	8.906485794111534
ENSG00000162999	5.600855574466434
ENSG00000163002	6.594992977884946
ENSG00000170396	6.509112404340025
ENSG00000188738	6.1890074181018635
ENSG00000065548	8.970588724663678
ENSG00000138448	10.544625614247522
ENSG00000144369	8.30562382839875
ENSG00000163012	5.035183996618336
ENSG00000064989	9.167871721491062
ENSG00000003436	9.238681396849353
ENSG00000144366	7.140426406900558
ENSG00000174325	5.182692297516191
ENSG00000168542	15.933280426084055
ENSG00000204262	11.737385531259182
ENSG00000115368	7.954081098527548
ENSG00000138449	12.377257751607937
ENSG00000138381	8.377475554546587
ENSG00000151687	5.708203471190956
ENSG00000128694	5.83559945553021
ENSG00000128699	7.875349548289485
ENSG00000064933	6.590212761408359
ENSG00000187699	9.771249878443797
ENSG00000138379	10.903998837205743
ENSG00000198130	7.727113227042883
ENSG00000151689	9.33677674691039
ENSG00000151690	7.931034360343721
ENSG00000189362	6.0953064844003855
ENSG00000138386	10.079745832070543
ENSG00000115419	10.876386338846991
ENSG00000115415	11.137751160425625
ENSG00000138378	8.39083863573516
ENSG00000128641	8.485507225913492
ENSG00000173559	8.294161218694752
ENSG00000168497	10.092216107176093
ENSG00000144339	10.478663148865662
ENSG00000196950	8.465427973776066
ENSG00000118997	6.709558641675763
ENSG00000081320	8.786202872379704
ENSG00000138411	6.634060034941211
ENSG00000144395	6.084064264788474
ENSG00000119041	6.800787906210164
ENSG00000187944	7.2677230516274225
ENSG00000197121	7.414473836430928
ENSG00000065413	7.110275833647921
ENSG00000115524	9.529510060325924
ENSG00000115520	8.155976334966663
ENSG00000144381	12.412305204955272
ENSG00000115541	11.74819284958946
ENSG00000270757	3.329959774670036
ENSG00000115540	9.203507779149179
ENSG00000162944	8.00033871465909
ENSG00000247626	6.631993050487405
ENSG00000152430	6.734709620225838
ENSG00000115896	6.682190800584853
ENSG00000119042	8.110954406916742
ENSG00000226124	5.131332946967521
ENSG00000178074	7.214955812138093
ENSG00000162971	5.680779809994439
ENSG00000162972	7.669050284861565
ENSG00000196141	8.256518094264324
ENSG00000155729	6.401285291164848
ENSG00000163535	6.0662285950651365
ENSG00000138356	11.10089508215152
ENSG00000082153	9.140264685526443
ENSG00000013441	10.125413470483315
ENSG00000240344	7.195796553297739
ENSG00000196290	7.909901990701752
ENSG00000115942	7.340527684595292
ENSG00000155744	7.050059610838252
ENSG00000119013	9.209704961917415
ENSG00000003402	7.792138575762269
ENSG00000003400	7.066394150768528
ENSG00000064012	6.793795501492006
ENSG00000155749	6.254745197629213
ENSG00000115993	9.231941148308705
ENSG00000082146	8.010735592961783
ENSG00000155754	6.2420308019227315
ENSG00000155755	6.91514783666658
ENSG00000082126	5.146301294364182
ENSG00000003393	7.986979709176577
ENSG00000138395	7.048456613342591
ENSG00000155760	9.626664807713853
ENSG00000182329	5.642123916153487
ENSG00000116030	10.753984526359043
ENSG00000055044	9.265780369471486
ENSG00000204217	8.38453838785032
ENSG00000138439	7.939326503030152
ENSG00000163596	6.413797150189212
ENSG00000138442	6.720755078090948
ENSG00000138380	5.710411411316958
ENSG00000144426	7.555843520805953
ENSG00000119004	5.697326392340595
ENSG00000138443	6.621905345519412
ENSG00000173166	5.732811872082943
ENSG00000178562	6.786592391565682
ENSG00000163599	8.430095027672978
ENSG00000163600	5.824511859160816
ENSG00000116117	5.890203466675639
ENSG00000118257	8.869367324797103
ENSG00000114933	7.186297087936798
ENSG00000023228	7.447667287993325
ENSG00000114942	12.299047442600093
ENSG00000183671	7.400779905973556
ENSG00000204186	7.603855962589921
ENSG00000114948	9.300671775645135
ENSG00000235118	4.046141781644721
ENSG00000232125	6.2857217112543236
ENSG00000138400	6.601696516480957
ENSG00000118246	7.175917964307321
ENSG00000144410	9.602979622014422
ENSG00000118263	6.6958678449494
ENSG00000118260	7.183626977668759
ENSG00000144401	7.057570017876795
ENSG00000163249	7.622883551591974
ENSG00000163251	9.67967867952787
ENSG00000178385	6.785353550288358
ENSG00000118231	8.130617536964193
ENSG00000163254	9.365477244289004
ENSG00000182187	8.444831559906273
ENSG00000168582	4.9077945254732755
ENSG00000188674	7.634744498802223
ENSG00000138413	10.38797112297314
ENSG00000115020	7.451118446428666
ENSG00000144407	7.1535692790968355
ENSG00000078018	9.725829573482258
ENSG00000144406	6.7615512324444795
ENSG00000197713	7.954744214918936
ENSG00000144445	8.38194157116219
ENSG00000115361	8.201143732053033
ENSG00000168530	13.644576044247701
ENSG00000115365	9.359529955322913
ENSG00000021826	11.20286803700492
ENSG00000178568	8.133220681226701
ENSG00000030419	7.468195757509495
ENSG00000144451	7.27081592789951
ENSG00000174453	6.223677069451464
ENSG00000138376	6.464640479399029
ENSG00000144452	7.898323438380567
ENSG00000138363	8.455400195333391
ENSG00000115414	15.945375248205913
ENSG00000118242	8.75074815432654
ENSG00000115425	8.261568721404352
ENSG00000163449	5.915141532662396
ENSG00000079246	10.127531640166355
ENSG00000144583	8.153359566197645
ENSG00000138375	6.269200240861631
ENSG00000197756	11.885402160910338
ENSG00000115457	12.611956784342896
ENSG00000115461	14.07083013826538
ENSG00000118245	14.390101765037892
ENSG00000079308	10.74890156285329
ENSG00000188282	7.001120291435559
ENSG00000180871	6.687900522480746
ENSG00000163464	7.7481928495894605
ENSG00000163466	9.504580789665626
ENSG00000179921	8.597172912625926
ENSG00000127837	9.168356099231744
ENSG00000127838	9.901282094461635
ENSG00000135926	9.901364620840319
ENSG00000158428	6.180293918024434
ENSG00000018280	10.661778097771988
ENSG00000144579	8.88782986169403
ENSG00000127831	9.481560328195352
ENSG00000135913	5.583560191389095
ENSG00000144580	7.324489096024421
ENSG00000115556	7.173926931999809
ENSG00000115568	6.384905708179096
ENSG00000074582	6.9564083927338425
ENSG00000163481	7.2537459091855325
ENSG00000163482	7.333602628268281
ENSG00000135912	7.882279387024368
ENSG00000135929	10.523190896961445
ENSG00000115592	5.921939833466445
ENSG00000115596	8.99742036903599
ENSG00000135925	8.862543687519235
ENSG00000171450	8.738907434092724
ENSG00000163497	10.899268715665611
ENSG00000163499	10.701751161455746
ENSG00000181378	5.978424465440858
ENSG00000163501	10.636705175318003
ENSG00000187736	5.715618859074816
ENSG00000280537	3.0858360278972365
ENSG00000213901	8.0362823078872
ENSG00000115649	9.820821971328813
ENSG00000144567	8.636685718955555
ENSG00000158552	7.925430213775542
ENSG00000115657	8.534886457615647
ENSG00000198925	7.91169158187234
ENSG00000163516	8.928666412304953
ENSG00000163521	7.98272779545181
ENSG00000115661	6.53203211949751
ENSG00000127824	10.86566207229512
ENSG00000243910	8.687128985592155
ENSG00000135924	9.449148645375436
ENSG00000054356	10.808396729998092
ENSG00000182698	7.457791260256042
ENSG00000123992	8.061570264775986
ENSG00000175084	15.8230437518722
ENSG00000072195	8.303780748177102
ENSG00000144591	7.477063789322589
ENSG00000072182	9.677498125403606
ENSG00000123989	11.564159049256219
ENSG00000188760	6.987966277051737
ENSG00000124006	9.82924704292121
ENSG00000123999	11.620972280993364
ENSG00000144589	6.994353436858858
ENSG00000114923	9.629538767045434
ENSG00000116106	8.32752537934844
ENSG00000135903	8.9162480362796
ENSG00000163081	7.290054154976047
ENSG00000163082	9.212370767854043
ENSG00000116120	8.37244747576273
ENSG00000124003	5.686961430085701
ENSG00000123983	10.014179944114419
ENSG00000152049	10.428057130186948
ENSG00000171951	14.916111999526121
ENSG00000152056	6.823700053742001
ENSG00000085449	9.049856434789293
ENSG00000135900	8.98662828054387
ENSG00000135919	12.803751570499998
ENSG00000124019	7.174197388349629
ENSG00000036257	7.754219433135143
ENSG00000135905	7.600452959914568
ENSG00000144460	6.141677454841735
ENSG00000169047	8.111182558160953
ENSG00000144468	6.111624913452297
ENSG00000081052	7.655378402944079
ENSG00000169031	7.848622940429338
ENSG00000168958	8.715961990255144
ENSG00000168955	10.135189276908521
ENSG00000173744	8.710719010732115
ENSG00000042304	4.016476006047594
ENSG00000135917	8.82531611024058
ENSG00000115009	11.545964890839446
ENSG00000123977	7.720709415907586
ENSG00000153820	7.424491804123304
ENSG00000153823	9.065020558498349
ENSG00000187957	10.927823676727092
ENSG00000153827	8.20734068688932
ENSG00000153832	6.83166931288065
ENSG00000163053	8.422890153765831
ENSG00000135899	6.417683768755419
ENSG00000079263	6.571136599589084
ENSG00000185404	6.225583130386221
ENSG00000067066	7.464341532761104
ENSG00000135932	9.259696183708026
ENSG00000135916	12.821217157502302
ENSG00000135898	5.30840878209255
ENSG00000173699	8.447496546665391
ENSG00000204128	9.044971487027208
ENSG00000173692	9.088681643443733
ENSG00000135914	8.940440085287694
ENSG00000135931	7.647129367326649
ENSG00000156966	10.26831955864268
ENSG00000115053	10.297023345349979
ENSG00000171596	6.449143637801784
ENSG00000177673	9.910492832288714
ENSG00000187514	11.935834500591703
ENSG00000156973	7.275193333902206
ENSG00000144524	6.896501590433426
ENSG00000163273	12.257209835826593
ENSG00000144535	5.208199103869087
ENSG00000163283	10.713911731515966
ENSG00000163286	13.5363066892718
ENSG00000163295	10.234094716446146
ENSG00000171551	12.788322329616681
ENSG00000237412	12.687519147686022
ENSG00000135902	9.08596147024532
ENSG00000196811	9.060757779885428
ENSG00000221944	6.334242241187013
ENSG00000135930	7.315610512778399
ENSG00000115468	11.569118819223307
ENSG00000204120	6.514712033384538
ENSG00000115474	9.368110989998325
ENSG00000182600	9.77193440230449
ENSG00000066248	9.637701523502374
ENSG00000115488	7.258330472612426
ENSG00000168918	8.911418869241304
ENSG00000085978	7.592070838705881
ENSG00000130561	8.19050862283651
ENSG00000077044	8.325979979394445
ENSG00000085982	7.882342545171661
ENSG00000242366	8.108124239935742
ENSG00000242515	8.496866668754274
ENSG00000241119	10.471124704617539
ENSG00000244122	8.411566722585873
ENSG00000167165	8.882788441569247
ENSG00000240224	6.999232785492464
ENSG00000244474	9.887372951146778
ENSG00000243135	6.710463833746143
ENSG00000241635	9.825594849463382
ENSG00000185038	8.873514342304533
ENSG00000123485	7.4579903287438425
ENSG00000144481	11.032392926659773
ENSG00000072080	11.329473018119424
ENSG00000188042	10.203312530837342
ENSG00000130147	8.724030428298406
ENSG00000157985	6.966580499728863
ENSG00000168505	7.308758193830791
ENSG00000182177	3.125249177578942
ENSG00000132321	7.376295185115117
ENSG00000144476	11.089684293156429
ENSG00000198612	8.843966842970074
ENSG00000163359	11.702853230377402
ENSG00000115648	10.373701739260838
ENSG00000071677	11.684484638521454
ENSG00000124839	8.515305605451724
ENSG00000124831	8.054458159233318
ENSG00000177483	5.5570424152637194
ENSG00000132329	12.801086567987124
ENSG00000184182	7.1743217107568436
ENSG00000258984	3.7844173157432546
ENSG00000132330	5.671859468247477
ENSG00000144488	6.195235235860653
ENSG00000168427	7.190812367916136
ENSG00000178752	10.643273341482322
ENSG00000132323	6.880195728943098
ENSG00000144485	12.414804275114506
ENSG00000132326	7.3688223206214065
ENSG00000204104	7.168563000594405
ENSG00000065802	8.537292774715084
ENSG00000233608	9.82543584852192
ENSG00000068024	7.825669479402027
ENSG00000130414	10.05775741154765
ENSG00000182083	2.4292142298395847
ENSG00000178586	3.75595576955096
ENSG00000172428	10.223428553248699
ENSG00000178602	10.459412764288555
ENSG00000063660	11.039499593389941
ENSG00000144504	6.497452695977238
ENSG00000188542	4.902858146297308
ENSG00000142327	8.34215300130498
ENSG00000142330	6.052676724303575
ENSG00000178623	8.141190349379311
ENSG00000185176	7.271463027904375
ENSG00000184945	7.4947394398053016
ENSG00000130294	9.700786478157397
ENSG00000172482	12.21856323619027
ENSG00000172478	9.790903810508292
ENSG00000226321	6.720127518407084
ENSG00000162804	8.626439136697316
ENSG00000122085	6.317231700222606
ENSG00000115687	10.02959326531234
ENSG00000115685	9.407518603077367
ENSG00000146205	9.373519475960727
ENSG00000115677	9.752002603724543
ENSG00000168385	9.565549895584383
ENSG00000006607	7.546432523904238
ENSG00000115694	7.472495119623907
ENSG00000176720	9.597102818387189
ENSG00000176946	8.104462089766802
ENSG00000168397	8.077349829621605
ENSG00000168393	8.182555725244054
ENSG00000168395	6.282160866397181
ENSG00000180902	7.951867504326902
ENSG00000154252	7.194914966327859
ENSG00000204099	9.098614734844393
ENSG00000188389	7.752421929310776
ENSG00000188011	8.707673248171933
ENSG00000216921	8.876570686062344
ENSG00000134121	8.61179882677006
ENSG00000134115	7.140573353062319
ENSG00000144619	6.797952869191374
ENSG00000091181	7.700938698513603
ENSG00000072756	6.874835874607351
ENSG00000113851	6.691895040230619
ENSG00000144455	6.943154428727241
ENSG00000175928	9.720525668246863
ENSG00000170364	7.546113690474087
ENSG00000150995	9.20454420179268
ENSG00000134107	11.471675214392045
ENSG00000134108	8.853330559807512
ENSG00000134109	8.72478300724785
ENSG00000196277	6.192348588817461
ENSG00000071282	9.356672044212097
ENSG00000125046	6.507310385444626
ENSG00000182533	8.866524571587927
ENSG00000180914	9.791702278593114
ENSG00000070950	6.468980583691843
ENSG00000196220	6.676662334857967
ENSG00000134077	6.9971854327324525
ENSG00000168137	7.924488932748868
ENSG00000156959	7.761522504174413
ENSG00000163719	7.631879146274275
ENSG00000144550	8.324630615267186
ENSG00000156983	7.109598179288196
ENSG00000114026	5.993369733466626
ENSG00000134072	8.770168320103428
ENSG00000171148	9.48432235343469
ENSG00000241553	10.470348490447787
ENSG00000250151	3.951245620927798
ENSG00000214021	8.11478344724985
ENSG00000156990	7.726694576037475
ENSG00000187288	11.605479518061669
ENSG00000171135	9.234642587022527
ENSG00000163701	8.267550851800648
ENSG00000163702	8.687919820530228
ENSG00000163703	9.878204219677396
ENSG00000163704	7.6558730494178775
ENSG00000125037	9.267942759349205
ENSG00000144554	6.846671704401729
ENSG00000163705	8.044394119358454
ENSG00000254999	11.918870731451808
ENSG00000134086	8.663444687800238
ENSG00000134070	8.006598788646908
ENSG00000157014	7.357134324680914
ENSG00000272410	0.1582941882777292
ENSG00000157017	11.302638923787553
ENSG00000157020	8.991040081805581
ENSG00000157087	8.400748885768989
ENSG00000132164	10.923029755707947
ENSG00000157103	10.05359845688744
ENSG00000196639	7.924557325678855
ENSG00000197548	6.220796706466787
ENSG00000144560	9.005551010653045
ENSG00000144559	9.013398693361918
ENSG00000157152	9.140646915399168
ENSG00000157150	10.694193696923408
ENSG00000132170	10.597540160547325
ENSG00000154743	7.0519864920128015
ENSG00000225526	6.981142560761867
ENSG00000075975	9.276213843597198
ENSG00000132155	9.803448362226126
ENSG00000088726	8.504551853894638
ENSG00000144712	6.640995312245001
ENSG00000144713	13.07059788981359
ENSG00000144711	8.846411819686839
ENSG00000132182	9.404619628414
ENSG00000163517	9.165165250657637
ENSG00000163520	12.765465721926894
ENSG00000154764	9.933040695972174
ENSG00000163528	7.763813327986746
ENSG00000170876	10.086558108500189
ENSG00000268279	5.2050929084691235
ENSG00000154767	8.443096760801378
ENSG00000170860	8.481442798481194
ENSG00000131389	8.651410525912999
ENSG00000144596	6.18626283566979
ENSG00000154781	8.487513642402831
ENSG00000131379	5.521050736900963
ENSG00000154783	8.3909092244908
ENSG00000177463	8.170319763142146
ENSG00000131368	9.925011140592103
ENSG00000131381	8.221051589853127
ENSG00000131375	8.423759755941871
ENSG00000131370	8.188341576010815
ENSG00000206562	5.528842132046834
ENSG00000144597	7.312574876611782
ENSG00000206561	6.112387542531061
ENSG00000131373	7.749409960131629
ENSG00000169814	7.751255230862449
ENSG00000206560	8.804253792461338
ENSG00000131386	10.131379513450145
ENSG00000154813	7.191574511601922
ENSG00000154814	6.112309013144582
ENSG00000131378	9.078134842646298
ENSG00000092345	8.725893136501627
ENSG00000154822	7.2811051914021565
ENSG00000131374	7.336047516850203
ENSG00000182568	8.664906650776704
ENSG00000183960	7.090641751917847
ENSG00000163576	5.71775936679157
ENSG00000144566	8.064807101178971
ENSG00000183977	6.234194722953812
ENSG00000114166	9.43153427324536
ENSG00000129810	6.49593229514365
ENSG00000151789	6.6512827974571795
ENSG00000182247	7.507194771716622
ENSG00000170142	8.584403193641535
ENSG00000197885	6.4432751117658045
ENSG00000174748	11.286629870881127
ENSG00000174738	8.15068495207891
ENSG00000151090	7.568904270714679
ENSG00000077092	7.71007607535664
ENSG00000077097	10.40775182676697
ENSG00000151092	7.333602628268281
ENSG00000151093	6.36372381044744
ENSG00000179796	6.581977490343661
ENSG00000163491	7.594740799694581
ENSG00000033867	9.42002528413391
ENSG00000163508	8.677187756774337
ENSG00000187118	5.1727339604180385
ENSG00000163512	7.153805336079036
ENSG00000206559	4.611172380044005
ENSG00000144642	7.308024168672247
ENSG00000163513	10.907060000184783
ENSG00000144644	4.609460616684973
ENSG00000163527	10.10966458484431
ENSG00000144645	7.197624187088234
ENSG00000197385	5.865381401823375
ENSG00000152642	9.274918806900697
ENSG00000170293	8.62209893946151
ENSG00000153551	8.866897763177333
ENSG00000091317	9.861284230076834
ENSG00000144635	7.301917458534762
ENSG00000182973	6.423255174635913
ENSG00000206557	8.573997538841798
ENSG00000183813	6.510149354583154
ENSG00000170266	9.330210211290671
ENSG00000188167	5.627869843502546
ENSG00000170275	9.554985669134163
ENSG00000173705	9.255219623418245
ENSG00000153558	6.3988435259079175
ENSG00000153560	7.523561956057013
ENSG00000163539	7.9014703198242655
ENSG00000170248	8.117374060960717
ENSG00000172995	9.580447019598664
ENSG00000144681	7.692789834972647
ENSG00000163673	7.2800445819481
ENSG00000168016	7.537606691495291
ENSG00000178567	7.3360764096828825
ENSG00000076242	7.155551743366887
ENSG00000093167	8.107324240913156
ENSG00000144674	8.247659356909933
ENSG00000144668	8.308703350100739
ENSG00000144677	8.317349895824433
ENSG00000136059	8.449475879436445
ENSG00000187091	8.656791094450814
ENSG00000008226	7.862467135932678
ENSG00000060971	9.188094263926402
ENSG00000172936	8.985999826225903
ENSG00000172939	7.84935218262361
ENSG00000172940	6.152473840171691
ENSG00000144671	6.338602690352632
ENSG00000093217	6.878796597329545
ENSG00000114739	6.623716218944056
ENSG00000157036	5.58630047755924
ENSG00000183873	7.386293635150991
ENSG00000185313	3.1026470195196527
ENSG00000168356	7.070338344532569
ENSG00000114742	6.853676319653346
ENSG00000114745	7.484353986863961
ENSG00000168026	7.588714635582264
ENSG00000144655	10.022406263810296
ENSG00000168334	11.894438854562262
ENSG00000168329	9.33574904173797
ENSG00000179934	6.176514721496881
ENSG00000144659	9.436980405413568
ENSG00000168028	12.221276174314166
ENSG00000168314	11.896332403909941
ENSG00000170011	7.597224014776443
ENSG00000114784	9.457791260256041
ENSG00000168032	8.99094193523529
ENSG00000188846	10.313715483155931
ENSG00000177873	5.447559136645059
ENSG00000177842	4.9111918719893435
ENSG00000172888	6.603623664193532
ENSG00000168036	11.533355067314922
ENSG00000168038	7.051468202669347
ENSG00000182606	8.089522080821174
ENSG00000187094	10.200898605038445
ENSG00000157093	7.967514480800969
ENSG00000114812	9.923476056042967
ENSG00000093183	7.400824958373828
ENSG00000008324	9.8163342608421
ENSG00000114857	8.383413913412415
ENSG00000114853	8.418720184405037
ENSG00000157119	8.889047582839034
ENSG00000010282	11.747820494050826
ENSG00000280571	2.5441529420845383
ENSG00000244607	7.178710265483528
ENSG00000181061	9.995301221889646
ENSG00000144648	6.823455239233719
ENSG00000273291	3.4293351235049006
ENSG00000240747	7.284477117810423
ENSG00000180432	10.536701819353754
ENSG00000182983	6.378956805575853
ENSG00000144649	6.819675249853603
ENSG00000144647	8.797147048438672
ENSG00000163788	8.447554952955315
ENSG00000160746	7.813942491190674
ENSG00000011198	7.673839055990439
ENSG00000173769	3.8469946869655733
ENSG00000179152	6.154085273130798
ENSG00000185219	6.390046231241107
ENSG00000178917	5.373723423684404
ENSG00000196345	5.19782782439459
ENSG00000144792	5.766892542431846
ENSG00000186448	6.808949712000832
ENSG00000169981	6.413164237223448
ENSG00000196653	5.713888640104125
ENSG00000186446	4.998480150503105
ENSG00000163807	6.816296254363478
ENSG00000163808	6.554219201137238
ENSG00000169964	7.147713722352154
ENSG00000163810	14.777281262102672
ENSG00000163812	9.142385322549462
ENSG00000075914	7.048759311919856
ENSG00000163815	12.819633843862606
ENSG00000163814	9.037229961758545
ENSG00000249992	12.07958872279681
ENSG00000011376	6.734659427827423
ENSG00000144791	9.034071318602162
ENSG00000211456	8.943551397901723
ENSG00000163817	7.690764506211446
ENSG00000163818	6.683771477471967
ENSG00000173585	8.653968134343932
ENSG00000163820	7.731159291714882
ENSG00000172215	6.910887500528094
ENSG00000173578	6.690690832815268
ENSG00000183625	5.252711887950751
ENSG00000163823	8.19445265026355
ENSG00000121807	8.627653066935085
ENSG00000160791	7.513506865304865
ENSG00000121797	7.60882478738824
ENSG00000012223	15.504677909436117
ENSG00000163825	8.901333014266667
ENSG00000163827	7.129180265486065
ENSG00000241186	9.745207092100879
ENSG00000178038	9.234577959784566
ENSG00000181585	9.501207552417654
ENSG00000206549	8.079919216561441
ENSG00000188086	6.472487771462744
ENSG00000160808	13.721846837458784
ENSG00000160801	11.205657755798958
ENSG00000160799	7.475733430966398
ENSG00000160796	9.402585758232588
ENSG00000181555	7.604258131910871
ENSG00000088727	6.404119724396124
ENSG00000114648	6.8087393513100825
ENSG00000076201	8.328123293092851
ENSG00000114650	9.598424760527719
ENSG00000163832	6.597306346575455
ENSG00000114646	10.049102641078138
ENSG00000173473	8.831409212140553
ENSG00000132153	7.677971995998612
ENSG00000047849	9.603440896687088
ENSG00000164045	7.23413625753483
ENSG00000164047	10.113736334813831
ENSG00000164048	7.710818857898728
ENSG00000172113	5.963823810241667
ENSG00000229453	10.379247258521788
ENSG00000164049	4.776851840376969
ENSG00000164050	8.96751448080097
ENSG00000164051	8.047308617098398
ENSG00000232112	10.01936483533014
ENSG00000164053	6.2731428593080825
ENSG00000213689	6.736063627871814
ENSG00000164054	10.365887346400575
ENSG00000114268	7.942882912935469
ENSG00000145040	10.385128603283414
ENSG00000114270	10.231706596006774
ENSG00000010256	10.485902648727869
ENSG00000183396	6.965784284662087
ENSG00000225697	7.276849090462416
ENSG00000008300	6.966750531201988
ENSG00000213672	7.5054146093467535
ENSG00000068745	8.211888294546004
ENSG00000114302	8.268119500921852
ENSG00000178537	8.324898385639916
ENSG00000221883	4.7713574089905615
ENSG00000177479	6.733174006697175
ENSG00000178467	8.005962817715481
ENSG00000178252	9.594137956011929
ENSG00000178149	7.591709333161742
ENSG00000178057	9.769011321097015
ENSG00000178035	10.56000571137039
ENSG00000198218	7.307821939008068
ENSG00000172053	9.223441373520341
ENSG00000172046	7.652372437249362
ENSG00000172037	10.020522180210156
ENSG00000177352	7.622554537445248
ENSG00000185909	10.359164777758632
ENSG00000236980	5.2268938135713885
ENSG00000173421	6.403097261532003
ENSG00000188315	5.666524046014033
ENSG00000114316	7.202409452228374
ENSG00000067560	11.079936129385619
ENSG00000145022	8.36485455835123
ENSG00000145020	7.522777669524576
ENSG00000145029	7.070389327891398
ENSG00000173402	10.72984683644187
ENSG00000164061	7.498981498490238
ENSG00000164062	8.548196305058537
ENSG00000173531	10.044394119358454
ENSG00000164068	6.2904588470805205
ENSG00000176020	1.1939298839235195
ENSG00000173540	7.38380919703756
ENSG00000176095	7.627600569333936
ENSG00000187492	9.43163815938327
ENSG00000185614	7.776556083886846
ENSG00000182179	9.712461708428304
ENSG00000183763	6.024636321079045
ENSG00000164076	9.650872240337117
ENSG00000164078	8.241697953179434
ENSG00000164077	6.118181313178323
ENSG00000004534	9.543611875898335
ENSG00000003756	8.965784284662087
ENSG00000001617	10.577408153120594
ENSG00000114349	11.178859627641515
ENSG00000188338	10.739555371766983
ENSG00000114353	9.45702490611493
ENSG00000012171	10.467624888981282
ENSG00000179564	5.697940582617104
ENSG00000214706	8.4526418286959
ENSG00000186792	7.0947652863298405
ENSG00000243477	7.82209277437953
ENSG00000114378	8.91055067995835
ENSG00000068001	9.191799501065075
ENSG00000114383	7.419522692584392
ENSG00000068028	8.010862105401609
ENSG00000004838	9.602327706013888
ENSG00000114388	7.572889668420581
ENSG00000114395	7.662185966075766
ENSG00000272104	2.927970994479414
ENSG00000126062	8.653407300484051
ENSG00000007402	9.184713518056865
ENSG00000088543	7.232128200059728
ENSG00000114735	5.643278996311979
ENSG00000114737	8.764208130139947
ENSG00000114738	8.67311181090657
ENSG00000088538	7.15699276218664
ENSG00000145050	10.387823753078907
ENSG00000259956	7.278313918534046
ENSG00000145041	8.10276309662559
ENSG00000164080	6.230578476322739
ENSG00000164081	7.781228004922657
ENSG00000164082	5.98299357469431
ENSG00000214686	6.79960542245267
ENSG00000229972	7.571373435973201
ENSG00000184345	8.614341762714847
ENSG00000214681	5.750338520244706
ENSG00000173389	9.369161091349168
ENSG00000114767	9.74896118055598
ENSG00000041880	8.028896243668989
ENSG00000180929	6.343585483161395
ENSG00000090097	9.77280941016073
ENSG00000114779	8.854225877467762
ENSG00000248487	9.041408267906874
ENSG00000114786	2.731161861687738
ENSG00000243989	9.324630615267186
ENSG00000162244	12.662913516960453
ENSG00000164086	8.326799054689769
ENSG00000164087	7.10458601911866
ENSG00000023330	11.7732783346627
ENSG00000239732	4.740387932468353
ENSG00000173366	0.9007058179827694
ENSG00000247596	9.18618305042635
ENSG00000164088	7.204196062591954
ENSG00000164091	8.62093561988479
ENSG00000168237	9.277054876148728
ENSG00000114841	6.486553492624526
ENSG00000163930	8.744095491616521
ENSG00000010318	12.133784409179908
ENSG00000010319	8.866969778354827
ENSG00000114854	13.057490118046376
ENSG00000010322	9.521404141330216
ENSG00000010327	11.025294109614542
ENSG00000168268	9.794746025859926
ENSG00000168273	7.925500848100356
ENSG00000163939	7.707445511767785
ENSG00000163938	9.009377652165945
ENSG00000016864	7.544390229214737
ENSG00000114902	8.423156885445966
ENSG00000114904	6.541638734436141
ENSG00000055957	11.372554781746762
ENSG00000162267	11.656307505032405
ENSG00000055955	12.295481973695367
ENSG00000243696	6.474866653727461
ENSG00000272573	10.037546953962178
ENSG00000248592	3.522833791693514
ENSG00000213533	6.131342539123261
ENSG00000163935	6.867896463992655
ENSG00000272305	4.3018089263849095
ENSG00000163933	5.9081182322065
ENSG00000163932	9.4013604919867
ENSG00000163931	9.911907753866057
ENSG00000272886	6.566878752383789
ENSG00000157388	7.790595193443109
ENSG00000016391	7.721940177429762
ENSG00000056736	9.378520664720396
ENSG00000113812	6.974818539481726
ENSG00000113811	8.7238942789738
ENSG00000157445	9.455699044014722
ENSG00000144771	8.754225350034803
ENSG00000114251	10.706242137276684
ENSG00000187672	5.665702946011778
ENSG00000180376	6.304099100703259
ENSG00000163946	7.668279280642583
ENSG00000163947	9.448552540128151
ENSG00000186451	6.862947248020921
ENSG00000144730	8.766279863049297
ENSG00000163666	6.953261728884034
ENSG00000157500	7.78657637260672
ENSG00000239388	5.212953604142347
ENSG00000174844	6.910866146825407
ENSG00000174840	6.2738120257762615
ENSG00000168374	10.806607984194768
ENSG00000174839	7.276386905535378
ENSG00000163681	8.76803208425996
ENSG00000136068	11.201885647851173
ENSG00000163687	8.196792671455688
ENSG00000163686	7.615507835963018
ENSG00000163684	5.371718901409651
ENSG00000255154	3.170989716685402
ENSG00000168297	8.224312677015787
ENSG00000168291	8.4696880559352
ENSG00000168301	8.34715092875443
ENSG00000168306	8.706451433918575
ENSG00000168309	12.289063058210484
ENSG00000198643	11.97496051937745
ENSG00000163689	5.211065189537755
ENSG00000189283	7.994622654604015
ENSG00000144724	8.108163372175785
ENSG00000114405	6.933658773859026
ENSG00000153266	7.745256982963577
ENSG00000163618	7.867896463992655
ENSG00000163630	9.156588752789087
ENSG00000188817	7.9905007023567105
ENSG00000163632	5.118808430736193
ENSG00000163634	9.585882745534647
ENSG00000163635	8.384584526145765
ENSG00000163636	8.619119511453219
ENSG00000163637	7.344295907915817
ENSG00000163638	9.225894217494035
ENSG00000151276	7.2057562702984255
ENSG00000144741	6.439485884022081
ENSG00000144749	10.290848417225959
ENSG00000163376	5.306615799897631
ENSG00000172340	8.959759381966851
ENSG00000183662	6.304779546239445
ENSG00000163377	10.22933340716188
ENSG00000163378	7.378311853581443
ENSG00000144747	7.874363606015051
ENSG00000144744	7.828616597287662
ENSG00000144746	10.489951584669548
ENSG00000163380	9.168983300179672
ENSG00000114541	7.243570336506321
ENSG00000187098	9.654632563678042
ENSG00000242120	7.597130650397492
ENSG00000114861	7.8411001778225575
ENSG00000163412	6.6988937152120425
ENSG00000170837	7.689894002681932
ENSG00000163421	8.933985654450428
ENSG00000163602	8.440847724825257
ENSG00000144736	7.021303693428988
ENSG00000172986	8.620371641150934
ENSG00000163605	8.721803363296976
ENSG00000255423	7.098607484895029
ENSG00000121440	9.529087903485266
ENSG00000113805	7.318445734340934
ENSG00000172969	9.137101488610876
ENSG00000227124	6.389574101592595
ENSG00000185008	7.509100047474377
ENSG00000169855	8.922186000727347
ENSG00000114480	8.5453506448223
ENSG00000175161	8.7001537098056
ENSG00000206538	10.619812478430429
ENSG00000083937	10.253150941033272
ENSG00000064835	7.812969747825078
ENSG00000179097	7.472279782911784
ENSG00000163320	9.07720077210489
ENSG00000175105	7.116777499893367
ENSG00000179021	7.88447484197936
ENSG00000044524	8.800598743047878
ENSG00000184500	9.770799167783723
ENSG00000169379	7.573278875671725
ENSG00000178750	7.073062994426461
ENSG00000178700	6.442323179203731
ENSG00000178694	6.821303515506197
ENSG00000269028	10.000552989147245
ENSG00000080224	5.601058791930268
ENSG00000113966	6.912876155031916
ENSG00000080200	7.651408329261215
ENSG00000170854	7.546863595235504
ENSG00000183185	4.026832733351063
ENSG00000196578	3.0585347131575773
ENSG00000231192	2.542318846796058
ENSG00000236032	3.2328567733866707
ENSG00000233412	1.9979507452581573
ENSG00000230301	1.9649530529007992
ENSG00000197938	2.580612268900423
ENSG00000196098	2.136951967061965
ENSG00000206536	2.4446550126773
ENSG00000232382	1.911618757889936
ENSG00000231861	3.0603933122271383
ENSG00000080822	11.205182326228643
ENSG00000154165	9.242527668861145
ENSG00000080819	7.842936469238601
ENSG00000064225	8.566060234995863
ENSG00000057019	10.049753022437622
ENSG00000144810	10.606405212697785
ENSG00000184220	7.655998948795503
ENSG00000168386	9.581388911021353
ENSG00000036054	7.703794241551299
ENSG00000114021	7.859751636039741
ENSG00000154174	8.653964780843475
ENSG00000206535	8.152252113954091
ENSG00000181458	10.390168956200183
ENSG00000144820	7.552718449630754
ENSG00000114354	8.791291423339295
ENSG00000154175	9.93913840511203
ENSG00000081148	8.07938563288605
ENSG00000138468	7.051711235439607
ENSG00000174173	7.8560593240436
ENSG00000081154	9.504959706735992
ENSG00000066422	6.94305464313415
ENSG00000114391	12.544481522310791
ENSG00000182504	6.103678272185371
ENSG00000144815	7.30026803306649
ENSG00000144802	10.533200443205175
ENSG00000170044	10.193375620912992
ENSG00000170017	9.921474558159293
ENSG00000114423	7.464658762875678
ENSG00000138483	9.819061398558471
ENSG00000114439	7.674674312500878
ENSG00000196776	9.584171327955517
ENSG00000114446	9.631361786827098
ENSG00000114455	9.291609772537779
ENSG00000144821	6.0145310591741135
ENSG00000163507	7.260161591298083
ENSG00000198919	7.402812038942573
ENSG00000163515	11.449074199531756
ENSG00000163519	7.941028655051363
ENSG00000138472	6.507075821241196
ENSG00000114487	5.9178038348341735
ENSG00000241224	6.891928689920815
ENSG00000163530	9.71718674677543
ENSG00000121570	9.480601103569384
ENSG00000177707	8.195145327006523
ENSG00000153283	9.229708631867181
ENSG00000177494	10.683438979308916
ENSG00000240891	7.412035006566933
ENSG00000144824	8.314289707824738
ENSG00000144827	7.950632396292296
ENSG00000144834	10.328559022823411
ENSG00000176040	5.476318364465792
ENSG00000114529	7.653595450328568
ENSG00000174500	7.463768591112961
ENSG00000172139	7.333281855137935
ENSG00000091972	8.826638347196816
ENSG00000186265	7.816043517066186
ENSG00000144848	7.47582383148599
ENSG00000138459	7.288820412883255
ENSG00000091986	11.312009965849228
ENSG00000206531	6.738255725115849
ENSG00000163606	5.759479075257265
ENSG00000163607	6.157373291568861
ENSG00000163608	7.064693492508148
ENSG00000144857	8.79282258455614
ENSG00000206530	6.359406833827748
ENSG00000163611	7.11822058585762
ENSG00000072858	7.287442067574289
ENSG00000176542	6.477814700138091
ENSG00000121579	8.848215568427207
ENSG00000114573	10.1477232257988
ENSG00000178075	6.478322288761659
ENSG00000184307	6.472844567614377
ENSG00000163617	6.036723106005525
ENSG00000151576	5.875179858671772
ENSG00000151577	5.19590559414331
ENSG00000174255	4.823239844131022
ENSG00000181847	6.769940652301465
ENSG00000181722	8.124954294483315
ENSG00000172020	12.30144872969357
ENSG00000185565	8.065518295804432
ENSG00000144847	7.400793989079044
ENSG00000163424	8.781687561507184
ENSG00000251012	0.21746605670616073
ENSG00000114638	13.078520248043617
ENSG00000121578	8.216368542826471
ENSG00000031081	8.035530759114717
ENSG00000176142	7.336590170194221
ENSG00000163389	6.4415862850115495
ENSG00000113845	8.517679161198913
ENSG00000121594	5.505841302713316
ENSG00000144843	6.142129664538632
ENSG00000144837	12.545645443007874
ENSG00000121577	9.917819588669559
ENSG00000138495	8.162665467156096
ENSG00000183833	7.343407822297814
ENSG00000144852	7.271463027904375
ENSG00000082701	7.6067445869530985
ENSG00000175697	4.787877790987434
ENSG00000163428	7.962829425917292
ENSG00000163430	12.018832974362136
ENSG00000065518	10.334234607270025
ENSG00000113924	10.627504351407506
ENSG00000144840	7.880472964228932
ENSG00000153767	7.106152572096101
ENSG00000145087	6.918863237274595
ENSG00000051341	6.0103423200259884
ENSG00000186103	8.674346746220143
ENSG00000163833	7.323730337521348
ENSG00000180353	9.023065242788224
ENSG00000173230	8.947011488938987
ENSG00000173226	7.311390704988989
ENSG00000145088	8.072252634449802
ENSG00000163406	9.214479225585093
ENSG00000145103	6.692006347414867
ENSG00000114013	7.528543258191103
ENSG00000036828	8.887220615468385
ENSG00000121552	13.939524442708503
ENSG00000160124	7.625268706709679
ENSG00000114023	9.157174698229554
ENSG00000196981	6.358496155278245
ENSG00000114030	7.170422646988209
ENSG00000138496	8.362976596696464
ENSG00000163840	8.53404713937508
ENSG00000173200	7.464695317639142
ENSG00000173193	9.554715165941339
ENSG00000169087	6.170506090509775
ENSG00000138463	7.1792400186672785
ENSG00000082684	9.023480970776873
ENSG00000065485	9.253584811061659
ENSG00000121542	6.089154756370768
ENSG00000173175	8.74389810892618
ENSG00000206527	9.169464565831738
ENSG00000065534	12.354932702895374
ENSG00000175455	8.131967662567925
ENSG00000065371	7.625708843064466
ENSG00000160145	6.492738208427862
ENSG00000114491	6.775180376603594
ENSG00000082781	9.80056690974576
ENSG00000173702	11.804811578652833
ENSG00000173706	8.981247592104248
ENSG00000221955	9.42744321390713
ENSG00000163848	7.46619264406303
ENSG00000114520	8.111581982514403
ENSG00000144909	9.847413365640147
ENSG00000189366	9.166007501826451
ENSG00000114547	8.21723071622067
ENSG00000114544	8.29312947414576
ENSG00000144908	9.863804152685692
ENSG00000163884	8.476077911031748
ENSG00000163885	7.7741281442935835
ENSG00000070476	6.649270078604904
ENSG00000159650	8.57969306345875
ENSG00000180767	8.938992987604871
ENSG00000180697	7.248876342837134
ENSG00000197763	6.152697367370237
ENSG00000159685	9.333522985426914
ENSG00000114554	9.414312594668703
ENSG00000214324	5.176981517589585
ENSG00000239620	9.31294553356634
ENSG00000163870	7.45111284480762
ENSG00000073111	9.282311184609895
ENSG00000114631	10.03949531179584
ENSG00000114626	8.321928094887362
ENSG00000074416	9.073606678980594
ENSG00000187715	6.031135222484554
ENSG00000058262	10.821368409889255
ENSG00000175792	7.398550636902913
ENSG00000132394	8.985810941872492
ENSG00000179407	7.807354922057604
ENSG00000179348	9.867325609594468
ENSG00000163902	11.069295303630035
ENSG00000075785	12.021230545443219
ENSG00000177646	7.760517182219207
ENSG00000114656	5.914803677251784
ENSG00000114654	8.612356792147027
ENSG00000169704	7.099721847308729
ENSG00000172780	5.23035674505615
ENSG00000261796	0.42087757575503937
ENSG00000240682	6.612945001441634
ENSG00000169714	11.073765923379236
ENSG00000181789	10.783178271654755
ENSG00000183624	9.42205535586405
ENSG00000184897	12.462789143049033
ENSG00000172771	6.472325296656458
ENSG00000129071	7.951159542359982
ENSG00000163913	8.029563314432659
ENSG00000163914	12.410609386392647
ENSG00000178804	4.945794956740061
ENSG00000004399	8.912562587790255
ENSG00000172765	7.080167838145621
ENSG00000170893	12.946490495905799
ENSG00000251287	4.920542985148017
ENSG00000172752	6.795923258515096
ENSG00000206384	7.132371198732537
ENSG00000196455	7.228675958308259
ENSG00000017260	9.558407934142698
ENSG00000034533	5.647026115110539
ENSG00000114670	7.04599647812819
ENSG00000198585	7.96940747202367
ENSG00000114686	9.620980281227475
ENSG00000196353	8.659164170502269
ENSG00000014257	14.834259566088747
ENSG00000138246	8.352824080370677
ENSG00000240303	7.7615512324444795
ENSG00000274810	0.9063530240394937
ENSG00000129048	7.552217612881982
ENSG00000081307	7.9628308560041035
ENSG00000113971	7.110613805500896
ENSG00000144868	6.920485122655455
ENSG00000170819	6.395658198684505
ENSG00000091527	10.343864760711135
ENSG00000163781	8.054278659579605
ENSG00000091513	13.458750739397992
ENSG00000144867	8.95271758303514
ENSG00000154917	9.264340980812861
ENSG00000174640	9.761385013763393
ENSG00000163785	7.726957285360539
ENSG00000114019	9.005239648264807
ENSG00000129055	8.708205456960632
ENSG00000182923	5.832890014164741
ENSG00000154928	8.651090520595725
ENSG00000174611	5.3103401206121505
ENSG00000073711	8.383014056382056
ENSG00000174579	7.4676086712061664
ENSG00000114054	7.961999159248314
ENSG00000118007	6.863639922957454
ENSG00000168917	6.563286547412497
ENSG00000158092	8.165172151306303
ENSG00000174564	9.903754577498766
ENSG00000168875	9.862251799546126
ENSG00000066405	12.428249829453765
ENSG00000158163	6.475208982389223
ENSG00000118017	8.350203775896965
ENSG00000138231	8.324334051513773
ENSG00000114098	10.020961256758673
ENSG00000181322	5.771204024388699
ENSG00000158186	10.721084208063209
ENSG00000158220	7.7117430970564955
ENSG00000114107	10.677057367695662
ENSG00000158234	10.17727953655423
ENSG00000051382	11.511389231911252
ENSG00000183770	8.053577453191261
ENSG00000206262	8.1184220243132
ENSG00000206260	5.080252981908992
ENSG00000175110	6.552906519005118
ENSG00000184814	3.7318831517676676
ENSG00000233701	4.173853168200524
ENSG00000184432	10.07016733597694
ENSG00000114113	12.864301290435467
ENSG00000114115	11.22080543164894
ENSG00000163864	6.86014342268242
ENSG00000158258	10.681615239118168
ENSG00000155890	7.087462841250339
ENSG00000114120	8.445564470942525
ENSG00000175093	7.827807555854314
ENSG00000155893	8.112811472572778
ENSG00000177311	8.748154822479583
ENSG00000155903	8.299625843829537
ENSG00000114125	9.171147465853323
ENSG00000114124	4.581650527720115
ENSG00000069849	11.577020933432346
ENSG00000114126	8.786055542625558
ENSG00000175066	7.3491169899833055
ENSG00000114127	7.564351262638904
ENSG00000175054	6.762010813032129
ENSG00000120756	9.289772816820076
ENSG00000144935	6.332888532928983
ENSG00000163710	9.870672954824592
ENSG00000188582	6.7150953856238775
ENSG00000163714	8.116415082695793
ENSG00000175040	10.329040461532657
ENSG00000181804	7.605075835294732
ENSG00000181744	9.247710934831433
ENSG00000152952	11.193651742364668
ENSG00000114698	7.518062975652524
ENSG00000163746	5.653060017104565
ENSG00000188313	9.049988946857923
ENSG00000231213	6.122641804507631
ENSG00000174963	8.134426320220927
ENSG00000152977	9.647098607263409
ENSG00000144891	10.172447484272178
ENSG00000153002	15.805680912012527
ENSG00000163751	13.110656175206278
ENSG00000163754	8.68216852759681
ENSG00000071794	8.250192496300725
ENSG00000163755	7.734158778319354
ENSG00000047457	12.315622957472172
ENSG00000163762	9.136541644342639
ENSG00000169908	12.522821921342477
ENSG00000169903	12.519935183087131
ENSG00000018408	10.488793970523405
ENSG00000114744	7.854735616534057
ENSG00000206199	5.015129815146875
ENSG00000082996	9.024168428986716
ENSG00000070087	10.641697104529898
ENSG00000196428	7.5225105569360124
ENSG00000120742	9.862913252127571
ENSG00000144895	9.549555548570169
ENSG00000198843	9.623448355994807
ENSG00000163645	6.946028989515477
ENSG00000181788	10.32594935627511
ENSG00000214237	7.357536930482491
ENSG00000260234	5.963892348875617
ENSG00000163646	5.806865045597857
ENSG00000144893	6.519258733013339
ENSG00000174946	8.90220884044748
ENSG00000174944	7.338959175415203
ENSG00000138271	9.18490977262493
ENSG00000181631	7.552340780407056
ENSG00000169313	9.212715317094851
ENSG00000152580	8.588243044932266
ENSG00000197953	6.84924870276441
ENSG00000114771	11.809019973680668
ENSG00000198829	10.016285226647627
ENSG00000152601	9.502293673205283
ENSG00000169860	7.601440529775897
ENSG00000181467	8.680025833927827
ENSG00000114790	7.8664562648570495
ENSG00000174953	7.080619740796711
ENSG00000174948	6.316870582801972
ENSG00000196549	10.488844346457336
ENSG00000240045	10.369597346278677
ENSG00000114805	7.56358994676849
ENSG00000174928	6.243392473718744
ENSG00000169359	6.731647755786794
ENSG00000163655	7.749463658958971
ENSG00000169282	8.219652565103807
ENSG00000114850	10.067037697580487
ENSG00000163659	10.740411927233454
ENSG00000197980	4.2964574073712445
ENSG00000163660	9.747353829478062
ENSG00000197415	8.08123268018353
ENSG00000163661	13.609755885423706
ENSG00000174899	6.127636009887878
ENSG00000168779	8.00246108973936
ENSG00000174891	6.752954254590301
ENSG00000178053	9.478769619475763
ENSG00000168827	7.327565058261667
ENSG00000079257	10.523744927296427
ENSG00000118849	13.267201672214863
ENSG00000118855	8.19989792403577
ENSG00000214216	7.759395793639916
ENSG00000151967	5.79893180838804
ENSG00000168811	6.594249947657352
ENSG00000180044	9.467633830505962
ENSG00000248710	1.1260902102933792
ENSG00000068885	6.653203362033977
ENSG00000113810	8.073211507290617
ENSG00000213186	5.422551991220852
ENSG00000186432	7.687894828263213
ENSG00000179674	10.542755581837053
ENSG00000163590	6.731221454440321
ENSG00000169255	7.999298272843555
ENSG00000169251	7.857804182570908
ENSG00000196542	10.352530406279449
ENSG00000182447	6.5547176632357385
ENSG00000090402	11.068788474691733
ENSG00000121871	7.952010470951335
ENSG00000114200	11.7488238301279
ENSG00000169064	7.787249608467913
ENSG00000114204	9.216745858195306
ENSG00000174776	7.6319981003936785
ENSG00000114209	8.509764595131553
ENSG00000163536	10.298230197935489
ENSG00000173905	10.049494816804264
ENSG00000085276	9.042227132049728
ENSG00000184378	8.16641418264516
ENSG00000085274	8.355210831313679
ENSG00000171757	5.562852959583925
ENSG00000188306	5.215425153586179
ENSG00000114248	8.029190939838244
ENSG00000187033	6.478015367704729
ENSG00000008952	9.975781646726805
ENSG00000173890	8.905350813483459
ENSG00000173889	7.606810422942079
ENSG00000163558	10.166664674241515
ENSG00000136603	9.775861945309368
ENSG00000013297	9.901698225144875
ENSG00000013293	7.5777186156720875
ENSG00000163584	10.053205638711972
ENSG00000163577	6.415306523122929
ENSG00000163581	10.640130755382561
ENSG00000154310	7.745086576962611
ENSG00000075651	7.352143205883923
ENSG00000186329	5.860962797858116
ENSG00000075420	8.862816556748179
ENSG00000121853	7.934689662624958
ENSG00000121858	12.63981132898644
ENSG00000144959	8.609049917585113
ENSG00000114346	8.655446731280097
ENSG00000144962	7.986410935252045
ENSG00000169760	6.553501954266123
ENSG00000177694	6.965811207564116
ENSG00000177565	9.527877210246514
ENSG00000197584	6.8447580522544
ENSG00000275163	2.5851569900379587
ENSG00000172667	7.911119828458874
ENSG00000121879	8.753632478466816
ENSG00000171121	4.862663943506888
ENSG00000121864	8.032111196743799
ENSG00000171109	8.52172623972391
ENSG00000114450	8.806385564896459
ENSG00000136518	9.874573382730125
ENSG00000136522	10.567707811199863
ENSG00000136521	8.520508213471114
ENSG00000058056	8.016366913853465
ENSG00000114757	7.930843600259453
ENSG00000163728	7.539354457164622
ENSG00000114416	8.730890769549559
ENSG00000205981	8.260648481463333
ENSG00000181449	11.216331141592079
ENSG00000058063	10.536881580577846
ENSG00000043093	9.579906788249613
ENSG00000078070	10.847942582925967
ENSG00000078081	10.418819517552182
ENSG00000053524	6.487036080031899
ENSG00000176597	10.66444035352552
ENSG00000172578	6.934678830459431
ENSG00000114796	9.716976217714619
ENSG00000163872	9.577459507278833
ENSG00000180834	8.96607279482021
ENSG00000175193	10.924114442732058
ENSG00000114770	10.333407105485131
ENSG00000186090	3.9157837313504693
ENSG00000178084	8.866839002908812
ENSG00000186038	8.991292332446832
ENSG00000145191	9.047392158676042
ENSG00000161202	10.242203254258687
ENSG00000161203	12.739546042938303
ENSG00000161204	9.477963169612796
ENSG00000145198	10.173054838336556
ENSG00000214160	9.273454080847328
ENSG00000163888	8.129055808581255
ENSG00000145194	7.696307962598564
ENSG00000175166	10.698108157266859
ENSG00000114867	10.785953020530515
ENSG00000175182	7.495533057158056
ENSG00000114859	7.353078203188779
ENSG00000163882	8.885680608181643
ENSG00000090534	6.7799737301704
ENSG00000090539	9.148710453967727
ENSG00000182580	10.650124981672047
ENSG00000177383	10.173919138073046
ENSG00000156931	7.168070973672519
ENSG00000187068	8.400194621878061
ENSG00000113790	9.268119615112644
ENSG00000073803	7.628190936489697
ENSG00000163900	7.447732045687627
ENSG00000163898	9.16754751442801
ENSG00000163904	8.447456525097204
ENSG00000073792	10.327921874275024
ENSG00000136527	8.18685706717715
ENSG00000244405	10.985308998362402
ENSG00000058866	7.237560136368918
ENSG00000213139	10.088892135626434
ENSG00000113838	7.332474577267219
ENSG00000090520	8.978543141278555
ENSG00000145192	14.36939925341004
ENSG00000090512	10.177611928982776
ENSG00000113905	12.807855773038032
ENSG00000113889	12.714560340240046
ENSG00000156976	11.006326078524934
ENSG00000163918	9.020601757765885
ENSG00000181092	12.078939634148409
ENSG00000073849	10.868185023721484
ENSG00000163923	9.629534608686939
ENSG00000175077	7.011490168366252
ENSG00000127241	8.155830171556525
ENSG00000136514	9.042351575719204
ENSG00000157005	18.353450145843357
ENSG00000198471	4.700094938046956
ENSG00000113916	10.421012855779226
ENSG00000145012	8.963808484873955
ENSG00000188001	9.109023521688883
ENSG00000073282	11.133289617990291
ENSG00000090530	10.32052675919167
ENSG00000163347	12.97683735912089
ENSG00000113946	10.217839613707296
ENSG00000198398	6.793776013758537
ENSG00000196083	7.777152155684265
ENSG00000205835	8.688554549521449
ENSG00000188729	11.740848374692302
ENSG00000188958	7.20939633711821
ENSG00000152492	8.602523392111962
ENSG00000253548	3.3119334662396755
ENSG00000114279	8.234347977016892
ENSG00000180611	7.094048759701154
ENSG00000127252	8.715584581841071
ENSG00000187527	7.779003255295275
ENSG00000127249	8.985136590934063
ENSG00000198836	8.043867823022337
ENSG00000114315	11.14274527675153
ENSG00000178772	9.825977048636592
ENSG00000172061	10.433642789786308
ENSG00000178732	5.603788281916516
ENSG00000133657	8.74996247645208
ENSG00000145014	8.480244012139593
ENSG00000041802	9.486816605522849
ENSG00000185112	9.550848801802605
ENSG00000173950	7.6846384431655395
ENSG00000114331	8.26327563849333
ENSG00000184203	7.799238273798813
ENSG00000189058	16.319704686107777
ENSG00000176945	10.854275577201447
ENSG00000145113	9.334568604684915
ENSG00000061938	9.201107412423656
ENSG00000072274	12.19793583837055
ENSG00000163958	8.546894459887637
ENSG00000163959	8.836580933999016
ENSG00000161217	8.328122589528009
ENSG00000272741	1.3884769942956228
ENSG00000213123	7.822865228570914
ENSG00000273331	3.725021733805021
ENSG00000145107	8.302410450425622
ENSG00000163960	7.381186814166854
ENSG00000163961	8.02023659395484
ENSG00000214097	7.612827680237723
ENSG00000185798	7.699051844016849
ENSG00000174013	8.174507381878815
ENSG00000174004	8.843586211398987
ENSG00000163964	8.251801904912266
ENSG00000174007	7.289467908881955
ENSG00000180370	8.982948916999558
ENSG00000119231	7.377791499559007
ENSG00000114503	9.15929366149348
ENSG00000270170	9.421760488941844
ENSG00000119227	8.906289347406073
ENSG00000163975	9.873363732011743
ENSG00000075711	7.736926256508067
ENSG00000161267	7.767522386228545
ENSG00000145016	8.08282382660392
ENSG00000122068	8.0701610888362
ENSG00000186001	6.5027597542696896
ENSG00000114473	7.843607046490561
ENSG00000182899	12.754941264156162
ENSG00000185621	6.207429925407378
ENSG00000272602	6.455133115158788
ENSG00000250312	7.027406854002068
ENSG00000186777	4.9802278439088274
ENSG00000131127	6.646736278642049
ENSG00000182903	7.1438854042383015
ENSG00000174227	8.045987372175036
ENSG00000273238	6.9729563890980115
ENSG00000133256	8.284762183656362
ENSG00000169020	13.137714844798646
ENSG00000215375	6.42611338241799
ENSG00000169026	8.084949848442944
ENSG00000185619	8.490714099527503
ENSG00000168993	9.419328202204774
ENSG00000178950	8.798032921102436
ENSG00000127419	7.688600010999123
ENSG00000145214	8.66434275639947
ENSG00000145217	7.39472519789033
ENSG00000127415	8.434070587813473
ENSG00000127418	11.40949451267979
ENSG00000178222	7.2729975837663865
ENSG00000159674	12.688554886677121
ENSG00000159692	9.176685123802972
ENSG00000090316	8.041958798789796
ENSG00000163945	6.646933795474574
ENSG00000235608	3.7278615119806933
ENSG00000174137	6.718823120384837
ENSG00000163950	10.57044286394825
ENSG00000013810	11.36241741948229
ENSG00000168936	9.735159013747284
ENSG00000068078	12.66276382285605
ENSG00000168924	9.273782899936235
ENSG00000109685	8.224942819638768
ENSG00000185049	8.28396989268571
ENSG00000243449	10.787197358730447
ENSG00000185818	9.765369117346317
ENSG00000130997	5.548032993159756
ENSG00000214367	5.984276191376061
ENSG00000123933	8.801546703356777
ENSG00000159733	6.79051141189419
ENSG00000206113	5.559185865787734
ENSG00000063978	7.424727724891856
ENSG00000125386	6.723469853649442
ENSG00000168884	8.295428644709093
ENSG00000087266	7.744499853734513
ENSG00000087274	8.410393384588334
ENSG00000109736	9.625264396155844
ENSG00000087269	8.142505911133277
ENSG00000125388	6.82781902461732
ENSG00000197386	7.196201413943498
ENSG00000188981	4.417425318646216
ENSG00000159788	7.690309574912008
ENSG00000109758	9.700120621771068
ENSG00000175920	7.866961716570371
ENSG00000163956	9.42408715160064
ENSG00000184160	9.258226220744325
ENSG00000163982	5.9089785490045355
ENSG00000132406	7.859313321409917
ENSG00000145220	8.425425734590698
ENSG00000168826	6.2330125340295055
ENSG00000168824	10.36434862948246
ENSG00000168818	9.414710891530918
ENSG00000163132	12.463284252079033
ENSG00000170891	11.867410414234563
ENSG00000152953	7.606642550670256
ENSG00000173040	6.503742509555018
ENSG00000072840	9.718993923643048
ENSG00000072832	9.46038382244446
ENSG00000181215	5.951528368230536
ENSG00000152969	8.00908655458142
ENSG00000109501	9.675584818162323
ENSG00000074211	8.049848549450562
ENSG00000013288	7.740680214246566
ENSG00000179010	10.645652697682932
ENSG00000170846	9.333794120648193
ENSG00000163993	15.285431391396816
ENSG00000178988	9.739200863134176
ENSG00000186222	9.007438258125887
ENSG00000170871	7.448661453328424
ENSG00000132405	8.868619007289839
ENSG00000173013	8.225930411171055
ENSG00000173011	7.239347263592411
ENSG00000109519	9.019317611933978
ENSG00000184985	7.943208730805987
ENSG00000178597	9.58345891013077
ENSG00000196526	7.536901318217242
ENSG00000163995	6.918863237274595
ENSG00000125089	7.941529804307571
ENSG00000170801	12.536078991602135
ENSG00000087008	7.972875852404368
ENSG00000155275	5.357020837201874
ENSG00000155269	6.937992539066216
ENSG00000109625	6.943686951597095
ENSG00000215612	8.024352022749909
ENSG00000229924	1.2361564395389286
ENSG00000231396	0.35990545467083424
ENSG00000233136	0.1924603055990279
ENSG00000232399	0.13958201629436381
ENSG00000223569	0.13483908447997575
ENSG00000249104	0.0736505360124509
ENSG00000250844	0.383907150474262
ENSG00000250745	0.11026911146626095
ENSG00000249811	0.05508456661283354
ENSG00000248933	0.10783514388934691
ENSG00000250913	0.627384640081758
ENSG00000227140	0.1184573702452094
ENSG00000186146	7.924909544784948
ENSG00000109667	8.000035035524192
ENSG00000169676	7.431747538604117
ENSG00000071127	10.65669447208113
ENSG00000178163	6.540012681104661
ENSG00000109684	7.445734212851292
ENSG00000002587	8.080446917042433
ENSG00000157869	7.782704041511791
ENSG00000109705	9.486790354623714
ENSG00000038219	7.457726470580704
ENSG00000137449	7.939201168158925
ENSG00000163145	6.716514062773793
ENSG00000048342	7.570830676854662
ENSG00000118564	9.543186756262774
ENSG00000237765	6.6707196110081215
ENSG00000109743	8.068014857875964
ENSG00000004468	9.058550782691446
ENSG00000137440	13.630630754651289
ENSG00000137441	12.174710404216132
ENSG00000007062	10.748795371384174
ENSG00000169762	7.028611620558104
ENSG00000169744	8.318316841334983
ENSG00000151552	11.651948610723446
ENSG00000249581	2.753287834930399
ENSG00000002549	9.905324151825555
ENSG00000118579	6.780358140865843
ENSG00000047662	7.015044021317858
ENSG00000163257	7.769902396620723
ENSG00000109805	7.417852514885898
ENSG00000178177	6.204984504475919
ENSG00000145147	8.364865755645427
ENSG00000163138	6.56622341746505
ENSG00000185774	7.131219841305024
ENSG00000152990	7.2171111304907445
ENSG00000109819	8.22207035524718
ENSG00000109606	8.177792320486283
ENSG00000109610	13.065695191512534
ENSG00000181982	8.284050408152405
ENSG00000153012	9.994290841836145
ENSG00000109618	7.306490511636438
ENSG00000038210	7.929938547948261
ENSG00000168228	7.125277844644793
ENSG00000053900	9.567479220435748
ENSG00000157765	13.466562797134758
ENSG00000091490	9.893849885823798
ENSG00000250317	9.573461871570304
ENSG00000168214	10.746181528449462
ENSG00000163394	7.832996873096649
ENSG00000109680	6.430955970996366
ENSG00000109689	7.6941268492368735
ENSG00000169851	8.873259842465295
ENSG00000047365	6.746147026406387
ENSG00000197057	6.655102276468614
ENSG00000174145	5.955532344515985
ENSG00000154274	7.492373432490519
ENSG00000181826	7.664991327010658
ENSG00000169299	8.306127291397788
ENSG00000065882	8.377293970255376
ENSG00000250254	3.803170638035609
ENSG00000109787	9.014091212002548
ENSG00000174123	8.306960259032797
ENSG00000174125	7.1158580429922225
ENSG00000174130	6.22451500410068
ENSG00000197712	8.826410350656904
ENSG00000121895	7.554029881664893
ENSG00000109790	8.58278006998222
ENSG00000157796	6.785288980704021
ENSG00000035928	7.663390130391722
ENSG00000134962	8.695493215430023
ENSG00000163682	13.35273314949786
ENSG00000121897	6.2451013195752765
ENSG00000109814	11.729614771237568
ENSG00000163683	9.613677054910072
ENSG00000078140	8.45210680247632
ENSG00000121892	7.978134666590935
ENSG00000078177	7.2370024622941465
ENSG00000168421	7.575368843467875
ENSG00000174343	10.615170642442823
ENSG00000163694	8.143535099351782
ENSG00000179299	6.379378367071262
ENSG00000163697	8.106219076496213
ENSG00000154277	12.032734528586714
ENSG00000064042	9.059104538817044
ENSG00000109132	9.17412909815665
ENSG00000109133	8.500784950167679
ENSG00000182308	8.218414114159394
ENSG00000014824	8.20197418182709
ENSG00000188848	7.9821655707275285
ENSG00000178343	10.836157742344582
ENSG00000124406	8.383272283175753
ENSG00000215203	7.048208772019688
ENSG00000183783	6.150559676575382
ENSG00000177752	5.343952514670009
ENSG00000151806	8.811232326954949
ENSG00000163281	6.338924684780918
ENSG00000163285	7.714938005237001
ENSG00000151834	6.0215893639286655
ENSG00000170516	9.182502436546972
ENSG00000109158	6.0393965385400215
ENSG00000163288	5.548160511693164
ENSG00000169019	8.239508367961696
ENSG00000145246	7.385631256011715
ENSG00000145244	7.123086750981061
ENSG00000170448	6.905846482401702
ENSG00000163293	7.486706976893839
ENSG00000198515	7.9034436982709675
ENSG00000074966	7.004074845837101
ENSG00000135605	7.85887018948902
ENSG00000109171	7.862834182117534
ENSG00000145248	9.667865625099353
ENSG00000182223	4.580016886938778
ENSG00000075539	8.268675529557655
ENSG00000109180	8.761659369588239
ENSG00000145247	9.80505540699546
ENSG00000109182	9.846921963600982
ENSG00000109184	10.543625528224275
ENSG00000188993	6.9791191620044035
ENSG00000163069	13.42139241393482
ENSG00000163071	8.199474253724102
ENSG00000109189	7.1151194753996325
ENSG00000226887	9.218747272092148
ENSG00000128045	9.441924814362189
ENSG00000184178	7.982609678822268
ENSG00000145216	9.943640056025618
ENSG00000072201	8.746685863016575
ENSG00000109220	11.35690770482078
ENSG00000180613	7.70537623707433
ENSG00000134853	11.604523618485421
ENSG00000157404	11.605582824837706
ENSG00000128052	9.383659253293901
ENSG00000128039	9.562991308616386
ENSG00000134851	9.324490957241734
ENSG00000134852	7.485687482668634
ENSG00000163440	8.988116584760144
ENSG00000109255	11.07321587006634
ENSG00000250821	5.885093350365995
ENSG00000090989	9.503855372447957
ENSG00000174799	7.554220115605786
ENSG00000109265	7.471085237973367
ENSG00000157426	7.206595886918885
ENSG00000128059	8.7020906677519
ENSG00000128050	10.776188032272493
ENSG00000174780	11.047072837684235
ENSG00000196503	7.702285536299159
ENSG00000249693	5.036942844798256
ENSG00000171476	11.915879378835774
ENSG00000128040	10.894848349331285
ENSG00000084093	9.292088490340715
ENSG00000084092	7.667757809592291
ENSG00000047315	9.21780244841524
ENSG00000163453	13.211109733261617
ENSG00000150471	7.212754604268734
ENSG00000205678	9.11790278909403
ENSG00000145242	7.026701509722101
ENSG00000145241	6.8360953587901125
ENSG00000035720	10.946971970791688
ENSG00000033178	8.152565294319814
ENSG00000109163	7.176831331155691
ENSG00000153802	9.851274235348813
ENSG00000187054	9.594870848898216
ENSG00000198092	6.850646620419864
ENSG00000185873	11.36796070964157
ENSG00000083896	7.274556816340008
ENSG00000087128	10.287712379549449
ENSG00000197888	11.166342391303623
ENSG00000196620	11.054865149084872
ENSG00000109181	10.744858788941071
ENSG00000135220	10.29059615043329
ENSG00000171234	11.86991334385668
ENSG00000213759	12.014857956077138
ENSG00000135226	10.018515148252288
ENSG00000156096	12.340180446924721
ENSG00000173610	8.080487206477216
ENSG00000271271	3.5116330282148316
ENSG00000173597	8.962333653142684
ENSG00000109193	9.708538472606648
ENSG00000126545	14.431936193998942
ENSG00000135222	14.708922211313446
ENSG00000126549	16.828914939696524
ENSG00000205649	16.628087857268863
ENSG00000126550	14.223546021453757
ENSG00000187533	11.163456900458105
ENSG00000109205	14.712530908399232
ENSG00000181617	17.914431516496172
ENSG00000171209	15.518560955958332
ENSG00000145309	10.00982861736811
ENSG00000109208	11.115248261846466
ENSG00000171201	16.530044362898465
ENSG00000171199	13.817000620006851
ENSG00000171195	14.625124095978101
ENSG00000187689	12.984458391411208
ENSG00000178522	10.903154955313866
ENSG00000132464	5.99119411220275
ENSG00000132465	14.993816474839328
ENSG00000132467	7.9209916612936535
ENSG00000018189	7.913937331545293
ENSG00000132463	8.267945137381295
ENSG00000173542	8.243746216441181
ENSG00000156136	8.70990962247686
ENSG00000080493	9.66896866215737
ENSG00000145321	13.411377135855819
ENSG00000056291	7.6308895012529225
ENSG00000156140	6.866509977896172
ENSG00000163626	6.8353927559839525
ENSG00000132466	8.112958769903603
ENSG00000163631	17.389827213804093
ENSG00000081051	14.387845911859161
ENSG00000079557	9.888286627580667
ENSG00000169435	8.515891468354825
ENSG00000169429	14.046975920484794
ENSG00000124875	10.85390330681488
ENSG00000109272	7.979442823826497
ENSG00000163739	13.021560971645924
ENSG00000163737	10.25519220626269
ENSG00000163736	15.563983982177145
ENSG00000163735	13.144324284955548
ENSG00000163734	9.549886789395972
ENSG00000081041	11.828980397625509
ENSG00000163738	6.23308348471001
ENSG00000182585	8.246901613588228
ENSG00000124882	10.223044268709478
ENSG00000109321	11.880852364301541
ENSG00000174808	7.543031820255238
ENSG00000169116	10.598194893654682
ENSG00000163743	7.433826186559596
ENSG00000174796	5.967824990559416
ENSG00000174792	8.672672912552631
ENSG00000138769	6.986385817698179
ENSG00000138757	9.245309797310536
ENSG00000138768	9.076325745623306
ENSG00000156194	3.9763711877819063
ENSG00000138744	8.454004965979475
ENSG00000198301	7.572427520613681
ENSG00000138755	12.125976365584275
ENSG00000156219	9.940962290744046
ENSG00000169245	13.61895897884957
ENSG00000169248	10.92481250360578
ENSG00000138750	8.441895253190419
ENSG00000138760	10.16654175265879
ENSG00000189157	4.706124862530801
ENSG00000272414	1.6370128296293616
ENSG00000118804	8.425425734590698
ENSG00000163749	6.5985736377829864
ENSG00000138771	9.188456558815192
ENSG00000186212	7.917549595289624
ENSG00000138758	8.993296363149659
ENSG00000118816	11.180519012744966
ENSG00000138764	9.084395227069805
ENSG00000156234	14.132275776255772
ENSG00000138767	7.930792371335969
ENSG00000169288	7.806613365600751
ENSG00000138759	7.125040146802364
ENSG00000138772	9.048695059993925
ENSG00000138756	6.442981785498338
ENSG00000163291	6.05783552649367
ENSG00000156269	6.464462765749705
ENSG00000196475	8.483412733529022
ENSG00000163297	8.65340366072395
ENSG00000152784	8.13134253912326
ENSG00000138675	7.39746072605472
ENSG00000197826	4.891905188211931
ENSG00000152785	8.448030423899366
ENSG00000138669	7.277233493675341
ENSG00000138670	6.3625291560728074
ENSG00000138668	8.718892520373346
ENSG00000152795	9.274494635830164
ENSG00000145293	8.854829359232768
ENSG00000249242	11.243290685093042
ENSG00000145284	11.924499391047709
ENSG00000138674	8.669752666512371
ENSG00000168152	5.6940444130862025
ENSG00000189308	6.831810261030385
ENSG00000138663	7.352066595884016
ENSG00000145287	9.412321524481118
ENSG00000173085	6.7567730031754945
ENSG00000173083	7.34307459790793
ENSG00000163312	5.9308628259764475
ENSG00000163319	5.412442824775613
ENSG00000163322	5.285578166651289
ENSG00000138678	9.124638314178705
ENSG00000163623	9.158674087430736
ENSG00000163624	8.658361223344961
ENSG00000163625	7.483324597652355
ENSG00000138639	7.292028426555311
ENSG00000109339	6.846709193450515
ENSG00000163629	9.720378554370393
ENSG00000145283	7.2814827142222125
ENSG00000163633	4.737686761409861
ENSG00000172493	8.255514519695485
ENSG00000145332	7.670017930366083
ENSG00000170509	10.950874463499119
ENSG00000198189	9.587317939409347
ENSG00000170502	8.624818766385323
ENSG00000152583	13.59858526680654
ENSG00000152591	5.004370931818935
ENSG00000152592	8.623241555385654
ENSG00000029559	12.990409872508467
ENSG00000152595	10.253126543504841
ENSG00000118785	15.827169275378429
ENSG00000118762	8.89026427702111
ENSG00000118777	10.334345077591319
ENSG00000163644	7.8856966088321006
ENSG00000138642	8.074676686294497
ENSG00000138646	9.280479782900851
ENSG00000145337	5.941420658875031
ENSG00000138641	7.188533375042975
ENSG00000177432	9.030936542976246
ENSG00000138640	7.609795587917327
ENSG00000180346	7.893853905001551
ENSG00000185477	7.7885232871149155
ENSG00000145335	8.68982469538798
ENSG00000138722	9.048674565915254
ENSG00000184305	7.815943948888316
ENSG00000152208	6.2100787307040815
ENSG00000172238	9.730272162175556
ENSG00000163104	7.114585026518988
ENSG00000163106	8.632374441595632
ENSG00000163110	11.524782725586519
ENSG00000138696	11.045361791971711
ENSG00000182168	8.086165955469511
ENSG00000163114	8.369379235303752
ENSG00000163116	3.237883205775425
ENSG00000138698	8.818478682101707
ENSG00000168785	8.073070419614309
ENSG00000151247	5.751713812164245
ENSG00000164024	8.608557481728385
ENSG00000197894	9.6077001881372
ENSG00000198099	12.26102797198459
ENSG00000172955	9.775007854073808
ENSG00000187758	11.147032743112566
ENSG00000196616	12.76912594675766
ENSG00000248144	12.43226857593934
ENSG00000196344	10.661261810634368
ENSG00000138813	5.988457472811402
ENSG00000145331	5.463141839077901
ENSG00000138823	9.72498202917624
ENSG00000248713	7.444600813711502
ENSG00000070190	7.797344615515716
ENSG00000109270	7.369265876142443
ENSG00000164031	7.215653772730043
ENSG00000164032	11.415800816819452
ENSG00000145358	9.933233793521579
ENSG00000164035	7.92582948048125
ENSG00000138814	10.20051262193999
ENSG00000153064	8.148196168925061
ENSG00000138821	11.013986565953962
ENSG00000109320	9.016860521134532
ENSG00000109323	7.287776981250328
ENSG00000109332	8.723843730208703
ENSG00000145354	8.235663579775842
ENSG00000164037	6.514753498439753
ENSG00000164038	8.98855309937502
ENSG00000164039	8.4241662888181
ENSG00000138778	7.572379021564587
ENSG00000169836	5.907133593796247
ENSG00000168772	6.9418089894390915
ENSG00000168769	7.206112397391132
ENSG00000138777	7.684221142040311
ENSG00000236699	7.7130321942866376
ENSG00000138785	6.221537954999035
ENSG00000138780	6.349568095168869
ENSG00000168743	11.016087065888334
ENSG00000145348	6.424190061425983
ENSG00000164022	11.00676205711513
ENSG00000250298	7.245778204289183
ENSG00000155011	8.354609012885923
ENSG00000138801	10.056479195524094
ENSG00000164023	8.830072356911481
ENSG00000155016	9.50271253693979
ENSG00000138796	10.381393892493868
ENSG00000138795	10.161518187778343
ENSG00000109475	12.30720080914081
ENSG00000198856	10.228712741504959
ENSG00000164089	9.744290008359162
ENSG00000188517	7.40049793761996
ENSG00000138802	7.461026409828015
ENSG00000005059	7.293630295586278
ENSG00000138794	8.023514160907622
ENSG00000123739	7.744038474496558
ENSG00000205403	10.038716177010675
ENSG00000109534	7.956540519644561
ENSG00000180245	6.589930153111752
ENSG00000183423	4.157154554689668
ENSG00000138798	9.725275300989892
ENSG00000170522	9.034523875334392
ENSG00000138792	10.140386801417247
ENSG00000164093	8.329035537727247
ENSG00000174749	7.393682872693569
ENSG00000138660	7.621794250112613
ENSG00000145365	6.974427243101788
ENSG00000073331	6.222813892865966
ENSG00000178403	7.676434003831637
ENSG00000138658	5.74205276859279
ENSG00000174720	7.674972876211211
ENSG00000145362	8.065552123587484
ENSG00000145349	8.095643210572135
ENSG00000180801	7.748132996796343
ENSG00000174607	9.790022611265801
ENSG00000138653	9.054656141666202
ENSG00000270394	2.879487842663977
ENSG00000174599	6.589404889428289
ENSG00000164100	6.44439251116434
ENSG00000164099	9.969596555702696
ENSG00000145388	6.3516172892670735
ENSG00000150961	7.992704505190178
ENSG00000172403	10.972461905801957
ENSG00000172399	10.379378367071261
ENSG00000145390	8.478971805032943
ENSG00000164096	9.748295627589355
ENSG00000145384	10.012542014355347
ENSG00000138735	8.682207969259892
ENSG00000164109	7.505496812637318
ENSG00000138738	5.315275399277234
ENSG00000173376	9.752690370594324
ENSG00000050730	7.373477388689564
ENSG00000186867	7.685756359138302
ENSG00000164111	11.806378101716339
ENSG00000164112	7.11790278909403
ENSG00000123737	6.751716209353621
ENSG00000145386	8.436065711827421
ENSG00000138686	5.646162657157894
ENSG00000138741	6.351420321989767
ENSG00000138688	7.6828768450724265
ENSG00000164113	8.4110872267986
ENSG00000109471	4.389454934987371
ENSG00000138684	3.4064225346615773
ENSG00000181004	6.6391553333375395
ENSG00000138685	7.9313284848937915
ENSG00000170917	4.137060996012456
ENSG00000145375	7.140997246682697
ENSG00000164056	10.06339508128851
ENSG00000151458	9.980657944204967
ENSG00000196159	6.958973282326894
ENSG00000164066	6.23183459264024
ENSG00000151475	7.2890967024199895
ENSG00000164070	6.976134472831654
ENSG00000142731	6.414210159753394
ENSG00000164073	6.241223626833274
ENSG00000164074	6.2185044950825805
ENSG00000138709	6.733200717499593
ENSG00000164040	8.801849908591878
ENSG00000077684	7.344373762069959
ENSG00000151466	5.886981574423225
ENSG00000151470	5.7532836164608785
ENSG00000138650	9.268706817903517
ENSG00000254535	6.106554051888414
ENSG00000189184	8.870971313869369
ENSG00000151012	10.348784763915841
ENSG00000151014	8.43387647482935
ENSG00000109381	6.9518647813921755
ENSG00000137463	11.353797473183905
ENSG00000109390	8.516160895630899
ENSG00000164134	7.483854585055969
ENSG00000172007	6.144828332626943
ENSG00000145391	7.430833083155853
ENSG00000085871	8.476606502321067
ENSG00000196782	6.45362404404126
ENSG00000153130	8.078417701647332
ENSG00000153132	9.213836673230373
ENSG00000205301	6.518849828707692
ENSG00000179387	7.565043167440229
ENSG00000109424	9.48287217592729
ENSG00000109436	11.247426057874009
ENSG00000170153	7.634078144891719
ENSG00000109445	9.431510486003576
ENSG00000164136	5.430895030030144
ENSG00000109452	7.96033433133674
ENSG00000170185	7.392238814448142
ENSG00000109458	7.628075586029138
ENSG00000153147	8.545488169587879
ENSG00000183090	6.591053955975046
ENSG00000197465	7.713117046698088
ENSG00000250361	6.627220523335529
ENSG00000170180	8.346821858248497
ENSG00000164161	9.256049798746885
ENSG00000164162	5.939776159246813
ENSG00000164163	8.997626834931573
ENSG00000164164	7.8700160308605
ENSG00000170365	7.654824801678082
ENSG00000151611	5.636686597680592
ENSG00000237136	5.978937271501585
ENSG00000151612	7.73015388079955
ENSG00000164167	6.65156094783444
ENSG00000250673	6.375106027404303
ENSG00000120519	7.987729591055293
ENSG00000151615	4.044394119358453
ENSG00000137473	7.7688459597533885
ENSG00000151617	8.824187659296884
ENSG00000164168	7.379169266830749
ENSG00000164169	8.178913784669566
ENSG00000071205	8.749534267669262
ENSG00000151623	7.221945965608804
ENSG00000234828	5.531394821171153
ENSG00000170390	10.02182751597896
ENSG00000198589	9.147764548156713
ENSG00000181541	9.848779406460714
ENSG00000145425	13.423659830128248
ENSG00000109686	8.433292260125382
ENSG00000189099	7.787572033037653
ENSG00000164142	7.111798325363655
ENSG00000059691	7.176921111644362
ENSG00000109670	7.423746229114772
ENSG00000170006	7.303434876393958
ENSG00000169989	4.636334602442182
ENSG00000164144	7.918064033669226
ENSG00000137460	8.011892822962606
ENSG00000109654	9.120028649565718
ENSG00000121211	7.202253374800513
ENSG00000121210	8.222672621094851
ENSG00000137462	9.04193288184217
ENSG00000145428	7.268607929094943
ENSG00000145423	13.726822383793044
ENSG00000197410	5.87294326796316
ENSG00000171566	10.223459416971938
ENSG00000171564	15.344975403572155
ENSG00000171560	14.992783254289025
ENSG00000171557	15.188823276294231
ENSG00000121207	7.490434427760081
ENSG00000151962	6.982941128405272
ENSG00000185149	8.591222910563628
ENSG00000164114	7.116165760047956
ENSG00000164116	9.043496372211594
ENSG00000061918	9.140698154367072
ENSG00000256394	8.235986789230644
ENSG00000151790	9.937838257123659
ENSG00000256043	9.034707435287084
ENSG00000145431	8.380767064758766
ENSG00000109738	8.017308296865952
ENSG00000120251	9.061021915967297
ENSG00000164125	11.181821807360004
ENSG00000164124	8.437127844272807
ENSG00000171509	8.595125222239435
ENSG00000205208	6.722991430556302
ENSG00000171503	7.925406083141366
ENSG00000171497	8.55922135636815
ENSG00000052795	8.45096107013219
ENSG00000164123	6.209648311246554
ENSG00000109756	7.1505518076245345
ENSG00000168843	8.396058168744775
ENSG00000145414	7.858993714928019
ENSG00000164128	13.191349138635989
ENSG00000164129	8.128713833294464
ENSG00000151005	7.353146825498083
ENSG00000198498	8.131613722707035
ENSG00000145416	7.242877881024613
ENSG00000248771	7.718536044855151
ENSG00000248329	7.512777700816724
ENSG00000183439	4.8447263379768986
ENSG00000250486	5.646431969705781
ENSG00000176979	6.264351914289657
ENSG00000250374	4.582265278654938
ENSG00000170088	6.2863806348960365
ENSG00000109466	7.638797899951696
ENSG00000229894	5.960697039304312
ENSG00000052802	11.73445685825943
ENSG00000109472	13.62028920969185
ENSG00000038295	6.123971078521219
ENSG00000196104	9.273968798852605
ENSG00000109511	10.688250309133178
ENSG00000137628	8.548894515174098
ENSG00000181381	7.7490120379971925
ENSG00000129116	10.642051692927977
ENSG00000145439	7.005341952659638
ENSG00000154447	8.734001681150007
ENSG00000137601	7.720173732434062
ENSG00000109572	8.254185813894617
ENSG00000056050	8.898445007676777
ENSG00000198948	7.3958193402682175
ENSG00000109576	7.68027572475364
ENSG00000174473	5.70146587718058
ENSG00000109586	9.320342611459125
ENSG00000164104	11.210477328199536
ENSG00000164105	8.889315167150826
ENSG00000164106	10.219651899408467
ENSG00000164107	10.34301396676251
ENSG00000164117	7.262640668669349
ENSG00000164118	7.8438382842529695
ENSG00000164120	11.401204914056564
ENSG00000145451	8.403550476994686
ENSG00000168594	6.511910748670928
ENSG00000150625	10.584642981247947
ENSG00000150627	6.252868471079321
ENSG00000150628	7.967514480800969
ENSG00000164122	8.59187458729293
ENSG00000129128	8.924363905666134
ENSG00000150630	9.291540792703357
ENSG00000109674	7.275768135151209
ENSG00000038002	8.956664659581266
ENSG00000218336	7.883188696488113
ENSG00000129187	9.915729050261973
ENSG00000151718	7.367114379979309
ENSG00000185758	4.220076807576304
ENSG00000168564	8.258054063755463
ENSG00000168556	8.270115895479194
ENSG00000182552	6.599244960123252
ENSG00000168538	7.099507596623323
ENSG00000173320	5.579658114992677
ENSG00000164303	8.517625660610769
ENSG00000168310	8.224093463152773
ENSG00000164305	8.721026410944104
ENSG00000164306	6.207534110097962
ENSG00000151725	8.24697805961472
ENSG00000151726	11.366868586167094
ENSG00000187821	5.792705252683583
ENSG00000151729	10.149747119504681
ENSG00000164323	7.476631351062538
ENSG00000109762	9.383257150695577
ENSG00000109771	6.459776635253087
ENSG00000186352	8.485829308701904
ENSG00000109775	6.7190761245616315
ENSG00000205129	6.993446699236347
ENSG00000168491	8.193771743396681
ENSG00000154553	10.421012855779226
ENSG00000154556	8.41452594891027
ENSG00000164342	7.821246636810403
ENSG00000109794	7.368671494916081
ENSG00000145476	7.140574177709902
ENSG00000164344	8.847178788998958
ENSG00000088926	8.205692128690169
ENSG00000272297	0.654345841654095
ENSG00000168412	5.822912909276569
ENSG00000083857	9.891337666570692
ENSG00000179059	8.665118611410906
ENSG00000179046	8.247539152049692
ENSG00000184108	6.421728238286778
ENSG00000109536	9.18986511521227
ENSG00000205097	6.426432500186955
ENSG00000260596	2.122602307113577
ENSG00000153404	7.019332350814605
ENSG00000185028	8.043537136724547
ENSG00000164366	6.373032481351678
ENSG00000073578	9.670351914058589
ENSG00000249915	9.533459251230656
ENSG00000063438	7.221470346651911
ENSG00000180104	9.139877421438412
ENSG00000066230	10.827486923637103
ENSG00000112877	7.534522365466522
ENSG00000171368	9.397674632948268
ENSG00000206077	8.180903709179383
ENSG00000188818	6.646882672664623
ENSG00000028310	7.884436966942893
ENSG00000071539	10.071393586974336
ENSG00000145506	11.02190305871198
ENSG00000113504	10.841410559624489
ENSG00000174358	10.786021402235098
ENSG00000164363	9.219034487305597
ENSG00000164362	7.460476291201367
ENSG00000049656	10.368995016823265
ENSG00000142319	10.460451667635795
ENSG00000153395	11.757234786785249
ENSG00000171421	9.929897609664229
ENSG00000145494	11.368071659730404
ENSG00000113430	9.215264052079236
ENSG00000170561	9.33360964498535
ENSG00000186493	10.824834007051848
ENSG00000170549	9.631732603209139
ENSG00000145536	7.805276493309896
ENSG00000164151	7.460592192243402
ENSG00000133398	9.17388928549726
ENSG00000215218	7.821862839283934
ENSG00000037474	8.366122507086597
ENSG00000145545	8.197581620046511
ENSG00000112941	7.3857387479470935
ENSG00000078295	7.50303064564116
ENSG00000215217	8.634754425158848
ENSG00000124275	7.65728947264254
ENSG00000124279	6.620182128792511
ENSG00000112902	9.004612898681353
ENSG00000169777	4.965534674896887
ENSG00000150756	7.744726012823343
ENSG00000150753	10.185854885419678
ENSG00000164237	10.347031238240447
ENSG00000145495	8.755634692082637
ENSG00000145491	10.205793249397157
ENSG00000164236	8.196084270276945
ENSG00000112977	10.350310390802395
ENSG00000169862	9.238936685617528
ENSG00000039139	7.72024910880939
ENSG00000038382	8.241986047028295
ENSG00000145569	10.361327351713145
ENSG00000154124	7.499288603865977
ENSG00000154122	9.62384379190119
ENSG00000183580	8.654652655433235
ENSG00000183654	7.613236954716332
ENSG00000173545	10.174108990973453
ENSG00000154153	9.185475621572659
ENSG00000145555	10.19808744811781
ENSG00000176788	12.169891787067552
ENSG00000249662	3.3792627959613823
ENSG00000268799	5.905367498810257
ENSG00000249156	6.22754212446635
ENSG00000250782	5.030311582561869
ENSG00000269466	9.484540441913131
ENSG00000145526	6.283630590003879
ENSG00000154162	7.0626801926479175
ENSG00000164256	6.743571813605378
ENSG00000040731	7.541491702636096
ENSG00000113100	8.829539337067072
ENSG00000113361	10.246195945704837
ENSG00000113360	8.248784636757966
ENSG00000082213	8.825667550524724
ENSG00000133401	7.792147845036876
ENSG00000113384	9.849062191963466
ENSG00000150712	7.994733150933579
ENSG00000056097	8.572033856053146
ENSG00000113387	9.215635266797532
ENSG00000113389	9.314392769808729
ENSG00000113407	8.980086077619333
ENSG00000151388	7.753062282217203
ENSG00000182631	5.120600773845165
ENSG00000164175	9.912189098817962
ENSG00000242110	10.173138994336336
ENSG00000273294	2.093174040761734
ENSG00000082196	10.440266453748636
ENSG00000039560	10.242065829173091
ENSG00000205838	6.012792121972625
ENSG00000113456	6.719257328394939
ENSG00000113460	8.413204789252584
ENSG00000168724	7.246987258330854
ENSG00000113492	8.771753026543527
ENSG00000113494	9.781003914809407
ENSG00000152582	6.3227299719575365
ENSG00000168685	9.369478176054594
ENSG00000152611	9.006982619459063
ENSG00000145626	7.781601841000039
ENSG00000168671	9.364131232478957
ENSG00000164187	7.699651930223605
ENSG00000145604	8.758789568368055
ENSG00000152620	8.37291147501511
ENSG00000164188	8.421055176512942
ENSG00000079215	11.417560917621062
ENSG00000164190	8.133730680064163
ENSG00000197603	7.189537124338501
ENSG00000113569	8.26094281334108
ENSG00000082068	6.887750003535038
ENSG00000168621	8.908443519228129
ENSG00000164318	9.053349669121609
ENSG00000113594	9.914088104180621
ENSG00000145623	9.946583689517768
ENSG00000164327	7.483996702829174
ENSG00000082074	9.334432569602013
ENSG00000113600	11.989251248849925
ENSG00000153071	9.836260639974187
ENSG00000113638	7.070553169096786
ENSG00000171522	9.262460859584584
ENSG00000132356	8.66202609290313
ENSG00000145592	11.066288036401774
ENSG00000132357	7.178605238481351
ENSG00000112936	13.897858927830544
ENSG00000171495	7.360720330610223
ENSG00000039537	9.834327576775959
ENSG00000182836	8.14789763010761
ENSG00000083720	10.12870718193591
ENSG00000205765	9.029629581556947
ENSG00000151876	6.908838458008106
ENSG00000112964	8.348683606252735
ENSG00000198865	6.075006922373049
ENSG00000250722	11.073403267784919
ENSG00000177721	8.749666727092709
ENSG00000172262	6.916594251319408
ENSG00000177453	6.058218625223592
ENSG00000112972	11.650521651644775
ENSG00000151882	10.07648414410828
ENSG00000151881	7.506487354594938
ENSG00000172244	6.637874829741211
ENSG00000172239	9.077400389911826
ENSG00000112992	8.87306885228943
ENSG00000070193	10.518997672417857
ENSG00000112996	10.766795472389854
ENSG00000164588	6.673847000056083
ENSG00000170571	10.018280312096874
ENSG00000151883	8.079078239686837
ENSG00000016082	8.246686688326347
ENSG00000213949	8.532202260608432
ENSG00000152684	7.816855458535065
ENSG00000164171	8.953268190154771
ENSG00000164172	7.093476718125616
ENSG00000134363	11.141808406856521
ENSG00000164258	9.047781987206688
ENSG00000185305	8.229468895564011
ENSG00000169271	11.327575802619476
ENSG00000178996	7.834154981401319
ENSG00000164283	11.426907781203338
ENSG00000113088	8.826455004705446
ENSG00000145649	12.334096958387212
ENSG00000164287	9.997920883935091
ENSG00000164294	8.774206207623324
ENSG00000234602	6.353560210652496
ENSG00000152669	9.18186295461995
ENSG00000067248	8.911355490000558
ENSG00000039123	8.754005448356702
ENSG00000067113	11.64372981102342
ENSG00000177058	6.6528158586157975
ENSG00000152670	8.407267764244732
ENSG00000164509	7.137511176858787
ENSG00000134352	12.255418288968102
ENSG00000164512	5.346416697627096
ENSG00000095015	9.164162233970966
ENSG00000155542	6.3743439890385005
ENSG00000155545	7.410814998776386
ENSG00000062194	8.307883849494871
ENSG00000169067	6.730445347876206
ENSG00000145632	10.218928935997495
ENSG00000175857	8.503440967792661
ENSG00000152932	8.214152956519712
ENSG00000113448	7.323816070556334
ENSG00000035499	7.416919297995681
ENSG00000164181	8.3739866677326
ENSG00000049167	5.494653636156551
ENSG00000164182	8.008187892167712
ENSG00000188725	8.420564546440303
ENSG00000130449	7.278459806651231
ENSG00000068796	8.132183480661025
ENSG00000086189	8.926643446835971
ENSG00000086200	6.5508447103753715
ENSG00000186105	6.195596885856306
ENSG00000178394	7.3231900282506315
ENSG00000164197	7.414174079152835
ENSG00000186479	6.950670838176054
ENSG00000145642	8.477599814840728
ENSG00000153006	6.573007290965558
ENSG00000153015	7.574258695959978
ENSG00000049192	6.702620222658063
ENSG00000123219	6.535848459959252
ENSG00000113593	7.268889415042044
ENSG00000113595	6.455894811101647
ENSG00000113597	6.150457870217083
ENSG00000253251	5.868593939803015
ENSG00000197860	6.878970510151082
ENSG00000123213	6.738060969661641
ENSG00000112851	8.737053762069264
ENSG00000153914	7.677648688385375
ENSG00000069020	8.117111092228985
ENSG00000134061	8.237607427075783
ENSG00000145675	9.496959730469996
ENSG00000145740	7.206467037924871
ENSG00000134057	8.891359356489193
ENSG00000153044	7.698299076036174
ENSG00000134056	7.538675603955029
ENSG00000134058	7.652480874685294
ENSG00000183323	6.760610980699977
ENSG00000085231	7.050215214245273
ENSG00000273841	8.97527478760954
ENSG00000152942	7.259272487037594
ENSG00000152939	7.819931925908891
ENSG00000197822	7.670291501701883
ENSG00000183474	4.112267548056778
ENSG00000205572	2.9649605343266665
ENSG00000205571	4.83478412160813
ENSG00000172058	1.7713868836441828
ENSG00000172062	5.037713565306704
ENSG00000249437	5.753797379473056
ENSG00000145736	5.02744666064012
ENSG00000145734	7.647355191766194
ENSG00000131844	10.76897989536097
ENSG00000164326	15.877264575012317
ENSG00000131711	11.466894153588663
ENSG00000113048	7.2643709056535615
ENSG00000049883	5.0549781116501755
ENSG00000178175	5.26783792278756
ENSG00000083312	8.282765851847467
ENSG00000157107	8.502889024688828
ENSG00000157111	9.771266769481697
ENSG00000164325	9.33674081645185
ENSG00000251493	8.75294116437525
ENSG00000145741	11.414156679274141
ENSG00000164331	6.842978831788326
ENSG00000164338	5.636212820234657
ENSG00000214944	6.971974626696109
ENSG00000171617	10.570658903033905
ENSG00000049860	9.609970050693736
ENSG00000164347	7.344607017191236
ENSG00000164346	8.740792672277681
ENSG00000198780	6.324280724969508
ENSG00000176928	7.98817008645399
ENSG00000145700	4.183486514459391
ENSG00000113161	10.255296622438173
ENSG00000113163	7.975542911608778
ENSG00000122008	6.945299702336399
ENSG00000189045	7.023450498528411
ENSG00000152359	6.428214351989897
ENSG00000122012	6.968090752045256
ENSG00000145703	8.472913316052368
ENSG00000164220	10.31456569921191
ENSG00000181104	10.652294223235662
ENSG00000164251	9.293731876177077
ENSG00000171643	7.6664184114977605
ENSG00000145708	9.798494462491163
ENSG00000164252	7.013688740564513
ENSG00000132846	6.847929934285917
ENSG00000113231	9.676654532062916
ENSG00000164253	6.715637270775874
ENSG00000171540	9.457557288845322
ENSG00000171530	9.079999320644774
ENSG00000132842	6.912685133123514
ENSG00000085365	8.232019453795841
ENSG00000145685	8.277907979641004
ENSG00000113273	7.845928481959843
ENSG00000132837	8.411129147413918
ENSG00000132840	10.014148211951829
ENSG00000145692	11.798322158381717
ENSG00000152409	7.308357436751156
ENSG00000152413	6.985264477624933
ENSG00000164329	8.127724997097042
ENSG00000164309	10.599666761714571
ENSG00000177034	8.699059036281248
ENSG00000113296	13.97613859660882
ENSG00000164300	9.094103984492634
ENSG00000164299	9.884606498311586
ENSG00000039319	7.555530979123221
ENSG00000152380	4.95025491975079
ENSG00000189127	7.521687091930789
ENSG00000228716	6.7238682358216275
ENSG00000113318	6.617745509745079
ENSG00000113319	6.760664643017871
ENSG00000131730	10.59245703726808
ENSG00000131732	6.508492397726028
ENSG00000172497	8.328267681921357
ENSG00000145687	7.43501889523536
ENSG00000152348	4.893483454777042
ENSG00000186468	11.20715158165425
ENSG00000205464	5.8072123356345084
ENSG00000174695	9.00309445259189
ENSG00000152422	7.3243199844067854
ENSG00000038427	10.959369201666448
ENSG00000145681	10.07998052066905
ENSG00000164176	10.07072677614012
ENSG00000127184	10.750283800115538
ENSG00000145715	8.32922050792957
ENSG00000134480	7.914427865902598
ENSG00000164180	6.381859576966076
ENSG00000081189	7.9811865727500875
ENSG00000153140	7.889960199658641
ENSG00000176055	5.490598535098014
ENSG00000113356	7.099217362713848
ENSG00000176018	7.566650545943919
ENSG00000164199	7.960581211353474
ENSG00000113369	10.083761447039407
ENSG00000175745	9.461864196936997
ENSG00000113391	6.934286707052635
ENSG00000248483	6.061984276959994
ENSG00000185261	5.386750121251252
ENSG00000133302	7.442913683627945
ENSG00000175471	6.693897909052529
ENSG00000153347	8.096451624477593
ENSG00000198677	7.807361051333361
ENSG00000164291	6.576021036559551
ENSG00000178015	7.127724770411911
ENSG00000175449	5.556572920038133
ENSG00000145757	6.772149590784542
ENSG00000164292	9.129719660445
ENSG00000173221	8.85860271245712
ENSG00000118985	8.849874193795621
ENSG00000175426	12.65183720303017
ENSG00000153113	9.180106142862565
ENSG00000164307	8.009943049544768
ENSG00000164308	8.476897185819633
ENSG00000113441	8.35679599054473
ENSG00000145721	8.598063379981852
ENSG00000058729	6.362564975940347
ENSG00000174136	7.990954860396993
ENSG00000153922	8.049609061045198
ENSG00000174132	9.516512219547268
ENSG00000113532	7.53802746567467
ENSG00000173930	9.2873559253846
ENSG00000205359	6.859224161978204
ENSG00000145730	10.48683502156305
ENSG00000145723	5.136448764842489
ENSG00000145725	8.253146103685284
ENSG00000181751	8.219313648740483
ENSG00000112874	7.714644435037211
ENSG00000184349	8.315864111617715
ENSG00000145743	6.490232269853442
ENSG00000151422	6.35368710745283
ENSG00000198961	10.185263109301477
ENSG00000112893	7.72169870747975
ENSG00000186952	5.506487350755302
ENSG00000164209	7.396645409569246
ENSG00000145777	8.264613114316232
ENSG00000134987	7.147696700011515
ENSG00000152495	7.897240425574799
ENSG00000164211	8.85036125626587
ENSG00000134986	10.571129140127049
ENSG00000129595	6.892177541332845
ENSG00000134982	7.986410935252045
ENSG00000258864	1.2553473989761592
ENSG00000153037	7.683392501543654
ENSG00000129625	10.287800338422862
ENSG00000172795	7.801161333212212
ENSG00000171444	8.691743519171276
ENSG00000212122	6.689299160535892
ENSG00000047188	7.482190463081739
ENSG00000080709	8.181979817481281
ENSG00000152503	8.235535606710462
ENSG00000164219	6.730918010369105
ENSG00000164221	8.044015905546676
ENSG00000145780	7.892644743878689
ENSG00000243414	6.339315572413283
ENSG00000251201	2.1373408676251007
ENSG00000134970	9.698267314178427
ENSG00000129596	10.016775267167127
ENSG00000145782	6.736277797820528
ENSG00000177879	8.80320962201242
ENSG00000172901	8.97628778363523
ENSG00000268223	9.204471392326793
ENSG00000145781	7.87151400663309
ENSG00000092421	8.868260179946532
ENSG00000169570	5.900078971078022
ENSG00000172869	8.064281719706766
ENSG00000145779	7.452430192292653
ENSG00000133835	10.094023513625944
ENSG00000164334	6.452200049406222
ENSG00000184838	8.982371736256825
ENSG00000181867	8.103287808412022
ENSG00000151304	6.470908420964661
ENSG00000113083	12.109676942591554
ENSG00000164185	6.439730394605703
ENSG00000250803	6.98071082890019
ENSG00000064692	7.419356890963338
ENSG00000205302	8.56339473164885
ENSG00000064652	7.22624623129468
ENSG00000168938	9.378930793080222
ENSG00000061455	6.8053753236902
ENSG00000168944	6.694489405036847
ENSG00000151292	7.393960007779665
ENSG00000168916	7.478545975761265
ENSG00000155324	8.602795802525105
ENSG00000164904	8.883977271509979
ENSG00000164902	7.0916998341368105
ENSG00000196900	7.338959175415203
ENSG00000113368	9.437556479789347
ENSG00000173926	6.5224037203278815
ENSG00000164241	6.095687747983948
ENSG00000145794	7.624017216959217
ENSG00000164244	7.765179913460169
ENSG00000205279	8.996363889896427
ENSG00000230561	5.285402218862249
ENSG00000064651	10.849963749306037
ENSG00000138829	10.015415052386688
ENSG00000113396	8.714970329731004
ENSG00000066583	11.131006658656965
ENSG00000145808	7.449448777333498
ENSG00000186367	3.4719907267594805
ENSG00000198108	7.41829819155839
ENSG00000169567	10.886956050066765
ENSG00000186687	6.204894494024171
ENSG00000158985	8.245484690042872
ENSG00000158987	6.066519781429746
ENSG00000273217	0.07226936250495486
ENSG00000217128	7.8099183534060055
ENSG00000239642	5.094658342654544
ENSG00000164398	7.0718632945673
ENSG00000164399	3.108735714568546
ENSG00000164400	8.724785289057001
ENSG00000072682	9.317376337707163
ENSG00000131435	9.526873807989194
ENSG00000197208	7.248270060083079
ENSG00000197375	8.061924860329837
ENSG00000125347	10.643856189774725
ENSG00000113525	5.143495966668981
ENSG00000113522	7.154650405024995
ENSG00000169194	7.442943495848728
ENSG00000113520	4.480045999690324
ENSG00000131437	7.329647615638716
ENSG00000205089	6.805982182725867
ENSG00000164402	9.488241842777295
ENSG00000198944	8.9901039638575
ENSG00000164403	10.850968150982439
ENSG00000164404	10.56858038719173
ENSG00000164405	11.907826419469167
ENSG00000164406	9.301724813165563
ENSG00000072364	9.137700365551671
ENSG00000155329	6.8551526592703445
ENSG00000170606	9.330471918631568
ENSG00000053108	8.810882918739315
ENSG00000113583	10.357943024504905
ENSG00000213585	9.956383076396554
ENSG00000081059	10.140357456139117
ENSG00000113558	8.704101868951083
ENSG00000272772	1.9615612255436436
ENSG00000113575	8.353027719305024
ENSG00000006837	5.775840698531255
ENSG00000119048	8.359736644705285
ENSG00000237190	8.428288820599594
ENSG00000043143	7.896867135401763
ENSG00000152700	7.366419343962824
ENSG00000113615	7.60662265334773
ENSG00000164615	8.464199644418954
ENSG00000145833	6.570456109397673
ENSG00000181904	7.955019281543157
ENSG00000113621	7.42326370250616
ENSG00000132570	5.9674383716455015
ENSG00000152705	7.306517445249819
ENSG00000069011	10.974414589805527
ENSG00000113648	8.937896318198192
ENSG00000251380	0.8600632923866649
ENSG00000255833	5.403720240428139
ENSG00000181965	6.469632683470357
ENSG00000145824	14.91593405105563
ENSG00000145832	7.682456461131262
ENSG00000145839	4.867896463992655
ENSG00000145826	9.72081618360436
ENSG00000120708	13.914478567927691
ENSG00000113658	9.179523983244222
ENSG00000271824	10.155799742993493
ENSG00000069018	5.7383357900271035
ENSG00000152377	10.66963083521966
ENSG00000146021	7.087462841250339
ENSG00000177733	8.270289539585496
ENSG00000120729	10.838521832588395
ENSG00000078795	4.825381607915958
ENSG00000031003	7.134619042304075
ENSG00000061492	3.9244442266755235
ENSG00000112981	7.48058827023386
ENSG00000112983	7.845490050944375
ENSG00000112984	8.176025751899688
ENSG00000094880	6.906676743605916
ENSG00000146013	10.803779568964877
ENSG00000158402	6.113117036390723
ENSG00000120709	7.2162608371650565
ENSG00000120733	7.8728402220631555
ENSG00000132563	9.004160970261294
ENSG00000120738	13.401546208508726
ENSG00000120705	9.042414352778154
ENSG00000113013	10.597930088837428
ENSG00000044115	9.400871227433097
ENSG00000146006	7.666014837084148
ENSG00000120725	8.728441790457236
ENSG00000280987	4.247041202259568
ENSG00000015479	6.930384786288853
ENSG00000120727	8.20588791052291
ENSG00000170482	8.585574276295112
ENSG00000170476	11.051686569472757
ENSG00000228672	6.755594189327626
ENSG00000170469	8.76354436429392
ENSG00000170464	6.530913483529707
ENSG00000279686	0.8311636064703377
ENSG00000249751	8.8369971089196
ENSG00000184584	9.453297086272261
ENSG00000131508	9.566545971729889
ENSG00000171604	9.617484235433087
ENSG00000146005	10.53526570855727
ENSG00000158458	5.667228495165706
ENSG00000185129	7.783541481805018
ENSG00000182700	7.411272852385726
ENSG00000120306	11.963639594248113
ENSG00000113068	9.2811246260764
ENSG00000113070	10.709299695960132
ENSG00000113073	7.330916878114617
ENSG00000131503	6.920055054806967
ENSG00000254996	4.573416114309291
ENSG00000213523	8.830444926276561
ENSG00000243056	8.405566974138068
ENSG00000113108	8.189330400614905
ENSG00000176087	9.010398111785626
ENSG00000170458	12.70210440930141
ENSG00000131495	10.084093199815245
ENSG00000113119	6.375822922348976
ENSG00000113141	8.410443391585195
ENSG00000120314	6.612979518017062
ENSG00000170445	7.719600195904132
ENSG00000112855	7.141410870517619
ENSG00000146007	9.121315308699373
ENSG00000204970	5.1765363744118895
ENSG00000204969	4.664374834042735
ENSG00000255408	5.128284084304248
ENSG00000204967	5.470503867710204
ENSG00000204965	4.640672790551427
ENSG00000081842	5.201286414192078
ENSG00000204963	4.3378866427553
ENSG00000204962	4.447668851150976
ENSG00000204961	5.42443870079312
ENSG00000250120	5.7717854824728825
ENSG00000249158	4.762075715149762
ENSG00000251664	4.363733697852427
ENSG00000239389	4.214920908904822
ENSG00000248383	5.007791027375296
ENSG00000243232	6.128069397566604
ENSG00000171815	3.0224901336201513
ENSG00000112852	7.104126141696212
ENSG00000113205	6.498272968688667
ENSG00000081818	7.424993443223
ENSG00000113209	7.438971292285119
ENSG00000113211	6.8425130970842
ENSG00000113212	7.678278350354321
ENSG00000120322	6.3107785916733246
ENSG00000272674	6.6327433631638355
ENSG00000177839	6.140373281078806
ENSG00000120324	6.794893430230062
ENSG00000197479	6.868064807381278
ENSG00000120328	6.821276919154525
ENSG00000187372	6.466576204381785
ENSG00000120327	7.259183393708411
ENSG00000279983	2.1704124778804736
ENSG00000113248	7.0967914294934955
ENSG00000178913	9.806434823219053
ENSG00000120329	5.420549772116318
ENSG00000204956	6.39543780578441
ENSG00000081853	6.050770591014675
ENSG00000254245	7.42193275022852
ENSG00000254221	7.780871734019389
ENSG00000262576	6.424035272346775
ENSG00000253910	8.119977537363619
ENSG00000253485	7.789504820647249
ENSG00000262209	6.561696363306271
ENSG00000253731	6.811985872135771
ENSG00000253537	6.593715605049016
ENSG00000253953	6.454799606004947
ENSG00000253767	5.074190993704232
ENSG00000276547	7.635951611375426
ENSG00000261934	8.1828796982647
ENSG00000253305	7.415794451071165
ENSG00000253846	7.968330651874955
ENSG00000254122	9.256822487362712
ENSG00000253873	7.941935100651587
ENSG00000253159	8.368638306766258
ENSG00000240184	10.232586898946781
ENSG00000242419	8.27116197356993
ENSG00000240764	6.981278895916284
ENSG00000131504	9.502974272826036
ENSG00000171720	7.121015400961366
ENSG00000164620	6.541174073406555
ENSG00000197948	7.818262608304473
ENSG00000120318	7.470862199413702
ENSG00000156453	8.623006083059346
ENSG00000081791	7.2129875849834315
ENSG00000113555	7.7956354917623445
ENSG00000013561	8.062158976066325
ENSG00000113552	8.236671597263655
ENSG00000131507	9.11031634611349
ENSG00000187678	10.933605737050547
ENSG00000113578	9.869828822022674
ENSG00000145819	7.54011066712236
ENSG00000113580	8.43101722069688
ENSG00000158497	5.99275163031723
ENSG00000145817	7.736261271527959
ENSG00000183775	5.947302359630901
ENSG00000186314	6.697816358395163
ENSG00000204928	4.04474304555685
ENSG00000156463	8.188341576010815
ENSG00000173261	6.968090752045256
ENSG00000133706	7.6631100484876535
ENSG00000275740	2.282464608513546
ENSG00000091009	6.509120565897453
ENSG00000091010	9.688237831274101
ENSG00000113649	7.461753768768955
ENSG00000173250	3.5794073327453497
ENSG00000156475	6.5298032363774245
ENSG00000169302	8.21328715786509
ENSG00000113657	10.546485506367453
ENSG00000176049	6.253504110465863
ENSG00000164266	14.166200078286867
ENSG00000164265	14.698240506750258
ENSG00000178776	9.567922434920774
ENSG00000133710	12.223725599434141
ENSG00000196800	6.662685611574697
ENSG00000178172	11.575412628513785
ENSG00000248109	7.185347613899699
ENSG00000214510	9.127029293756
ENSG00000145879	12.04336911395769
ENSG00000204909	7.927128479634686
ENSG00000145868	7.138909069845192
ENSG00000164270	3.3684521462851356
ENSG00000169252	8.974701379398141
ENSG00000169247	5.148527425160464
ENSG00000173210	8.899024914785757
ENSG00000157510	7.730955842561548
ENSG00000164284	8.354028938054386
ENSG00000145882	6.970776668100158
ENSG00000127743	10.063692934145303
ENSG00000113712	8.185955846491053
ENSG00000183111	8.0686469162791
ENSG00000155846	6.092267290280349
ENSG00000132915	8.092270743425651
ENSG00000155850	10.38965591475716
ENSG00000164296	5.033956083075007
ENSG00000113716	8.40099064787831
ENSG00000182578	9.76672075219395
ENSG00000113721	10.477039352221517
ENSG00000113722	10.040790317058226
ENSG00000011083	8.070389327891398
ENSG00000070808	10.660217144773863
ENSG00000183876	8.716354124679246
ENSG00000070814	7.363689533374447
ENSG00000019582	14.52506118259793
ENSG00000164587	12.225921921383113
ENSG00000070614	8.501983928598682
ENSG00000171992	9.579543702803674
ENSG00000164591	7.000694164978166
ENSG00000086589	7.881052418015337
ENSG00000132912	7.853133979240867
ENSG00000256235	10.144200592784896
ENSG00000237693	5.984107836977653
ENSG00000145908	7.348351779998049
ENSG00000211445	14.856222947891865
ENSG00000145901	9.615261790193824
ENSG00000197043	10.340673044722934
ENSG00000198624	9.568716188731727
ENSG00000196743	10.139939168427777
ENSG00000186334	5.355791546753647
ENSG00000186335	8.670442908327848
ENSG00000123643	9.967536311348812
ENSG00000086570	8.815703503348066
ENSG00000113140	14.89349229185179
ENSG00000177556	8.780829525395982
ENSG00000145907	8.120813890014473
ENSG00000145888	5.875154078120416
ENSG00000132911	8.23695070563369
ENSG00000155511	9.930250936550728
ENSG00000055147	5.948140502577664
ENSG00000037749	6.927242819176528
ENSG00000164574	8.011528761913524
ENSG00000164576	6.624709091618229
ENSG00000113196	9.438089867334341
ENSG00000155506	8.441313006296365
ENSG00000170271	8.75450641589567
ENSG00000155508	9.171500756649449
ENSG00000082516	6.599677231812092
ENSG00000082515	6.231017477175938
ENSG00000226650	3.889473542531109
ENSG00000170624	8.008419580484299
ENSG00000231989	6.651482282150902
ENSG00000145850	8.687776126552608
ENSG00000113249	10.384307855251897
ENSG00000135077	9.491850486197139
ENSG00000155868	6.0283083125485994
ENSG00000113263	7.192513934784962
ENSG00000170613	7.677367292136048
ENSG00000055163	9.730012546118749
ENSG00000172568	7.3925287385908405
ENSG00000135074	9.167987422018216
ENSG00000172548	8.422905742612183
ENSG00000039600	8.23744899563932
ENSG00000187658	7.805421446171756
ENSG00000113272	6.331537500126016
ENSG00000155858	6.470561683597334
ENSG00000113282	8.25848136025531
ENSG00000164330	7.9068318378028
ENSG00000145860	9.942032446190396
ENSG00000164332	9.293788319139082
ENSG00000113302	7.475863415136736
ENSG00000170214	8.025154736722858
ENSG00000113312	10.291257343175843
ENSG00000170234	6.614827232654419
ENSG00000170231	11.851305193676895
ENSG00000135083	7.29361001655076
ENSG00000145861	7.9734117938152735
ENSG00000221886	6.5557937487302524
ENSG00000164609	7.545515810399058
ENSG00000164611	9.529220656643128
ENSG00000118322	8.236348253296901
ENSG00000145864	7.665242420559847
ENSG00000145863	9.622234890967425
ENSG00000022355	9.650105472357565
ENSG00000113327	7.7784448792228025
ENSG00000113328	10.479639310199232
ENSG00000170584	5.493082534959743
ENSG00000072571	7.206863099293755
ENSG00000038274	8.221149909824996
ENSG00000145934	8.429934782713753
ENSG00000113645	7.710739857729951
ENSG00000113643	8.434647085938472
ENSG00000188573	7.777628384324647
ENSG00000120137	8.62491208390168
ENSG00000184347	9.708049251702217
ENSG00000040275	6.870317326814708
ENSG00000134516	7.6722535553312285
ENSG00000204767	6.662072755611339
ENSG00000168269	11.228126472530553
ENSG00000234511	7.532161084983212
ENSG00000043462	7.699653405223454
ENSG00000182132	8.985310627176224
ENSG00000145936	8.98671185283264
ENSG00000094755	11.439990234439295
ENSG00000204764	6.043977483525465
ENSG00000164438	6.969242604434498
ENSG00000181163	11.564696993687935
ENSG00000156427	9.274227151730363
ENSG00000185662	5.743353390944915
ENSG00000072803	7.690748574361297
ENSG00000072786	8.141229253696151
ENSG00000214360	6.147510224920278
ENSG00000168246	9.216233635071905
ENSG00000174705	9.540374589968467
ENSG00000214357	8.36398907261883
ENSG00000120129	13.484542701562816
ENSG00000113719	9.161411049805942
ENSG00000037241	8.03910682684317
ENSG00000113732	11.133614414204775
ENSG00000164463	6.6878000135429545
ENSG00000113734	6.88140618906002
ENSG00000183072	8.8414070971946
ENSG00000113739	12.303552157700473
ENSG00000145919	9.22958180893893
ENSG00000113742	7.702216137505946
ENSG00000185056	6.79960542245267
ENSG00000170091	10.718631855219341
ENSG00000120149	9.261361894850364
ENSG00000184845	7.419413153626806
ENSG00000164466	8.23578546809977
ENSG00000113749	8.053864330712996
ENSG00000145920	10.503139205105144
ENSG00000051596	8.140285526881748
ENSG00000182230	7.008988783227255
ENSG00000170085	6.889250893264665
ENSG00000122203	9.342765100379431
ENSG00000175414	5.9313848065695876
ENSG00000048162	7.352648598772795
ENSG00000146066	11.651210454399973
ENSG00000175416	10.961622999803732
ENSG00000113194	7.90693368093549
ENSG00000146083	7.917494526319182
ENSG00000074276	10.023270292417935
ENSG00000169258	7.941431939784982
ENSG00000074317	10.470658874060552
ENSG00000175766	6.2656731305991595
ENSG00000048140	8.202215292132355
ENSG00000113763	8.82956765256493
ENSG00000160883	9.38666187160625
ENSG00000087206	7.317412613764869
ENSG00000113761	6.3282142985177225
ENSG00000160867	9.563977656494988
ENSG00000165671	7.350166890537699
ENSG00000169228	8.378078055995504
ENSG00000213347	6.827909671675352
ENSG00000169230	9.797907447908552
ENSG00000169223	11.164714810226572
ENSG00000169220	10.171176797651771
ENSG00000131183	9.498963385374061
ENSG00000196570	7.340740280630179
ENSG00000131187	11.091258963162215
ENSG00000198055	7.823198866797242
ENSG00000131188	8.900174452770754
ENSG00000113758	10.15656417714774
ENSG00000196923	10.792790294301064
ENSG00000146094	8.916983230536092
ENSG00000183258	8.259653152586399
ENSG00000146067	8.797985690564907
ENSG00000184840	10.502932395933883
ENSG00000027847	7.0299672289828505
ENSG00000170074	5.675251386050259
ENSG00000175325	4.721998835885001
ENSG00000145911	8.146355869277745
ENSG00000145916	7.356672044212097
ENSG00000145912	9.35920478436201
ENSG00000244234	5.234577959784565
ENSG00000197451	10.109642883316283
ENSG00000175309	7.699820830669976
ENSG00000050767	9.742815453019944
ENSG00000113240	9.274261661257048
ENSG00000169131	7.340465139715794
ENSG00000178338	6.175829212706603
ENSG00000198939	5.72654745269354
ENSG00000178187	5.075058544406445
ENSG00000113262	5.608439630223874
ENSG00000234284	5.0202480078605145
ENSG00000177932	5.41267985313473
ENSG00000087116	10.02313176033255
ENSG00000176783	8.06252247220251
ENSG00000169045	9.679302542632495
ENSG00000204659	5.851749041416057
ENSG00000127022	11.328708650374699
ENSG00000161021	7.718600763776043
ENSG00000213316	3.072587995390775
ENSG00000161013	10.350149388777858
ENSG00000161011	11.501807597494365
ENSG00000161010	7.584962500721156
ENSG00000197226	8.44393557532714
ENSG00000113269	7.1777714478048535
ENSG00000146090	7.13231123594576
ENSG00000050748	7.463524373271181
ENSG00000131459	10.843375706732989
ENSG00000113300	7.505299741713514
ENSG00000161055	16.93288123127971
ENSG00000037280	8.50259127939568
ENSG00000174339	5.424204716450156
ENSG00000131446	10.41147827726768
ENSG00000196670	7.774700625783006
ENSG00000113303	8.136623442703526
ENSG00000168903	8.318427720187328
ENSG00000165810	10.523561956057012
ENSG00000185372	5.7530809133376
ENSG00000182613	3.799370938356087
ENSG00000146054	6.400196342026577
ENSG00000146063	7.916476644437717
ENSG00000204628	13.697233756647147
ENSG00000183718	7.271463027904375
ENSG00000230178	0.3877493737091572
ENSG00000112679	7.5747242952962885
ENSG00000137265	8.407134316606928
ENSG00000112685	11.118911254999295
ENSG00000188996	7.949214033465128
ENSG00000164379	11.00222458503724
ENSG00000137273	10.021152263209325
ENSG00000054598	9.542467629476537
ENSG00000112699	9.30122308811707
ENSG00000145949	7.421037178719425
ENSG00000124535	7.9946855064402556
ENSG00000021355	11.097885766047257
ENSG00000170542	10.25008090053933
ENSG00000124570	9.45520967997887
ENSG00000124588	6.683696454306515
ENSG00000137275	6.946042944151719
ENSG00000137274	6.987548258953743
ENSG00000137267	9.99859042974533
ENSG00000137285	11.478842281119045
ENSG00000180822	5.734621064423643
ENSG00000137266	7.636531458064487
ENSG00000168994	9.078417701647332
ENSG00000145945	8.94701096038471
ENSG00000112739	7.7280572067534345
ENSG00000145975	6.078310950007127
ENSG00000185689	6.733354340613827
ENSG00000198721	8.67092667238483
ENSG00000153046	7.522525180883016
ENSG00000124787	6.766900453216846
ENSG00000219607	7.6807898227210725
ENSG00000214113	6.772230433624126
ENSG00000145982	7.154400243835543
ENSG00000124785	10.096131669193305
ENSG00000124491	11.493203354371719
ENSG00000112799	8.595494126104862
ENSG00000124782	7.049390769285705
ENSG00000124783	9.125041621707028
ENSG00000164304	5.815547067522605
ENSG00000124784	8.343557573076348
ENSG00000096696	12.350479012526804
ENSG00000168566	6.571249541696009
ENSG00000153162	9.236349440327627
ENSG00000239264	9.726899318476528
ENSG00000259040	5.0651787843405
ENSG00000188428	7.844819893694534
ENSG00000265818	0.7627546977837285
ENSG00000124802	6.937235347800107
ENSG00000124786	8.357665010101467
ENSG00000137203	9.752722588582953
ENSG00000111846	8.11779429972877
ENSG00000137434	6.45234756160723
ENSG00000111845	9.230333304758144
ENSG00000111843	10.34755503450125
ENSG00000137210	8.187444818259797
ENSG00000272162	0.635688969048898
ENSG00000111837	6.604071161981785
ENSG00000124827	9.584962500721156
ENSG00000153157	7.980139577639157
ENSG00000197977	11.264883508923035
ENSG00000224531	8.871712381963048
ENSG00000244476	8.054978681685448
ENSG00000111859	9.008983137596923
ENSG00000205269	8.388546113358906
ENSG00000111863	7.811649602105518
ENSG00000095951	7.700802206607833
ENSG00000078401	9.39167321868639
ENSG00000112137	7.988989782476568
ENSG00000145979	9.618318744628489
ENSG00000145990	6.560235010796613
ENSG00000124523	6.292119957980025
ENSG00000225921	10.225188779477982
ENSG00000010017	10.248711662956229
ENSG00000050393	9.079362358652707
ENSG00000180537	8.403817294660245
ENSG00000112149	9.291450763848399
ENSG00000008083	8.915105239014533
ENSG00000047579	7.316396649428831
ENSG00000007944	9.459215363027365
ENSG00000137198	10.94056780803511
ENSG00000124788	7.204422807837295
ENSG00000230873	8.227598797282806
ENSG00000112183	9.16244788617563
ENSG00000112186	8.829559634364466
ENSG00000137414	9.192489352558248
ENSG00000124789	8.994262535297857
ENSG00000137177	7.688299773446415
ENSG00000187566	7.610388859797114
ENSG00000137364	8.91381120627898
ENSG00000165097	8.630646838522317
ENSG00000124795	11.585371501336374
ENSG00000137393	9.999964752509944
ENSG00000172201	11.332336711273356
ENSG00000172197	10.1618075442424
ENSG00000112242	9.725809882028889
ENSG00000145996	9.563408242131269
ENSG00000124766	10.03693586898426
ENSG00000172179	14.24681480929231
ENSG00000112273	8.813139850890455
ENSG00000152954	7.8788873787896545
ENSG00000146038	9.142023740784275
ENSG00000146049	6.322261692283497
ENSG00000124532	8.316013424478008
ENSG00000112293	8.633913085330152
ENSG00000112294	8.341253081118642
ENSG00000137261	6.385209221342055
ENSG00000111802	9.363030670057341
ENSG00000112304	7.663547265339544
ENSG00000112308	10.095177584676234
ENSG00000112312	9.191627164327826
ENSG00000260286	6.456313341355182
ENSG00000111913	8.721655263836775
ENSG00000079691	7.479493474080038
ENSG00000079689	11.224217898345195
ENSG00000164508	6.768184324776926
ENSG00000146047	7.66260910471208
ENSG00000146039	8.548327462896877
ENSG00000124568	9.031131811036671
ENSG00000124564	11.177772061215622
ENSG00000112337	8.43663066327089
ENSG00000112343	7.610245635164555
ENSG00000124610	9.362675040577662
ENSG00000275714	9.43142979481531
ENSG00000278637	9.815705039779242
ENSG00000278705	10.364616228784875
ENSG00000278463	9.818402199838806
ENSG00000276410	10.058495453726536
ENSG00000187837	13.261362170943086
ENSG00000010704	6.413744290075903
ENSG00000197061	12.56306906181829
ENSG00000187475	5.495243325162221
ENSG00000180596	10.305989777958638
ENSG00000180573	10.50616111395257
ENSG00000168298	11.980509543357618
ENSG00000158373	10.530886774257075
ENSG00000274290	10.015196023781586
ENSG00000277157	12.023083619540946
ENSG00000197409	10.247816199306415
ENSG00000196866	11.040975811349663
ENSG00000277224	10.290973994548315
ENSG00000276966	12.194334620253256
ENSG00000273802	10.94987691738629
ENSG00000277075	11.247479401585409
ENSG00000274750	6.807859581719421
ENSG00000124575	11.255307053425408
ENSG00000274618	10.849983743867217
ENSG00000275663	3.555469123035584
ENSG00000277775	11.099846850005761
ENSG00000275713	11.091914808257714
ENSG00000273983	8.28748620613511
ENSG00000278588	10.761040813852228
ENSG00000158406	11.292694437925716
ENSG00000186470	8.362683856342297
ENSG00000124508	7.3757141163285675
ENSG00000026950	8.100257644159054
ENSG00000111801	8.041040105746179
ENSG00000112763	7.058828740263309
ENSG00000124557	10.14862776913626
ENSG00000182952	9.522243208617823
ENSG00000146109	7.8675906979231796
ENSG00000181315	7.296525045472731
ENSG00000124635	10.097967957519515
ENSG00000196787	9.185907953009146
ENSG00000276180	9.14334628322453
ENSG00000197903	12.011820120622733
ENSG00000274997	10.448326079879815
ENSG00000112812	13.480204808313871
ENSG00000158553	4.720278465233327
ENSG00000124613	5.534737710521915
ENSG00000096654	6.511591600264903
ENSG00000185130	9.600166497142327
ENSG00000196747	10.62076326925565
ENSG00000278828	9.533494620908616
ENSG00000276368	10.544441347757735
ENSG00000273703	10.061082165425653
ENSG00000197238	6.610271739667479
ENSG00000273542	7.498293183437433
ENSG00000233822	6.471297254455088
ENSG00000276903	9.883179264035004
ENSG00000184357	12.722594226593106
ENSG00000275379	9.822894886993092
ENSG00000275126	10.26730840939074
ENSG00000197153	9.406536814638985
ENSG00000278677	10.108752701399682
ENSG00000274641	10.443332316714354
ENSG00000168131	4.7262902412371846
ENSG00000124657	6.179046073661561
ENSG00000197279	7.032321287057878
ENSG00000196812	7.639707839626403
ENSG00000198315	7.3076175868875906
ENSG00000137185	6.133216293349082
ENSG00000187626	5.741476495904044
ENSG00000189134	7.364572432295856
ENSG00000197062	6.672465360325736
ENSG00000276302	3.394625062898705
ENSG00000137338	6.822777585241866
ENSG00000235109	8.220007285988865
ENSG00000189298	5.671968049483221
ENSG00000158691	5.03487927463311
ENSG00000187987	5.813746815275336
ENSG00000198704	5.30232544387143
ENSG00000224586	4.368453674898122
ENSG00000232040	6.54819007753525
ENSG00000204713	7.1661897761707
ENSG00000197935	5.033412046269385
ENSG00000204704	2.4017964956456637
ENSG00000204703	3.5720234731471416
ENSG00000204702	1.8243507516328574
ENSG00000204701	2.675642919606852
ENSG00000204700	2.434882314571013
ENSG00000204695	3.665238671766465
ENSG00000243729	4.656263573343375
ENSG00000112462	3.2955497981494837
ENSG00000280236	3.3065519454325485
ENSG00000204694	6.431360139161009
ENSG00000206474	1.531345249356541
ENSG00000204688	5.980025300238734
ENSG00000204687	5.891899844825929
ENSG00000237988	11.670607663636364
ENSG00000213886	10.568561474839942
ENSG00000204681	10.163438258132718
ENSG00000204657	4.205548911173033
ENSG00000204655	10.827342704234116
ENSG00000204644	8.84105751367764
ENSG00000204642	9.676601755162999
ENSG00000204632	11.199163440042163
ENSG00000206503	14.401815566303387
ENSG00000066379	7.147713722352154
ENSG00000204619	8.748172877394332
ENSG00000204618	8.826866226536971
ENSG00000204616	10.078492270264347
ENSG00000204614	7.321849670810508
ENSG00000204613	5.690964151268502
ENSG00000204610	7.965322159589514
ENSG00000234127	8.825276830054866
ENSG00000204599	6.268471822912371
ENSG00000248167	1.0659693192269182
ENSG00000241370	6.993221467368938
ENSG00000204592	12.823367240046235
ENSG00000204590	7.950054769838469
ENSG00000204576	7.408517959519982
ENSG00000204574	8.57879602829113
ENSG00000204569	8.03842517862754
ENSG00000204568	9.418038879623507
ENSG00000137343	8.336299012117829
ENSG00000204564	7.09950651161983
ENSG00000204560	7.900912627400353
ENSG00000146112	9.848306080700102
ENSG00000137404	8.383694035886723
ENSG00000137337	8.59613513763476
ENSG00000196230	12.305079935864232
ENSG00000137312	11.62720846865395
ENSG00000137331	12.785656801427193
ENSG00000204580	10.423129555518452
ENSG00000213780	7.666756591884804
ENSG00000137411	7.417852514885898
ENSG00000196260	12.41650479869969
ENSG00000168631	12.585271239540457
ENSG00000204544	12.149281737439054
ENSG00000261272	8.74843771824308
ENSG00000204542	13.13279269254399
ENSG00000204540	6.856736756119109
ENSG00000204539	10.183635381473218
ENSG00000204538	13.045589039297345
ENSG00000204536	8.681238411777805
ENSG00000137310	9.023280437519864
ENSG00000204531	11.439663725711002
ENSG00000204525	13.74211767003973
ENSG00000234745	14.305317352308197
ENSG00000204520	8.48423283095763
ENSG00000204516	7.254851228515106
ENSG00000204511	9.509433000106252
ENSG00000254870	1.103634054051883
ENSG00000198563	9.381975478557301
ENSG00000213760	10.690871009292314
ENSG00000204498	8.759536432274206
ENSG00000226979	5.963242904318827
ENSG00000232810	8.397109935375592
ENSG00000227507	11.714390243153984
ENSG00000204482	8.577618754947286
ENSG00000204475	8.275207331069634
ENSG00000204472	10.656360470347115
ENSG00000204469	9.780369683451806
ENSG00000204463	9.966370781585438
ENSG00000204444	11.904152244538453
ENSG00000204439	8.399266562765366
ENSG00000204438	7.082079141450689
ENSG00000204435	9.664625054869296
ENSG00000263020	2.302344204625198
ENSG00000240053	8.048759311919856
ENSG00000204428	5.80722920796568
ENSG00000204427	7.068240861312821
ENSG00000204422	1.7301035690724071
ENSG00000204424	5.186659017202113
ENSG00000250641	7.939233344485571
ENSG00000255552	5.173256295470738
ENSG00000244355	11.109177703355275
ENSG00000204420	9.229000945554612
ENSG00000204421	11.404966043731587
ENSG00000213722	9.942773634779606
ENSG00000213719	11.774457138228417
ENSG00000204410	6.5858639034626885
ENSG00000255152	3.9806270623803646
ENSG00000228727	6.940166750482817
ENSG00000204396	7.889281810839981
ENSG00000204394	9.242144536417502
ENSG00000204392	10.082825606622414
ENSG00000204390	8.400879436282183
ENSG00000204389	13.801809384443683
ENSG00000204388	13.657430108963014
ENSG00000204386	9.962981834850995
ENSG00000204385	11.182935793662313
ENSG00000204371	8.35122297414787
ENSG00000166278	10.282098431845954
ENSG00000204366	8.24685926936311
ENSG00000244255	0.9765658493556653
ENSG00000243649	12.035830072835017
ENSG00000204356	9.317947717413842
ENSG00000204351	8.168922781852936
ENSG00000204348	8.371123200509636
ENSG00000204344	9.071998580753055
ENSG00000244731	9.146614477983864
ENSG00000224389	9.495765096056768
ENSG00000231852	12.453270634010623
ENSG00000168477	11.092500413847144
ENSG00000213676	9.41747426190029
ENSG00000204315	7.618397684684249
ENSG00000204314	8.012345190419829
ENSG00000221988	8.204082012174375
ENSG00000258388	3.1192218055610486
ENSG00000241404	8.943100847570797
ENSG00000204310	9.120207963695409
ENSG00000204308	10.73628126327832
ENSG00000204305	13.020443964690605
ENSG00000204304	9.053839837155063
ENSG00000213654	9.435887283596013
ENSG00000204301	8.115303806152117
ENSG00000204296	7.7608862427849115
ENSG00000204290	4.768666545588449
ENSG00000204287	14.659579341336153
ENSG00000198502	12.87186651953807
ENSG00000196126	13.574539354485173
ENSG00000196735	10.322592584678963
ENSG00000179344	10.957773745411748
ENSG00000237541	11.147676312320916
ENSG00000232629	12.065694661196888
ENSG00000241106	7.890444448198332
ENSG00000250264	1.3730275139174106
ENSG00000204267	8.279151297670033
ENSG00000204264	10.228885671937165
ENSG00000240065	9.818149049739654
ENSG00000168394	10.639718541032279
ENSG00000242574	9.788266136020898
ENSG00000248993	3.8403528624975194
ENSG00000204257	10.40620151898829
ENSG00000204256	9.374546646286603
ENSG00000204252	9.545937495801986
ENSG00000231389	11.385161399549409
ENSG00000223865	11.590376664960704
ENSG00000204248	10.817081220710806
ENSG00000204231	7.7904141394674715
ENSG00000112473	10.323433353737032
ENSG00000204228	8.600575041291336
ENSG00000204227	9.204586438185185
ENSG00000223501	7.484122521715242
ENSG00000231500	15.166855894011821
ENSG00000235863	6.789207575347344
ENSG00000227057	9.689526931861604
ENSG00000204220	8.19463587611892
ENSG00000237441	9.4507518034968
ENSG00000231925	10.028102787062233
ENSG00000236104	7.241020631580835
ENSG00000204209	8.382880896070976
ENSG00000237649	8.556658588232553
ENSG00000112511	9.11478344724985
ENSG00000112514	10.728119053811376
ENSG00000197283	7.995428429288246
ENSG00000213588	1.2591561804996505
ENSG00000030110	8.800597907686821
ENSG00000096433	9.26222605084477
ENSG00000137288	8.425235659155469
ENSG00000161896	8.29324171895624
ENSG00000161904	7.82781902461732
ENSG00000096395	7.705565636631128
ENSG00000124493	9.02597004970865
ENSG00000137309	12.956169173354818
ENSG00000186577	8.755969065230335
ENSG00000272325	6.921245888585589
ENSG00000270800	3.12078828464998
ENSG00000124614	12.138182517151884
ENSG00000124507	9.531540124553027
ENSG00000124664	11.716547618311013
ENSG00000196821	9.992690577459149
ENSG00000124562	10.468022463678805
ENSG00000065060	6.588518259293954
ENSG00000064995	9.607709417081265
ENSG00000064999	10.247962169383351
ENSG00000124678	10.03342300153745
ENSG00000146197	9.615927245531642
ENSG00000065029	7.13647851834917
ENSG00000023892	8.407957541750475
ENSG00000112033	9.478747676382037
ENSG00000112039	7.738719021654371
ENSG00000198755	13.003391911965014
ENSG00000007866	9.102274368677314
ENSG00000112041	8.31635138285595
ENSG00000096060	9.710334581856097
ENSG00000157343	8.15431181143649
ENSG00000196748	7.293117773868978
ENSG00000204140	11.013322673425447
ENSG00000137392	17.084735736449275
ENSG00000197753	6.179883240455354
ENSG00000096063	8.70274357941719
ENSG00000112053	7.282625134191674
ENSG00000112062	7.982039686013738
ENSG00000156711	8.382302440392795
ENSG00000096070	8.46747098675886
ENSG00000180316	6.316721126808008
ENSG00000189325	9.1223605982055
ENSG00000010030	7.927063147138675
ENSG00000179165	5.048986149059169
ENSG00000112078	9.416002497844394
ENSG00000112079	8.797843520247977
ENSG00000112081	9.099773905810581
ENSG00000124762	11.439852524820584
ENSG00000255587	8.641535403861688
ENSG00000124772	9.132114102582719
ENSG00000137168	11.460273809483912
ENSG00000198663	11.073792209277594
ENSG00000164530	11.94538581987099
ENSG00000137409	11.60260547336246
ENSG00000146192	7.287250643254617
ENSG00000137193	10.762436035778407
ENSG00000172738	6.146785465636617
ENSG00000065491	7.866646314862554
ENSG00000112130	7.126749250528472
ENSG00000137200	9.261061714184281
ENSG00000198937	10.565733931286323
ENSG00000112139	9.240552850461953
ENSG00000156639	8.860946475669788
ENSG00000183826	7.041598646091843
ENSG00000124767	12.157809965953243
ENSG00000124721	8.416857874819643
ENSG00000112164	8.166510724351234
ENSG00000112167	7.88512713356021
ENSG00000164626	9.555377172402908
ENSG00000124780	7.796147199759041
ENSG00000095981	9.859811042313323
ENSG00000164627	4.852461040434492
ENSG00000146122	10.130659071948719
ENSG00000124615	8.554800477469223
ENSG00000156564	6.997348570149542
ENSG00000124602	8.83064622503867
ENSG00000124596	7.9338148490418465
ENSG00000112212	5.517278739184646
ENSG00000124701	10.397386430532615
ENSG00000001167	10.016108581434102
ENSG00000161911	7.509269114822476
ENSG00000095970	10.220411240046069
ENSG00000112195	7.139652889567511
ENSG00000188056	4.649988176192538
ENSG00000124731	10.029535538432294
ENSG00000096264	8.338906601824405
ENSG00000137166	11.679182782135266
ENSG00000112559	10.895096808402625
ENSG00000112561	7.887605277982629
ENSG00000096088	17.912543920732666
ENSG00000137218	7.443493391321718
ENSG00000124593	7.674545393845865
ENSG00000278224	4.600293495462724
ENSG00000214736	9.475328122622424
ENSG00000164663	7.431245013860043
ENSG00000124641	9.750620859690429
ENSG00000112578	11.116602759813725
ENSG00000112576	10.028641044936641
ENSG00000137413	8.024362757944687
ENSG00000188112	8.999051927217387
ENSG00000048545	9.401509880338446
ENSG00000112599	9.85336139179207
ENSG00000048544	9.679042901104669
ENSG00000124496	7.074821677756293
ENSG00000024048	8.228983074012774
ENSG00000112619	9.227280880528857
ENSG00000124659	10.234552166242484
ENSG00000112624	7.517165142090264
ENSG00000146223	9.935947508187631
ENSG00000221821	8.010654480234574
ENSG00000171611	11.148887309082163
ENSG00000137161	11.122089453452405
ENSG00000124713	11.573637711490479
ENSG00000124587	9.900622972239905
ENSG00000112640	9.394902847094157
ENSG00000124733	11.141180624533604
ENSG00000124702	10.871715783693157
ENSG00000124541	9.233310137246848
ENSG00000044090	9.445678780050756
ENSG00000137171	8.933190430723705
ENSG00000112651	10.47631573107578
ENSG00000112655	9.781997536324528
ENSG00000112658	9.313241052890874
ENSG00000112659	7.261055637320009
ENSG00000112667	11.919214758758951
ENSG00000146216	7.170232251009907
ENSG00000137204	11.020716412815618
ENSG00000146215	7.577609603390386
ENSG00000171467	7.903734267478059
ENSG00000124574	7.3830370166267025
ENSG00000171462	8.507862125653709
ENSG00000137221	7.556354123256398
ENSG00000204052	7.814422246566793
ENSG00000171453	8.32943782643832
ENSG00000137207	10.561582125986229
ENSG00000124571	8.570442025284333
ENSG00000170734	8.26215889102607
ENSG00000172432	8.824711373660856
ENSG00000124688	9.19272493826458
ENSG00000172426	7.148624998191164
ENSG00000096080	8.867669169882678
ENSG00000112715	10.889503963411476
ENSG00000181577	9.05453650915871
ENSG00000180992	12.33934094932624
ENSG00000137216	11.088525812433875
ENSG00000137225	7.736916546870065
ENSG00000262179	9.382691377379102
ENSG00000112759	13.364982191163765
ENSG00000096384	14.451248498983233
ENSG00000157593	10.443248275366084
ENSG00000146232	8.141000245536958
ENSG00000178233	8.852685552348579
ENSG00000272442	5.887155536103165
ENSG00000146221	7.3809964161477595
ENSG00000124608	8.530036909420781
ENSG00000249481	6.539624121559054
ENSG00000096401	9.065475828474643
ENSG00000196284	6.097316447834869
ENSG00000124813	8.251910532083938
ENSG00000112782	8.392279542132492
ENSG00000001561	9.262738206751283
ENSG00000112796	9.835021070785821
ENSG00000172348	9.952304441902568
ENSG00000146233	8.688786681298517
ENSG00000153291	8.089053172156433
ENSG00000180113	5.856487779495678
ENSG00000146070	9.901001660125985
ENSG00000230062	6.622215527876849
ENSG00000112818	11.450668344310587
ENSG00000069122	10.447303058577408
ENSG00000153292	8.63865435768813
ENSG00000146072	11.97888709025484
ENSG00000198087	9.32338899848546
ENSG00000164393	6.220736205755778
ENSG00000153294	7.529820946528695
ENSG00000124818	4.462706750670158
ENSG00000244694	6.387313104127977
ENSG00000146085	9.254107381577095
ENSG00000031691	7.981049545775628
ENSG00000203972	8.553387565018944
ENSG00000197261	9.115151156222652
ENSG00000112077	10.243897318784231
ENSG00000124490	11.396604781181859
ENSG00000096006	14.01293128719623
ENSG00000170950	9.70684132563605
ENSG00000124812	10.353048863938156
ENSG00000214643	5.333273339526244
ENSG00000177684	2.4909872316561414
ENSG00000214642	3.337685221000048
ENSG00000203970	3.7773725364398376
ENSG00000180872	4.341500987378831
ENSG00000008197	7.231630131629245
ENSG00000008196	9.259441076939556
ENSG00000170927	7.34672212091383
ENSG00000112115	3.9842535209553342
ENSG00000112116	5.853247167242152
ENSG00000112118	10.169296931894834
ENSG00000170915	9.552000342997252
ENSG00000096093	7.245450576782888
ENSG00000065308	8.77544567410286
ENSG00000096092	10.875780287494662
ENSG00000244067	11.846879305674456
ENSG00000243955	13.75336955197026
ENSG00000182793	4.1825584430544565
ENSG00000174156	10.048693443342842
ENSG00000170899	9.737585369046363
ENSG00000112144	8.109398266561536
ENSG00000112146	7.7688459597533885
ENSG00000137270	7.486007476884937
ENSG00000012660	11.683882140098484
ENSG00000001084	10.079519270485848
ENSG00000124743	7.635899465946381
ENSG00000137269	7.798715467665356
ENSG00000146147	7.086401645880029
ENSG00000137251	8.167711088897718
ENSG00000168143	8.551958286938104
ENSG00000137252	6.9489216119641934
ENSG00000187871	3.2309442004777296
ENSG00000146151	6.98481906004574
ENSG00000112175	9.595923520793729
ENSG00000124749	7.66877477542813
ENSG00000151914	8.437038213622774
ENSG00000151917	6.645442282128751
ENSG00000168116	6.412226084800524
ENSG00000112200	7.132514811501917
ENSG00000112208	7.823367240046235
ENSG00000112210	9.520247321659035
ENSG00000146143	9.931768033139573
ENSG00000112232	6.15697408556169
ENSG00000198225	4.857692590596259
ENSG00000146166	8.045392597415292
ENSG00000112245	11.475408155164123
ENSG00000118482	9.335014883081598
ENSG00000188107	5.849833897243275
ENSG00000135298	6.86248136655292
ENSG00000168216	9.321816257553902
ENSG00000082293	6.13067405162748
ENSG00000112280	9.728030809637977
ENSG00000082269	7.588916597544583
ENSG00000154079	8.794145141476555
ENSG00000112305	6.0232292809186045
ENSG00000112309	7.976508806820002
ENSG00000119900	9.318155110986213
ENSG00000079841	7.581200581924957
ENSG00000185760	6.66428173807806
ENSG00000243501	3.366289835270323
ENSG00000256980	10.278043305493366
ENSG00000135314	5.559286766008807
ENSG00000203909	12.762522364338306
ENSG00000203908	11.769777672355891
ENSG00000203907	7.42678091262943
ENSG00000080007	7.663631010915315
ENSG00000164430	7.053053643470784
ENSG00000135297	6.260201724245661
ENSG00000156508	13.97679059227703
ENSG00000119899	8.850909928966667
ENSG00000156535	8.758769187057156
ENSG00000111799	11.326991174900817
ENSG00000112695	11.132706765828942
ENSG00000112697	9.641328550824458
ENSG00000118407	7.535192845100014
ENSG00000112701	7.9318410159630055
ENSG00000196586	11.577893881580971
ENSG00000112706	8.251605564222725
ENSG00000135312	7.674536961917407
ENSG00000269964	6.16790770323029
ENSG00000146243	5.869304784206758
ENSG00000146247	7.835980103314648
ENSG00000118418	11.213629628556781
ENSG00000135338	6.158940266903448
ENSG00000198478	9.643263678030657
ENSG00000118402	9.153405695750141
ENSG00000112742	7.474164033260257
ENSG00000083123	8.22535451369178
ENSG00000112773	9.512360000315976
ENSG00000005700	7.5514299056005445
ENSG00000146242	9.575608250333918
ENSG00000118420	5.432262305314569
ENSG00000083097	6.6625349664564055
ENSG00000013375	7.694253755655179
ENSG00000013392	6.863899669350201
ENSG00000065833	9.87368575880529
ENSG00000146250	8.763175964558544
ENSG00000065609	8.176921111644361
ENSG00000203877	6.720890637511207
ENSG00000065615	6.103276002629636
ENSG00000135324	9.659288804581255
ENSG00000135315	6.508399606435811
ENSG00000112837	7.470273490048063
ENSG00000135318	9.869567324306445
ENSG00000135317	7.212475581227859
ENSG00000271793	1.8329655677090482
ENSG00000135316	8.816446316924655
ENSG00000168830	6.706148861158586
ENSG00000135346	13.234136093158153
ENSG00000188994	7.721262522442289
ENSG00000164411	5.664839506718294
ENSG00000111850	5.254842391193991
ENSG00000203872	5.800410088966788
ENSG00000272514	7.710806433699352
ENSG00000213204	4.662439536187434
ENSG00000164414	7.675010586793705
ENSG00000146282	8.302698116717423
ENSG00000135336	7.357292564525125
ENSG00000135334	8.883835279729611
ENSG00000118434	7.669593751188333
ENSG00000118432	8.590212761408358
ENSG00000111880	6.579418646332776
ENSG00000146278	10.173172869357701
ENSG00000154548	6.622795044146534
ENSG00000146281	8.218113986976388
ENSG00000146276	6.9772798681165575
ENSG00000111886	5.11239862046728
ENSG00000198833	10.052323144805317
ENSG00000025039	9.120312099859836
ENSG00000135299	6.958234506036293
ENSG00000083099	8.02188117880728
ENSG00000112159	7.846077456429536
ENSG00000118412	7.763233373094657
ENSG00000135355	4.989270208796372
ENSG00000112182	6.140855441918761
ENSG00000135341	8.94732158836756
ENSG00000135333	9.36335335955671
ENSG00000172469	7.7206616816699505
ENSG00000172461	6.060592898827123
ENSG00000014123	7.80181407520855
ENSG00000112214	8.800943726285245
ENSG00000112218	5.958229606455793
ENSG00000123545	6.8163351898655025
ENSG00000186231	6.577307401405741
ENSG00000146263	6.158220280734779
ENSG00000184486	8.872766779111286
ENSG00000112234	7.195278343575754
ENSG00000146267	5.155784423094183
ENSG00000132423	8.067025368973862
ENSG00000132424	9.164065998004377
ENSG00000123552	6.568526523687272
ENSG00000279170	3.6798674529927244
ENSG00000112237	8.718863166786686
ENSG00000112238	4.909728527959199
ENSG00000152034	6.0814717575556205
ENSG00000112246	8.645488126464176
ENSG00000112249	8.074665414829525
ENSG00000164418	7.828544788787476
ENSG00000085382	7.406211117246451
ENSG00000187772	7.977724828421171
ENSG00000112276	7.9508625528117465
ENSG00000132429	7.415127182747182
ENSG00000085377	10.92816632776023
ENSG00000057657	8.395266572128733
ENSG00000057663	9.579777576510034
ENSG00000112297	11.783418907999588
ENSG00000130347	10.142028085596964
ENSG00000130348	12.635691440767888
ENSG00000272398	15.928965486435944
ENSG00000130349	9.953736943713263
ENSG00000178409	8.440211673096575
ENSG00000164494	9.7537870046857
ENSG00000112320	7.260965524765413
ENSG00000146285	6.267435882562893
ENSG00000025796	9.544215090943235
ENSG00000081087	8.980821888227558
ENSG00000112333	8.131504270556304
ENSG00000112335	11.274692251177685
ENSG00000135537	5.216454865144756
ENSG00000118689	9.326734066400666
ENSG00000118690	6.432837906240591
ENSG00000080546	9.31131520978717
ENSG00000183137	5.884152876681115
ENSG00000135535	11.986684595322277
ENSG00000185250	6.7323570555735905
ENSG00000135587	8.389364531711108
ENSG00000135596	9.150352049102674
ENSG00000112365	7.329979661816102
ENSG00000155085	5.730384792126658
ENSG00000112367	8.340924573728406
ENSG00000146360	7.052024560482831
ENSG00000112290	9.729787207267448
ENSG00000168438	7.535821915416487
ENSG00000053328	6.708389134145524
ENSG00000203797	7.284516161111622
ENSG00000004809	7.070572921462871
ENSG00000155111	9.89527284672994
ENSG00000123505	10.176228018815598
ENSG00000155115	10.45393161935334
ENSG00000197498	7.972159703843276
ENSG00000112394	6.3156055610714095
ENSG00000173214	7.793636455398734
ENSG00000009413	7.867896463992655
ENSG00000056972	8.513126712868022
ENSG00000010810	9.966138901717871
ENSG00000112761	6.484666146051495
ENSG00000074935	7.678071905112637
ENSG00000203778	8.974127743191422
ENSG00000112769	9.566061159016117
ENSG00000281613	4.411980197527404
ENSG00000251258	6.546460108613977
ENSG00000277443	11.184058060531573
ENSG00000196591	7.672256175098275
ENSG00000249853	6.284266913559781
ENSG00000111816	7.846669146582017
ENSG00000178425	7.40773147501948
ENSG00000123500	10.61321903012972
ENSG00000187189	9.249046311193934
ENSG00000111817	7.164471672579051
ENSG00000189241	9.631851743584612
ENSG00000188820	9.070562130390394
ENSG00000173626	7.062418772817196
ENSG00000178033	6.202882170043341
ENSG00000164451	8.163901213814542
ENSG00000111832	7.733508059165466
ENSG00000111834	8.330626668417175
ENSG00000153975	6.628611354670069
ENSG00000196911	6.542035206572354
ENSG00000183807	8.87190080843769
ENSG00000173612	8.014868571767575
ENSG00000185002	7.496654096333937
ENSG00000170162	10.36191056516656
ENSG00000047936	9.022176514528958
ENSG00000164465	8.645178708136045
ENSG00000047932	8.044121472184912
ENSG00000153989	7.28680371326124
ENSG00000196376	8.562230122935208
ENSG00000111860	6.429253357794671
ENSG00000198523	11.64880694972577
ENSG00000111877	5.503484630758189
ENSG00000111875	7.693365577188502
ENSG00000111879	5.894237151145858
ENSG00000111885	10.587081862709793
ENSG00000146350	6.934384134786617
ENSG00000152661	12.87715940010138
ENSG00000025156	8.32716534451528
ENSG00000111897	12.032202857333099
ENSG00000135549	9.4693513066885
ENSG00000164434	14.37631202093214
ENSG00000172594	9.659591285671471
ENSG00000146352	8.52708644420382
ENSG00000186439	9.520087778670852
ENSG00000188580	7.843607046490561
ENSG00000146373	7.8663293023256795
ENSG00000111907	9.204760982611933
ENSG00000111906	9.665962932771608
ENSG00000135547	8.131305380453348
ENSG00000111912	9.978755417973687
ENSG00000111911	9.558311698838862
ENSG00000066651	7.654452627604848
ENSG00000203760	11.417794306943355
ENSG00000146374	9.387508527363321
ENSG00000118518	8.384555360962985
ENSG00000093144	8.731100141862445
ENSG00000255330	3.268704812723657
ENSG00000189367	7.049848549450561
ENSG00000214338	5.3334237337251915
ENSG00000184530	13.198263981553765
ENSG00000172673	7.543860936118287
ENSG00000152894	8.69067320384419
ENSG00000196569	9.530228580707373
ENSG00000146376	8.558762810471755
ENSG00000203756	5.467566086191136
ENSG00000198945	6.397565341531127
ENSG00000164483	4.381678534237763
ENSG00000164484	7.06058239502613
ENSG00000256162	8.00279750494628
ENSG00000079819	9.638182917695449
ENSG00000118507	7.474828333924522
ENSG00000118520	11.583282708442301
ENSG00000112282	8.23692085434426
ENSG00000154269	10.785844427686035
ENSG00000180658	7.418174444495685
ENSG00000236761	6.841466182232665
ENSG00000197594	9.433494533209359
ENSG00000118523	13.679220060261242
ENSG00000079931	10.808322212958714
ENSG00000079950	7.607530018625695
ENSG00000237110	2.397097513890389
ENSG00000146385	2.1491495373792358
ENSG00000146383	7.046850579230698
ENSG00000135569	5.751847654143136
ENSG00000146378	2.1352092212887976
ENSG00000146399	8.766287418416987
ENSG00000112299	11.51768337087157
ENSG00000093134	6.762880292916999
ENSG00000112303	9.594015639668902
ENSG00000146409	9.05335180126097
ENSG00000112306	14.888332081740842
ENSG00000112319	6.636839895955807
ENSG00000118526	9.284215609536172
ENSG00000028839	7.900866807980749
ENSG00000146411	9.923763824670619
ENSG00000118515	10.250564157011873
ENSG00000118514	11.538149548027876
ENSG00000112339	9.40203281554199
ENSG00000118513	9.2620293652468
ENSG00000135541	8.441126597063057
ENSG00000171408	7.232607875527925
ENSG00000146410	6.571969424427101
ENSG00000029363	8.164180543971105
ENSG00000135525	8.521449691029902
ENSG00000197442	8.631540867341485
ENSG00000112357	7.0280713031148645
ENSG00000182747	9.276062314926225
ENSG00000016402	7.96257176319794
ENSG00000164485	6.94213771997202
ENSG00000027697	9.845323180979252
ENSG00000177468	8.07359051751323
ENSG00000118503	9.657800532345906
ENSG00000112378	13.419793677111121
ENSG00000112379	8.93792234683928
ENSG00000254440	6.3009974583549795
ENSG00000262543	5.6253315026425375
ENSG00000051620	8.060012533647434
ENSG00000135540	8.45252293280915
ENSG00000024862	9.254996757498333
ENSG00000203734	7.124337700108832
ENSG00000135597	7.3945598410143
ENSG00000146386	10.459631429208908
ENSG00000112406	9.295832188006694
ENSG00000164440	8.334882006940823
ENSG00000164442	11.579649258840105
ENSG00000135577	5.372398190624582
ENSG00000203733	2.7495406859530855
ENSG00000009844	7.58133524555747
ENSG00000112414	9.707443331072948
ENSG00000010818	7.945206669822232
ENSG00000146416	8.061948488619795
ENSG00000189007	6.277025560422298
ENSG00000034693	7.853901423762579
ENSG00000001036	10.116904025377565
ENSG00000112419	7.955452552906698
ENSG00000257065	2.5961818284854843
ENSG00000135521	8.317855754808
ENSG00000280148	1.5471242393501843
ENSG00000118491	7.321928094887363
ENSG00000118495	10.75830894742581
ENSG00000169976	11.675456428215538
ENSG00000135604	8.333506410869813
ENSG00000152818	9.23243555619822
ENSG00000112425	5.5722670559792284
ENSG00000118496	7.300585762416517
ENSG00000146414	6.149483915329276
ENSG00000152822	6.814763555750711
ENSG00000118508	12.442645475405286
ENSG00000118492	5.624840223996108
ENSG00000164506	7.218309287776404
ENSG00000203727	7.375607857253433
ENSG00000111961	9.170421356687168
ENSG00000111962	8.54365923399794
ENSG00000055208	9.092931665755707
ENSG00000177688	6.2340458882227034
ENSG00000178199	5.5031739733858185
ENSG00000131013	8.57922330546927
ENSG00000055211	9.818628519872032
ENSG00000186625	7.726668850492341
ENSG00000131023	7.1962875165027125
ENSG00000120253	7.59966489277753
ENSG00000120265	8.836661870806624
ENSG00000120256	9.405350665137313
ENSG00000164520	7.097539708552191
ENSG00000203722	8.981095283607184
ENSG00000131015	8.423745736935928
ENSG00000111981	7.88040373629769
ENSG00000155918	7.671514624003888
ENSG00000131019	7.243263329590771
ENSG00000198729	10.095311165256836
ENSG00000009765	11.370323450287632
ENSG00000120278	7.787394177324304
ENSG00000120254	8.275727628224935
ENSG00000131016	10.308669379986775
ENSG00000181472	8.684408626129173
ENSG00000155906	10.089008968714344
ENSG00000146476	11.0301257017505
ENSG00000120262	7.999182690794182
ENSG00000091831	10.45790495074309
ENSG00000131018	8.068173689253276
ENSG00000120279	7.547665748353421
ENSG00000146469	13.706349060098429
ENSG00000112029	7.698884376694074
ENSG00000112031	5.737107389178014
ENSG00000091844	7.440895376024219
ENSG00000112038	4.5958208843409105
ENSG00000074706	7.765045013871224
ENSG00000153721	7.684100662799163
ENSG00000213079	8.815258349228838
ENSG00000146426	6.9975120889172295
ENSG00000029639	7.677695966610087
ENSG00000171217	6.837317151189354
ENSG00000074771	5.628817114280546
ENSG00000049618	7.201576599673327
ENSG00000215712	5.867577918247533
ENSG00000175048	6.848235747752119
ENSG00000130340	8.86599003402601
ENSG00000078269	8.193278935521388
ENSG00000122335	5.951131102336127
ENSG00000272047	5.780068494857408
ENSG00000130338	7.938100892316957
ENSG00000146433	9.505463077114277
ENSG00000146425	9.535260828552337
ENSG00000164674	7.644577357018378
ENSG00000092820	12.087823618245416
ENSG00000130363	6.561670852058206
ENSG00000164691	7.707121174148252
ENSG00000164694	10.056495331912464
ENSG00000112096	11.224133033093274
ENSG00000146457	8.190289668009372
ENSG00000120437	10.417949238318315
ENSG00000120438	10.119795884896737
ENSG00000112110	9.515896914309332
ENSG00000146453	7.977956347589031
ENSG00000130368	5.571403239492022
ENSG00000197081	8.59104824830099
ENSG00000175003	11.290148620200528
ENSG00000112499	9.425848507504394
ENSG00000146477	9.671846303084676
ENSG00000198670	7.002508890809612
ENSG00000122194	11.125861986045548
ENSG00000085511	7.699706178114272
ENSG00000026652	7.700439718141092
ENSG00000185345	7.132717868435925
ENSG00000112530	7.392896265055583
ENSG00000112531	9.155964133075761
ENSG00000112539	7.715855653456668
ENSG00000112541	7.365684283217961
ENSG00000164458	8.073159938568207
ENSG00000176381	8.078417701647332
ENSG00000198818	9.747670651740728
ENSG00000060762	10.576155530758106
ENSG00000071242	11.10415225779369
ENSG00000235272	6.021631849427414
ENSG00000249141	5.85358851675779
ENSG00000026297	9.315028947404663
ENSG00000213066	6.152819142275414
ENSG00000112486	3.9138139517147255
ENSG00000166984	3.9736112755194717
ENSG00000120436	2.7690868028314624
ENSG00000112494	8.614123003107995
ENSG00000120440	6.971543553950772
ENSG00000203690	4.356143810225276
ENSG00000130396	9.093527620805226
ENSG00000125337	6.811214117513239
ENSG00000153303	6.572738116864069
ENSG00000164488	7.744925250924568
ENSG00000112562	11.563049716051497
ENSG00000186340	11.456677788744548
ENSG00000184465	6.407774924465819
ENSG00000185127	7.506696501488696
ENSG00000130024	8.580447019598664
ENSG00000184786	7.737958384793701
ENSG00000130023	7.958656614978752
ENSG00000198719	12.004713561226115
ENSG00000112584	9.133172997005099
ENSG00000008018	11.08633288006508
ENSG00000112592	8.837157580206584
ENSG00000071994	8.585668210395701
ENSG00000177706	10.036487866860368
ENSG00000248767	7.750114881063905
ENSG00000197461	9.016453565084399
ENSG00000188191	9.620583127539705
ENSG00000164818	7.829532492504073
ENSG00000164828	8.802193216941825
ENSG00000239857	4.869065956587241
ENSG00000105963	7.848799219118941
ENSG00000240230	6.254914365228267
ENSG00000073067	11.072819290346105
ENSG00000146540	8.555982980838904
ENSG00000164849	6.9259994185562235
ENSG00000164850	9.477151114141645
ENSG00000178381	10.946906274456397
ENSG00000164853	7.571941095825723
ENSG00000164877	7.611265348063346
ENSG00000164880	9.560530887008623
ENSG00000198517	9.507822024188622
ENSG00000164855	9.124638314178705
ENSG00000157778	9.39489799075072
ENSG00000225968	8.194971774243715
ENSG00000002822	9.102952538121269
ENSG00000122687	8.050758478525001
ENSG00000106268	8.972913332183538
ENSG00000106266	9.44910505755541
ENSG00000106263	9.391432250087345
ENSG00000136213	7.19751470325744
ENSG00000275572	5.809783961922443
ENSG00000106003	10.204539841557995
ENSG00000106009	7.887922651523087
ENSG00000106012	8.00538684276382
ENSG00000136295	11.828491667737826
ENSG00000174945	6.106599362677236
ENSG00000146535	9.062530842220935
ENSG00000198286	8.567418071058123
ENSG00000146555	7.720895036727591
ENSG00000164916	7.087021065613012
ENSG00000242802	8.10308599333769
ENSG00000157927	7.00984840828232
ENSG00000218823	6.44939629708678
ENSG00000136297	8.443106291593116
ENSG00000272968	2.1472194507623885
ENSG00000146587	6.903548648703694
ENSG00000157954	7.526778966178293
ENSG00000164638	9.129337349017785
ENSG00000182095	9.086388921566845
ENSG00000155034	6.582033692040379
ENSG00000075624	14.855528778870838
ENSG00000075618	11.465423038799024
ENSG00000011275	7.986743005889779
ENSG00000122543	6.255190649552844
ENSG00000122674	5.20906339534927
ENSG00000155026	4.368768349090335
ENSG00000122512	6.453813437918375
ENSG00000106305	8.378707016215483
ENSG00000086232	9.24616305599159
ENSG00000157999	6.397755445559202
ENSG00000106346	6.432079920840145
ENSG00000008256	9.962393479737543
ENSG00000178397	9.529919235969553
ENSG00000136238	10.723184252534285
ENSG00000164535	7.079257211498248
ENSG00000136240	11.214747614093406
ENSG00000215045	7.20477744359457
ENSG00000136247	8.058658532602715
ENSG00000146576	7.792515334129657
ENSG00000236609	7.396961878347818
ENSG00000205903	9.200837000249027
ENSG00000164631	7.452718397452371
ENSG00000169402	3.873813198359087
ENSG00000146574	4.791814071161826
ENSG00000106392	8.478716312903174
ENSG00000215018	8.584851201936953
ENSG00000164654	7.6801836815924895
ENSG00000106399	7.867281933776955
ENSG00000219545	6.842735227754134
ENSG00000106415	9.103552434793203
ENSG00000003147	8.228029429464744
ENSG00000122584	9.753716421907102
ENSG00000189043	11.247220168450722
ENSG00000106443	7.078658718428197
ENSG00000005108	8.053483917568144
ENSG00000106460	8.063102096535102
ENSG00000146530	6.72164796039053
ENSG00000226690	7.05820561385311
ENSG00000006747	9.60072332646195
ENSG00000122644	8.186748391543274
ENSG00000006468	10.30751871523697
ENSG00000136267	7.177917792195843
ENSG00000187546	8.21157526596954
ENSG00000106511	10.72745262067428
ENSG00000214960	5.194612254356057
ENSG00000171243	12.078238229827091
ENSG00000205858	4.397118409042582
ENSG00000106524	7.6631333277342595
ENSG00000136261	10.55854556087342
ENSG00000106537	12.489288353487858
ENSG00000106541	14.2356419259365
ENSG00000173467	12.244977489660048
ENSG00000106546	10.576644133096611
ENSG00000071189	7.989588333590485
ENSG00000229937	7.254556251909489
ENSG00000048052	8.34961464692227
ENSG00000122691	9.768189069747867
ENSG00000146618	5.155302159921352
ENSG00000105849	9.34757242527169
ENSG00000173452	6.4292806067220205
ENSG00000183742	9.11538671985306
ENSG00000105855	10.330610514914488
ENSG00000004846	8.389054380596601
ENSG00000164651	7.38437286745621
ENSG00000105866	7.046227712353148
ENSG00000105877	9.063745102578038
ENSG00000164649	8.346366914484612
ENSG00000136237	8.725195817226663
ENSG00000105889	7.914359536679067
ENSG00000136244	12.477505317369708
ENSG00000196683	12.326993838717302
ENSG00000122591	8.360338974103204
ENSG00000122550	8.352575223916316
ENSG00000136243	8.674966625423293
ENSG00000136235	14.505631540818689
ENSG00000156928	8.417612688052953
ENSG00000136231	7.516891039539271
ENSG00000164548	9.533841654913752
ENSG00000169193	7.761516555261128
ENSG00000188732	6.2794043750622635
ENSG00000196335	7.365447588550105
ENSG00000122585	16.27504976486599
ENSG00000105926	6.920894459715858
ENSG00000105928	6.976141361689184
ENSG00000070882	8.202664463514227
ENSG00000172115	10.012243226983044
ENSG00000153790	7.625708843064466
ENSG00000105954	7.956223261030755
ENSG00000050344	8.88895608893026
ENSG00000122566	10.62662165235837
ENSG00000122565	10.906242630511578
ENSG00000086300	10.582346088303506
ENSG00000005020	8.265749955986443
ENSG00000105991	6.873043129490776
ENSG00000105996	6.369425257153678
ENSG00000105997	7.356791592801948
ENSG00000197576	7.799249396325858
ENSG00000106004	10.06339508128851
ENSG00000106006	7.636761532576633
ENSG00000122592	7.0273181493917285
ENSG00000078399	9.382367135076363
ENSG00000257184	2.024637895770378
ENSG00000253293	8.71113621206465
ENSG00000005073	9.186361891252986
ENSG00000106031	7.412142205473515
ENSG00000106038	6.638569494818032
ENSG00000106049	10.621851709253546
ENSG00000106052	9.41163461577391
ENSG00000153814	8.319760777410703
ENSG00000146592	7.703149990897968
ENSG00000255690	9.866822574046488
ENSG00000106066	10.339415949773217
ENSG00000106069	8.189330400614905
ENSG00000176532	10.741718836544221
ENSG00000122574	7.837943241891027
ENSG00000136193	10.915414066674826
ENSG00000106080	10.204530928448449
ENSG00000106086	7.498205423329156
ENSG00000180354	12.130892269806624
ENSG00000180233	8.225908472179157
ENSG00000281593	6.321807139884235
ENSG00000106100	7.646888467123645
ENSG00000006625	10.559433023823821
ENSG00000281039	3.8097610766597776
ENSG00000106105	11.465379029773477
ENSG00000106113	6.0713744305705
ENSG00000241644	11.029370273631082
ENSG00000254959	2.8823440163316922
ENSG00000106125	7.627898615871748
ENSG00000250424	1.3956146810473828
ENSG00000240583	13.272674011848357
ENSG00000106128	6.421896512042248
ENSG00000078549	11.058618186768841
ENSG00000164600	7.655351828612554
ENSG00000180347	7.3704510391074525
ENSG00000106341	10.847761158760653
ENSG00000154678	6.400097290546025
ENSG00000106355	8.206396101174542
ENSG00000105778	7.901600346160589
ENSG00000170852	8.43006021765728
ENSG00000122642	11.36616928972266
ENSG00000122643	8.971405006070686
ENSG00000164610	7.687524553176268
ENSG00000122507	7.120657131375317
ENSG00000164619	7.315070656358527
ENSG00000187258	7.5537661655471355
ENSG00000173852	9.070693785478438
ENSG00000164532	7.502187495617516
ENSG00000122557	7.695087276943634
ENSG00000122545	9.298979000997974
ENSG00000122547	7.785813876163282
ENSG00000164542	6.465773570077301
ENSG00000011426	9.325305455089682
ENSG00000136250	9.379608582635939
ENSG00000155849	7.787519771938883
ENSG00000187037	7.128376625691057
ENSG00000086289	9.755907000503752
ENSG00000086288	6.322752129954724
ENSG00000106483	12.559252516591453
ENSG00000010270	8.441633003360746
ENSG00000078053	8.053600970672376
ENSG00000006715	7.426371784583809
ENSG00000106536	6.5420926752864865
ENSG00000241127	7.444179675808274
ENSG00000006451	9.417494183431051
ENSG00000065883	7.195930738374854
ENSG00000168303	9.373186280917714
ENSG00000175600	9.315104711895193
ENSG00000122641	9.360625552249093
ENSG00000106571	8.311869913696023
ENSG00000136197	5.123086750981061
ENSG00000256646	1.2745409156481577
ENSG00000106588	7.978443843087739
ENSG00000106591	9.198134383895823
ENSG00000002746	6.761218315316818
ENSG00000164543	8.980570630357574
ENSG00000106603	6.728417952573898
ENSG00000106605	10.071211324293339
ENSG00000062582	8.360627646192947
ENSG00000270617	2.2900512860503857
ENSG00000106608	6.762651052023756
ENSG00000078967	7.324684113347131
ENSG00000136206	5.909891579825375
ENSG00000136279	7.645069853792906
ENSG00000122678	7.769701619810515
ENSG00000106624	12.896267032065131
ENSG00000106628	9.387751766425133
ENSG00000106631	14.939441475906674
ENSG00000106633	8.80324197637848
ENSG00000106636	9.534921604255072
ENSG00000058404	8.841721581128462
ENSG00000015676	7.97935944325792
ENSG00000015520	8.49526518439819
ENSG00000136271	8.60558946394135
ENSG00000158604	9.239144700844424
ENSG00000105953	9.694094079930693
ENSG00000122515	8.716320577174008
ENSG00000196262	10.905503262298106
ENSG00000105968	9.296980052567672
ENSG00000146676	8.95726291026542
ENSG00000136286	8.612381249861906
ENSG00000136280	9.07013741109852
ENSG00000136274	9.328826122311131
ENSG00000136270	9.02300896475545
ENSG00000122679	12.064398405464583
ENSG00000164742	9.55303123221372
ENSG00000146678	13.031005577685013
ENSG00000146674	13.870614173082181
ENSG00000136205	9.34088437389022
ENSG00000158683	6.305964421893384
ENSG00000136273	7.001498860652336
ENSG00000164744	7.470048726011326
ENSG00000164746	7.550150722218556
ENSG00000183696	9.967477814767266
ENSG00000179869	7.08586686790396
ENSG00000218305	3.805292455600712
ENSG00000188730	6.7903435475824585
ENSG00000042813	7.948367231584678
ENSG00000164500	4.51853513898218
ENSG00000185811	8.115880979782926
ENSG00000132436	7.210561436353329
ENSG00000132437	11.875661237442419
ENSG00000106070	8.160128442443176
ENSG00000106078	7.207502459258789
ENSG00000221900	6.538382960032119
ENSG00000170419	10.29926856681972
ENSG00000132432	13.332910786957063
ENSG00000146648	12.122807081841335
ENSG00000132434	11.697381073293334
ENSG00000154978	11.546463954728607
ENSG00000154997	10.963064856855128
ENSG00000249773	3.2593651275980635
ENSG00000178665	7.57534151585253
ENSG00000146729	11.84874675776524
ENSG00000239789	10.255254440129155
ENSG00000146733	11.10818759789424
ENSG00000146731	13.08201774930833
ENSG00000129103	11.98627264258998
ENSG00000164776	11.284412575871016
ENSG00000106153	14.580019455873327
ENSG00000185290	10.539158811108031
ENSG00000185177	4.032982416699428
ENSG00000182111	5.227539060233564
ENSG00000241149	5.839684608238195
ENSG00000214652	6.021572825492422
ENSG00000223614	3.590195834490636
ENSG00000197123	3.9453968292730868
ENSG00000234444	7.266574161833519
ENSG00000173041	7.753263332367166
ENSG00000196247	7.977524335205349
ENSG00000197008	7.560266602239949
ENSG00000198039	7.542258049766918
ENSG00000152926	9.769549007791904
ENSG00000213462	10.258959765777568
ENSG00000146757	9.312178710914782
ENSG00000196715	8.276973177000523
ENSG00000169919	12.147017406151715
ENSG00000126522	10.14554475442186
ENSG00000249319	3.0952176399079616
ENSG00000241258	8.065677857530796
ENSG00000169902	8.707624759572997
ENSG00000243335	6.39581923905562
ENSG00000154710	5.07625718993065
ENSG00000106609	10.078132797633101
ENSG00000126524	11.186821405345508
ENSG00000198874	8.07813103174693
ENSG00000230358	5.609138988722587
ENSG00000158321	8.535385384006558
ENSG00000185274	8.627689676570732
ENSG00000183166	7.666756591884804
ENSG00000277149	5.72468450701069
ENSG00000196313	6.848248436291116
ENSG00000155428	3.8619553641448694
ENSG00000273520	0.1736175658961059
ENSG00000262461	0.4991997668307925
ENSG00000130305	8.137320461721965
ENSG00000146755	8.960788888402197
ENSG00000077800	7.393175914348805
ENSG00000188763	7.723220139891572
ENSG00000009954	8.796394400553837
ENSG00000106635	7.990107045621589
ENSG00000106638	8.698010061537433
ENSG00000009950	9.981567281903015
ENSG00000176428	7.626875719144494
ENSG00000176410	6.834885719402086
ENSG00000071462	8.127085385437704
ENSG00000106089	8.67525138605026
ENSG00000106077	9.557984400634341
ENSG00000165215	13.790263827193224
ENSG00000189143	11.84184948474142
ENSG00000165171	9.428029764153674
ENSG00000175877	8.871597265613852
ENSG00000049540	11.777666280880755
ENSG00000106683	8.319781147809127
ENSG00000106682	10.108055398466322
ENSG00000086730	9.116496746161827
ENSG00000049541	8.736651411752632
ENSG00000106665	9.559275109959664
ENSG00000006704	7.941026993403154
ENSG00000263001	7.363920905748784
ENSG00000158517	8.018874143709498
ENSG00000196275	4.69265037003553
ENSG00000274070	7.868260523108652
ENSG00000274523	8.211924982421138
ENSG00000174428	5.095080491901415
ENSG00000178809	4.482848283068465
ENSG00000272391	7.1748947682745605
ENSG00000170092	5.988449512695153
ENSG00000127946	8.043034276374613
ENSG00000006606	10.357679957461398
ENSG00000106178	11.552318266636508
ENSG00000005486	11.477673860189283
ENSG00000127948	10.283371417223751
ENSG00000189077	8.876823870306374
ENSG00000127952	8.740537525129593
ENSG00000146701	11.110911736518881
ENSG00000177679	8.965784284662087
ENSG00000106211	14.90411713041157
ENSG00000170027	10.89100913842782
ENSG00000146700	8.102380557865015
ENSG00000188372	6.889978158811383
ENSG00000091073	7.999117485773452
ENSG00000243566	13.431963404946362
ENSG00000185040	3.5101727932799527
ENSG00000146707	7.547665748353421
ENSG00000186645	4.093273274889795
ENSG00000135205	9.293139426459483
ENSG00000127951	11.139683271995343
ENSG00000186088	7.490617390096036
ENSG00000127947	9.14833928457096
ENSG00000187257	7.021243554279079
ENSG00000135211	8.747539604740671
ENSG00000006576	7.997324283672863
ENSG00000187391	7.318263526902263
ENSG00000127955	8.384214789426354
ENSG00000135218	11.098947426139397
ENSG00000214415	10.447055517697645
ENSG00000075223	10.90887469256166
ENSG00000019991	10.356170076490306
ENSG00000153956	7.659219915298364
ENSG00000186472	7.757426464413551
ENSG00000170381	8.627549443498141
ENSG00000075213	8.689530983884241
ENSG00000153993	8.818963072542994
ENSG00000198822	8.023355088669232
ENSG00000164659	7.6001990365675445
ENSG00000135164	8.075119241062355
ENSG00000135185	8.354910511586791
ENSG00000005469	8.363516255399247
ENSG00000005471	8.395206842013577
ENSG00000085563	9.484061168437991
ENSG00000105784	5.9582860769833195
ENSG00000075303	8.096547532781468
ENSG00000006634	7.5120171213286655
ENSG00000008277	7.640967910449898
ENSG00000075142	10.09843599370587
ENSG00000127954	9.862433275240464
ENSG00000182348	5.797005066820332
ENSG00000164645	7.321928094887363
ENSG00000164647	10.133196995109255
ENSG00000157214	10.366515829014828
ENSG00000105792	7.181897643108388
ENSG00000105793	7.480286097569094
ENSG00000157224	10.08372057660775
ENSG00000058091	8.217101251708822
ENSG00000157240	9.517391234805741
ENSG00000127989	8.295881061417342
ENSG00000127914	9.137317691716142
ENSG00000001630	8.14306074889095
ENSG00000240720	6.139960569545456
ENSG00000001631	9.2259479462036
ENSG00000001629	9.861823594593824
ENSG00000157259	10.381319765632954
ENSG00000242950	9.507356093895453
ENSG00000127980	8.22740500014178
ENSG00000127993	8.75427550243479
ENSG00000234545	7.709966784535506
ENSG00000105810	10.176002083364498
ENSG00000205413	10.660871206167272
ENSG00000177409	8.498784962189387
ENSG00000188175	10.561104007855395
ENSG00000004766	7.705399326265862
ENSG00000004948	6.869221099424373
ENSG00000127928	7.816377510162035
ENSG00000105825	14.297598964965275
ENSG00000127920	9.633544420037522
ENSG00000105829	8.074217472805184
ENSG00000164692	15.3017769989502
ENSG00000127995	9.945101849411357
ENSG00000127990	10.888833416087436
ENSG00000242265	11.140686236597006
ENSG00000158528	7.563645239054027
ENSG00000005421	9.760213595860863
ENSG00000105852	8.909489751718448
ENSG00000105854	10.791403721195127
ENSG00000005981	9.334449158599503
ENSG00000004799	12.509365306558337
ENSG00000158560	7.735153792442554
ENSG00000004864	8.891999324593952
ENSG00000127922	8.373970139764005
ENSG00000006377	9.054276893899258
ENSG00000105880	10.940146365103233
ENSG00000196636	8.88546678557011
ENSG00000006128	13.027712910246397
ENSG00000070669	9.556462443689043
ENSG00000135175	5.053044646521778
ENSG00000164715	9.415152807997545
ENSG00000180535	10.363039630256514
ENSG00000205356	8.365010076783024
ENSG00000164713	10.328091780673011
ENSG00000006453	10.40218422346191
ENSG00000106236	12.987450519130638
ENSG00000166448	10.821856839562146
ENSG00000196367	9.224145772902016
ENSG00000198742	8.921525734706178
ENSG00000185467	6.788570901617003
ENSG00000241685	10.94618718217587
ENSG00000130429	11.574618181116687
ENSG00000106244	10.888695805153692
ENSG00000106245	9.58900283851378
ENSG00000106246	6.102870593748725
ENSG00000248919	2.3362386443491543
ENSG00000160917	8.42574331548499
ENSG00000241468	11.115763324652058
ENSG00000198556	6.58116877959023
ENSG00000160908	8.142305850459456
ENSG00000196652	7.289056980501385
ENSG00000221909	7.520519128983978
ENSG00000197343	8.507347154270299
ENSG00000272647	4.612063649545171
ENSG00000244219	9.29783336841106
ENSG00000197037	7.315426691649528
ENSG00000106258	9.620664835764837
ENSG00000160870	10.448116305409464
ENSG00000160868	13.750430358353078
ENSG00000021461	6.372081483534501
ENSG00000244623	6.299208018595214
ENSG00000146833	7.926099592526738
ENSG00000176402	10.076570092610062
ENSG00000160862	14.593483559553437
ENSG00000106261	8.866227399536967
ENSG00000166529	6.28202564294808
ENSG00000166526	7.993433759725446
ENSG00000168090	10.85877502271198
ENSG00000166508	12.96423027939599
ENSG00000221838	7.365910492677449
ENSG00000106290	8.363362831797327
ENSG00000166997	8.367231654053406
ENSG00000214309	6.157328789076243
ENSG00000188186	11.228377939866792
ENSG00000146826	7.996860753500198
ENSG00000197093	8.106909305557004
ENSG00000213420	7.461077706760969
ENSG00000066923	7.973362809900823
ENSG00000239521	7.822106844269043
ENSG00000213413	5.583759753639499
ENSG00000214300	5.662645263801651
ENSG00000121716	9.614893849605016
ENSG00000085514	8.511757429356276
ENSG00000078487	8.288173968112302
ENSG00000146834	8.844679124874261
ENSG00000160813	8.479218037410774
ENSG00000185955	7.3416300093299105
ENSG00000166925	10.910641915599548
ENSG00000166924	7.314331023275571
ENSG00000106351	8.13677420750696
ENSG00000205307	8.389738878676983
ENSG00000077454	8.799281621521923
ENSG00000106336	8.267723051627422
ENSG00000106333	11.95229285447551
ENSG00000106330	8.070389327891398
ENSG00000106327	10.926871378305782
ENSG00000077080	7.871597265613853
ENSG00000172354	11.161296257021966
ENSG00000146830	8.288155530361735
ENSG00000172336	9.95387809026512
ENSG00000130427	11.232862041249302
ENSG00000146839	5.190260058203477
ENSG00000196411	10.075925821597659
ENSG00000146828	7.072999543674303
ENSG00000087077	9.244079826092014
ENSG00000087087	9.053595039863112
ENSG00000176125	6.991894383011661
ENSG00000087085	10.071512716606485
ENSG00000169894	11.33179595436591
ENSG00000205277	8.679724061706992
ENSG00000169876	11.435771707240514
ENSG00000169871	7.947571603541421
ENSG00000106366	13.581855878597695
ENSG00000106367	10.328135938268609
ENSG00000128564	14.622270143193697
ENSG00000167011	8.14684136178718
ENSG00000106384	7.937405135815745
ENSG00000106397	10.622182470537783
ENSG00000106400	9.485158402621556
ENSG00000106404	10.309880455167834
ENSG00000214253	11.066908943813575
ENSG00000128581	7.373622890271649
ENSG00000160963	10.17650349027982
ENSG00000106436	7.0763499591884
ENSG00000257923	7.6643152115919495
ENSG00000160999	8.752782852744028
ENSG00000260097	4.830689627639349
ENSG00000128563	8.301985171930363
ENSG00000160991	7.450959674792864
ENSG00000160993	7.272635011757625
ENSG00000161036	10.100662339005199
ENSG00000005075	10.272820538737534
ENSG00000170667	4.469234793667656
ENSG00000168255	5.703888570782282
ENSG00000270249	1.5111084806078585
ENSG00000205238	4.817895139650204
ENSG00000105808	4.643856189774724
ENSG00000205236	0.3198089306340096
ENSG00000267368	9.156335936694358
ENSG00000267645	4.1548297508828975
ENSG00000173678	3.2119975967118375
ENSG00000228049	2.7861781287987664
ENSG00000222011	5.812313259182601
ENSG00000161040	6.011660440150613
ENSG00000128606	11.059293664463935
ENSG00000170632	8.010154310567042
ENSG00000161048	7.280510413152314
ENSG00000105819	7.936400438971816
ENSG00000105821	6.96959341132131
ENSG00000161057	8.99097031980097
ENSG00000170615	6.283736609624839
ENSG00000189056	9.476162857329063
ENSG00000164815	7.654679338490082
ENSG00000187416	10.177386726696975
ENSG00000005483	8.115508235832063
ENSG00000135250	7.83099048124926
ENSG00000091127	7.900794934047087
ENSG00000135249	7.022096489279241
ENSG00000185055	6.157177223365523
ENSG00000146776	5.64856236294597
ENSG00000128536	8.161887682376895
ENSG00000008282	10.331904670428703
ENSG00000105835	10.81459061678175
ENSG00000253276	8.308487178348502
ENSG00000105851	7.381650742310774
ENSG00000005249	10.107173300758307
ENSG00000105856	7.661190340611198
ENSG00000164597	7.3910792569403085
ENSG00000172209	6.682423882719381
ENSG00000105865	5.566724018070128
ENSG00000075790	7.580398613660624
ENSG00000091137	10.340231499236243
ENSG00000105879	7.433584827916071
ENSG00000091138	13.270121118411463
ENSG00000091140	8.412678232417463
ENSG00000091136	11.106114354939816
ENSG00000091128	7.414473836430928
ENSG00000091129	9.98630769448394
ENSG00000135241	7.36065496433657
ENSG00000177683	7.269771854983849
ENSG00000128590	9.744707801304303
ENSG00000184903	6.623826687605558
ENSG00000173114	8.55987479100221
ENSG00000128512	7.680116270462466
ENSG00000198839	6.940123430960117
ENSG00000006652	8.00450139223494
ENSG00000181016	7.293701542080735
ENSG00000146802	7.5835313594470675
ENSG00000164603	6.929433716077288
ENSG00000164604	6.08035467337912
ENSG00000214194	9.127993901139392
ENSG00000154415	7.905744493518322
ENSG00000128573	6.594608199141954
ENSG00000135272	8.61511716120568
ENSG00000105967	7.881758187093676
ENSG00000135269	11.028124590159528
ENSG00000105971	9.302818215469019
ENSG00000105974	11.802043546278957
ENSG00000105976	11.80699500699365
ENSG00000198898	11.35491971123509
ENSG00000004866	9.033161955344278
ENSG00000105989	8.605897541340203
ENSG00000001626	10.090810854499344
ENSG00000154438	5.869871406177713
ENSG00000077063	8.625745237001025
ENSG00000128534	7.689167360086909
ENSG00000106013	10.554588851677638
ENSG00000184408	7.781033330170714
ENSG00000106025	10.100104724553846
ENSG00000071243	6.2871228199827955
ENSG00000106034	8.019043745221364
ENSG00000002745	8.972955108393144
ENSG00000196937	9.484837381918787
ENSG00000106278	11.899893854548134
ENSG00000008311	8.253611151947169
ENSG00000128610	7.517888411523285
ENSG00000081803	8.551131452774108
ENSG00000188050	8.138015753487569
ENSG00000235631	8.089582893124708
ENSG00000128519	2.4725763415977786
ENSG00000081800	9.77683393360477
ENSG00000164675	6.475084882948782
ENSG00000128609	7.687380737088945
ENSG00000146809	6.004467697213496
ENSG00000170807	10.785136491223968
ENSG00000106299	9.233112209448858
ENSG00000106302	7.385438001825152
ENSG00000106304	5.905206468795705
ENSG00000234224	7.581198740766211
ENSG00000230268	4.044018495268178
ENSG00000170775	9.21989556283317
ENSG00000275356	4.785212457469729
ENSG00000128513	6.78579284727696
ENSG00000179603	6.559387918620486
ENSG00000048405	7.628848385077949
ENSG00000179562	6.941944257578772
ENSG00000004059	10.819622016878624
ENSG00000106328	8.847683787716848
ENSG00000106331	7.254675246118004
ENSG00000197157	10.168979938377507
ENSG00000128594	9.148071698982134
ENSG00000174697	10.890927684823753
ENSG00000106344	6.012058440310123
ENSG00000224940	8.460414270830492
ENSG00000106348	9.090248424039075
ENSG00000135245	11.380461065088973
ENSG00000165055	6.579569868499234
ENSG00000205085	7.957102041562286
ENSG00000135248	8.760886242784911
ENSG00000128595	10.990682453569352
ENSG00000128617	7.087323100045976
ENSG00000128596	9.432959407276106
ENSG00000128591	13.306488964728633
ENSG00000135253	8.608983298256405
ENSG00000128524	12.399964018739551
ENSG00000272899	8.560549883955133
ENSG00000128604	7.746487992608316
ENSG00000064419	9.095757409071831
ENSG00000230626	4.861214721390987
ENSG00000158457	10.51391731865672
ENSG00000128602	10.0879557420949
ENSG00000158467	9.270235975046901
ENSG00000128578	8.396003966456359
ENSG00000240204	9.598610854696425
ENSG00000106459	6.558314850375414
ENSG00000186591	9.995636754962609
ENSG00000091732	9.373908836740004
ENSG00000128607	9.59405799125168
ENSG00000146842	9.837623698585022
ENSG00000165120	7.389738878676984
ENSG00000158516	14.470615768952014
ENSG00000128510	10.697722524435092
ENSG00000158525	6.95303237725324
ENSG00000091704	16.62686402027845
ENSG00000106477	7.89213451471022
ENSG00000106484	11.835520964344486
ENSG00000158623	8.686932522763858
ENSG00000213265	5.757556688939453
ENSG00000266265	5.239560675547731
ENSG00000128585	7.65945554262903
ENSG00000128567	10.830011234820343
ENSG00000221866	7.908033389457518
ENSG00000106554	8.397261357836394
ENSG00000131558	7.722829791209393
ENSG00000155530	7.334818772162817
ENSG00000205060	7.066620168339577
ENSG00000085662	12.853505403552507
ENSG00000198074	13.814417733903511
ENSG00000227471	11.778243622447023
ENSG00000172331	10.926730862473951
ENSG00000122786	11.936637939002571
ENSG00000146856	5.795451967112441
ENSG00000122783	7.332090739133576
ENSG00000146859	9.221479210292868
ENSG00000105875	8.356868161250596
ENSG00000146857	8.19706855689677
ENSG00000080802	6.5000612189222915
ENSG00000155561	7.8037818156735295
ENSG00000243317	8.108305382678315
ENSG00000164707	10.005286872808798
ENSG00000189320	9.832384588620009
ENSG00000105887	9.878475134919357
ENSG00000181072	8.267550977871705
ENSG00000105894	13.12570282926348
ENSG00000157680	7.9174655682097566
ENSG00000182158	8.856890228788926
ENSG00000122787	9.325698899093524
ENSG00000122779	8.50405711701501
ENSG00000157703	4.740033017984938
ENSG00000105929	11.247690820349248
ENSG00000214128	10.987334941005987
ENSG00000122778	6.858945716395242
ENSG00000146858	7.803408923933258
ENSG00000105939	7.745506265869159
ENSG00000105948	6.95979023530441
ENSG00000157741	7.191000397318705
ENSG00000164898	7.629906901574083
ENSG00000146963	8.083745237394504
ENSG00000269955	1.159303601370861
ENSG00000188883	8.731792317913072
ENSG00000236279	8.083745237394504
ENSG00000064393	9.503627005983468
ENSG00000059377	7.834299781851949
ENSG00000059378	8.336549043519144
ENSG00000006459	8.377511514496781
ENSG00000157800	6.738767836800191
ENSG00000146955	5.928242954031898
ENSG00000133606	10.435522802295177
ENSG00000146966	8.766672202819345
ENSG00000133597	8.107700896533318
ENSG00000090266	8.809352059566155
ENSG00000157764	8.270395121098533
ENSG00000090263	7.074026182552426
ENSG00000261115	7.933720650064625
ENSG00000006530	6.516052197904393
ENSG00000257093	8.437363095956652
ENSG00000214102	4.40693195915526
ENSG00000106028	7.83541884047548
ENSG00000127362	6.726369958300115
ENSG00000127364	5.981234948692921
ENSG00000127366	5.978944974308015
ENSG00000165076	7.072534599722955
ENSG00000257335	8.58707140536806
ENSG00000258083	5.031973031304924
ENSG00000258227	8.973081859193918
ENSG00000257138	3.9974307067260275
ENSG00000257743	8.605558026814023
ENSG00000258223	7.5660540381710915
ENSG00000270672	7.175863349577207
ENSG00000204983	17.613969272268484
ENSG00000275896	17.778288927663944
ENSG00000106123	9.316231115067525
ENSG00000165125	8.551516017628014
ENSG00000127412	4.9866936178627865
ENSG00000165131	8.03342300153745
ENSG00000197993	7.988500481353136
ENSG00000179468	3.4370311284071913
ENSG00000225781	3.130075197080348
ENSG00000159763	17.785677948092374
ENSG00000236398	4.116382874639405
ENSG00000221937	2.946773219412877
ENSG00000197448	9.165596301580296
ENSG00000178826	8.278308481018032
ENSG00000106144	7.8312743023948075
ENSG00000188037	5.501368657173464
ENSG00000159784	7.986320675776592
ENSG00000159840	11.091070003845083
ENSG00000146904	8.479835075500748
ENSG00000185899	5.553093807395128
ENSG00000221855	4.178018499839921
ENSG00000271079	3.7413552050859176
ENSG00000170379	6.3947930658301315
ENSG00000271321	5.817367437838646
ENSG00000198420	6.97656000102051
ENSG00000221910	3.847581771011332
ENSG00000213215	1.6815594090761656
ENSG00000221813	1.9936533963119483
ENSG00000221836	2.453772937918218
ENSG00000221933	1.6992736434752453
ENSG00000221858	2.7229398506750107
ENSG00000221989	3.792299693133177
ENSG00000221938	1.9417198904247455
ENSG00000225932	4.617785034642605
ENSG00000213214	5.975750762058403
ENSG00000212807	2.3572704756795595
ENSG00000243896	5.522440965735872
ENSG00000244693	3.300123724569014
ENSG00000221970	2.735738781912347
ENSG00000050327	6.762880184424933
ENSG00000106410	7.668709681724327
ENSG00000196511	7.3436080979465554
ENSG00000174469	8.47408138680445
ENSG00000170279	4.5635184088353595
ENSG00000055130	8.734403754302472
ENSG00000106462	7.893370206311914
ENSG00000155660	12.157994425425551
ENSG00000197362	6.50839383478745
ENSG00000204947	5.6488789327631705
ENSG00000197024	6.872021819346086
ENSG00000170265	7.7766274007161975
ENSG00000170260	7.0693597367424665
ENSG00000204946	6.412414686859887
ENSG00000196453	7.296983188723571
ENSG00000181220	6.3584712463842905
ENSG00000133619	7.161181719008777
ENSG00000181444	8.390682161664644
ENSG00000106479	6.585112773628004
ENSG00000171130	10.405125417148291
ENSG00000106526	6.624099169725723
ENSG00000188707	9.791814071161825
ENSG00000127399	8.189299377902888
ENSG00000106538	13.105893875363876
ENSG00000214022	10.02924770623927
ENSG00000196456	6.695518385529472
ENSG00000171115	8.59544398458948
ENSG00000179144	9.098719808921306
ENSG00000133574	8.94239634185338
ENSG00000133561	8.276728535619265
ENSG00000106560	7.667234428913196
ENSG00000213203	6.031439309319335
ENSG00000281887	0.20574760492769445
ENSG00000196329	9.093813673402728
ENSG00000106565	12.178566238173774
ENSG00000002933	11.01379001429151
ENSG00000002726	12.889038504526955
ENSG00000055118	9.506772734889788
ENSG00000164867	10.499961884159793
ENSG00000181652	8.254083779319418
ENSG00000197150	8.030242083155008
ENSG00000213199	7.207502459258789
ENSG00000164885	8.982973686012347
ENSG00000164889	9.125564180798603
ENSG00000164896	9.07550672806432
ENSG00000164897	9.229253722891773
ENSG00000133612	8.936242875808567
ENSG00000164900	7.112383763235312
ENSG00000146926	6.526606482430497
ENSG00000278685	5.174725987706133
ENSG00000033050	8.382218887452625
ENSG00000033100	8.973942556626687
ENSG00000082014	8.21687446448811
ENSG00000013374	7.855904126429532
ENSG00000187260	7.686717441478355
ENSG00000127377	8.578996758254883
ENSG00000106615	9.25497089430825
ENSG00000106617	8.581953750848818
ENSG00000106648	6.722466024471091
ENSG00000178234	9.72395462560356
ENSG00000055609	8.170335651484415
ENSG00000196584	6.412630328282492
ENSG00000133627	7.372429792334089
ENSG00000130226	7.888743248898259
ENSG00000157212	6.161686174583998
ENSG00000157219	6.402926780581626
ENSG00000186480	11.271552173387569
ENSG00000164778	8.529455492368152
ENSG00000146910	6.584730820472756
ENSG00000184863	7.375908263075014
ENSG00000164690	10.346075264844742
ENSG00000105982	6.233811384293157
ENSG00000105983	7.067190738465404
ENSG00000146909	6.029673681228118
ENSG00000130675	7.146083553977265
ENSG00000009335	7.61354034167861
ENSG00000105993	7.958262697329544
ENSG00000155093	10.017051673966574
ENSG00000146918	7.59243276454628
ENSG00000117868	9.593572849561635
ENSG00000126870	7.245334006872482
ENSG00000106018	8.587233319006712
ENSG00000182378	8.992938336165814
ENSG00000178605	8.79110473761541
ENSG00000167393	7.221103725367875
ENSG00000185960	7.183699224214929
ENSG00000205755	7.419347166211902
ENSG00000198223	7.846777232149236
ENSG00000185291	9.112845860886926
ENSG00000169100	13.808354768850503
ENSG00000169093	8.551455934556689
ENSG00000182162	9.513429563707204
ENSG00000197976	8.489441142283882
ENSG00000196433	4.7097356266408505
ENSG00000169084	7.265273966936589
ENSG00000214717	9.722807531169547
ENSG00000002586	11.832224367928596
ENSG00000124343	7.538809367093521
ENSG00000056998	9.83706102228929
ENSG00000006756	9.573627263652638
ENSG00000157399	8.952126245635032
ENSG00000205667	4.644132319364372
ENSG00000062096	7.187979170006757
ENSG00000101825	10.99199951675216
ENSG00000183943	8.276925264702232
ENSG00000146938	7.500908455690466
ENSG00000169059	9.292042060689456
ENSG00000130021	7.731764013688338
ENSG00000101846	9.530640607335126
ENSG00000182583	8.154489099850913
ENSG00000006757	7.645301975285611
ENSG00000177504	8.580551200550937
ENSG00000205642	7.456148448822807
ENSG00000011201	8.944030247948652
ENSG00000183304	5.986313469358665
ENSG00000177138	5.904243227203662
ENSG00000101849	7.843607046490561
ENSG00000101850	10.337046114495472
ENSG00000146950	6.765180165852109
ENSG00000234469	3.534808661231747
ENSG00000047644	7.784227537380494
ENSG00000073464	7.2361519777919066
ENSG00000101871	7.064634975459637
ENSG00000004961	9.851231137349926
ENSG00000047648	7.190337841571889
ENSG00000125363	11.16921248274841
ENSG00000005302	6.515250928591634
ENSG00000169933	5.7919192650758395
ENSG00000101911	10.81689474089283
ENSG00000196664	6.895642610641322
ENSG00000101916	8.254089016967022
ENSG00000205542	14.642315554816843
ENSG00000187268	8.280173375154058
ENSG00000123594	5.715943708015909
ENSG00000198759	10.745682806517802
ENSG00000176896	4.553156209964061
ENSG00000123595	8.207985122289081
ENSG00000196459	6.2756898430153365
ENSG00000046651	7.780696553263346
ENSG00000046653	11.454810144700899
ENSG00000046647	8.202613938246085
ENSG00000101958	7.185851640214528
ENSG00000181544	5.662263503493367
ENSG00000130150	7.14250607467366
ENSG00000102048	7.82880098089961
ENSG00000165192	7.823493523600979
ENSG00000165195	7.887157968581851
ENSG00000165197	9.93555585176174
ENSG00000087842	9.776093298754482
ENSG00000102010	9.343155331899533
ENSG00000130234	11.700217427300249
ENSG00000147003	11.98298109824412
ENSG00000169239	6.037650488513311
ENSG00000169249	6.956528888925266
ENSG00000182287	10.197814798916307
ENSG00000126010	9.465191698310901
ENSG00000182798	8.58012001270108
ENSG00000047230	8.753464257872963
ENSG00000169906	12.218852642484817
ENSG00000169895	9.76562652636954
ENSG00000086712	8.756952010253755
ENSG00000102054	11.122060866011036
ENSG00000169891	8.769765895031213
ENSG00000188158	6.719858377011615
ENSG00000047634	8.053810450182665
ENSG00000131831	8.96392260602446
ENSG00000177324	5.829106936080585
ENSG00000102098	6.857911146846091
ENSG00000008086	6.435107733436458
ENSG00000102104	8.219234048167458
ENSG00000086717	7.127899354029741
ENSG00000044446	8.953936735785511
ENSG00000173698	8.756032761529726
ENSG00000131828	8.974133433829449
ENSG00000180815	6.5378168814171875
ENSG00000147010	8.852220177397719
ENSG00000173681	6.829139813528824
ENSG00000184368	8.709457146283878
ENSG00000173674	8.839681816194052
ENSG00000177189	8.937660408353501
ENSG00000149970	7.224966365000275
ENSG00000185915	4.624976602021103
ENSG00000091482	10.087008106796521
ENSG00000012174	6.4126063863955585
ENSG00000230797	4.153069205721327
ENSG00000102172	12.395122031189675
ENSG00000102174	9.776547454567
ENSG00000175809	5.600507645345786
ENSG00000184735	5.113117036390723
ENSG00000165186	6.110196177754199
ENSG00000123131	10.521774025711494
ENSG00000123130	7.626231613876765
ENSG00000130066	12.861040450007856
ENSG00000184831	9.530197738942071
ENSG00000165182	4.14649230697719
ENSG00000174010	7.099030044725742
ENSG00000130741	10.587564220227492
ENSG00000005889	7.706588960872027
ENSG00000067992	8.492858125747624
ENSG00000102230	6.419176778627091
ENSG00000101868	7.212003875444965
ENSG00000004848	8.42921830202671
ENSG00000176774	3.8689748334673206
ENSG00000232030	3.588564737401352
ENSG00000176746	4.507432958354814
ENSG00000188408	3.395611248503802
ENSG00000224960	5.832357683256288
ENSG00000189186	5.591260524621525
ENSG00000177689	4.481486031468815
ENSG00000226372	6.624335887264349
ENSG00000169306	6.109741169422264
ENSG00000099399	9.401111588692626
ENSG00000198798	4.632849830117706
ENSG00000120289	6.295990648616297
ENSG00000214107	7.694053143250687
ENSG00000169297	8.845844653816705
ENSG00000120280	10.121856601086643
ENSG00000198814	8.131408379217266
ENSG00000157625	7.82310673521565
ENSG00000132446	8.496096824928056
ENSG00000198947	7.265570818552851
ENSG00000185448	4.161081482277184
ENSG00000147027	10.96646001599682
ENSG00000189132	5.61882595258744
ENSG00000189023	7.666061129138965
ENSG00000165164	7.152915534431122
ENSG00000198173	4.274921464164734
ENSG00000130962	7.091624979243608
ENSG00000250349	0.27941541278541776
ENSG00000147036	4.425734261824372
ENSG00000047597	7.925651057355515
ENSG00000165168	10.901799075701188
ENSG00000165169	9.42778305953846
ENSG00000187516	7.79766152585376
ENSG00000229674	5.216842842837263
ENSG00000147041	9.164818752176286
ENSG00000101955	12.220488332112723
ENSG00000156313	6.586575800086685
ENSG00000036473	9.625943059113856
ENSG00000156298	10.415784687751744
ENSG00000165175	9.12127448240965
ENSG00000183337	9.23888071941407
ENSG00000182220	10.86478944682739
ENSG00000238205	7.6231080877424136
ENSG00000185753	6.922299456659181
ENSG00000180182	7.98947154790394
ENSG00000124486	8.96591773728237
ENSG00000215301	9.214141698019843
ENSG00000188937	4.818917763606438
ENSG00000147044	8.435474960926074
ENSG00000171659	9.124213740236359
ENSG00000171657	6.831115822951792
ENSG00000102055	8.824004050933153
ENSG00000189221	10.603168562746841
ENSG00000069535	12.035617027338404
ENSG00000124479	10.045079396804242
ENSG00000183690	7.257884631766813
ENSG00000069509	9.059365711785606
ENSG00000189037	6.265474403232111
ENSG00000147050	7.331329592635518
ENSG00000147113	7.496654082593496
ENSG00000147121	7.057893997538765
ENSG00000251192	5.382351166054721
ENSG00000147119	8.25455625190949
ENSG00000065923	7.295270291771757
ENSG00000102218	7.909261814951137
ENSG00000102221	8.038653635359962
ENSG00000130988	9.2430267295783
ENSG00000147123	11.910985118487996
ENSG00000182872	9.765735925015084
ENSG00000130985	11.304284772533133
ENSG00000102225	10.291486905616765
ENSG00000102226	9.827103882518921
ENSG00000147117	4.183791545469675
ENSG00000147124	7.2046377268258395
ENSG00000078061	9.901864255133452
ENSG00000008056	10.088194531318308
ENSG00000102265	14.806937880426227
ENSG00000126759	8.385705169602979
ENSG00000126767	9.599215451049067
ENSG00000126756	11.858849856705955
ENSG00000197779	6.477360809191733
ENSG00000147118	7.091351972507612
ENSG00000221994	5.851168935894506
ENSG00000171489	3.1375556466334897
ENSG00000171478	1.8471022372404855
ENSG00000165583	6.959489734064792
ENSG00000126752	9.303141826406018
ENSG00000165584	6.706604368468578
ENSG00000268009	2.498608434279226
ENSG00000269791	2.3431193313300813
ENSG00000017483	8.997572520535407
ENSG00000068438	9.54048161631674
ENSG00000102312	9.354111093566544
ENSG00000147155	12.157648718889538
ENSG00000068354	7.4044849568264715
ENSG00000102317	10.198970253623955
ENSG00000101940	8.875513580594648
ENSG00000015285	9.632135346967654
ENSG00000101945	7.656294542898373
ENSG00000171433	6.680367160689747
ENSG00000102145	8.881763765969882
ENSG00000094631	7.810625800627947
ENSG00000187682	10.775509837328503
ENSG00000102109	12.40634953009302
ENSG00000102103	11.414560912977384
ENSG00000126768	11.101326511061893
ENSG00000102100	10.022528755914562
ENSG00000102096	10.665611275067443
ENSG00000068308	10.5394160502785
ENSG00000102057	6.334659969484925
ENSG00000068400	8.489045125114801
ENSG00000068323	9.272646995033165
ENSG00000147144	8.871361520460326
ENSG00000243279	9.986550342902117
ENSG00000196998	8.677496386998302
ENSG00000068394	9.560961629708627
ENSG00000269313	7.818861647843006
ENSG00000102007	12.556431376921875
ENSG00000012211	9.091269458730524
ENSG00000102003	10.1462248792399
ENSG00000102001	5.7248111176400425
ENSG00000101997	9.21018922287749
ENSG00000049768	6.754848220712025
ENSG00000049769	6.781605320495476
ENSG00000215274	4.4946375534868395
ENSG00000224659	6.913341974255639
ENSG00000274274	3.474886535970906
ENSG00000275113	3.5375504734823364
ENSG00000237671	0.4216211161378551
ENSG00000227488	0.09628884429405032
ENSG00000216649	0.6768357131748203
ENSG00000215269	1.0985577804838584
ENSG00000224902	6.863908503193873
ENSG00000205777	6.1369141465300805
ENSG00000189064	9.340518373243016
ENSG00000068985	11.36822849590166
ENSG00000101951	10.270702657859637
ENSG00000273820	7.401512524794428
ENSG00000171365	7.295810381999788
ENSG00000147081	10.107217075591382
ENSG00000147082	5.17192735435346
ENSG00000274588	7.738493936785343
ENSG00000158352	7.048759311919856
ENSG00000130385	2.997424627884382
ENSG00000122824	7.9196912960831725
ENSG00000187690	9.33313479416548
ENSG00000196368	8.406146761035416
ENSG00000224109	4.611651617763965
ENSG00000223591	0.6791426794005128
ENSG00000189369	7.880905177622727
ENSG00000179222	11.783036105207247
ENSG00000187243	2.709730432532372
ENSG00000154545	3.8864141980600766
ENSG00000155622	10.367495769535635
ENSG00000204379	3.307757429000608
ENSG00000204382	4.220169182123638
ENSG00000187754	2.7010660828592297
ENSG00000241476	2.304803055785424
ENSG00000268447	1.8114757010300557
ENSG00000204363	7.512542955096859
ENSG00000171405	6.78075603783903
ENSG00000171402	8.846210226724612
ENSG00000179304	1.346196658870632
ENSG00000268350	2.4233368790685135
ENSG00000184194	7.6828865094109355
ENSG00000184205	11.493855449240822
ENSG00000232593	6.087250664613308
ENSG00000126012	8.200638775947912
ENSG00000124313	7.798931959957161
ENSG00000072501	8.27323213104844
ENSG00000158423	7.397841462157244
ENSG00000072506	11.25340603491868
ENSG00000086758	8.98312813465527
ENSG00000172943	8.170476272333348
ENSG00000184083	7.191133944067387
ENSG00000196632	6.484715157345152
ENSG00000158526	9.986296258953749
ENSG00000102302	8.669396434742765
ENSG00000130119	7.9840546828037375
ENSG00000102313	8.932904361962862
ENSG00000102316	12.32480709435374
ENSG00000067445	8.095924419998536
ENSG00000158571	7.4628327623549024
ENSG00000169188	8.055408418688508
ENSG00000158578	9.970472409085769
ENSG00000238269	10.341232642967181
ENSG00000234068	10.605996826014902
ENSG00000182518	6.508715142453166
ENSG00000256045	4.534213455028365
ENSG00000158639	10.4670964542305
ENSG00000204279	5.56711948795167
ENSG00000187601	10.629485275869596
ENSG00000247746	6.0202536676456475
ENSG00000189299	6.681261917342962
ENSG00000083750	7.7179561473482865
ENSG00000102349	6.765805953145106
ENSG00000188021	8.09233987344917
ENSG00000204272	9.629869417529797
ENSG00000204271	6.000489232525263
ENSG00000186787	5.4229980593285765
ENSG00000147059	5.499457531095692
ENSG00000165591	7.788575076027575
ENSG00000198455	6.8113393783946
ENSG00000215174	2.029764970695564
ENSG00000198205	5.106199774314026
ENSG00000186767	8.52045513318684
ENSG00000131089	7.639870100936536
ENSG00000184675	6.121695186187623
ENSG00000198881	6.134370135034622
ENSG00000102043	5.628600093431387
ENSG00000126970	6.066948918741049
ENSG00000102053	4.802717290438013
ENSG00000001497	7.777196137741633
ENSG00000147065	10.837525399670735
ENSG00000155659	11.645267996493407
ENSG00000089472	8.963356814786744
ENSG00000131080	6.583458910130768
ENSG00000169083	8.944338603044361
ENSG00000079482	7.7651865996496605
ENSG00000181704	7.861359976485733
ENSG00000130052	7.604907716511232
ENSG00000090776	9.892010762249644
ENSG00000181191	8.157602067865017
ENSG00000130054	7.639204577647555
ENSG00000158813	7.339519068238457
ENSG00000147160	8.743175594430852
ENSG00000189401	8.007491390349148
ENSG00000089289	9.50479300092632
ENSG00000184210	8.371423309894192
ENSG00000204195	8.255316499963474
ENSG00000186912	6.79453272256551
ENSG00000120500	6.957810098170557
ENSG00000147127	5.375038973704408
ENSG00000120509	8.853959508831954
ENSG00000090889	7.795371352344523
ENSG00000130055	8.982372035104166
ENSG00000082458	7.911746887121791
ENSG00000120498	7.365474355191096
ENSG00000165349	9.410615900052774
ENSG00000147164	8.239570917024057
ENSG00000184481	9.004720183582702
ENSG00000204165	7.9354597478052895
ENSG00000147168	10.395780924594224
ENSG00000184634	7.814921590369896
ENSG00000196338	9.773322134090446
ENSG00000169562	10.801505825374667
ENSG00000147130	7.950005055942793
ENSG00000147140	10.945342796620814
ENSG00000147166	7.294594446265758
ENSG00000147133	7.025905723412323
ENSG00000147162	10.122260971344069
ENSG00000147174	8.30560578958543
ENSG00000186810	7.4172935900304235
ENSG00000215115	2.738549863152752
ENSG00000215113	3.4537163544562004
ENSG00000204131	6.62211322695606
ENSG00000242732	7.633090521261078
ENSG00000102309	6.280331365183789
ENSG00000186871	7.073029285284099
ENSG00000198034	13.405694189627898
ENSG00000125931	11.690966216928857
ENSG00000147099	6.1112238242699615
ENSG00000067177	7.642295327421114
ENSG00000184911	1.7048719644563528
ENSG00000268994	1.8294436813665913
ENSG00000225396	4.676749456404462
ENSG00000269502	0.6919807506032767
ENSG00000275520	7.453682185872176
ENSG00000184388	4.9941271140031285
ENSG00000186288	5.054156241468497
ENSG00000186462	8.428360172704291
ENSG00000131264	5.264044232027097
ENSG00000204116	6.917661326934958
ENSG00000187969	7.2384047393250786
ENSG00000147100	8.646488482527761
ENSG00000131263	8.055340896032755
ENSG00000050030	5.695969022039685
ENSG00000131269	7.0064953423534195
ENSG00000094841	6.408524842227058
ENSG00000102383	5.07434523385346
ENSG00000186675	5.800238771182662
ENSG00000102390	8.871738766363851
ENSG00000198934	7.186610366080733
ENSG00000196468	7.341188970598745
ENSG00000085224	7.87182422026678
ENSG00000102158	9.340699827607919
ENSG00000131174	10.914466850617531
ENSG00000165240	7.6360746647389925
ENSG00000102144	11.473176117009245
ENSG00000226784	3.343225003848577
ENSG00000187325	8.809933906031887
ENSG00000173198	6.342573754992097
ENSG00000179300	5.4834590776937215
ENSG00000147145	6.692970406052467
ENSG00000078589	6.82631846202913
ENSG00000147138	8.552189811703416
ENSG00000078596	12.053816400964738
ENSG00000122145	6.846744023244868
ENSG00000174016	3.6380738371807184
ENSG00000165288	7.232747054798246
ENSG00000198157	8.974854662638927
ENSG00000131171	12.5493957507518
ENSG00000196767	7.093259916896022
ENSG00000183035	7.916476644437717
ENSG00000072133	5.466820766916235
ENSG00000165259	4.613989066360463
ENSG00000155008	6.5931658673967215
ENSG00000184788	3.1953475983222193
ENSG00000147180	7.600656307826301
ENSG00000124429	9.612684233284035
ENSG00000188419	6.570643726412796
ENSG00000126733	6.146187817760182
ENSG00000102271	8.41473344148816
ENSG00000147183	5.074676686294496
ENSG00000153779	5.1177473020281345
ENSG00000174740	6.222310287448025
ENSG00000102290	6.450755757450731
ENSG00000186310	9.197462446460598
ENSG00000179083	6.92641413811488
ENSG00000147202	7.356369056322682
ENSG00000204086	4.0528998946081884
ENSG00000165194	9.373965074123651
ENSG00000000005	12.253795609913844
ENSG00000000003	9.593517667774616
ENSG00000102359	10.377493754158797
ENSG00000102362	8.0792669118809
ENSG00000101811	8.64588519421639
ENSG00000007952	10.572526853173029
ENSG00000182489	7.666676352092542
ENSG00000174225	5.6639197800911045
ENSG00000188917	7.674000929172598
ENSG00000126950	8.203103250236637
ENSG00000102384	6.448333619031739
ENSG00000102385	6.978113385773771
ENSG00000102387	7.099084760891864
ENSG00000126953	6.71606308368279
ENSG00000010671	8.310679137003904
ENSG00000241343	11.316847183602473
ENSG00000257529	3.5845674236490432
ENSG00000102393	10.940843120687806
ENSG00000126945	9.293853962774307
ENSG00000196440	5.524815928357506
ENSG00000126947	9.675974133691318
ENSG00000198960	7.444045463480454
ENSG00000102401	11.372789798625327
ENSG00000184867	9.095006086073637
ENSG00000126952	2.8900290897823186
ENSG00000166432	7.510170751151772
ENSG00000184905	9.441987964733606
ENSG00000204071	8.10643207781693
ENSG00000184515	11.463817523171128
ENSG00000268235	1.5489297694764
ENSG00000269405	0.7906741324787792
ENSG00000269437	0.9576174879814922
ENSG00000215029	1.4630992673481036
ENSG00000158164	10.059364203925535
ENSG00000125962	5.763497029818408
ENSG00000198932	8.057991722759176
ENSG00000158301	7.591709333161742
ENSG00000198908	6.277071481557029
ENSG00000102128	4.433723982046158
ENSG00000133169	11.952595378460426
ENSG00000147206	9.737585369046363
ENSG00000102409	9.86062144542001
ENSG00000180964	9.600443271807112
ENSG00000204065	8.977566144122003
ENSG00000133134	9.592838230433129
ENSG00000182916	9.87277834052998
ENSG00000185222	11.209723003495162
ENSG00000166681	11.331043651880899
ENSG00000172476	5.771392329217144
ENSG00000133142	11.285685076869301
ENSG00000196507	9.714700225597694
ENSG00000172465	9.89778637342195
ENSG00000123562	12.26050635388289
ENSG00000188828	7.101893935585924
ENSG00000179363	8.845176387492572
ENSG00000123560	14.391444994072954
ENSG00000123570	7.66823555847209
ENSG00000158427	2.7698939650167818
ENSG00000123569	6.320659213146424
ENSG00000101812	4.845991770664573
ENSG00000269226	1.7402799826728832
ENSG00000269743	5.643028775290595
ENSG00000166707	6.571493352981392
ENSG00000123575	8.578053025226323
ENSG00000123576	7.1178158332302015
ENSG00000189108	5.524949347660862
ENSG00000268629	6.1622906135457995
ENSG00000123572	7.475733430966398
ENSG00000123561	10.91841694982524
ENSG00000157502	9.909743107675423
ENSG00000147231	7.176921111644362
ENSG00000133135	10.360997220193976
ENSG00000133138	6.035319450798637
ENSG00000133131	9.409740282123865
ENSG00000147223	13.1909628302894
ENSG00000165376	11.890683471049963
ENSG00000089682	7.045917019940374
ENSG00000198088	7.008928346530287
ENSG00000080572	5.877289459000944
ENSG00000147234	7.308807831906089
ENSG00000147224	10.809711153653396
ENSG00000157514	11.5401280385821
ENSG00000170935	5.615285902647853
ENSG00000080561	9.943948692006156
ENSG00000170925	6.194419188817852
ENSG00000101842	11.074884938178343
ENSG00000101843	11.175187750027538
ENSG00000101844	8.815191877244658
ENSG00000197565	9.38629363515099
ENSG00000188153	9.643162349506158
ENSG00000260548	7.9349363665090795
ENSG00000133124	10.050049058984042
ENSG00000101890	4.454294967399306
ENSG00000101888	8.80139385814165
ENSG00000176076	10.319982889623176
ENSG00000068366	10.413957633214505
ENSG00000157600	9.531932729161179
ENSG00000101935	7.065892355196266
ENSG00000243978	9.10818549243244
ENSG00000101938	11.2570670376904
ENSG00000077264	7.306821805818258
ENSG00000077274	12.18590363336143
ENSG00000077279	9.788585105540891
ENSG00000260802	12.157852343497227
ENSG00000101901	8.588050814249707
ENSG00000072315	7.181939363842502
ENSG00000204025	6.393175914348805
ENSG00000187823	6.620351691394793
ENSG00000182508	5.569974148270599
ENSG00000126016	7.96154369663129
ENSG00000147246	9.52432596198834
ENSG00000123496	12.112909546724607
ENSG00000130224	8.117695101551291
ENSG00000175718	5.349371260329672
ENSG00000102021	8.253627174739455
ENSG00000102024	11.001584476549477
ENSG00000180772	10.518507656199779
ENSG00000268104	10.20365536529239
ENSG00000204019	8.719207804529125
ENSG00000003096	7.868308957057417
ENSG00000131725	8.186979740262833
ENSG00000147251	8.175353432742593
ENSG00000131724	10.371444427889884
ENSG00000174460	13.63781606112597
ENSG00000175556	6.944536068869542
ENSG00000277535	5.578334948681608
ENSG00000250423	7.270528942380718
ENSG00000101856	12.091741916763016
ENSG00000077713	7.827702552661311
ENSG00000005022	13.621609332584608
ENSG00000018610	7.944879892462643
ENSG00000077721	9.060742035536032
ENSG00000186416	7.582706526780788
ENSG00000125354	9.76418145905905
ENSG00000187808	7.3475885988738705
ENSG00000198918	11.265777403173933
ENSG00000125351	7.538474626527678
ENSG00000125352	8.298793283283757
ENSG00000125356	11.488131637737705
ENSG00000186471	7.517275693209582
ENSG00000101882	7.49351887913107
ENSG00000203989	7.428051225421296
ENSG00000101883	8.401504535203074
ENSG00000131721	7.474739231332632
ENSG00000177485	7.785561502404783
ENSG00000125355	9.624113481910493
ENSG00000101892	7.177792595971863
ENSG00000005893	9.937884223808346
ENSG00000158290	8.807032855968336
ENSG00000232119	8.305625706439088
ENSG00000171155	8.472734691372716
ENSG00000236446	8.056246985397207
ENSG00000278646	0.3935260322283555
ENSG00000226685	0.0605304084540542
ENSG00000230347	0.03942279635377451
ENSG00000228517	0.04491400058792848
ENSG00000226023	0.921629329369472
ENSG00000236371	0.1228913742068159
ENSG00000182890	7.630077862875414
ENSG00000125675	8.684180299025629
ENSG00000125676	7.925012202403655
ENSG00000101966	8.560953069882565
ENSG00000101972	8.623739830561119
ENSG00000183918	10.114020259857302
ENSG00000009694	8.112771135220642
ENSG00000198354	7.413371668066205
ENSG00000198889	6.058964533249488
ENSG00000183631	7.6383016049396755
ENSG00000123165	5.40973035386445
ENSG00000102038	9.456961224602235
ENSG00000122126	8.968978034998873
ENSG00000171388	10.693666871644728
ENSG00000122121	10.286091451705216
ENSG00000122122	9.428498976174673
ENSG00000188706	9.523806682355527
ENSG00000156697	7.054727702602498
ENSG00000085185	6.573133145639846
ENSG00000102034	8.037283882844797
ENSG00000156709	9.297421364109747
ENSG00000134594	8.080055165837873
ENSG00000056277	6.158177147019482
ENSG00000102078	5.732745179977326
ENSG00000147262	8.310833356754063
ENSG00000134597	7.173445419475539
ENSG00000165675	7.3746069605167515
ENSG00000147256	13.179900083723725
ENSG00000147255	11.81702560414174
ENSG00000171054	6.181081572163125
ENSG00000134602	8.834884872906262
ENSG00000165694	6.701075895352394
ENSG00000123728	10.860793900995887
ENSG00000076770	9.140010570087084
ENSG00000171004	9.090870025385296
ENSG00000134588	4.2360883612769396
ENSG00000183434	8.063778728920537
ENSG00000076716	10.824723312519417
ENSG00000147257	13.359534844735359
ENSG00000203952	6.758024984580549
ENSG00000156531	8.170258182267293
ENSG00000165704	10.524604731719759
ENSG00000170965	7.664764928043736
ENSG00000156504	9.502037855477749
ENSG00000156500	5.504495150991902
ENSG00000101928	8.722036409544751
ENSG00000184785	8.282069003431978
ENSG00000212747	8.97258006723563
ENSG00000134590	11.541022019233171
ENSG00000203950	11.57318255515523
ENSG00000196972	8.806385642505509
ENSG00000224107	4.450881315273369
ENSG00000169551	5.775471993926238
ENSG00000186376	6.24843616922916
ENSG00000238210	4.3847405872923835
ENSG00000173275	5.820347158715754
ENSG00000178947	9.006607707060953
ENSG00000165359	7.08403174832952
ENSG00000268940	7.540447867002047
ENSG00000269096	3.207945436736958
ENSG00000228836	4.932559969169498
ENSG00000278289	0.1243874400564614
ENSG00000271449	0.2859382705453704
ENSG00000273696	0.18760544896757475
ENSG00000278085	0.10868560039785166
ENSG00000270946	0.2498877186843806
ENSG00000269586	7.526374769633659
ENSG00000181433	6.527256832758008
ENSG00000169446	7.694927510145801
ENSG00000198689	7.400714043389872
ENSG00000022267	12.678284625815625
ENSG00000129680	6.037685023742078
ENSG00000156920	4.451540833017832
ENSG00000102239	6.230308817724532
ENSG00000102241	10.671275813369832
ENSG00000102243	10.848763732620984
ENSG00000102245	6.351635467630309
ENSG00000129675	8.918939530112992
ENSG00000147274	8.81966807100947
ENSG00000165370	8.190679979558132
ENSG00000156925	6.884782351001543
ENSG00000129682	5.245863172035604
ENSG00000101981	10.188198098543051
ENSG00000101977	7.462299916685693
ENSG00000101974	7.803049265492738
ENSG00000203933	6.526381862561924
ENSG00000134595	7.904056839389293
ENSG00000227234	11.276560048792437
ENSG00000182195	10.787063570522731
ENSG00000198573	9.85703843992582
ENSG00000198021	4.591709185916863
ENSG00000203926	5.314599612929643
ENSG00000196406	8.452747325343077
ENSG00000165509	5.389778199506973
ENSG00000155495	8.722895120563281
ENSG00000046774	9.916667321116046
ENSG00000189326	7.153805336079036
ENSG00000189252	8.597307691140985
ENSG00000179542	6.697406579950235
ENSG00000268988	4.098453246309274
ENSG00000203923	5.031659854308054
ENSG00000185985	7.136847477039306
ENSG00000235699	2.9099650667579686
ENSG00000224440	1.3207734769458703
ENSG00000102081	7.88811683120153
ENSG00000176988	8.848646979893218
ENSG00000155966	7.875715142557989
ENSG00000010404	10.273795599214264
ENSG00000241489	5.397401192066503
ENSG00000197620	7.19377174339668
ENSG00000267978	5.472246413549945
ENSG00000268738	2.529071299829111
ENSG00000269556	6.309960043066095
ENSG00000185247	7.444138045662655
ENSG00000171116	2.716771456418223
ENSG00000123584	5.003429090962646
ENSG00000156009	7.708403516489965
ENSG00000197021	8.205548911173034
ENSG00000013619	7.601421868465359
ENSG00000171100	7.218305235186841
ENSG00000063601	7.623713090967472
ENSG00000102181	9.694384909711676
ENSG00000029993	11.829943653683085
ENSG00000102195	10.948791668049893
ENSG00000160131	8.808208890728695
ENSG00000166049	7.858034574783897
ENSG00000130032	9.059099392643654
ENSG00000147378	13.311015348356598
ENSG00000183862	7.299727704179545
ENSG00000147381	11.172873522491066
ENSG00000102287	9.37051525859479
ENSG00000124260	8.857526997458706
ENSG00000011677	8.627184749126982
ENSG00000268089	10.323189332219703
ENSG00000221867	9.192227276072522
ENSG00000268902	6.370352108607995
ENSG00000183305	2.8248965003414455
ENSG00000198930	10.411098378246498
ENSG00000213401	8.958161439108425
ENSG00000268606	1.6793974052947835
ENSG00000268916	7.127784572019539
ENSG00000197172	8.963799014685058
ENSG00000147400	10.010961157393131
ENSG00000147383	10.253914960865627
ENSG00000147394	10.210491001453343
ENSG00000198883	10.066674033351832
ENSG00000183837	9.06775385854851
ENSG00000235961	8.376186606513295
ENSG00000198681	9.133767092163591
ENSG00000278803	0.39859392363003854
ENSG00000225110	7.602142090697982
ENSG00000063587	10.178082800049594
ENSG00000214897	8.032912726835477
ENSG00000189420	6.016639054749735
ENSG00000183479	7.493455200926176
ENSG00000213397	7.543322181477701
ENSG00000182492	14.358224898465503
ENSG00000067842	7.688973536780551
ENSG00000262919	8.483971911924476
ENSG00000130829	9.750549665773683
ENSG00000130822	9.035065209305289
ENSG00000130821	10.588925343178047
ENSG00000185825	11.21238447111362
ENSG00000101986	9.597327522515528
ENSG00000198753	8.411411588598709
ENSG00000184343	7.378200018477305
ENSG00000067829	9.549379169151857
ENSG00000180879	11.056226395615994
ENSG00000067840	9.7929294664102
ENSG00000198910	10.845142436315953
ENSG00000126895	7.6168218004450114
ENSG00000089820	9.27567677333489
ENSG00000102030	8.338603117548239
ENSG00000102032	9.762513120385051
ENSG00000172534	8.307504834344646
ENSG00000177854	7.6008189686776495
ENSG00000184216	10.023383594385873
ENSG00000169057	6.564228764778992
ENSG00000102076	6.879737092298853
ENSG00000268221	2.740429018033577
ENSG00000166160	0.12064390061770706
ENSG00000269433	0.05935809503740305
ENSG00000278057	2.3408470770504137
ENSG00000007350	11.527544682869422
ENSG00000196924	13.363163331843767
ENSG00000102119	10.052845490585907
ENSG00000147403	13.530284400316601
ENSG00000013563	6.94426651105575
ENSG00000102125	7.815032368302071
ENSG00000071553	10.039125777917887
ENSG00000203879	10.085079700384613
ENSG00000071859	10.59418621148616
ENSG00000130827	8.121121095044609
ENSG00000196976	9.940516545413843
ENSG00000102178	9.374280759314114
ENSG00000126903	9.348722261914729
ENSG00000071889	8.53639002323078
ENSG00000160211	11.176377760449379
ENSG00000269335	6.0849144048488
ENSG00000268651	3.9491538359804466
ENSG00000184033	4.028494233659282
ENSG00000126890	10.382997566036932
ENSG00000160219	8.175800687214544
ENSG00000130826	9.934193876062071
ENSG00000130830	8.175474318067112
ENSG00000203870	3.1676790618613513
ENSG00000185010	9.347982182358717
ENSG00000274183	6.750900065233113
ENSG00000277203	8.103433046683731
ENSG00000165775	9.417413721615375
ENSG00000182712	1.1087875198676074
ENSG00000214827	6.677596401127562
ENSG00000185515	10.32572140627838
ENSG00000155959	9.327204096750384
ENSG00000155961	6.119056604757089
ENSG00000155962	9.194959962085013
ENSG00000277858	3.1979755270827246
ENSG00000274791	1.2292756908849392
ENSG00000277150	2.679820488409403
ENSG00000277745	2.0415934486591825
ENSG00000185973	6.051275964308466
ENSG00000168939	6.8433737941994615
ENSG00000124333	9.105753872862177
ENSG00000124334	8.724730047285703
ENSG00000176269	1.3798427818327001
ENSG00000172748	5.5447326559326235
ENSG00000147364	7.340494553196003
ENSG00000180190	7.6544982024206085
ENSG00000104714	6.760726092740832
ENSG00000198010	8.297826222880932
ENSG00000182372	7.249224706604698
ENSG00000104728	7.452035273546195
ENSG00000176595	8.047041086043603
ENSG00000036448	9.772644483605434
ENSG00000183117	5.914933870585707
ENSG00000147316	5.527965066070492
ENSG00000091879	9.516584117428273
ENSG00000155189	7.904360962383879
ENSG00000275591	4.94988488322706
ENSG00000164825	15.767714513256289
ENSG00000164822	14.862105228703545
ENSG00000164821	10.489485300362233
ENSG00000206047	4.575917361118149
ENSG00000240247	5.4252578719992135
ENSG00000239839	12.43540982316332
ENSG00000164816	17.27350166618698
ENSG00000230549	2.1521834190550453
ENSG00000236125	0.4686114860025414
ENSG00000215372	3.0849146597679384
ENSG00000177257	9.014020470314934
ENSG00000177243	4.284212251119447
ENSG00000164871	8.716779507246839
ENSG00000177023	2.496034828701194
ENSG00000187082	1.821180655604722
ENSG00000186599	2.2271693468378153
ENSG00000198129	0.7497036830009044
ENSG00000255251	1.848875523927355
ENSG00000255378	0.6785281770720699
ENSG00000186572	2.231563996265564
ENSG00000186562	4.842967074126755
ENSG00000186579	2.1887758607127346
ENSG00000176782	2.085717934343507
ENSG00000178287	8.031134401396507
ENSG00000176797	4.1125859840996215
ENSG00000171711	11.825456242481847
ENSG00000215356	3.2105447219555083
ENSG00000237038	0.5438164659964315
ENSG00000225327	1.4372118127814622
ENSG00000275342	8.56446913358599
ENSG00000253958	10.001575014369354
ENSG00000147324	8.397628646261438
ENSG00000104626	8.010814075700235
ENSG00000173281	9.031011970719215
ENSG00000173273	8.054452397442617
ENSG00000175806	7.736489903127306
ENSG00000253649	7.029680069214631
ENSG00000184647	6.105594275795191
ENSG00000183638	6.385328783152294
ENSG00000171060	4.478324711485028
ENSG00000171056	8.868513923895463
ENSG00000258724	0.8146065380888493
ENSG00000254093	8.496721196450439
ENSG00000171044	5.85093581704366
ENSG00000104643	7.219050603093127
ENSG00000177710	5.172319887433761
ENSG00000154319	9.905322144129642
ENSG00000136573	7.940386791540645
ENSG00000136574	10.204536886651866
ENSG00000154328	8.424961961787886
ENSG00000079459	10.895774409033868
ENSG00000164733	14.047138781334038
ENSG00000205884	4.332145831395486
ENSG00000205883	7.738973395265462
ENSG00000205882	5.118110505607367
ENSG00000233050	0.34309828716917984
ENSG00000215343	2.738322954749555
ENSG00000226430	3.678233829399313
ENSG00000223443	4.554588851677638
ENSG00000186523	5.151661604551828
ENSG00000232948	0.3850543542957591
ENSG00000145002	4.126686152057657
ENSG00000154359	8.310981054811243
ENSG00000250305	7.95303237725324
ENSG00000164741	8.097776430740621
ENSG00000164743	7.26925264045449
ENSG00000185053	6.614021667846847
ENSG00000104723	9.278979574322266
ENSG00000038945	8.719500171526311
ENSG00000078579	9.257015089817292
ENSG00000155970	7.146695948030656
ENSG00000104219	8.412982234999408
ENSG00000198791	7.70252071869819
ENSG00000155975	7.621674048121665
ENSG00000003987	8.04447248059754
ENSG00000003989	11.677657838032772
ENSG00000104213	9.498062930159938
ENSG00000129422	9.620130905254635
ENSG00000104760	12.887931046429268
ENSG00000078674	8.4686576134855
ENSG00000104763	11.396067167232832
ENSG00000171428	12.626983965976109
ENSG00000156006	9.034721103634396
ENSG00000156011	8.741683377491334
ENSG00000104611	7.763435351464057
ENSG00000147408	8.957638458530331
ENSG00000104613	7.624694571335697
ENSG00000175445	11.622244530071598
ENSG00000036565	10.748987414155023
ENSG00000147416	9.488436790691834
ENSG00000061337	9.837100898487126
ENSG00000168546	8.708675954029232
ENSG00000147443	7.776779823778439
ENSG00000130227	8.13559525134036
ENSG00000158806	7.383732530839967
ENSG00000158815	9.325462083468548
ENSG00000158856	9.154990282372346
ENSG00000158863	7.791814071161826
ENSG00000275074	7.369434002778193
ENSG00000168453	9.334291967550525
ENSG00000168476	8.837906770323835
ENSG00000168481	9.295154887417146
ENSG00000168484	15.537897478679422
ENSG00000168487	8.632735595586428
ENSG00000168490	10.029287226968245
ENSG00000168495	7.679708971294938
ENSG00000197181	6.944053685794931
ENSG00000104635	10.682215643397127
ENSG00000120910	7.211401637418471
ENSG00000120896	8.750994285833066
ENSG00000120913	6.908092340818271
ENSG00000248235	1.9080105003244956
ENSG00000241852	7.69304706844948
ENSG00000158941	8.796394579888881
ENSG00000147439	6.682368324337966
ENSG00000179388	9.225107508139981
ENSG00000134020	10.372414401654588
ENSG00000008853	8.884426842927644
ENSG00000120889	8.678800513701587
ENSG00000173535	6.654206377944292
ENSG00000173530	8.663913842115978
ENSG00000104689	7.275881989512832
ENSG00000147457	7.811136112940207
ENSG00000104679	7.840409788766052
ENSG00000134013	11.108895188743189
ENSG00000197217	7.837291186656133
ENSG00000147454	8.760137497919821
ENSG00000167034	12.252270323227837
ENSG00000180053	5.370571959971434
ENSG00000159167	13.201081776048703
ENSG00000042980	8.424434382983078
ENSG00000134028	10.73047013718422
ENSG00000069206	8.388924076993083
ENSG00000104722	11.761966695382092
ENSG00000277586	11.888342225008927
ENSG00000147459	7.551124535606674
ENSG00000147437	6.78135971352466
ENSG00000104756	7.49835656352507
ENSG00000184661	7.322018348527225
ENSG00000221818	8.208621760676271
ENSG00000221914	7.319813533207672
ENSG00000104765	10.05627384865618
ENSG00000240694	9.180582543270301
ENSG00000092964	10.176213977401586
ENSG00000120907	5.804762330607358
ENSG00000015592	9.57723998124696
ENSG00000104228	7.559950612713083
ENSG00000120899	8.77082904603249
ENSG00000120903	9.106396719535649
ENSG00000120915	8.160395774210846
ENSG00000120885	15.417671955002488
ENSG00000168077	10.619512718456642
ENSG00000147419	7.326937931574056
ENSG00000171320	5.957751962394889
ENSG00000168078	8.187204230515047
ENSG00000168079	10.423616073966757
ENSG00000189233	6.799823818124355
ENSG00000134014	9.940208249705181
ENSG00000168081	10.440435773485742
ENSG00000186918	9.560719882420825
ENSG00000214050	4.9235645178278356
ENSG00000104290	7.015979491078251
ENSG00000012232	7.729118401790968
ENSG00000104299	6.785419739762455
ENSG00000147421	7.5158822229390605
ENSG00000197892	8.476595435552854
ENSG00000120875	11.848998816834586
ENSG00000133872	12.000113747815343
ENSG00000104660	7.953866764327234
ENSG00000177669	6.9590914636846435
ENSG00000104671	8.94304583642189
ENSG00000157110	9.07245578241472
ENSG00000197265	7.963591677439379
ENSG00000253457	6.474418131024786
ENSG00000104687	10.273590701610294
ENSG00000104691	7.750874439656846
ENSG00000104695	8.691623111599888
ENSG00000133863	6.10244817792658
ENSG00000172733	5.936829515016142
ENSG00000165392	6.687899260449478
ENSG00000157168	8.643013124032272
ENSG00000172728	6.949031032611136
ENSG00000129696	7.34658199265772
ENSG00000198042	8.237437891806172
ENSG00000133874	8.936343481395488
ENSG00000133878	9.21263931073625
ENSG00000156687	7.019880039763085
ENSG00000215262	6.766766866489147
ENSG00000183779	12.818047598900328
ENSG00000147475	11.136880437360116
ENSG00000147471	10.905019598673793
ENSG00000020181	9.567700809620106
ENSG00000104221	8.516935355065582
ENSG00000156675	10.235801127475765
ENSG00000169154	6.039796407620025
ENSG00000188778	6.275752048828529
ENSG00000187840	12.398043988594278
ENSG00000129691	10.664572557090036
ENSG00000147465	14.414090596089698
ENSG00000175324	10.114251893856304
ENSG00000156735	9.381983856672205
ENSG00000085788	8.937116587147704
ENSG00000147535	10.36465476158968
ENSG00000147548	9.3142635530574
ENSG00000165046	7.044792617666738
ENSG00000077782	10.213967202014022
ENSG00000196166	5.119807610466926
ENSG00000147526	9.1610306442788
ENSG00000169499	8.456832734552027
ENSG00000169495	7.4521016467690435
ENSG00000169490	10.303820178978423
ENSG00000168615	9.901839677024885
ENSG00000197140	7.205548911173033
ENSG00000168619	6.810630061178375
ENSG00000104755	7.505120686954346
ENSG00000131203	11.064467786647226
ENSG00000188676	6.1089098209521
ENSG00000176907	12.272302080546183
ENSG00000165061	6.8939637071866064
ENSG00000104332	12.606370830340035
ENSG00000147533	10.565947160144997
ENSG00000147536	7.624676201414638
ENSG00000158669	10.35243619922589
ENSG00000165066	11.114649652816873
ENSG00000029534	8.769744029774797
ENSG00000083168	9.04490394605942
ENSG00000070718	10.44677354175789
ENSG00000104368	13.38122603542885
ENSG00000104365	10.170679140963545
ENSG00000070501	10.073451099274408
ENSG00000104371	14.98977570844437
ENSG00000078668	10.86131858331881
ENSG00000168575	10.086177031553976
ENSG00000176209	9.105952786588889
ENSG00000147432	5.327574725692902
ENSG00000147434	11.050229463717365
ENSG00000131931	7.6844181014782205
ENSG00000120925	7.3286182260713115
ENSG00000168172	8.458139110759682
ENSG00000254673	0.7988425354998931
ENSG00000168522	8.784422089081549
ENSG00000185900	8.714085535838585
ENSG00000165102	9.299959326407086
ENSG00000164808	7.918577803702107
ENSG00000221869	11.325867580575418
ENSG00000253729	9.37451677098514
ENSG00000104738	9.997954580754728
ENSG00000169139	8.385035918066329
ENSG00000034239	7.379019864754446
ENSG00000019549	10.400879436282183
ENSG00000168333	9.354101945021576
ENSG00000147481	5.938664523588652
ENSG00000147485	9.182989516829585
ENSG00000168300	8.86935094141735
ENSG00000147488	6.727798233036754
ENSG00000196711	7.910492832288714
ENSG00000023287	9.46941605663017
ENSG00000183729	7.529552002125549
ENSG00000082556	7.929530823609904
ENSG00000047249	8.546580820996263
ENSG00000147509	8.26432273804656
ENSG00000187735	9.189575662829304
ENSG00000120992	9.697927107496643
ENSG00000137547	10.686944293910653
ENSG00000164736	10.734533081357492
ENSG00000104237	6.407147800917933
ENSG00000206579	4.976823768034378
ENSG00000167904	6.363252051062938
ENSG00000137574	7.9680314899881886
ENSG00000254087	8.641148009301368
ENSG00000008988	15.293855240953299
ENSG00000172680	4.599820913631102
ENSG00000181690	7.446388749736192
ENSG00000170791	8.38068151071363
ENSG00000170786	9.053256724502951
ENSG00000181195	15.775672962707963
ENSG00000104331	9.203564495442377
ENSG00000169122	8.17581075226305
ENSG00000215114	8.42111672925794
ENSG00000167910	9.454627391036786
ENSG00000137575	12.41324254661463
ENSG00000035681	7.932250815514153
ENSG00000198846	8.261186301256624
ENSG00000178538	7.776096318999413
ENSG00000104388	9.397882805544882
ENSG00000171316	7.230592050881801
ENSG00000177182	5.082091678025833
ENSG00000198363	10.109279671244073
ENSG00000185942	5.2899053340565425
ENSG00000137563	11.936394727570077
ENSG00000137561	8.809871385544618
ENSG00000185728	8.554273462332239
ENSG00000180828	7.655347221022907
ENSG00000172817	7.752140410861168
ENSG00000104442	8.462254635204655
ENSG00000066855	8.044629874375135
ENSG00000205268	8.772252001954307
ENSG00000147570	8.51950087629615
ENSG00000147573	9.15152399406487
ENSG00000147571	13.139575849088029
ENSG00000179041	9.491447463081846
ENSG00000147576	7.612499945739441
ENSG00000169085	8.516655613316079
ENSG00000185697	7.198840766372898
ENSG00000175073	8.12232691823932
ENSG00000104205	8.751205809475826
ENSG00000178460	4.623505530212625
ENSG00000261787	7.173403622799827
ENSG00000178125	5.617382415872594
ENSG00000121022	7.523916381817187
ENSG00000104218	7.579716226515975
ENSG00000066777	8.56552965853561
ENSG00000165078	8.090890136096554
ENSG00000046889	9.32994630577352
ENSG00000165084	6.461473245527751
ENSG00000137573	11.296555209014059
ENSG00000137571	6.988121307136556
ENSG00000147596	9.222137603448758
ENSG00000140396	8.203576551561602
ENSG00000067167	11.871648546420957
ENSG00000147592	9.423687665604255
ENSG00000221947	6.4762082063464055
ENSG00000104313	8.251630158803474
ENSG00000178860	11.466772395482415
ENSG00000104321	10.652115736640093
ENSG00000182674	6.442346920689991
ENSG00000147601	8.364620049229055
ENSG00000164764	10.036532309878861
ENSG00000274443	5.2539892662307865
ENSG00000147604	13.441062588714447
ENSG00000121039	11.015711272224522
ENSG00000040341	7.456380190350417
ENSG00000258677	1.2141620233150319
ENSG00000104343	7.661364470735995
ENSG00000154582	8.187688227436452
ENSG00000175606	7.997515778154126
ENSG00000154589	11.126447878792595
ENSG00000104369	8.24611742356935
ENSG00000104381	10.779102251763403
ENSG00000137558	11.747087367969895
ENSG00000121005	13.326194883494127
ENSG00000164749	8.098374114781755
ENSG00000091656	8.580367458427451
ENSG00000164751	8.40344421492152
ENSG00000171033	9.2163978312589
ENSG00000104427	8.42192386713586
ENSG00000104432	6.776525061601975
ENSG00000104435	11.292664086359112
ENSG00000164683	9.821306521140562
ENSG00000147586	8.820769919844587
ENSG00000276418	4.0415480612317225
ENSG00000076554	10.041037479885226
ENSG00000205189	8.858290329497109
ENSG00000164684	7.690086582126596
ENSG00000076641	7.696191012387576
ENSG00000164687	13.357871512998887
ENSG00000147588	12.459105962371737
ENSG00000205186	11.80332391904149
ENSG00000170323	15.995281995910405
ENSG00000197416	6.368772043020334
ENSG00000133731	8.267222331483898
ENSG00000253598	6.198827614613056
ENSG00000104231	8.54013436875025
ENSG00000164695	9.269476481420593
ENSG00000104497	6.441615802550139
ENSG00000184672	6.786481793179575
ENSG00000133739	8.675933881348383
ENSG00000133740	6.767479442981428
ENSG00000176731	8.542681460936645
ENSG00000185015	7.023958406550969
ENSG00000133742	11.39941605404234
ENSG00000164879	13.31192135090048
ENSG00000104267	14.487250957778908
ENSG00000147614	10.92806157923822
ENSG00000147613	7.546033928999328
ENSG00000164893	8.272790818472853
ENSG00000123124	10.31085466536187
ENSG00000176623	8.470389100920174
ENSG00000085719	9.636401962690226
ENSG00000170289	4.327687364176047
ENSG00000176571	4.512226886513957
ENSG00000176566	8.826028074724256
ENSG00000156103	8.219037957189503
ENSG00000104312	8.659747729544476
ENSG00000164823	8.319251339533547
ENSG00000104320	8.35823473656099
ENSG00000104325	8.90637884608994
ENSG00000104327	11.669700011817865
ENSG00000180694	10.76248486060213
ENSG00000123119	8.085274209009015
ENSG00000253250	8.647818155927146
ENSG00000155099	8.283935811778292
ENSG00000155100	7.799353052781679
ENSG00000214954	5.354718918513996
ENSG00000147606	10.869898979589278
ENSG00000079102	7.33236000328328
ENSG00000205133	7.97441794486261
ENSG00000188343	7.271463027904375
ENSG00000183808	7.288099323248006
ENSG00000164953	6.760015821912754
ENSG00000164951	7.977546877756684
ENSG00000079112	11.216723816965414
ENSG00000164949	11.147204924942228
ENSG00000197275	5.9334723526925615
ENSG00000265817	4.205548911173033
ENSG00000164944	7.952686684875102
ENSG00000104413	9.185298679369259
ENSG00000156162	7.956964269302687
ENSG00000164941	7.591222184852547
ENSG00000175305	7.159587057040657
ENSG00000156170	8.176431885201847
ENSG00000164938	9.908933798796362
ENSG00000175895	9.799621153001045
ENSG00000156172	5.972872105136073
ENSG00000156466	9.329499929251826
ENSG00000156467	8.763552968983115
ENSG00000156469	8.605583577858106
ENSG00000156471	9.085910573461458
ENSG00000169439	10.84314542189984
ENSG00000104324	9.8126043456328
ENSG00000180543	9.722638648443768
ENSG00000147649	9.164492731879728
ENSG00000104341	13.286914482919324
ENSG00000132561	11.241405949266676
ENSG00000156482	12.158900020248925
ENSG00000177459	8.983431444308968
ENSG00000132541	11.169889617801
ENSG00000104356	6.54327436277713
ENSG00000104361	8.831993186065391
ENSG00000104375	6.67422102902829
ENSG00000156486	5.090802429405476
ENSG00000164920	10.054768155449569
ENSG00000132549	8.316984207762957
ENSG00000164919	13.05968790633336
ENSG00000132554	7.577428828035749
ENSG00000156509	5.151371776253954
ENSG00000147669	10.189859268549105
ENSG00000104450	7.638274840315133
ENSG00000034677	9.937862613070939
ENSG00000186106	8.05443348729088
ENSG00000174226	9.823075986475343
ENSG00000070756	14.443323223842278
ENSG00000164924	11.59812607316398
ENSG00000120963	8.863247656624406
ENSG00000083307	8.2288033307179
ENSG00000104490	9.704839337683772
ENSG00000048392	8.327523381208296
ENSG00000104517	9.049203208424181
ENSG00000155087	10.787086324551616
ENSG00000155090	9.437127844272807
ENSG00000155096	9.5598286232666
ENSG00000155097	9.175727001814826
ENSG00000164929	10.483295264544957
ENSG00000164930	9.425925694541675
ENSG00000164932	11.276711576345038
ENSG00000164933	7.773870569458984
ENSG00000164934	7.496384245637487
ENSG00000176406	6.857855596252982
ENSG00000147647	9.466864513885705
ENSG00000164935	10.055956748598762
ENSG00000147650	6.608192351800431
ENSG00000169946	6.781866011733656
ENSG00000164830	8.177882263173306
ENSG00000174429	8.503428246591971
ENSG00000154188	8.287889071552577
ENSG00000147655	7.461412452581055
ENSG00000104408	10.349988735497396
ENSG00000104412	7.799129528438245
ENSG00000164841	5.825540042298605
ENSG00000174417	4.182357749394976
ENSG00000120526	7.984365691718772
ENSG00000120533	7.439479260608693
ENSG00000205038	9.761517886802434
ENSG00000147654	7.709884204053762
ENSG00000147642	8.778522117116484
ENSG00000164794	5.616769366293503
ENSG00000164796	6.9995931990819535
ENSG00000104447	11.126107066977012
ENSG00000147677	11.19606009181482
ENSG00000147679	7.525058061804396
ENSG00000164754	10.944103092867225
ENSG00000205002	11.675575350759463
ENSG00000164756	11.597889671676816
ENSG00000164758	7.425210391173468
ENSG00000182197	7.854541268626286
ENSG00000177570	7.272469766983344
ENSG00000164761	10.087278573346145
ENSG00000184374	8.168717953235776
ENSG00000147676	12.59348353090657
ENSG00000136999	13.4430664922315
ENSG00000136960	11.556330237347682
ENSG00000064313	7.613378093420777
ENSG00000136982	6.9023515407339255
ENSG00000155792	9.613479748596314
ENSG00000187955	11.02341977686677
ENSG00000172172	9.727790899709166
ENSG00000172167	5.634883636775385
ENSG00000172164	8.96806058249879
ENSG00000170961	11.187188222706013
ENSG00000178764	8.752723543330626
ENSG00000136986	8.457525669208929
ENSG00000156787	5.598080481782714
ENSG00000147689	10.621919581946834
ENSG00000189376	6.665094065131149
ENSG00000259305	4.993705045545737
ENSG00000165156	7.462402324012988
ENSG00000156802	8.800730831799699
ENSG00000156795	8.14202473104365
ENSG00000156804	10.22728140702878
ENSG00000175946	8.613756775379187
ENSG00000104537	9.69698511616193
ENSG00000176853	8.643197222565352
ENSG00000214814	9.289013616700652
ENSG00000164983	7.922600600407166
ENSG00000183665	8.154187949996585
ENSG00000170881	9.378296837250899
ENSG00000147687	7.293816507941234
ENSG00000147684	10.96205281447092
ENSG00000170873	9.413150174162137
ENSG00000180938	6.407258858061634
ENSG00000104549	10.812912433422705
ENSG00000164961	9.43050123274474
ENSG00000156831	7.7917255537692975
ENSG00000173334	11.174957689528679
ENSG00000168672	11.1518647654915
ENSG00000212993	7.8563933165892585
ENSG00000136997	11.172427508645482
ENSG00000147697	8.75437919117494
ENSG00000153310	8.936885203319754
ENSG00000153317	8.5798386515641
ENSG00000155897	7.647736879125267
ENSG00000132294	9.14953840647076
ENSG00000253117	3.73768676140986
ENSG00000258417	4.477808740298285
ENSG00000132297	7.445437108688417
ENSG00000184156	7.762826821555549
ENSG00000129295	8.495035229879377
ENSG00000165071	7.711936434168726
ENSG00000129292	7.031412575067933
ENSG00000042832	16.09123101332469
ENSG00000155926	8.379586594730638
ENSG00000104415	9.82110299061703
ENSG00000104419	12.265661683946519
ENSG00000008513	8.961749642301516
ENSG00000066827	7.600656307826301
ENSG00000131773	7.825912798784975
ENSG00000147724	6.664540657076861
ENSG00000169436	9.702779390998195
ENSG00000169427	7.022367813028454
ENSG00000167632	7.7292089530781425
ENSG00000104472	8.615963939447827
ENSG00000123908	8.068824311212339
ENSG00000169398	7.92655348260657
ENSG00000105339	8.87447713005841
ENSG00000022567	8.527720988234645
ENSG00000204882	7.1474405866287904
ENSG00000184489	10.61551153545232
ENSG00000226490	6.604516165146528
ENSG00000171045	8.089595347726087
ENSG00000181790	9.487493064456933
ENSG00000198576	12.300320616707676
ENSG00000234616	5.892743280449483
ENSG00000167653	14.990553906456753
ENSG00000160886	9.083479327331842
ENSG00000130193	8.911155748394343
ENSG00000126233	12.437803172311805
ENSG00000197353	13.090070002661413
ENSG00000180155	10.10000096017104
ENSG00000167656	13.366678162039074
ENSG00000104499	6.8925537276024595
ENSG00000160882	14.459623726102135
ENSG00000179142	11.539643506238036
ENSG00000160932	13.11543332718068
ENSG00000261667	11.631912071419968
ENSG00000176956	11.13626701825071
ENSG00000277494	8.757133032943388
ENSG00000181638	5.397350894385463
ENSG00000264668	0.8939091909180301
ENSG00000250571	7.759118155644544
ENSG00000185730	5.961819092293874
ENSG00000184428	7.582803717644697
ENSG00000158106	8.968569847460692
ENSG00000182759	9.334150482439593
ENSG00000014164	8.270601116973518
ENSG00000104518	8.388824072621611
ENSG00000204839	8.885224431990553
ENSG00000147813	10.42463088199915
ENSG00000104529	8.149747119504681
ENSG00000179886	6.617775427339462
ENSG00000104524	8.003934856613125
ENSG00000104522	9.538442531620612
ENSG00000183309	7.254035241095608
ENSG00000181135	5.667612919590818
ENSG00000255181	5.304127245710233
ENSG00000181085	10.246595668009212
ENSG00000180921	9.65611032318405
ENSG00000203499	8.605363770068161
ENSG00000180900	9.724603269936209
ENSG00000179950	10.540988390939127
ENSG00000185189	9.050936965225226
ENSG00000261150	7.481531241996098
ENSG00000178209	11.080605071109629
ENSG00000178685	8.914086750551693
ENSG00000178719	11.462961772432859
ENSG00000186583	7.930145947908821
ENSG00000178814	8.010108453474288
ENSG00000178896	10.135767342982465
ENSG00000197858	10.557652124869414
ENSG00000179091	11.115620458713622
ENSG00000179526	9.358775737479268
ENSG00000179632	10.185228202427846
ENSG00000179698	6.281698250098829
ENSG00000235173	8.48747546068564
ENSG00000179832	8.240791332161956
ENSG00000261236	9.674048699335854
ENSG00000260428	11.773892405373365
ENSG00000185122	9.268804262998316
ENSG00000185000	9.883807003636841
ENSG00000261678	8.042753760977197
ENSG00000261587	7.145677455195635
ENSG00000271698	3.572889845884221
ENSG00000185803	9.79561617352081
ENSG00000182325	7.611494850411469
ENSG00000173137	7.758286698428146
ENSG00000071894	8.974707095901953
ENSG00000147804	9.912052605193697
ENSG00000160948	9.413947685773376
ENSG00000160949	7.3850797027270305
ENSG00000187954	7.515303907777507
ENSG00000167702	9.53021123329988
ENSG00000160973	8.893855852365615
ENSG00000160972	8.18148993857454
ENSG00000167701	9.154743089465438
ENSG00000167700	9.036163156450417
ENSG00000160957	8.091971615495629
ENSG00000160959	6.551516017628014
ENSG00000254402	1.4838708686653814
ENSG00000213563	8.402144096775514
ENSG00000147799	7.8507311227348975
ENSG00000198169	7.474873774478226
ENSG00000196378	6.401073465253906
ENSG00000161016	14.342289733710478
ENSG00000197363	6.388079596362895
ENSG00000147789	6.3891695969294755
ENSG00000170619	7.917365165411109
ENSG00000196150	6.203194002619301
ENSG00000170631	5.81835620366073
ENSG00000182307	9.819974188985825
ENSG00000181404	7.317489760621447
ENSG00000170122	4.601964310055072
ENSG00000172785	4.793831205947009
ENSG00000107099	8.258136444313582
ENSG00000107104	9.61269251501644
ENSG00000137090	6.939339707984686
ENSG00000064218	6.6986687483269565
ENSG00000173253	9.425456770297304
ENSG00000080503	9.364146734376536
ENSG00000147852	8.225660225589092
ENSG00000168263	9.410716515929638
ENSG00000080608	10.567132123548372
ENSG00000080298	8.188522114637028
ENSG00000107249	7.150736872946882
ENSG00000106688	10.700588181220468
ENSG00000106686	6.238803756965106
ENSG00000205808	8.181014989330107
ENSG00000106993	7.733217613490718
ENSG00000147853	10.589108865182894
ENSG00000120158	8.648177795724818
ENSG00000096968	9.299514981160101
ENSG00000120210	7.507389951620937
ENSG00000120211	8.42775391148262
ENSG00000107014	10.22504094269962
ENSG00000107018	12.51307806793042
ENSG00000107020	10.106280298232914
ENSG00000120217	9.352763055135837
ENSG00000197646	9.298062246899086
ENSG00000107036	7.62473417943666
ENSG00000099219	10.974372601212917
ENSG00000183354	8.284032242251229
ENSG00000120215	12.098064533373869
ENSG00000137040	8.523035068523527
ENSG00000137033	9.833490306144647
ENSG00000170777	8.14108531856233
ENSG00000147854	8.095639430727385
ENSG00000178445	9.320331092570694
ENSG00000107077	6.108524456778169
ENSG00000137038	9.070833770011657
ENSG00000153707	8.375813669793686
ENSG00000107165	14.447063697794368
ENSG00000153714	10.382760486890485
ENSG00000107186	7.30130384337315
ENSG00000147862	8.827209578358657
ENSG00000175893	9.512930925283184
ENSG00000147869	11.329325620890552
ENSG00000164946	7.954616465978042
ENSG00000155158	7.229602775474633
ENSG00000164975	8.101719517866636
ENSG00000164985	9.607081805162942
ENSG00000164989	5.645641263023449
ENSG00000205549	6.689906064838527
ENSG00000173068	7.421879238079292
ENSG00000044459	7.753855921389731
ENSG00000107295	9.608439652551588
ENSG00000178031	7.603105471057006
ENSG00000155875	7.569096095262135
ENSG00000155876	10.502798812943785
ENSG00000147874	7.53256824025144
ENSG00000147872	11.861976652546014
ENSG00000137145	8.660565348759766
ENSG00000137154	14.220470793788232
ENSG00000177076	9.29408995230595
ENSG00000155886	8.000395204798874
ENSG00000171843	8.015897016107246
ENSG00000188352	8.487041774833619
ENSG00000188921	7.074458961211999
ENSG00000171855	3.7827598123498385
ENSG00000177047	3.191256436628199
ENSG00000137080	4.089936762634743
ENSG00000236637	3.361415231885326
ENSG00000214042	2.7504961149668183
ENSG00000186803	1.503635786684697
ENSG00000147885	2.8782987988553135
ENSG00000234829	1.9627713845527393
ENSG00000228083	4.956990198274643
ENSG00000147873	2.9181234621044925
ENSG00000198642	8.913246982210111
ENSG00000120235	1.7179559457881262
ENSG00000233816	2.1524132288827245
ENSG00000188379	1.7327502964319932
ENSG00000120242	2.041242982231881
ENSG00000197919	2.9480575414908023
ENSG00000184995	7.308651224048989
ENSG00000264545	3.0485145166640764
ENSG00000099810	7.062450054925946
ENSG00000147889	9.638945120307099
ENSG00000147883	8.997360149056934
ENSG00000176399	6.422421157928703
ENSG00000107105	7.77828557776797
ENSG00000205442	8.823073543547958
ENSG00000198680	9.098496185918995
ENSG00000120159	9.12577965344972
ENSG00000137055	8.817672465460184
ENSG00000096872	7.579847725293787
ENSG00000184434	7.731095665108245
ENSG00000120156	7.999289187494709
ENSG00000120160	6.842978831788326
ENSG00000120162	8.188659624775143
ENSG00000147896	8.742665396653592
ENSG00000147894	7.879973431354961
ENSG00000174482	6.310022920391307
ENSG00000122729	8.884312420509278
ENSG00000107201	9.270781613593229
ENSG00000197579	7.453198830190304
ENSG00000235453	5.84924870276441
ENSG00000165264	9.286099635417697
ENSG00000122728	3.9323047138441414
ENSG00000188133	8.87846906377452
ENSG00000137074	7.573260888436443
ENSG00000086061	11.473705749619416
ENSG00000122692	7.301098143250119
ENSG00000086062	11.337756491015526
ENSG00000122711	15.924886120453687
ENSG00000107262	9.14964143316669
ENSG00000086065	9.675085220520586
ENSG00000086102	7.500873566635573
ENSG00000165269	8.684748620421626
ENSG00000165272	13.055126807786822
ENSG00000165271	9.066087489049256
ENSG00000230453	6.71774793152291
ENSG00000010438	13.129605011152504
ENSG00000107341	8.872148955473381
ENSG00000137073	8.084944922990461
ENSG00000198876	8.556601078437126
ENSG00000165006	9.467896656791181
ENSG00000186638	6.036636291838316
ENSG00000164978	8.947740209459003
ENSG00000164976	8.397295308679972
ENSG00000164972	10.749495986942
ENSG00000164970	8.235713953162719
ENSG00000122735	7.547812966111467
ENSG00000168913	11.61725386902604
ENSG00000122756	10.11896444499082
ENSG00000164967	9.39182553988111
ENSG00000137100	8.422413092790281
ENSG00000205143	6.511335925309268
ENSG00000147955	11.11868463200772
ENSG00000213930	7.801546703356778
ENSG00000258728	0.8520460018938297
ENSG00000137070	8.994441022154268
ENSG00000213927	9.538576961920516
ENSG00000187186	8.246027980528105
ENSG00000172724	13.765679385084693
ENSG00000137077	13.40700959065028
ENSG00000205108	6.962317654942308
ENSG00000187791	7.465974464504069
ENSG00000122733	7.9666987741347395
ENSG00000137094	8.807029854601026
ENSG00000174038	8.06931549454008
ENSG00000165280	11.297198104854488
ENSG00000221829	8.025955343938266
ENSG00000165282	8.576551316005329
ENSG00000165283	11.330954517699189
ENSG00000005238	7.864912571817973
ENSG00000198722	8.763173668523876
ENSG00000198853	8.347209700891124
ENSG00000215187	12.351665805279875
ENSG00000107140	10.250821154315854
ENSG00000137101	7.433982272756794
ENSG00000137078	9.5307969593469
ENSG00000159884	8.815645604742672
ENSG00000137135	7.289673137814793
ENSG00000107159	13.038150634693631
ENSG00000198467	13.269736163759799
ENSG00000137076	11.643045074573987
ENSG00000107175	12.205128049043747
ENSG00000070610	9.971743338627764
ENSG00000107185	9.203704895565078
ENSG00000159899	8.016808287686555
ENSG00000137098	8.311067102255596
ENSG00000137133	8.768665068026317
ENSG00000137103	7.140889368645179
ENSG00000204930	5.8740592031411465
ENSG00000168828	3.6554461267283136
ENSG00000196196	10.339835136163023
ENSG00000235387	7.602317228425326
ENSG00000278889	1.7816442912062367
ENSG00000122707	9.253611151947169
ENSG00000122694	9.261403594365882
ENSG00000185972	8.844234987758751
ENSG00000122705	11.092822584941622
ENSG00000159921	8.705591502631252
ENSG00000137075	7.728265285165506
ENSG00000165304	8.338139484428662
ENSG00000196092	7.56665374415554
ENSG00000147905	7.272926058095238
ENSG00000137106	8.75764240166057
ENSG00000168795	7.265209911416481
ENSG00000137054	8.158372162025818
ENSG00000147912	5.887323063283263
ENSG00000256966	0.8337674028237205
ENSG00000175768	7.62966596306583
ENSG00000255872	3.4763087912173747
ENSG00000070601	6.360273844576629
ENSG00000165275	6.967125534297985
ENSG00000107371	7.567799344569932
ENSG00000122741	9.591453102421752
ENSG00000122696	6.554026271916743
ENSG00000107338	7.62099606117434
ENSG00000137124	11.031565825667414
ENSG00000137142	8.530384643060845
ENSG00000180071	7.041535959235929
ENSG00000106714	5.218006150284427
ENSG00000204849	4.502075956045791
ENSG00000183148	1.8235021853739224
ENSG00000273514	2.4078965487495276
ENSG00000215126	4.519793486241101
ENSG00000154529	3.9097731041416397
ENSG00000185775	3.726831217032493
ENSG00000276581	0.662661255475094
ENSG00000276040	2.0143552929770703
ENSG00000204805	3.434694940315791
ENSG00000170152	3.18515406100981
ENSG00000172014	2.786572965543058
ENSG00000204779	1.2627383921374498
ENSG00000147996	5.191436557282689
ENSG00000184659	2.225950496974318
ENSG00000276203	1.0328061450832418
ENSG00000274349	3.927883756155428
ENSG00000275969	2.6997737051843282
ENSG00000275493	4.901314037747853
ENSG00000260691	2.4400005812454877
ENSG00000196873	3.3466780912336285
ENSG00000187559	1.689280449189018
ENSG00000154330	9.963329616032572
ENSG00000181778	12.739585843657128
ENSG00000107242	8.816887389924911
ENSG00000187866	8.946265116474121
ENSG00000165059	6.971543553950772
ENSG00000165060	7.032302024000991
ENSG00000119139	9.681143858785708
ENSG00000135063	9.316876355308398
ENSG00000107282	7.132371198732537
ENSG00000188647	9.087364426507031
ENSG00000204711	8.293231378674285
ENSG00000165072	9.167405407160041
ENSG00000198887	9.564098329447509
ENSG00000119138	9.335263396071053
ENSG00000083067	6.589464193631484
ENSG00000135048	8.76655815125945
ENSG00000107362	7.892137478975881
ENSG00000155621	6.267101270718911
ENSG00000204669	6.760220946466509
ENSG00000119125	9.77921033252149
ENSG00000107372	10.405654453962384
ENSG00000165091	4.574040091490886
ENSG00000165092	13.27991561330303
ENSG00000135046	13.32206897619609
ENSG00000198963	8.04171820914046
ENSG00000119121	6.91044233545264
ENSG00000135045	6.645671937531719
ENSG00000156017	7.534723993780157
ENSG00000106733	7.157490249469366
ENSG00000134996	9.9509787881179
ENSG00000099139	7.768197225113333
ENSG00000135002	9.541377974358486
ENSG00000187210	9.358550415919224
ENSG00000106772	9.269632494905245
ENSG00000204612	6.003955704746657
ENSG00000197969	7.778301693577238
ENSG00000156049	7.45890855917443
ENSG00000156052	8.825225197982236
ENSG00000148019	6.2211343507906225
ENSG00000135069	10.990269517568022
ENSG00000106829	7.703211467391146
ENSG00000196781	8.897432915977122
ENSG00000189357	3.3074285251922473
ENSG00000186788	4.260778431893426
ENSG00000214929	6.084276910531492
ENSG00000165105	8.881690304145515
ENSG00000172159	9.194229809889382
ENSG00000148057	7.440596700247138
ENSG00000135018	8.39384008148237
ENSG00000165113	8.943686951597094
ENSG00000165115	6.508046807127953
ENSG00000165118	7.931393290850464
ENSG00000165119	9.988116934007854
ENSG00000178966	7.596307536183495
ENSG00000197506	8.045137535005344
ENSG00000148053	10.512191277605998
ENSG00000135049	7.90098725907416
ENSG00000135040	6.9382064056289146
ENSG00000135052	12.10214801603412
ENSG00000187753	6.360715425392931
ENSG00000135070	7.740354278981809
ENSG00000083223	8.77681227810597
ENSG00000180447	10.693702382540389
ENSG00000196730	9.31740277529168
ENSG00000135047	12.397304867081917
ENSG00000177992	5.623515741490549
ENSG00000156345	6.486169053427004
ENSG00000106723	8.975105631732406
ENSG00000130045	7.2967472614347
ENSG00000213694	9.249543707274325
ENSG00000148082	8.590687738994667
ENSG00000123975	11.17810344153623
ENSG00000187742	6.918599389203933
ENSG00000187764	8.609917445296311
ENSG00000130222	11.36021281842047
ENSG00000165023	9.154564982454229
ENSG00000165025	9.229180762761938
ENSG00000148090	8.748639583372398
ENSG00000165030	9.955782682636565
ENSG00000169071	7.720852925867176
ENSG00000090054	7.910258424258568
ENSG00000196305	8.699199476749735
ENSG00000198000	6.370358372695532
ENSG00000188312	5.606798011685096
ENSG00000106809	11.935178577023283
ENSG00000127083	9.317802824284337
ENSG00000106819	12.295294797249642
ENSG00000106823	9.067672652300788
ENSG00000127080	6.492013386873797
ENSG00000185963	9.013440731509242
ENSG00000127081	7.038828270894146
ENSG00000127084	8.782485608859663
ENSG00000157303	11.038415348496866
ENSG00000165233	9.365503183088887
ENSG00000131669	10.144671105971357
ENSG00000165238	7.914161430803406
ENSG00000204352	4.975521757061976
ENSG00000188938	8.291037568536314
ENSG00000048828	9.30359562463648
ENSG00000197724	7.60532990489283
ENSG00000131668	10.43149760425805
ENSG00000158079	6.262817101307805
ENSG00000175787	4.737521085187915
ENSG00000130950	4.392017700443354
ENSG00000148110	9.19303707937919
ENSG00000130957	9.36305798183241
ENSG00000165140	11.433125093927005
ENSG00000148120	7.633572414980576
ENSG00000158169	6.698100766300468
ENSG00000185920	8.912347694356631
ENSG00000182150	6.129696261239076
ENSG00000130948	7.278914019499939
ENSG00000130958	7.967010559225925
ENSG00000165244	7.878679946224592
ENSG00000130956	8.108954374235154
ENSG00000081377	6.517775815000072
ENSG00000158122	6.871887741868673
ENSG00000081386	6.080520245916178
ENSG00000196597	5.950937347772046
ENSG00000188152	4.050821508406375
ENSG00000136943	11.915814429134482
ENSG00000197816	6.344828496997441
ENSG00000196116	7.709827858977713
ENSG00000136842	9.423004188696863
ENSG00000136925	5.698932999864704
ENSG00000136937	7.800082153950368
ENSG00000136936	7.0982853781173505
ENSG00000178919	10.25332996653634
ENSG00000136932	5.426419942103154
ENSG00000136929	9.002393539441012
ENSG00000136938	10.683126698206129
ENSG00000095380	8.752998856788802
ENSG00000106785	8.121745090096303
ENSG00000106789	7.923784469439915
ENSG00000095383	8.791573283417748
ENSG00000136928	9.02779799269428
ENSG00000165138	6.82781902461732
ENSG00000119514	8.5784573128664
ENSG00000204291	10.829727125878055
ENSG00000106799	9.372498114679075
ENSG00000119523	8.142765254271676
ENSG00000106803	10.056398922808786
ENSG00000119508	9.5909612413426
ENSG00000136874	6.799766435583432
ENSG00000023318	8.123645927166748
ENSG00000119509	6.040251789187874
ENSG00000136891	6.651295424091873
ENSG00000066697	7.654794913412602
ENSG00000251349	1.4863127823692168
ENSG00000241697	7.06177619758669
ENSG00000170681	8.455126733978444
ENSG00000148123	9.37278352390161
ENSG00000136881	12.870102037361587
ENSG00000136897	7.424947291759761
ENSG00000136870	8.780938131248696
ENSG00000136872	15.497287666360874
ENSG00000165152	7.770043075654288
ENSG00000155827	7.478028686536154
ENSG00000198785	8.329694260824654
ENSG00000188386	7.84987419379562
ENSG00000155833	8.676662334857966
ENSG00000136824	9.393145859880505
ENSG00000186881	2.6649012454793146
ENSG00000148136	2.8525726792110953
ENSG00000204246	3.3373280355116997
ENSG00000186943	3.381559310241065
ENSG00000277556	2.3641750298406503
ENSG00000276119	1.8451341216895911
ENSG00000136839	1.9995848358869008
ENSG00000179055	4.774995806728197
ENSG00000136783	8.857100651216228
ENSG00000165028	7.442228524909076
ENSG00000165029	8.695220013819224
ENSG00000070214	8.681472140755544
ENSG00000106701	6.3596744474123525
ENSG00000106692	6.631131385035952
ENSG00000186051	5.963850432010801
ENSG00000095209	7.666458620566357
ENSG00000148143	7.399526261431532
ENSG00000119318	9.428193372451549
ENSG00000136826	10.91513244895065
ENSG00000148156	9.247215481657697
ENSG00000187003	10.147204924942228
ENSG00000070061	8.303880292338185
ENSG00000119328	7.478498792710023
ENSG00000119326	9.903315568745034
ENSG00000106771	8.187401522244283
ENSG00000260230	7.169362747556083
ENSG00000095203	7.617651119427331
ENSG00000070159	7.045613070679274
ENSG00000157654	4.259375649983
ENSG00000188959	8.566546967459772
ENSG00000136810	12.983658154345052
ENSG00000204193	5.2299723851122515
ENSG00000165124	8.879889521780559
ENSG00000030304	5.391517733416102
ENSG00000198121	9.628080946998802
ENSG00000171133	2.6147098441152083
ENSG00000136813	9.276754628022836
ENSG00000173258	6.09557311013061
ENSG00000106853	11.197682412139054
ENSG00000059769	6.993694630933719
ENSG00000244115	0.9406373052668358
ENSG00000242616	7.5864479814287495
ENSG00000165181	7.9360616985508905
ENSG00000148154	10.619253783678712
ENSG00000106868	7.335137104533284
ENSG00000119314	9.702935382604293
ENSG00000119471	9.905950392469746
ENSG00000165185	5.51149544294756
ENSG00000148153	7.395662723539529
ENSG00000148158	8.10676185464961
ENSG00000119457	10.0303087009975
ENSG00000136866	4.756606198240286
ENSG00000136867	5.674404153937691
ENSG00000119321	6.746505339817868
ENSG00000136868	9.020841055100371
ENSG00000176386	6.931121550793366
ENSG00000136875	8.378514257913551
ENSG00000165188	8.830044999006203
ENSG00000148225	5.729986037459274
ENSG00000119411	11.116993677546981
ENSG00000119431	8.796040758630653
ENSG00000148218	9.043084494997121
ENSG00000148229	9.095021490942088
ENSG00000157653	7.783325684813521
ENSG00000138835	7.637483426679982
ENSG00000157657	6.5760827623427645
ENSG00000106927	14.604993404461698
ENSG00000136883	10.198834362691127
ENSG00000196739	9.93130685587549
ENSG00000229314	15.634908768443745
ENSG00000228278	13.860214044191483
ENSG00000106948	8.057881277044276
ENSG00000095397	8.209940680290192
ENSG00000136888	11.246095713805689
ENSG00000157693	7.353785622848385
ENSG00000230054	8.203103250236637
ENSG00000230601	7.2384047393250786
ENSG00000181634	7.831899248196382
ENSG00000106952	8.999046664475308
ENSG00000041982	12.69116336403206
ENSG00000182752	8.258330472612425
ENSG00000148219	8.646429433830994
ENSG00000119401	6.853601534681933
ENSG00000136869	8.676859014830216
ENSG00000078725	8.14675736909367
ENSG00000136861	8.435269610438796
ENSG00000106780	8.746293812958358
ENSG00000119402	7.254160130604305
ENSG00000214654	5.7633878844068684
ENSG00000095261	7.848146276475549
ENSG00000119403	7.535046856462193
ENSG00000056558	9.32871249522859
ENSG00000106804	9.8832147693617
ENSG00000119397	8.16208772810277
ENSG00000119396	8.907956294208594
ENSG00000148180	12.71853287606922
ENSG00000148175	11.357222399003154
ENSG00000136848	8.626439136697316
ENSG00000175764	5.334139178838237
ENSG00000119421	9.664492519190626
ENSG00000185681	8.878191073592031
ENSG00000106852	6.786112600884595
ENSG00000119446	7.404650511819241
ENSG00000148187	6.000465924044341
ENSG00000095303	10.591157711152821
ENSG00000136834	3.9151347670453696
ENSG00000197233	3.8799447240797167
ENSG00000239590	3.784995709450234
ENSG00000171505	9.334164253876997
ENSG00000171501	6.573865743889705
ENSG00000171496	5.119030446298219
ENSG00000165202	3.8678664992855065
ENSG00000280094	1.6974892271085733
ENSG00000173679	2.283354262651621
ENSG00000171481	2.494340029090422
ENSG00000136939	3.816118375320019
ENSG00000171459	3.094535698332708
ENSG00000148215	6.102758630913971
ENSG00000136940	7.16503430574495
ENSG00000165204	6.32614800072444
ENSG00000056586	7.065139663863563
ENSG00000186130	7.116153828505494
ENSG00000171448	6.124599514803741
ENSG00000011454	8.294756857476001
ENSG00000188394	3.0033937462199165
ENSG00000165209	7.267068044545602
ENSG00000148204	8.011609947723583
ENSG00000119522	6.158069279305359
ENSG00000106689	10.012931210767004
ENSG00000119408	9.167570013510156
ENSG00000136930	10.513805584234008
ENSG00000180264	7.518849828707692
ENSG00000136931	10.875262274851927
ENSG00000148200	8.444598667268707
ENSG00000185585	10.874196379723884
ENSG00000136918	9.599008937101507
ENSG00000136942	13.399084259867108
ENSG00000136950	8.012375358186313
ENSG00000136935	6.873843056395838
ENSG00000173611	6.3524725711152445
ENSG00000119414	9.672626697433667
ENSG00000136933	7.153541463543297
ENSG00000044574	12.61194694181998
ENSG00000165219	7.729459237000471
ENSG00000119487	7.857804461147374
ENSG00000167081	10.15072043668372
ENSG00000196814	8.460660664607602
ENSG00000136944	8.405606364560946
ENSG00000169155	6.6526298968407405
ENSG00000177125	6.302911048998315
ENSG00000136828	6.547081584704157
ENSG00000136859	11.85476928235064
ENSG00000136895	6.375560793169459
ENSG00000136856	7.84052974563861
ENSG00000196152	6.341037013352293
ENSG00000197958	12.92092690939141
ENSG00000148356	7.4779760278713665
ENSG00000136830	10.995558527359735
ENSG00000136854	9.750598783839704
ENSG00000187024	7.8060662260890314
ENSG00000160401	9.73961186364278
ENSG00000167094	6.762880292916999
ENSG00000160404	6.554183783620789
ENSG00000095370	8.009548726972257
ENSG00000136807	9.100083346702737
ENSG00000136877	9.249824548616184
ENSG00000106991	10.427086557179098
ENSG00000106992	9.590025580734611
ENSG00000257524	6.468841598860357
ENSG00000160408	8.62168560672668
ENSG00000136840	9.035648504610208
ENSG00000167103	6.0031721556029325
ENSG00000136908	9.66260409139684
ENSG00000167106	9.148434280015802
ENSG00000171169	5.360568149361898
ENSG00000148339	8.760886242784911
ENSG00000148334	9.290832416673016
ENSG00000148346	15.855118129010977
ENSG00000171159	10.379250562904872
ENSG00000148337	8.692117050594616
ENSG00000106976	9.435633140563654
ENSG00000167110	10.795586649531455
ENSG00000175854	9.25574064306002
ENSG00000167112	7.878170091533885
ENSG00000167113	8.382740591277269
ENSG00000167114	10.735140663657171
ENSG00000167118	9.408941953471064
ENSG00000167123	10.642051692927977
ENSG00000136811	9.513332823740127
ENSG00000119392	7.925312803270963
ENSG00000197694	9.175175262129516
ENSG00000119333	10.143490087595453
ENSG00000119335	10.083350349603137
ENSG00000160447	7.844198112075236
ENSG00000160446	8.759266611506868
ENSG00000160445	7.979114376978864
ENSG00000107021	7.593084350492676
ENSG00000167136	8.31388426360833
ENSG00000198917	6.9742898928982076
ENSG00000171097	7.035984086254852
ENSG00000136802	10.284792444188527
ENSG00000175287	7.75143094862016
ENSG00000251184	1.7538293269594605
ENSG00000175283	6.905622074134532
ENSG00000095319	7.871209005618298
ENSG00000148341	8.826548487290914
ENSG00000148343	7.2006534363674675
ENSG00000167130	7.426878760912465
ENSG00000095321	10.50985378274527
ENSG00000119383	9.854524888306946
ENSG00000188483	8.677984762983558
ENSG00000148335	7.501365320662421
ENSG00000179058	5.841721581128462
ENSG00000148331	7.337681240899213
ENSG00000167157	9.380970023735363
ENSG00000148344	11.813030954159641
ENSG00000136816	8.11533020359569
ENSG00000136827	7.151976370135037
ENSG00000136819	7.744659518987502
ENSG00000136878	7.485637416504271
ENSG00000187239	9.00276046930893
ENSG00000148358	7.949740894702327
ENSG00000107130	9.894059846274022
ENSG00000148357	7.733086969066934
ENSG00000130707	13.072135249513902
ENSG00000107164	7.3090234947531965
ENSG00000130711	5.704427401316361
ENSG00000130713	7.09840409300245
ENSG00000097007	9.161965265095962
ENSG00000188710	4.5861642459309095
ENSG00000130720	9.173902099921776
ENSG00000050555	8.84591322469566
ENSG00000126878	10.982911231334262
ENSG00000126883	7.31015831794782
ENSG00000126882	8.321622985067435
ENSG00000160539	7.442114122419225
ENSG00000130723	8.171097989174854
ENSG00000130714	7.170926525287385
ENSG00000130717	8.0765860154357
ENSG00000107263	8.016020475523781
ENSG00000160563	7.782493108577512
ENSG00000196358	9.016297330124354
ENSG00000107290	7.843142836237074
ENSG00000125482	6.550271130187364
ENSG00000188523	7.983504084269259
ENSG00000125492	6.844234987758751
ENSG00000125485	6.082574866339516
ENSG00000125484	7.349048938308222
ENSG00000165695	6.832384788871015
ENSG00000165698	8.124121311829187
ENSG00000165699	6.856736756119109
ENSG00000165702	8.519346005747447
ENSG00000148308	9.425750344770599
ENSG00000170835	14.992616179014165
ENSG00000160271	8.553053252766412
ENSG00000148288	7.5039705678847515
ENSG00000171102	12.08114948487703
ENSG00000175164	8.137426180873998
ENSG00000148296	7.90112345964068
ENSG00000148297	6.838977872542187
ENSG00000148303	13.631983438668277
ENSG00000148290	8.77604927117631
ENSG00000148291	8.880978088979147
ENSG00000148248	10.41839728225931
ENSG00000198870	5.472812666192388
ENSG00000148300	7.93922571309488
ENSG00000160323	6.41886457739032
ENSG00000160325	8.10763009568517
ENSG00000160326	7.417008586788777
ENSG00000187616	9.230231422924799
ENSG00000197859	8.509819999914239
ENSG00000196990	9.553845382370604
ENSG00000123454	14.819049082309487
ENSG00000123453	7.81258099592985
ENSG00000160293	8.399700758922899
ENSG00000235106	6.883335418012019
ENSG00000169925	7.019177828995009
ENSG00000196363	8.047238522309254
ENSG00000186350	8.626220599976856
ENSG00000130635	12.139538079380063
ENSG00000160339	11.746773393114577
ENSG00000085265	10.798402514320005
ENSG00000130558	9.772189461273246
ENSG00000196422	6.9893522285099845
ENSG00000160345	9.002925737229038
ENSG00000122140	9.36489517724465
ENSG00000160349	16.92640723772992
ENSG00000122136	10.846642728258477
ENSG00000122133	14.701047788802486
ENSG00000236543	5.785027362235466
ENSG00000204007	6.452200049406222
ENSG00000148386	6.650871644298386
ENSG00000165643	9.193138906829434
ENSG00000107147	7.688600010999123
ENSG00000130559	7.476672803700193
ENSG00000130560	8.29367455260867
ENSG00000148411	8.424277808363527
ENSG00000238227	8.420611676731669
ENSG00000107187	8.567237731282148
ENSG00000165661	8.447559567097258
ENSG00000260220	6.264045794675411
ENSG00000160360	8.537244797269508
ENSG00000213221	4.7797850053011315
ENSG00000187796	6.677330725359784
ENSG00000165684	7.214830686950739
ENSG00000165689	7.939711741008319
ENSG00000165688	7.6539581561537435
ENSG00000148384	7.175684372900116
ENSG00000148396	9.949023325985781
ENSG00000148400	8.877404834111939
ENSG00000172889	10.96302354620241
ENSG00000169692	11.558898981146703
ENSG00000165716	9.32966384828365
ENSG00000204003	2.195205652657999
ENSG00000187922	9.338290693648256
ENSG00000267206	8.98082956226137
ENSG00000204001	7.375908263075014
ENSG00000177984	12.862537009494416
ENSG00000244187	11.802923054293016
ENSG00000272896	3.089605633667431
ENSG00000213213	8.480184323698703
ENSG00000196642	8.312701228562101
ENSG00000232434	8.017365205292732
ENSG00000054148	10.53341696709908
ENSG00000177943	7.936637939002571
ENSG00000107223	12.596928857409429
ENSG00000127191	9.144044051175973
ENSG00000159069	10.75829011044682
ENSG00000176919	11.994200304280621
ENSG00000184925	10.136559584191213
ENSG00000107317	14.751943678037039
ENSG00000214402	8.550362015400728
ENSG00000148362	10.026361639067302
ENSG00000169583	12.08352715157184
ENSG00000107331	10.637530551525309
ENSG00000180549	5.901183264543033
ENSG00000279073	1.0285224969729239
ENSG00000107281	10.557217496770091
ENSG00000054179	10.378694921152743
ENSG00000186193	9.212734280133528
ENSG00000197355	7.692991854637455
ENSG00000177239	7.891674450296025
ENSG00000176978	10.846366589035373
ENSG00000176884	9.164906926675688
ENSG00000184709	11.036256719697487
ENSG00000261793	0.3599534650588558
ENSG00000185863	7.764208130139947
ENSG00000176248	7.1600763889981875
ENSG00000176101	9.81811852865473
ENSG00000176058	8.971942956341005
ENSG00000187713	8.76403464611991
ENSG00000188566	7.623088821399502
ENSG00000212864	8.854023858724668
ENSG00000197191	10.438762004920621
ENSG00000233198	6.886693784694778
ENSG00000198569	7.095207318874124
ENSG00000188229	12.62831712095805
ENSG00000188163	8.624247145836197
ENSG00000197768	8.130313145543456
ENSG00000188986	9.403770389044615
ENSG00000198113	8.614602220246105
ENSG00000198435	9.275982836231126
ENSG00000187609	5.899031496477015
ENSG00000188747	8.883723969031688
ENSG00000188833	10.149837502693547
ENSG00000165802	11.767197388054962
ENSG00000130653	7.13647851834917
ENSG00000182154	10.250109532207482
ENSG00000148399	7.113456172953309
ENSG00000165724	7.6973253625211315
ENSG00000197070	8.30095927520988
ENSG00000181090	6.180505122971389
ENSG00000148408	7.488682480712557
ENSG00000177951	8.355949945561738
ENSG00000188076	6.873951475335295
ENSG00000177947	6.11603199344711
ENSG00000177963	7.697966991714175
ENSG00000142082	6.481585393281024
ENSG00000185627	8.648746725330264
ENSG00000174885	7.136218618675452
ENSG00000142102	11.97906787148051
ENSG00000206013	10.31887306040965
ENSG00000185201	11.834471049984222
ENSG00000185885	12.79435587313607
ENSG00000142089	13.776011829717515
ENSG00000182272	9.241506766282653
ENSG00000184363	9.823742307710573
ENSG00000185187	8.744938715785873
ENSG00000185101	8.726595781888923
ENSG00000174915	7.552791897823476
ENSG00000023191	8.447959990497873
ENSG00000174775	9.707817300478974
ENSG00000161328	7.278201295140618
ENSG00000185522	9.139938957706619
ENSG00000099849	10.10163015331106
ENSG00000070047	7.819781480274194
ENSG00000185507	9.071418692928578
ENSG00000099834	11.245474677324946
ENSG00000070031	9.00744635048609
ENSG00000069696	8.110550247439905
ENSG00000177030	8.45754139850468
ENSG00000177106	9.66870773811566
ENSG00000177042	7.5669090621759185
ENSG00000177156	10.90096249055177
ENSG00000177225	8.080590177154367
ENSG00000184524	10.077924403721692
ENSG00000177542	8.663913842115978
ENSG00000274897	4.859208502091878
ENSG00000177595	7.16528235219751
ENSG00000177600	13.927936646538395
ENSG00000177666	11.81698362325538
ENSG00000177685	9.225207436943503
ENSG00000177697	10.373541789113984
ENSG00000177700	11.884266673706087
ENSG00000214063	8.530150308934564
ENSG00000177830	8.384264713666616
ENSG00000183020	8.25839608958815
ENSG00000184956	12.596255830896435
ENSG00000198788	12.611782204936086
ENSG00000215182	13.279596058304852
ENSG00000117983	11.678584009203739
ENSG00000078902	9.66089507508068
ENSG00000174672	7.783980413683795
ENSG00000182208	8.42795367688529
ENSG00000184545	7.704595347632403
ENSG00000205869	8.617283787779035
ENSG00000205867	4.029464351428751
ENSG00000196224	9.466790237803096
ENSG00000241598	8.756222712847288
ENSG00000185940	8.77840572423918
ENSG00000205864	7.614709844115208
ENSG00000244242	9.424376272813943
ENSG00000250644	5.737052446558148
ENSG00000117984	14.076324464855448
ENSG00000149043	10.74549149094958
ENSG00000130598	12.817821435497537
ENSG00000130592	10.29042435702884
ENSG00000130595	12.104594643742256
ENSG00000214026	8.480281100424403
ENSG00000167244	15.73212455581348
ENSG00000129965	6.331096083759328
ENSG00000254647	16.273900905231525
ENSG00000180176	13.150366073485905
ENSG00000183734	10.32617242927052
ENSG00000110665	8.1411769994769
ENSG00000064201	8.900019164608509
ENSG00000110651	10.85167538778277
ENSG00000184281	8.487160113693772
ENSG00000070985	9.144853510321896
ENSG00000053918	9.294776500148544
ENSG00000129757	10.459431618637296
ENSG00000254827	6.831986087796524
ENSG00000110628	8.00630753378603
ENSG00000181649	10.445167598860937
ENSG00000205531	9.142838397387955
ENSG00000110619	7.4371278442728075
ENSG00000021762	7.490421075751602
ENSG00000182170	4.503468665118586
ENSG00000184350	7.313515772379381
ENSG00000005801	7.155462330829583
ENSG00000167311	7.911590878469434
ENSG00000129744	5.75475009660729
ENSG00000129749	5.825299173621647
ENSG00000110713	7.9425528327540595
ENSG00000148985	7.499033288468323
ENSG00000177105	10.871436973324956
ENSG00000167323	7.800008611586411
ENSG00000167325	9.299131076040055
ENSG00000221996	1.7862468718641182
ENSG00000132109	8.209830014725355
ENSG00000181963	5.918091744498868
ENSG00000196778	4.500883653247073
ENSG00000197790	2.5249262138304225
ENSG00000226288	1.754575488338932
ENSG00000232268	2.9828954160677927
ENSG00000167333	7.609214089850729
ENSG00000197428	3.9924178887061594
ENSG00000180785	10.595814864130704
ENSG00000167332	11.629599639930817
ENSG00000197674	9.16206024701154
ENSG00000167346	11.111654291268637
ENSG00000280021	1.7496883870475433
ENSG00000279270	1.7807300364763765
ENSG00000176925	3.6493427976272534
ENSG00000176922	4.487696828170787
ENSG00000176900	3.603749288703996
ENSG00000176895	3.283890983238967
ENSG00000176893	3.2031205412752537
ENSG00000278870	1.2162168721895645
ENSG00000205497	3.039845212909706
ENSG00000205496	1.569110153612445
ENSG00000176798	1.560147267198966
ENSG00000205495	4.442300390676929
ENSG00000176787	3.8505355824663106
ENSG00000171944	2.417393915583528
ENSG00000182070	2.608918322357596
ENSG00000176742	2.218119811181325
ENSG00000244734	16.66485001403118
ENSG00000223609	12.323899182397296
ENSG00000213934	7.102459385076453
ENSG00000196565	10.378166149053033
ENSG00000239920	3.464703786755326
ENSG00000213931	8.936396097813205
ENSG00000183251	5.2400266063346415
ENSG00000167355	5.698605936049601
ENSG00000279012	3.281525450849182
ENSG00000176239	4.959967609953796
ENSG00000184698	5.04895245923871
ENSG00000167360	4.625295965913898
ENSG00000167359	4.556238884359934
ENSG00000187918	5.7156972793274585
ENSG00000181609	5.579624615928844
ENSG00000175520	9.889656058192164
ENSG00000175518	7.587214952452535
ENSG00000181616	5.419171494057355
ENSG00000187747	5.481700252632702
ENSG00000121236	7.589582580762021
ENSG00000258588	0.3428583362025721
ENSG00000258659	5.2253520607761015
ENSG00000132256	7.139283243139279
ENSG00000132274	8.520852306285796
ENSG00000181023	4.022698131462708
ENSG00000181074	5.505613217489196
ENSG00000181009	4.752021976287207
ENSG00000181001	5.236595813034667
ENSG00000180988	6.175599027780704
ENSG00000205409	5.64381261512759
ENSG00000183269	7.764036028085842
ENSG00000180974	5.76093578233753
ENSG00000277932	6.122442856267672
ENSG00000184478	6.039339133191071
ENSG00000188691	2.7629413951422164
ENSG00000183313	2.6624731994400817
ENSG00000183389	2.5945635896634154
ENSG00000180934	2.748020235569678
ENSG00000180919	2.9181776283552514
ENSG00000255307	3.4239132833430257
ENSG00000175485	4.2327046585160915
ENSG00000180878	7.829722735086059
ENSG00000051009	7.406786155000767
ENSG00000132259	8.473106880092276
ENSG00000110148	9.941619781845024
ENSG00000170955	9.63828703356219
ENSG00000166311	8.710530284893677
ENSG00000166313	8.997461781112847
ENSG00000110169	12.706711844980715
ENSG00000110171	7.533719071139903
ENSG00000132254	8.567342834485986
ENSG00000132286	7.622819804286763
ENSG00000179532	6.345183447187665
ENSG00000132275	6.056417609050795
ENSG00000166333	10.00982861736811
ENSG00000166337	8.874059203141146
ENSG00000166340	10.870438321774895
ENSG00000166341	8.168108428092559
ENSG00000158042	8.815715377104281
ENSG00000188124	3.0911884653148323
ENSG00000279486	2.215018206901489
ENSG00000184933	3.4529212440418853
ENSG00000166363	3.9933445634921605
ENSG00000170790	3.8020342251449533
ENSG00000170782	3.196786569119119
ENSG00000166368	4.065928146215101
ENSG00000178358	3.5862402175751393
ENSG00000149054	5.127714489188405
ENSG00000149050	5.298387707283111
ENSG00000158077	3.7956793239905244
ENSG00000170748	7.481395824154128
ENSG00000170743	6.898157915808131
ENSG00000183801	9.098235611339437
ENSG00000166387	7.578469163883524
ENSG00000166394	8.581577215536518
ENSG00000183378	5.9757964126942325
ENSG00000183303	4.026561938633405
ENSG00000182334	3.917178391667896
ENSG00000279000	3.1737670677367062
ENSG00000170683	2.710037742856501
ENSG00000182261	5.624230546298088
ENSG00000175390	8.962945610936833
ENSG00000166402	9.105239379695206
ENSG00000166405	6.69803765814591
ENSG00000166407	8.782216133042441
ENSG00000130413	6.875178768483412
ENSG00000166436	6.356708724263862
ENSG00000166441	12.078462399363861
ENSG00000166444	7.62240411861407
ENSG00000166452	7.284437798848349
ENSG00000176029	6.986410935252045
ENSG00000176009	9.109291543855198
ENSG00000175348	8.562921665564831
ENSG00000175352	10.712405165657463
ENSG00000175356	11.611936542317002
ENSG00000184014	8.72325368946357
ENSG00000166471	8.402057844820524
ENSG00000205339	9.549321801511935
ENSG00000166478	6.116178867139846
ENSG00000166483	8.544022608353076
ENSG00000133789	8.378990724379468
ENSG00000133812	7.593204354063288
ENSG00000148926	11.108524456778168
ENSG00000133805	7.01542532693586
ENSG00000255823	11.203108819959562
ENSG00000110315	9.052772937044718
ENSG00000133800	10.723465247757657
ENSG00000072952	8.79562652465527
ENSG00000198730	8.553184636262024
ENSG00000110321	11.360111299482487
ENSG00000236287	7.129659691451466
ENSG00000110328	8.739558116473017
ENSG00000254598	4.712398395068572
ENSG00000170242	7.572850807381698
ENSG00000050165	12.163696288325086
ENSG00000133816	8.553053252766412
ENSG00000197702	8.556889189726865
ENSG00000187079	8.057960955481567
ENSG00000189431	8.597699173865292
ENSG00000133794	8.365884967677568
ENSG00000148925	9.272854926789588
ENSG00000152266	17.35982675726383
ENSG00000197601	9.509671381016135
ENSG00000262655	12.464210610398865
ENSG00000133818	10.375450486872042
ENSG00000129083	10.67883232462234
ENSG00000256206	1.7362651549704733
ENSG00000129084	10.54012751881745
ENSG00000152270	7.636748988410676
ENSG00000186104	6.612870517470504
ENSG00000175868	11.05854656609147
ENSG00000110680	14.95360399653343
ENSG00000188487	7.427646246367459
ENSG00000110693	6.852014899145063
ENSG00000110696	8.122595720837207
ENSG00000166689	6.883865154509794
ENSG00000110700	12.581200581924957
ENSG00000011405	8.215086873424214
ENSG00000070081	8.886078076537485
ENSG00000188211	7.349635060886793
ENSG00000187486	7.76678515554107
ENSG00000006071	10.118801572456244
ENSG00000006611	8.690495307313192
ENSG00000188162	5.521748600840523
ENSG00000129152	8.943374413618802
ENSG00000129159	7.285402218862249
ENSG00000129158	9.280683766010627
ENSG00000129167	10.328144349328795
ENSG00000166788	7.611644503837536
ENSG00000179826	11.085828332872593
ENSG00000179817	9.072524940718301
ENSG00000148965	11.634357301137976
ENSG00000255071	12.170165132968425
ENSG00000134339	14.6495368738703
ENSG00000173432	16.607055736282206
ENSG00000110756	9.946580364983758
ENSG00000110768	7.73775940635396
ENSG00000134333	12.818410439114336
ENSG00000166796	9.731149292211892
ENSG00000166800	6.3970736950463225
ENSG00000074319	9.461578221681672
ENSG00000151116	7.04799084724079
ENSG00000247595	8.636262088806376
ENSG00000179119	7.237173604705972
ENSG00000151117	8.478693022023963
ENSG00000179057	6.032130098059715
ENSG00000110786	9.07628116657949
ENSG00000170255	6.227740844975633
ENSG00000183695	4.567423757707283
ENSG00000177054	6.6893412759624145
ENSG00000129170	13.031011907437707
ENSG00000129173	6.794845470719667
ENSG00000166833	8.092963547010715
ENSG00000109851	7.137956333325891
ENSG00000109854	8.874078960178524
ENSG00000185238	6.576575054459063
ENSG00000165970	7.9861248992917915
ENSG00000165973	10.059982169530704
ENSG00000171714	6.2631106765153675
ENSG00000091664	8.261636364549213
ENSG00000183161	7.311128691215416
ENSG00000148935	9.261756401495301
ENSG00000198168	8.076781596432294
ENSG00000255359	7.600656307826301
ENSG00000187398	8.28803786344284
ENSG00000134343	8.666401554343725
ENSG00000169550	9.734397132184442
ENSG00000148942	8.636167519571966
ENSG00000176971	10.516673541660497
ENSG00000129151	11.660111359608129
ENSG00000109881	7.59091163417953
ENSG00000205213	9.278334811998171
ENSG00000148943	8.670198146605614
ENSG00000176697	5.815485560453677
ENSG00000121621	6.267104588532274
ENSG00000169519	6.552465200186269
ENSG00000182255	6.152261213375124
ENSG00000131808	6.721099188707186
ENSG00000152219	7.168391021200627
ENSG00000066382	7.30954087526295
ENSG00000170959	6.260419151932124
ENSG00000170946	5.184949110550967
ENSG00000148950	7.752174046338504
ENSG00000109911	6.797779533093094
ENSG00000007372	6.680886920719692
ENSG00000049449	9.815036163639684
ENSG00000184937	9.297382448011508
ENSG00000149100	9.313911464804775
ENSG00000186714	5.419343037377271
ENSG00000135378	8.167830381144322
ENSG00000060749	9.044726207303535
ENSG00000121690	8.037435246242728
ENSG00000176148	6.95953695902565
ENSG00000176102	10.353019471099884
ENSG00000110422	9.064259551880383
ENSG00000110427	6.99741958794544
ENSG00000205177	5.531381460516312
ENSG00000085063	11.641381803876769
ENSG00000110429	7.090001359108503
ENSG00000135363	9.243890686226907
ENSG00000135387	10.223120668740782
ENSG00000135372	8.526183230841898
ENSG00000166016	8.28588291500695
ENSG00000121691	11.246253521071317
ENSG00000135374	10.553815582040913
ENSG00000135373	9.885607482066588
ENSG00000149089	7.370084661190761
ENSG00000110435	8.40548857762482
ENSG00000026508	11.967670183932018
ENSG00000110436	10.967458860545104
ENSG00000149090	9.565959022189618
ENSG00000179431	9.660250270815958
ENSG00000166326	8.296547563998777
ENSG00000179241	8.893408012121961
ENSG00000110442	8.272532676737635
ENSG00000135362	6.971182291539737
ENSG00000175104	6.637780593353084
ENSG00000166349	10.64488879484036
ENSG00000175097	9.188467929792145
ENSG00000166352	7.983860108269781
ENSG00000148948	6.730472058319906
ENSG00000166181	8.737190022318352
ENSG00000052841	7.617258503804859
ENSG00000149084	7.735159059274147
ENSG00000166199	7.535497808812812
ENSG00000187479	12.277287400130357
ENSG00000205126	5.69245718626523
ENSG00000110455	7.886587001979886
ENSG00000151348	9.305877809442427
ENSG00000052850	7.907679084283171
ENSG00000085117	10.14609629063227
ENSG00000157570	8.688297794352684
ENSG00000175274	9.689084542741847
ENSG00000019485	6.129572152352292
ENSG00000019505	10.365272915271689
ENSG00000175264	10.51658531314916
ENSG00000181830	8.769027188951815
ENSG00000121671	8.073070419614309
ENSG00000121653	10.166686366527648
ENSG00000234776	7.880195728943098
ENSG00000121680	8.479861551536173
ENSG00000165905	9.570807957549986
ENSG00000135365	7.832331742374938
ENSG00000157613	12.41996579479733
ENSG00000149091	9.381118942580107
ENSG00000110492	13.813185070867483
ENSG00000180720	8.466909721374076
ENSG00000110497	8.364427748271092
ENSG00000180423	5.368319390659417
ENSG00000175224	9.377289412128633
ENSG00000175220	9.539138909762626
ENSG00000175213	7.644971209662411
ENSG00000180210	12.490167989228757
ENSG00000175216	8.750804202075232
ENSG00000134569	9.843192310844568
ENSG00000149179	7.048523342463452
ENSG00000149182	8.273856377501906
ENSG00000165912	8.84236780637144
ENSG00000134574	7.505710785404479
ENSG00000134575	8.260919576597491
ENSG00000025434	8.1066321812225
ENSG00000110514	8.25691629667084
ENSG00000134571	11.691743519171276
ENSG00000066336	9.995800521862014
ENSG00000165915	8.051189375742641
ENSG00000165916	9.758744842118888
ENSG00000165917	9.397062033729371
ENSG00000149187	7.933599056593135
ENSG00000213619	8.217876827460875
ENSG00000110536	7.068240861312821
ENSG00000123444	6.0323940449361855
ENSG00000196666	8.174542665224486
ENSG00000172247	10.791738884795082
ENSG00000109919	9.033613845703657
ENSG00000165923	6.543495883425772
ENSG00000109920	8.24269776790801
ENSG00000030066	7.853279764144725
ENSG00000149177	8.776071757310518
ENSG00000175619	6.689582598078069
ENSG00000172208	1.9901045360413865
ENSG00000176567	0.6446869428843434
ENSG00000176555	2.032905181614107
ENSG00000176547	2.278443950661552
ENSG00000176540	2.3056364908005054
ENSG00000237388	4.36041481311789
ENSG00000220948	5.599371376494661
ENSG00000182053	5.656650843491805
ENSG00000214891	2.476313172803147
ENSG00000086205	11.318194346498151
ENSG00000258817	1.818632695053571
ENSG00000221954	1.6479631111421686
ENSG00000185926	2.132020056758607
ENSG00000221840	1.7624631367003032
ENSG00000150244	10.78551367685523
ENSG00000181961	6.161808306884417
ENSG00000181958	1.7787341802285577
ENSG00000181939	1.8007019901190675
ENSG00000279514	0.8351964815479106
ENSG00000172188	3.416270584576986
ENSG00000181927	1.9848379819778341
ENSG00000174982	3.74033447376683
ENSG00000181903	5.7117950609069394
ENSG00000186886	2.5553274750767363
ENSG00000279761	0.9226545660831514
ENSG00000186113	1.5802417539022975
ENSG00000279395	0.9322731236502131
ENSG00000186119	2.768450946493275
ENSG00000205030	1.5303270368474848
ENSG00000205029	1.498099972406901
ENSG00000124900	7.699335014706306
ENSG00000187612	5.100598122776689
ENSG00000167825	2.140074334255044
ENSG00000174970	2.586736835601451
ENSG00000149133	3.7666907507274026
ENSG00000181785	1.7359400818436617
ENSG00000172154	1.9991755686764627
ENSG00000181767	2.3532101324970953
ENSG00000181761	1.5863643383028188
ENSG00000167822	1.8659987252990249
ENSG00000181752	9.350734051606478
ENSG00000174957	5.216477208555726
ENSG00000181718	2.3483733695776516
ENSG00000172489	3.4819342574810674
ENSG00000181698	3.5738661392543123
ENSG00000181693	2.643113121108035
ENSG00000280314	0.6977738195551859
ENSG00000150261	2.269081182950724
ENSG00000172487	1.6397411960903596
ENSG00000172199	2.472762342149136
ENSG00000279961	0.7322257768753456
ENSG00000150269	2.9600349812005153
ENSG00000174937	2.901215535411225
ENSG00000181371	3.33096634843013
ENSG00000255223	2.717541168618738
ENSG00000254834	3.340985262938723
ENSG00000255012	2.180853396012034
ENSG00000172464	3.962706053701015
ENSG00000172459	0.797731882287032
ENSG00000174914	9.11598941729342
ENSG00000172457	3.1289752927852748
ENSG00000181273	4.8291346062252964
ENSG00000183908	8.971703925365864
ENSG00000134817	11.61419697540055
ENSG00000149115	9.129895553613416
ENSG00000149136	9.820254234269711
ENSG00000109991	6.877809529267052
ENSG00000156575	7.803234863574083
ENSG00000186652	8.144506523632286
ENSG00000254979	4.193400397996821
ENSG00000134802	9.895685604722372
ENSG00000186907	9.609149244085792
ENSG00000149150	9.585891114919594
ENSG00000134809	9.685783985172305
ENSG00000214872	8.923149381482169
ENSG00000156587	10.160302103221639
ENSG00000149131	12.555726132517275
ENSG00000166793	8.229299508710927
ENSG00000172409	6.6359216461822115
ENSG00000156599	8.92070761069923
ENSG00000156603	7.484922859157384
ENSG00000213593	10.461387444308388
ENSG00000211450	9.761934156190431
ENSG00000254732	7.792611894619945
ENSG00000233436	5.311745996106682
ENSG00000198561	10.928148780960699
ENSG00000186509	3.8054453879963095
ENSG00000279051	0.7881353616634653
ENSG00000172377	2.33654909534074
ENSG00000186513	1.9593989795885862
ENSG00000197887	2.4929491842460445
ENSG00000280204	0.8990982721040829
ENSG00000180475	4.706793681108373
ENSG00000172772	2.886649494815699
ENSG00000197786	2.340623519689825
ENSG00000172769	1.868210381952949
ENSG00000172365	2.9839069602031962
ENSG00000172362	3.826914571242788
ENSG00000198283	3.1489113911126867
ENSG00000110031	10.138438660061398
ENSG00000186660	8.39520903639116
ENSG00000255073	0.7484854295724371
ENSG00000242689	6.798309782454597
ENSG00000149124	9.380660007943105
ENSG00000156689	11.745172120604051
ENSG00000166840	8.535899154640168
ENSG00000255151	5.711956473053801
ENSG00000189057	8.303588549111467
ENSG00000166801	7.944956188595928
ENSG00000110042	9.629547393526261
ENSG00000197629	10.621218058938029
ENSG00000176495	2.282652843246387
ENSG00000172324	2.429619774991096
ENSG00000172320	3.898766756434099
ENSG00000166884	2.964869247128914
ENSG00000254466	9.216138190649534
ENSG00000176200	3.5396435343527086
ENSG00000172742	2.3678420033650833
ENSG00000110048	8.529976646230148
ENSG00000166889	8.270352050563432
ENSG00000172289	2.5454172548385126
ENSG00000166900	9.849488596632908
ENSG00000166902	8.943101015934399
ENSG00000134812	12.624330940515403
ENSG00000134827	13.148334696537608
ENSG00000255393	3.7169240611507623
ENSG00000149507	6.587214952452535
ENSG00000149516	10.882807139692636
ENSG00000149534	7.352286744856188
ENSG00000110077	8.764951576182293
ENSG00000110079	9.150833983860386
ENSG00000214787	8.978551107327819
ENSG00000166926	8.409390936137703
ENSG00000166927	11.635779405986936
ENSG00000166928	8.55727222306003
ENSG00000166930	8.094869432718697
ENSG00000156738	10.286806014580694
ENSG00000071203	11.10659562729002
ENSG00000204979	4.257764968571387
ENSG00000166959	11.324721693270723
ENSG00000214782	6.164659613254747
ENSG00000166961	12.002596084622498
ENSG00000172689	8.75118160213016
ENSG00000110104	10.1357092861044
ENSG00000183134	7.70242279727771
ENSG00000149506	5.547828319179931
ENSG00000110107	10.944908041849228
ENSG00000110108	10.223559794935406
ENSG00000006118	9.54415881926485
ENSG00000110446	8.703668786993765
ENSG00000013725	7.027905996569885
ENSG00000110448	9.500097171160453
ENSG00000167987	9.356108819792748
ENSG00000229859	14.317059245883785
ENSG00000229183	11.196602126523171
ENSG00000256713	15.221322784202037
ENSG00000167992	7.4547091967842505
ENSG00000167986	8.888743248898258
ENSG00000149476	9.042896270943965
ENSG00000162144	8.892998093055072
ENSG00000149483	7.01572198809993
ENSG00000187049	7.8046000513805085
ENSG00000149532	8.305959560098698
ENSG00000256591	4.6095975388378925
ENSG00000167985	7.0603684675120855
ENSG00000162148	8.620498106639008
ENSG00000204950	8.357433192827823
ENSG00000011347	10.347134247026027
ENSG00000134780	8.677400931634288
ENSG00000124920	9.644421495196637
ENSG00000134825	9.293458178635472
ENSG00000168496	9.46040483515744
ENSG00000134824	10.619104671271616
ENSG00000149485	10.24871497157719
ENSG00000221968	9.455943624945807
ENSG00000167994	8.916290340947143
ENSG00000167995	7.503223207195091
ENSG00000167996	13.983795245160282
ENSG00000149503	7.53159388718778
ENSG00000168515	13.170042561421047
ENSG00000124939	16.144447367294582
ENSG00000124935	17.89206968250665
ENSG00000110484	17.173254616836193
ENSG00000197745	14.759659251991991
ENSG00000162174	9.656583301846082
ENSG00000149021	15.681980237869967
ENSG00000124942	11.698033691347717
ENSG00000254772	12.805743872151618
ENSG00000255508	4.268402370412115
ENSG00000149016	6.324630615267186
ENSG00000149480	8.649248453070946
ENSG00000149499	7.706959204564324
ENSG00000149489	10.566798180726426
ENSG00000149541	8.62632531440135
ENSG00000089597	10.701500479939567
ENSG00000185085	7.467464398721263
ENSG00000255432	1.6732460569153544
ENSG00000278615	6.592972130799546
ENSG00000162194	8.725195817226663
ENSG00000214756	6.882643049361842
ENSG00000204922	9.32621209062722
ENSG00000162191	10.191822638914854
ENSG00000177363	9.437606928366105
ENSG00000168000	9.407267764244732
ENSG00000234857	3.919369162397663
ENSG00000162188	9.93491903206015
ENSG00000214753	7.969242604434498
ENSG00000162222	6.925960184578786
ENSG00000185670	5.839287926713277
ENSG00000168002	9.29893633509612
ENSG00000162227	6.03773852857873
ENSG00000168569	7.446759142987949
ENSG00000185475	9.033820095611386
ENSG00000162231	8.734709620225837
ENSG00000162236	8.35960632210159
ENSG00000133316	9.61400292703646
ENSG00000168003	10.238404739325079
ENSG00000168539	9.116130240919265
ENSG00000197901	12.093955427162243
ENSG00000149452	9.241163510816257
ENSG00000197658	5.005874687333195
ENSG00000184999	7.551779965395758
ENSG00000196600	6.481234349528531
ENSG00000149742	8.577110378122262
ENSG00000168004	8.835217857446295
ENSG00000133317	8.938991438775542
ENSG00000133321	12.01826756870134
ENSG00000133328	9.788101140774405
ENSG00000176485	9.731755192281854
ENSG00000184743	8.603058355786416
ENSG00000133318	10.317187904782534
ENSG00000188070	8.610098222272487
ENSG00000168005	8.1900203383627
ENSG00000072518	8.726653385682432
ENSG00000167771	10.19431062647083
ENSG00000110583	7.837005512072619
ENSG00000256100	2.9865038325368958
ENSG00000176340	12.878329695937937
ENSG00000167770	8.699747574029898
ENSG00000133315	8.593254764986703
ENSG00000126500	8.301709884755972
ENSG00000168439	10.29117069932186
ENSG00000149781	9.384647417555772
ENSG00000149743	7.802228387894712
ENSG00000149761	6.673839055990439
ENSG00000110011	9.949097155729207
ENSG00000173511	10.652403076241766
ENSG00000173486	10.778365395568414
ENSG00000173457	10.998052603734209
ENSG00000149782	8.370214993703602
ENSG00000002330	9.471822616666648
ENSG00000173264	8.428360172704291
ENSG00000182450	5.377123749129487
ENSG00000219435	11.077483356859508
ENSG00000173153	8.933759614119625
ENSG00000173113	11.730559813090387
ENSG00000126432	13.95577809104499
ENSG00000168071	8.880721631754001
ENSG00000162302	8.642775314073901
ENSG00000168065	8.927044524343763
ENSG00000197891	11.281040591055019
ENSG00000110076	8.72417275014144
ENSG00000068831	8.803318679260618
ENSG00000068976	13.021937083017866
ENSG00000168066	9.106838159363708
ENSG00000168067	7.610092268597946
ENSG00000133895	8.524431424070137
ENSG00000171219	7.65188081170042
ENSG00000110047	8.307428525192247
ENSG00000110046	8.491878370990415
ENSG00000068971	8.320515992947081
ENSG00000149735	9.363311820239662
ENSG00000168070	5.767125077269071
ENSG00000168062	8.388235387397486
ENSG00000213465	9.423326047069894
ENSG00000273003	1.476820337755292
ENSG00000110025	6.44857062600553
ENSG00000168061	9.10612518022997
ENSG00000168060	9.083031337570192
ENSG00000146670	8.864968991365185
ENSG00000162300	6.5915597458278015
ENSG00000187066	6.949534933017012
ENSG00000149823	8.77058726144062
ENSG00000149809	11.065373644328032
ENSG00000174276	8.368361476300342
ENSG00000149806	11.999496486227565
ENSG00000162298	9.381250093065441
ENSG00000149792	9.801186621899625
ENSG00000204710	11.968541182080855
ENSG00000014216	10.103079063307359
ENSG00000014138	6.949808764808468
ENSG00000149798	8.619119511453219
ENSG00000133884	7.1199786096548765
ENSG00000173825	7.919372459342451
ENSG00000162241	6.264161071288078
ENSG00000126391	8.639275985484595
ENSG00000142186	9.018557236210503
ENSG00000168056	9.771665670323639
ENSG00000173465	8.467039746916653
ENSG00000176973	8.6269913240171
ENSG00000173442	8.570235214974604
ENSG00000173338	7.590961241342599
ENSG00000173327	8.674898433133297
ENSG00000197136	7.922888900750415
ENSG00000213445	8.707624010870335
ENSG00000173039	8.735077307845104
ENSG00000172977	7.0388894649860685
ENSG00000172922	8.287893730238691
ENSG00000254470	8.505026830428324
ENSG00000172818	8.28309414191614
ENSG00000172757	11.67619002648006
ENSG00000172803	6.516172775525088
ENSG00000172732	7.104336659814735
ENSG00000172638	8.934280593640024
ENSG00000172543	11.239247028459793
ENSG00000172500	8.634025746905863
ENSG00000175602	10.79328135427437
ENSG00000175592	10.784891219009792
ENSG00000175573	8.80816109307063
ENSG00000175550	10.893140053405508
ENSG00000175513	6.293421024339391
ENSG00000175467	8.571459550073214
ENSG00000175376	7.538014558502973
ENSG00000175334	10.381626630405325
ENSG00000175315	13.335733169230659
ENSG00000175294	6.9140860970127225
ENSG00000175229	8.234730354478087
ENSG00000087365	8.986126464179273
ENSG00000175115	8.731555523621838
ENSG00000174996	8.245855538263616
ENSG00000174903	11.84740450209935
ENSG00000174871	10.169925001442312
ENSG00000174851	10.05122111936305
ENSG00000179292	9.0405637111587
ENSG00000174807	12.172631623509199
ENSG00000174791	7.863604181667733
ENSG00000174744	9.060815810107588
ENSG00000174684	10.753144256029751
ENSG00000174669	8.677636580526318
ENSG00000174576	12.563911244581691
ENSG00000174547	8.97894118098832
ENSG00000174516	7.164315026195688
ENSG00000254986	9.988004118431197
ENSG00000256349	0.39876468859051334
ENSG00000174483	6.603626344986192
ENSG00000174165	7.734616055823824
ENSG00000248746	9.452433417482075
ENSG00000174080	11.396407215810143
ENSG00000182791	6.106432077816929
ENSG00000173992	9.172456152254002
ENSG00000239306	8.735987803621812
ENSG00000248643	5.345648891614963
ENSG00000173933	7.7374163659370625
ENSG00000173914	7.352511469402338
ENSG00000173898	10.773449446318278
ENSG00000173715	8.802225054642635
ENSG00000173653	8.351850079300409
ENSG00000173599	9.212707319197715
ENSG00000173621	8.522318185867878
ENSG00000173237	9.67208141943056
ENSG00000173227	8.19427662841194
ENSG00000173156	10.811135049621575
ENSG00000173120	9.843597790319338
ENSG00000173020	10.237257718481764
ENSG00000172932	8.372958289751129
ENSG00000172830	9.759299559698919
ENSG00000172613	7.662919414351893
ENSG00000175482	9.93103077362722
ENSG00000256514	2.886309493753861
ENSG00000175505	9.060785976441727
ENSG00000172531	11.021800242338665
ENSG00000175463	8.294857943106262
ENSG00000172508	10.105908508571158
ENSG00000175634	8.854590592486176
ENSG00000172725	9.73079572652494
ENSG00000175514	3.5983123580131853
ENSG00000175544	6.531807583237058
ENSG00000172663	8.427621264233215
ENSG00000110711	10.605387908737065
ENSG00000110697	8.655960258221752
ENSG00000167797	10.293134038962917
ENSG00000167791	5.532323057164646
ENSG00000084207	14.092674938095744
ENSG00000167792	10.366679885881515
ENSG00000167799	10.052713533696945
ENSG00000167800	9.97273857919427
ENSG00000132744	11.323209443009171
ENSG00000132746	11.830408537744951
ENSG00000110057	9.909252941994739
ENSG00000006534	8.785043508713851
ENSG00000110717	9.337645553818241
ENSG00000110719	10.913339406346465
ENSG00000110721	9.327087991203856
ENSG00000110066	8.065192291722816
ENSG00000171067	9.57908492487841
ENSG00000162337	9.482157852209358
ENSG00000110075	8.898566641839283
ENSG00000069482	13.17804184363844
ENSG00000132749	9.335587572906878
ENSG00000110090	10.363309539492244
ENSG00000197345	10.446432958348852
ENSG00000132740	8.94519083992787
ENSG00000172938	7.955600722644074
ENSG00000172935	9.91235609165464
ENSG00000162341	10.29633715697199
ENSG00000172927	10.300423412439365
ENSG00000110092	13.302145920759125
ENSG00000149716	9.681579724252249
ENSG00000162344	12.358801213690823
ENSG00000075388	10.576882291786795
ENSG00000186895	10.95027685568138
ENSG00000131620	11.58508831940099
ENSG00000168040	8.637040689469853
ENSG00000131626	8.587507755475741
ENSG00000085733	12.64085302991804
ENSG00000162105	7.672619712801226
ENSG00000172893	10.74007921183021
ENSG00000172890	8.346203232679779
ENSG00000244411	8.97527478760954
ENSG00000241233	9.418274293880538
ENSG00000254997	7.123322460444944
ENSG00000204572	8.96837880137054
ENSG00000204571	8.626074036090309
ENSG00000158483	7.328466826954522
ENSG00000214534	3.2750898313256522
ENSG00000184276	4.63678459197569
ENSG00000254469	4.90091431487426
ENSG00000225805	6.6376996526218965
ENSG00000137522	9.556038478937904
ENSG00000137496	9.044463300987294
ENSG00000137497	8.797138739218404
ENSG00000184154	6.646462809618242
ENSG00000149357	10.137331632498865
ENSG00000110200	7.04401210383701
ENSG00000110203	9.194481735252612
ENSG00000110195	12.938479543544663
ENSG00000165457	11.149136914457833
ENSG00000165458	9.861648695294962
ENSG00000165462	10.451196662884083
ENSG00000162129	9.39059890555246
ENSG00000186642	9.689121738203491
ENSG00000186635	9.371908530432687
ENSG00000214530	11.921563494046413
ENSG00000168010	8.760651950998493
ENSG00000137478	8.176475573328226
ENSG00000175591	8.239451955009272
ENSG00000171631	7.45299466901936
ENSG00000110237	8.829276269895542
ENSG00000054967	8.80657940636505
ENSG00000054965	9.200597681179682
ENSG00000021300	11.969386521342283
ENSG00000175582	10.568065026823302
ENSG00000175581	8.008767442466503
ENSG00000181924	10.020440344517912
ENSG00000175575	7.6445321461613105
ENSG00000187726	6.2266418795378495
ENSG00000175567	11.834027301441134
ENSG00000175564	7.285020548661779
ENSG00000168014	7.287898701763561
ENSG00000214517	9.316974943033832
ENSG00000149380	9.130608298261917
ENSG00000165434	7.898094920425557
ENSG00000175538	9.69657436344896
ENSG00000175536	7.0268129345903905
ENSG00000077514	8.570884618759564
ENSG00000054938	12.854813073721232
ENSG00000166439	7.546864275906709
ENSG00000166435	7.0716520488663495
ENSG00000118363	10.032433259216116
ENSG00000162139	7.0526482234469094
ENSG00000171561	3.52694198519954
ENSG00000137491	8.869355515307923
ENSG00000261594	8.937759893828392
ENSG00000137486	9.128407818877129
ENSG00000149273	13.845984137479208
ENSG00000149243	7.870675222753016
ENSG00000158555	9.011103042248575
ENSG00000149257	11.88026891111478
ENSG00000171533	7.400928854484153
ENSG00000166391	8.95623638150518
ENSG00000062282	11.487840033823051
ENSG00000198382	8.769688436062934
ENSG00000085741	9.833406707776744
ENSG00000137492	8.445268126786733
ENSG00000179240	4.88721048964825
ENSG00000158636	7.475186040013399
ENSG00000137507	10.323054760341646
ENSG00000182704	11.228498994106138
ENSG00000078124	8.465198702403326
ENSG00000198488	9.635035672597631
ENSG00000149260	9.757386011813454
ENSG00000254550	5.116782569117175
ENSG00000137474	7.610286657081023
ENSG00000178795	5.239168878665448
ENSG00000149269	12.094197777972509
ENSG00000074201	10.619134944941605
ENSG00000178301	7.8709374146712054
ENSG00000048649	8.64405099646652
ENSG00000087884	9.525856231799843
ENSG00000149262	8.8125139562541
ENSG00000151364	9.334475023842632
ENSG00000151365	11.676118835716311
ENSG00000151366	10.898120120037733
ENSG00000159063	10.593650739370394
ENSG00000188997	8.742090461765358
ENSG00000118369	9.119306233326759
ENSG00000033327	11.833838457333442
ENSG00000137513	9.916827870765138
ENSG00000149256	6.838707019974393
ENSG00000182103	9.858062274788216
ENSG00000137509	9.153827435824232
ENSG00000165490	6.499049105302272
ENSG00000137502	8.153519468739038
ENSG00000165494	7.0895094941578805
ENSG00000137494	5.948834425578686
ENSG00000137500	7.280618786049265
ENSG00000150672	7.269428713770574
ENSG00000171204	8.93185793643838
ENSG00000171202	8.65649824760182
ENSG00000137504	8.692589989499162
ENSG00000179071	7.7989577479004275
ENSG00000137501	9.803311133215505
ENSG00000150676	6.976134472831654
ENSG00000073921	9.7873128538736
ENSG00000074266	6.334184506479129
ENSG00000149196	7.3187242099425145
ENSG00000149201	6.556101605946306
ENSG00000151376	7.393175914348805
ENSG00000150687	10.69545688727859
ENSG00000174804	9.822359904247172
ENSG00000166575	8.143417365437495
ENSG00000123892	11.291203328314019
ENSG00000109861	9.99227909733808
ENSG00000168959	5.490770532754413
ENSG00000077498	12.626512288719496
ENSG00000086991	7.559023419331597
ENSG00000214414	3.596742589062067
ENSG00000168930	4.395722694537523
ENSG00000189253	3.177462841621925
ENSG00000223417	1.0976107966264221
ENSG00000233802	1.389580449525816
ENSG00000204450	0.9568196110702929
ENSG00000204449	3.3882652783790292
ENSG00000255009	2.2454468408423534
ENSG00000077616	6.435461914479276
ENSG00000110172	8.408542042296858
ENSG00000165323	7.069150253922658
ENSG00000134640	6.254955498035963
ENSG00000180773	6.535151186351178
ENSG00000165325	6.149950301681046
ENSG00000166002	9.136830540393776
ENSG00000166004	6.394451866550512
ENSG00000166012	8.206653271667502
ENSG00000182919	8.926744220449013
ENSG00000042429	7.027095089632588
ENSG00000214376	6.306860425524541
ENSG00000181333	10.467063899243932
ENSG00000110218	7.9310652105418775
ENSG00000183560	4.363754991660368
ENSG00000123901	7.39294901256214
ENSG00000020922	7.222298203658825
ENSG00000168876	7.175261330154369
ENSG00000257057	8.028157248006936
ENSG00000134627	7.849201159713729
ENSG00000196371	8.33358880608615
ENSG00000166025	8.528535476228214
ENSG00000150316	8.793954289798627
ENSG00000186280	7.035623909730721
ENSG00000235268	3.897232263903122
ENSG00000255855	3.91735321704614
ENSG00000263465	8.326899453789862
ENSG00000149218	10.188398833471727
ENSG00000149212	10.004475445812968
ENSG00000077458	6.257962826544357
ENSG00000166037	7.135263671670549
ENSG00000087053	7.702622598948661
ENSG00000184384	7.599371296442939
ENSG00000149231	7.564530600816343
ENSG00000183340	6.9675799118192145
ENSG00000149972	6.414088624548189
ENSG00000165895	7.970515781974876
ENSG00000082175	10.507595231101327
ENSG00000137672	9.393204659711955
ENSG00000187151	6.105326392004953
ENSG00000110318	6.882559881772265
ENSG00000137691	8.599265714346929
ENSG00000137693	12.10106268551755
ENSG00000023445	10.716176253612725
ENSG00000110330	11.858430681616545
ENSG00000152558	12.740257772154877
ENSG00000137673	14.09828408864171
ENSG00000137674	6.467486041165884
ENSG00000137675	6.855709558085052
ENSG00000118113	9.11331239290117
ENSG00000166670	14.001810387901163
ENSG00000196611	13.957685171916916
ENSG00000149968	12.827739648806956
ENSG00000262406	12.001919422834783
ENSG00000137745	13.669591533515609
ENSG00000137692	11.67496966437055
ENSG00000187240	8.080472315404633
ENSG00000170962	9.348356479769162
ENSG00000170967	6.9092930858238235
ENSG00000196954	8.004584980065642
ENSG00000137757	7.647356140988403
ENSG00000137752	8.56509739611228
ENSG00000204397	7.983237702903787
ENSG00000255221	8.285583341807998
ENSG00000255501	8.678362612392215
ENSG00000152578	8.209689306322097
ENSG00000170903	7.914024851737238
ENSG00000182359	5.981500709069846
ENSG00000149313	9.127239082134293
ENSG00000152402	7.269203681901539
ENSG00000152404	7.063179034409177
ENSG00000137760	6.678162825858015
ENSG00000110675	7.311975314461157
ENSG00000170290	12.295789964716565
ENSG00000110660	8.43910586133949
ENSG00000179331	5.869328814587808
ENSG00000166266	7.47800403398953
ENSG00000075239	11.05579989771407
ENSG00000149308	6.79436834385657
ENSG00000149311	7.36363941142371
ENSG00000166323	5.9205315062779045
ENSG00000178202	11.20613590215306
ENSG00000110723	7.909466861207087
ENSG00000178105	6.900713392555629
ENSG00000185742	7.113601581338524
ENSG00000137710	9.366893269517918
ENSG00000149289	6.3384622644862345
ENSG00000137714	11.051282565175859
ENSG00000137727	7.235415891282494
ENSG00000150750	9.97311889964579
ENSG00000214290	9.290504173882464
ENSG00000110777	9.452044077293522
ENSG00000137707	5.8407149911410805
ENSG00000183644	7.566809498457979
ENSG00000204381	8.123997439274927
ENSG00000170145	7.909048898911559
ENSG00000137713	8.976420920770824
ENSG00000086848	5.6783960655935415
ENSG00000258529	0.13218439380171879
ENSG00000255561	4.130530560652627
ENSG00000137720	6.503060228429737
ENSG00000109846	14.412768296340023
ENSG00000170276	7.884337428759826
ENSG00000254445	2.034663899141103
ENSG00000149300	6.476057595677545
ENSG00000150764	7.45038647903429
ENSG00000150768	7.82781902461732
ENSG00000150773	7.405992359675837
ENSG00000150776	6.45771496135717
ENSG00000150779	9.594649222312666
ENSG00000204370	9.268187067519648
ENSG00000255292	2.1408253404184325
ENSG00000150782	9.215290305651234
ENSG00000150783	5.495695162624068
ENSG00000197580	6.727920454563199
ENSG00000150787	7.909063585989993
ENSG00000188771	4.404724947482388
ENSG00000149294	9.60277266152822
ENSG00000149292	6.813781191217037
ENSG00000170209	5.65219964830406
ENSG00000149295	9.420047236177268
ENSG00000166682	7.263973354803409
ENSG00000086827	7.592350096879868
ENSG00000228607	4.201821159110242
ENSG00000048028	7.942040275355227
ENSG00000149305	6.769802130479261
ENSG00000166736	9.847055291002855
ENSG00000109906	7.626871016193913
ENSG00000166741	12.359446786858626
ENSG00000180425	6.971280461064336
ENSG00000076053	5.856164696681542
ENSG00000255663	2.552048848926681
ENSG00000076043	8.780358904840517
ENSG00000095110	7.79051141189419
ENSG00000137634	9.438824755678594
ENSG00000204361	7.46371610553231
ENSG00000182985	9.200024531885909
ENSG00000137656	7.368941660613178
ENSG00000109917	6.838945124986695
ENSG00000110243	10.897876633709533
ENSG00000110244	16.023953693530647
ENSG00000110245	15.672506514973291
ENSG00000118137	16.06360523186916
ENSG00000160584	7.508751463907982
ENSG00000168092	7.8409085506725456
ENSG00000149577	8.048759311919856
ENSG00000149591	13.947728244875114
ENSG00000160613	6.963474123974886
ENSG00000167257	6.533451562584535
ENSG00000186318	9.325479933561065
ENSG00000110274	6.773468927905194
ENSG00000177103	7.459908875609459
ENSG00000137731	10.333007197542573
ENSG00000137726	10.610835918744813
ENSG00000137747	7.381541059266565
ENSG00000110324	8.354099627295636
ENSG00000255274	5.4451560745580085
ENSG00000137648	9.512037857630807
ENSG00000177098	9.427724225338636
ENSG00000149575	7.576673292516575
ENSG00000160593	10.772577594187467
ENSG00000160588	7.791814071161826
ENSG00000149573	9.785391328058724
ENSG00000198851	11.038872603229748
ENSG00000167286	12.366756714060154
ENSG00000160654	8.623623490427734
ENSG00000110344	7.574578300042991
ENSG00000167283	11.482932968348319
ENSG00000118058	8.083061480721083
ENSG00000172425	8.911069368890422
ENSG00000149582	7.736105136341198
ENSG00000118096	7.646682250447178
ENSG00000095139	9.43784704157936
ENSG00000019144	8.154818109052105
ENSG00000118094	7.741673280181863
ENSG00000110367	8.463096417013258
ENSG00000160683	5.395118897564231
ENSG00000186174	7.389738878676984
ENSG00000110375	13.511599193516162
ENSG00000176302	6.895617311148732
ENSG00000186166	7.2384047393250786
ENSG00000118181	13.387097280383227
ENSG00000196655	7.051548102468828
ENSG00000137700	8.513021132402052
ENSG00000149428	9.859541680418081
ENSG00000160695	7.185474220922683
ENSG00000256269	7.731016474162566
ENSG00000188486	10.403716892412117
ENSG00000172269	7.419733478517424
ENSG00000172375	6.36964096451698
ENSG00000172273	5.516015147003665
ENSG00000172350	6.508270175567795
ENSG00000160703	7.249226958133235
ENSG00000172367	6.966937979278457
ENSG00000248712	6.3724639009692154
ENSG00000110395	7.683609790985475
ENSG00000076706	11.026914058706884
ENSG00000173456	8.453968772864974
ENSG00000223953	3.634593268445757
ENSG00000235718	3.9699332746978557
ENSG00000036672	8.339404657907824
ENSG00000154096	10.887520341590688
ENSG00000110400	9.925025884869225
ENSG00000137699	10.7657004876511
ENSG00000184232	9.721156617867106
ENSG00000137709	8.52837665891659
ENSG00000181264	6.78608748186401
ENSG00000196914	7.851749041416057
ENSG00000149403	6.550174135808013
ENSG00000154114	6.653491965755999
ENSG00000109927	7.065623143444672
ENSG00000109929	10.255543124653789
ENSG00000137642	8.708541895303021
ENSG00000259571	6.489074764387746
ENSG00000154127	8.38150417641822
ENSG00000109943	8.656782364218994
ENSG00000109944	6.387500406480984
ENSG00000188909	6.705161297289959
ENSG00000109971	12.984774460046841
ENSG00000166250	8.580963588709409
ENSG00000023171	9.481710453746627
ENSG00000166257	8.22851272556647
ENSG00000166261	6.207379508857351
ENSG00000221931	2.212529159869904
ENSG00000196099	2.1723282245943736
ENSG00000204300	6.510170751151772
ENSG00000181518	1.9595203114837916
ENSG00000171014	2.2646354784816127
ENSG00000181499	5.770317204978766
ENSG00000196248	2.3354267788565823
ENSG00000198674	1.709562151311277
ENSG00000254737	2.8481497794247734
ENSG00000236981	2.547669627382465
ENSG00000234560	1.5079323905708624
ENSG00000182634	5.244897947752412
ENSG00000110002	8.164462488729722
ENSG00000197309	4.098395234828128
ENSG00000197849	3.91316251683624
ENSG00000255298	4.536674617569758
ENSG00000196341	5.398787221376029
ENSG00000279116	4.262508252066977
ENSG00000280090	2.3550429054634945
ENSG00000197125	3.247380514658303
ENSG00000170953	3.3374903531836355
ENSG00000196119	3.067827821925072
ENSG00000154143	5.196045411056838
ENSG00000154144	7.068240861312821
ENSG00000110013	7.852798408414585
ENSG00000064199	7.298307329502352
ENSG00000154146	12.44940661498558
ENSG00000019102	10.488813633702328
ENSG00000149564	9.517669388133811
ENSG00000120458	7.3957483281790335
ENSG00000154134	7.752213367865143
ENSG00000154133	8.653919873119422
ENSG00000165478	8.812928808971764
ENSG00000149548	5.678916986679839
ENSG00000134955	8.637711669476824
ENSG00000150433	7.471406878559866
ENSG00000165495	7.219695830715821
ENSG00000149557	10.737247343027738
ENSG00000149547	9.086829387066365
ENSG00000134910	8.857177685483087
ENSG00000149554	6.428755693491472
ENSG00000134940	7.9920886090139955
ENSG00000171053	11.28645739283587
ENSG00000196844	7.634911885400029
ENSG00000236027	5.489404189610509
ENSG00000237353	9.597274321468495
ENSG00000198331	6.908630182105634
ENSG00000110060	7.311248165350837
ENSG00000109832	5.979110755015785
ENSG00000064309	7.771939959974283
ENSG00000165526	8.126653815824321
ENSG00000197798	7.353786615783001
ENSG00000182934	12.120626257578108
ENSG00000110074	9.030265001309784
ENSG00000150455	8.846313978938102
ENSG00000110063	8.96723542835385
ENSG00000110080	9.665212796943349
ENSG00000149571	7.023613700384763
ENSG00000134954	9.882301743466392
ENSG00000151702	7.675387197883378
ENSG00000151704	11.008482531586012
ENSG00000120457	8.180738388684198
ENSG00000174370	5.942513811671112
ENSG00000120471	7.789046131769863
ENSG00000134909	8.422826039679384
ENSG00000043039	9.30780375217019
ENSG00000151715	9.248352898204963
ENSG00000170322	6.949534933017012
ENSG00000170325	6.662490363913776
ENSG00000084234	11.90749096230382
ENSG00000149418	11.117890531687728
ENSG00000196323	7.786172973622914
ENSG00000134917	9.827600551141282
ENSG00000166106	9.557688701394483
ENSG00000120451	8.194495305938048
ENSG00000182667	8.414035877308986
ENSG00000183715	8.02958229877875
ENSG00000166118	9.353808460474545
ENSG00000080854	6.682378811355643
ENSG00000166086	8.868161069081955
ENSG00000151503	10.972286376247236
ENSG00000151502	8.642714620743238
ENSG00000151500	10.772249772918707
ENSG00000151498	9.820882169548472
ENSG00000166105	7.283132043777446
ENSG00000149328	7.994353436858858
ENSG00000109956	8.311975314461156
ENSG00000261456	4.448410789422962
ENSG00000015171	8.602250622558092
ENSG00000151240	7.243524431431725
ENSG00000107929	7.499116810237914
ENSG00000107937	8.06580367648401
ENSG00000148377	8.364572432295857
ENSG00000067064	10.57680661790646
ENSG00000047056	6.5934067259769265
ENSG00000185736	6.356336558677334
ENSG00000067057	10.800903113449143
ENSG00000107959	8.569653750905907
ENSG00000067082	10.78178527118624
ENSG00000165568	6.6653359171851765
ENSG00000187134	11.721228395889717
ENSG00000151632	11.668399659258629
ENSG00000196139	11.679937694067059
ENSG00000264006	5.600507645345786
ENSG00000198610	11.625746712574848
ENSG00000178473	12.75758688891188
ENSG00000178462	7.521336737555387
ENSG00000173848	10.411957600794604
ENSG00000178372	14.214546800915006
ENSG00000178363	12.762863718634373
ENSG00000196372	9.261553145516277
ENSG00000108021	8.819513484596254
ENSG00000057608	10.760818515701958
ENSG00000134461	6.266625737474963
ENSG00000134452	7.498580426392646
ENSG00000134470	7.867896463992655
ENSG00000134460	8.460360755798426
ENSG00000134453	8.02019594564319
ENSG00000170525	10.446154870985582
ENSG00000065675	8.061160339476652
ENSG00000198879	6.983378364350695
ENSG00000123243	11.184246593028247
ENSG00000151655	14.011064706145184
ENSG00000151657	5.561904930699665
ENSG00000165629	10.651471563212542
ENSG00000165632	6.457626878389603
ENSG00000107485	11.696085809324083
ENSG00000048740	8.798267279053727
ENSG00000148429	6.557577588814089
ENSG00000134463	9.893977990354488
ENSG00000148426	8.431787420511164
ENSG00000151461	9.2949151516267
ENSG00000181192	9.231899586672741
ENSG00000065665	9.315212339279697
ENSG00000165609	8.890465463794929
ENSG00000151465	9.55070582529039
ENSG00000183049	8.04329783097956
ENSG00000151468	10.563822967784795
ENSG00000123240	9.04560102741327
ENSG00000065328	7.1756060935412505
ENSG00000165623	9.185493354757108
ENSG00000107537	10.635108139692326
ENSG00000086475	9.900841984976415
ENSG00000165626	6.975534278388924
ENSG00000165630	7.636130204829556
ENSG00000151474	6.918337097221003
ENSG00000065809	9.525816182683972
ENSG00000185267	5.956289026583943
ENSG00000187522	7.007553898020313
ENSG00000152455	7.189327420075892
ENSG00000152457	6.0858855018773355
ENSG00000197889	7.361171558800685
ENSG00000152463	9.369683465545188
ENSG00000176244	8.208191227204772
ENSG00000152464	7.417050350850554
ENSG00000152465	6.809323422043551
ENSG00000148468	8.915288908149432
ENSG00000077943	9.78086780181646
ENSG00000148481	9.445230127816576
ENSG00000165983	9.90258672806565
ENSG00000165985	7.322842058003504
ENSG00000148484	9.27065743424648
ENSG00000107611	9.523353852112864
ENSG00000107614	6.689011215651312
ENSG00000026025	13.681666198743452
ENSG00000148488	7.6394555394708235
ENSG00000165996	7.21320292598132
ENSG00000136738	9.506636580802983
ENSG00000148483	6.821220161223801
ENSG00000260314	9.762004761687853
ENSG00000148482	7.687066183931095
ENSG00000165995	7.489555942339153
ENSG00000241058	6.940155512754848
ENSG00000165997	8.368424179780853
ENSG00000204740	7.163789850277297
ENSG00000120594	9.197601540856551
ENSG00000078114	8.95361446119936
ENSG00000204683	8.125758741720155
ENSG00000180592	6.9547824853605125
ENSG00000078403	7.446377029568809
ENSG00000136770	11.163313748096488
ENSG00000223601	8.416373428289841
ENSG00000148444	7.582824145661618
ENSG00000269897	2.8311869897922355
ENSG00000168283	9.496516027987088
ENSG00000077327	7.873301508616368
ENSG00000150867	9.47634118006233
ENSG00000165309	7.284175054564671
ENSG00000148450	8.743885006308169
ENSG00000168267	8.89786791600028
ENSG00000179133	4.309358045991242
ENSG00000165312	9.132371198732537
ENSG00000120549	8.50312496416649
ENSG00000107863	9.100662339005199
ENSG00000099256	8.427563981559977
ENSG00000151023	6.975850225188231
ENSG00000185875	6.881645656313771
ENSG00000151025	8.097857015224609
ENSG00000095777	6.318040596665491
ENSG00000136750	8.458201524737945
ENSG00000077420	9.353566067267884
ENSG00000148459	6.707961354781888
ENSG00000136754	8.211237555825761
ENSG00000107890	7.071657648271481
ENSG00000136758	8.652695917759441
ENSG00000120539	7.223813547708189
ENSG00000107897	7.9342236505560555
ENSG00000099246	9.202639837759946
ENSG00000150051	9.182238062053687
ENSG00000169126	7.4765692744964225
ENSG00000150054	7.563526624773431
ENSG00000095787	8.499447297485176
ENSG00000095739	11.358947356534093
ENSG00000120563	7.442114122419225
ENSG00000197321	10.055282435501189
ENSG00000165757	9.08496036642024
ENSG00000107951	6.2735928643098005
ENSG00000107968	8.486434709500788
ENSG00000151033	8.278449458220482
ENSG00000183621	7.268306088939326
ENSG00000148516	9.141701589087257
ENSG00000165322	8.667797676550402
ENSG00000170759	10.242302309717893
ENSG00000120616	6.805576208629645
ENSG00000216937	7.288173968112302
ENSG00000150093	11.072968317362193
ENSG00000099250	8.70605314236958
ENSG00000148498	8.296183151069119
ENSG00000108094	8.106559986511268
ENSG00000095794	7.801546703356778
ENSG00000108100	9.707013345816495
ENSG00000177291	4.8694982430107085
ENSG00000177283	10.3227900555855
ENSG00000148513	12.700041754968451
ENSG00000256892	3.213952111872922
ENSG00000198105	7.217111929355829
ENSG00000175395	7.4781628927376325
ENSG00000189180	7.863168632304214
ENSG00000075407	6.6022144705960235
ENSG00000196693	7.172365451252935
ENSG00000165733	7.786357839461204
ENSG00000165731	11.223223049650942
ENSG00000169826	8.985293510109308
ENSG00000198915	6.635696809108588
ENSG00000150201	12.659694826630634
ENSG00000169813	10.178696860991877
ENSG00000243660	5.951401291674311
ENSG00000196793	8.817903234613338
ENSG00000198298	5.691435155137691
ENSG00000169740	8.85655444881139
ENSG00000277288	4.361066488794321
ENSG00000107562	11.54208698200874
ENSG00000187783	9.086679398049375
ENSG00000107551	10.371776644337924
ENSG00000165507	12.359200485133632
ENSG00000165512	9.853631273793665
ENSG00000256574	5.291639414780807
ENSG00000012779	9.318768742682732
ENSG00000165406	8.93381038795593
ENSG00000172671	7.146695948030656
ENSG00000172661	7.547782398850573
ENSG00000188234	4.984589350362456
ENSG00000265354	10.267432147222392
ENSG00000266412	10.802345478732619
ENSG00000263639	16.632600699428412
ENSG00000274209	7.209047386340674
ENSG00000264230	7.208478242211705
ENSG00000204174	5.340928613862746
ENSG00000204175	8.011586196328093
ENSG00000204176	3.1677103933488877
ENSG00000204179	5.654051325581613
ENSG00000266524	9.491382409260778
ENSG00000263761	5.907956117283679
ENSG00000265203	10.308966122478788
ENSG00000265763	9.124575149523785
ENSG00000265190	8.824347957583095
ENSG00000189090	2.9647200166167553
ENSG00000204172	8.509395902037935
ENSG00000277758	3.7142487879883364
ENSG00000264717	5.159502253308815
ENSG00000276430	6.535415820612397
ENSG00000170324	5.880575317635449
ENSG00000107643	6.527461596618803
ENSG00000128805	7.0336242015211345
ENSG00000128815	7.0178767728081235
ENSG00000165383	6.610602679839725
ENSG00000165633	8.369109065067146
ENSG00000172538	6.237448995639321
ENSG00000204161	7.635636954670962
ENSG00000177354	8.617534442410644
ENSG00000165606	9.079413514226518
ENSG00000225830	5.459750563557884
ENSG00000070748	6.066780656502889
ENSG00000187714	8.726650980628358
ENSG00000178645	5.866660750819986
ENSG00000197444	9.84223491207639
ENSG00000227345	6.994797851128519
ENSG00000204149	6.478486512084187
ENSG00000099290	7.411949024644551
ENSG00000188611	7.742807693518674
ENSG00000198964	8.427204548731385
ENSG00000204147	5.574992990969512
ENSG00000148584	7.779692487453072
ENSG00000185532	6.636641787510434
ENSG00000177613	7.813445102080086
ENSG00000107984	12.087131301540529
ENSG00000165471	8.792532484285164
ENSG00000150275	6.722689099284714
ENSG00000249860	4.075592056705142
ENSG00000122952	8.851853806937498
ENSG00000151151	7.275621439924865
ENSG00000122873	8.514643759077503
ENSG00000072401	7.4560542932286165
ENSG00000108064	8.117562751432423
ENSG00000122870	8.97507971530807
ENSG00000165443	9.783285927472836
ENSG00000148541	6.583137714580168
ENSG00000165449	10.364796625214163
ENSG00000227877	6.545077240895569
ENSG00000108091	9.298121555390729
ENSG00000151150	7.104336659814735
ENSG00000170312	9.055222044617556
ENSG00000072422	8.782856981731838
ENSG00000196932	7.2103824828498535
ENSG00000183346	7.325623082685903
ENSG00000150347	9.0031420778517
ENSG00000182010	8.277984747299765
ENSG00000138311	7.427608767911095
ENSG00000181915	9.76670420171444
ENSG00000122877	11.008212327493604
ENSG00000148572	9.898871333247518
ENSG00000171988	8.059522798084558
ENSG00000165476	9.730737070759012
ENSG00000183230	6.204179851857087
ENSG00000198739	7.117235185108922
ENSG00000108176	10.467608009761049
ENSG00000096717	7.568550404685103
ENSG00000148634	6.595814263461645
ENSG00000138347	7.910111992427305
ENSG00000179774	5.333065878076355
ENSG00000108187	8.52943055414615
ENSG00000096746	8.328376941281384
ENSG00000204130	7.233619676759702
ENSG00000138346	6.432964279165571
ENSG00000122912	7.2107513033916275
ENSG00000138336	6.850742886753618
ENSG00000060339	7.472714968321775
ENSG00000165730	8.244953708812531
ENSG00000107625	8.224981247223862
ENSG00000165732	9.33524208276845
ENSG00000198954	7.760292174328141
ENSG00000122862	14.740072404940559
ENSG00000122958	9.985699693592869
ENSG00000156502	8.658432141266056
ENSG00000156510	8.838218563636497
ENSG00000156515	10.484801757478534
ENSG00000075073	9.306289585336073
ENSG00000099282	10.470012634252717
ENSG00000122859	10.009366855701918
ENSG00000171224	8.391293825393756
ENSG00000197467	7.680886920719692
ENSG00000099284	9.34811144650754
ENSG00000042286	7.867877552328522
ENSG00000156521	7.801263915813806
ENSG00000079332	9.448624983830772
ENSG00000180817	10.99859042974533
ENSG00000148734	5.701271802201968
ENSG00000172731	7.857018702335758
ENSG00000148730	9.682149986846776
ENSG00000156574	8.431739923049694
ENSG00000107719	7.698207603919482
ENSG00000180644	9.459061343718897
ENSG00000138316	8.61839088700013
ENSG00000166220	13.077361237390038
ENSG00000166224	10.028848203801966
ENSG00000166228	11.17428405452167
ENSG00000107731	8.876722104409566
ENSG00000198246	9.32483466532104
ENSG00000107736	7.015693807105145
ENSG00000214688	8.110613805500897
ENSG00000107738	10.471387579106961
ENSG00000197746	13.738658453317663
ENSG00000122863	9.2080997521129
ENSG00000107742	11.493707839267719
ENSG00000138303	7.039582062994813
ENSG00000166295	8.774015168019229
ENSG00000168209	12.226111098132389
ENSG00000148719	8.204910169255843
ENSG00000107745	8.405383999834216
ENSG00000156026	8.983561786226053
ENSG00000138315	8.193409182413529
ENSG00000138308	8.59326047244013
ENSG00000122884	10.437395596803416
ENSG00000166321	6.476242271142554
ENSG00000122882	8.071763831256975
ENSG00000138286	6.296344464144521
ENSG00000213551	7.340347247797714
ENSG00000182180	9.52370589945985
ENSG00000156042	7.353146825498083
ENSG00000138279	10.063965627526155
ENSG00000166343	8.09719964671479
ENSG00000107758	8.134041568299583
ENSG00000166348	8.111135670234708
ENSG00000177791	12.065460175261773
ENSG00000166317	10.085486986214306
ENSG00000172650	5.130519083027338
ENSG00000176986	8.363675314473666
ENSG00000196968	7.716193349535143
ENSG00000172586	8.755724760614115
ENSG00000214655	7.490249210627085
ENSG00000272916	2.3813738668697786
ENSG00000166507	6.536208354692263
ENSG00000148660	7.967195766669253
ENSG00000122861	11.835090170963008
ENSG00000222047	6.006522445622979
ENSG00000035403	9.623923210186526
ENSG00000185009	9.017296783722188
ENSG00000156110	8.071677557955187
ENSG00000156650	8.643795780681222
ENSG00000188716	6.6280156324373385
ENSG00000079393	7.538540956808217
ENSG00000156671	9.252248809302435
ENSG00000165637	10.178865939049578
ENSG00000165644	9.317379722599762
ENSG00000165655	9.092658662333832
ENSG00000148655	6.3372238963373295
ENSG00000156113	8.373453141813247
ENSG00000151208	8.753263254002098
ENSG00000148606	7.99472684308699
ENSG00000138326	13.021577781379726
ENSG00000108175	9.594986868978411
ENSG00000108179	10.718617575482684
ENSG00000165424	9.676375184799618
ENSG00000253626	5.982542656705685
ENSG00000185303	16.08595366729192
ENSG00000122852	15.782651311832472
ENSG00000188199	3.3897192710394135
ENSG00000228570	2.2702299072379977
ENSG00000133661	12.750452363141969
ENSG00000133678	9.079848426542766
ENSG00000189129	10.340782743780427
ENSG00000122359	9.363860061276396
ENSG00000151224	11.399325671553553
ENSG00000170788	8.537218400538595
ENSG00000133665	7.952526233406807
ENSG00000122378	10.622526214174869
ENSG00000108219	8.476816831293348
ENSG00000178217	3.496726479914478
ENSG00000185737	6.173688818839879
ENSG00000165678	11.205944668608963
ENSG00000188373	11.76666986370529
ENSG00000148600	9.772149590784542
ENSG00000204033	5.64885378515619
ENSG00000148604	7.578076974705727
ENSG00000148602	5.552057114324786
ENSG00000107771	7.416450730493801
ENSG00000182771	7.267639834191465
ENSG00000062650	8.004323161712215
ENSG00000122375	6.28089988543619
ENSG00000122367	10.675584769774938
ENSG00000107779	6.394380898207823
ENSG00000173269	8.871059502621405
ENSG00000173267	12.864777937936493
ENSG00000148671	5.182692297516191
ENSG00000188100	12.259254538205473
ENSG00000148672	11.362009094976996
ENSG00000122376	7.342385928037333
ENSG00000184923	3.3239519160319713
ENSG00000214562	3.8126303338895253
ENSG00000107789	7.782017012694652
ENSG00000198682	11.041201268989543
ENSG00000138138	7.507787775129736
ENSG00000227268	4.229321821781199
ENSG00000171862	8.041305681851888
ENSG00000184719	7.706847151568305
ENSG00000204022	4.483493351284395
ENSG00000182333	17.4390922744921
ENSG00000204021	7.103446235970116
ENSG00000204020	6.269407240854037
ENSG00000173239	7.024585638278273
ENSG00000152766	8.508787477422944
ENSG00000138134	6.154033328942208
ENSG00000107796	13.638666021245276
ENSG00000026103	8.08637982512937
ENSG00000138135	9.611375811453286
ENSG00000107798	10.051168235000487
ENSG00000119922	10.475545408751099
ENSG00000119917	10.832098846039134
ENSG00000204010	6.599516408025266
ENSG00000185745	10.761630431153915
ENSG00000152778	7.571983712940333
ENSG00000152779	9.08063507565252
ENSG00000152782	6.509829643156582
ENSG00000138182	6.873032683238616
ENSG00000148680	6.601052996494231
ENSG00000148688	7.0115686127137185
ENSG00000148677	13.669660180238552
ENSG00000180628	7.963754025671346
ENSG00000165338	6.589906219730723
ENSG00000119938	10.369597346278677
ENSG00000107854	7.958585376215745
ENSG00000174721	9.224191494766522
ENSG00000095564	8.066152534236135
ENSG00000107864	5.842224612877244
ENSG00000198060	8.310607770318741
ENSG00000119912	7.511041732356328
ENSG00000138160	7.7483577989223145
ENSG00000152804	9.546395302096004
ENSG00000138190	6.524986477456902
ENSG00000187553	5.0394737507156755
ENSG00000095596	9.986160070703722
ENSG00000138119	9.73535390266103
ENSG00000138180	8.50281549227123
ENSG00000186188	7.130083282252
ENSG00000138207	15.2426877286537
ENSG00000095464	3.7370571976932188
ENSG00000148690	6.0266595439582975
ENSG00000108231	6.787100954202234
ENSG00000176273	7.3531822898183
ENSG00000138193	6.947804921792794
ENSG00000173145	6.927656230350822
ENSG00000108239	7.1147834472498515
ENSG00000119969	7.236240395842241
ENSG00000108242	8.64791294816916
ENSG00000276490	4.084847259022585
ENSG00000165841	8.878357510336935
ENSG00000138109	11.193184135488412
ENSG00000138115	12.352043425795433
ENSG00000173124	6.8237882210459055
ENSG00000107438	11.853416725016045
ENSG00000095637	9.860466258517167
ENSG00000059573	9.60960500156869
ENSG00000119977	10.239592059880913
ENSG00000138185	8.524810196092174
ENSG00000270099	2.9848121142933213
ENSG00000188649	4.485813417105912
ENSG00000107443	7.03058091220163
ENSG00000177853	7.967314179616227
ENSG00000095585	8.230409761714185
ENSG00000107447	11.55690310690841
ENSG00000197430	9.560332834212442
ENSG00000095587	7.072713934516491
ENSG00000077147	10.35128013294139
ENSG00000155629	8.47000621201102
ENSG00000196233	7.814554704921724
ENSG00000187122	9.346926277314001
ENSG00000269891	3.447984365989152
ENSG00000213390	7.380068271704517
ENSG00000165879	6.8441957101462405
ENSG00000181274	9.292080797801969
ENSG00000052749	7.642239943472383
ENSG00000171314	9.29480088418608
ENSG00000171311	6.80112426622803
ENSG00000171307	7.658448284147267
ENSG00000155229	7.560258703822649
ENSG00000165886	8.494107135006093
ENSG00000165887	11.52845411076479
ENSG00000241935	7.934438848687831
ENSG00000249967	0.3588486591235876
ENSG00000203942	10.620219825507487
ENSG00000171160	6.836681593327116
ENSG00000155252	7.562290076420791
ENSG00000119986	9.910642730469625
ENSG00000155254	9.188453732093041
ENSG00000155256	7.733709107542651
ENSG00000120057	10.973507539404048
ENSG00000155265	8.360188670062712
ENSG00000095713	11.615008489428536
ENSG00000166024	7.190558489225476
ENSG00000138131	11.496834488524131
ENSG00000119943	9.08415621677092
ENSG00000107521	8.161166624212306
ENSG00000172987	8.695324398648966
ENSG00000119946	6.6865005271832185
ENSG00000120053	10.75295820068045
ENSG00000119919	7.689058278236339
ENSG00000155287	9.849405100947758
ENSG00000198018	7.469400895075343
ENSG00000119929	8.407185314307192
ENSG00000014919	7.79728512990649
ENSG00000023839	8.850647966510856
ENSG00000107554	7.20604960441348
ENSG00000120054	9.575399747113476
ENSG00000107566	8.290262375791821
ENSG00000213341	6.507801418649647
ENSG00000095485	6.785025200511678
ENSG00000196072	10.533556539713027
ENSG00000107593	6.324923057612431
ENSG00000099194	13.440998900540311
ENSG00000075290	6.5495855312667794
ENSG00000075826	7.827997566845898
ENSG00000255339	3.2915978558770362
ENSG00000166136	9.243173983472952
ENSG00000166135	6.530317569736422
ENSG00000075891	9.724750173964843
ENSG00000119906	7.3038885191660246
ENSG00000055950	7.6647099205434905
ENSG00000095539	8.485322259465786
ENSG00000107815	7.25162164625527
ENSG00000107816	8.25476896338056
ENSG00000186862	6.232660756790275
ENSG00000107819	8.504842026997299
ENSG00000107821	8.744505207042561
ENSG00000107807	8.20882859721085
ENSG00000138136	7.8107025872063405
ENSG00000166167	7.728635395988985
ENSG00000166171	8.246027980528105
ENSG00000166169	5.924812503605781
ENSG00000107829	7.951774624622318
ENSG00000107831	9.249379352504413
ENSG00000107833	9.615395260203979
ENSG00000198408	9.063909919851572
ENSG00000120049	9.441087504071259
ENSG00000120029	6.804824782444537
ENSG00000166189	6.752142063304276
ENSG00000198728	9.692662645846797
ENSG00000148840	7.425425734590699
ENSG00000166197	9.299514804046881
ENSG00000119915	10.760362426818924
ENSG00000107859	7.443981816689595
ENSG00000107862	7.538493422405209
ENSG00000077150	9.15532422905059
ENSG00000059915	9.327103486219304
ENSG00000107872	7.674180157865594
ENSG00000107874	9.658031860344046
ENSG00000120055	7.5670352145225666
ENSG00000138111	6.8217416465534795
ENSG00000138107	8.740926790184401
ENSG00000107882	6.748468145012769
ENSG00000171206	10.272709371492752
ENSG00000138175	9.3188479475171
ENSG00000156398	7.590575891145419
ENSG00000166272	8.831686589365116
ENSG00000148795	14.903442803326788
ENSG00000166275	7.8954308553105506
ENSG00000270316	0.46782397451547025
ENSG00000214435	9.846587336300278
ENSG00000148842	5.485779107346471
ENSG00000076685	7.4634018622059495
ENSG00000235376	2.654860559205923
ENSG00000148798	9.619119511453219
ENSG00000156374	5.780324343280085
ENSG00000148835	5.63020848829564
ENSG00000173915	10.923866513541624
ENSG00000148843	7.572691177162489
ENSG00000138172	8.72514359102694
ENSG00000185933	6.6978974575503605
ENSG00000183128	9.199827891519368
ENSG00000107954	8.157290671591001
ENSG00000107957	9.899030632819283
ENSG00000107960	8.105320723472335
ENSG00000065613	8.159324669123764
ENSG00000065618	12.580340713017188
ENSG00000156384	7.616837355566264
ENSG00000197748	7.803717082457366
ENSG00000148834	11.03714462865115
ENSG00000065621	6.001567139863519
ENSG00000148841	8.354469792157401
ENSG00000120051	7.996418621728918
ENSG00000156395	7.030592412684397
ENSG00000108018	8.002469535282241
ENSG00000108039	7.755876870290265
ENSG00000148700	9.234477379143629
ENSG00000119950	8.620586410451878
ENSG00000119953	6.43940149887282
ENSG00000138166	10.926431864308542
ENSG00000108055	9.556295005140537
ENSG00000203867	7.9253456142046295
ENSG00000150593	10.627144842333154
ENSG00000214413	7.333493807176472
ENSG00000108061	9.870510035295235
ENSG00000150594	9.21981927764635
ENSG00000119927	9.94524487715817
ENSG00000119913	5.443784092893811
ENSG00000197142	10.708746845027058
ENSG00000023041	7.387703098230172
ENSG00000151532	5.752577665322543
ENSG00000148737	8.080332280715629
ENSG00000148702	10.648522009461525
ENSG00000197893	11.280830979934832
ENSG00000165806	8.502207933488776
ENSG00000148735	9.410335612693062
ENSG00000198924	6.947721447103065
ENSG00000196865	7.450697765467104
ENSG00000043591	7.933690654952234
ENSG00000165813	7.709214814540469
ENSG00000095627	7.396362015368626
ENSG00000165816	8.333013393742073
ENSG00000169129	8.819514781319617
ENSG00000099204	9.88508622529017
ENSG00000151553	7.042275473220108
ENSG00000165832	7.717304385456521
ENSG00000107518	7.780214402369906
ENSG00000151892	10.90266424131388
ENSG00000182645	8.08255914598132
ENSG00000203837	8.524120959933045
ENSG00000175535	17.304420834086198
ENSG00000187021	12.55098721452152
ENSG00000165863	8.983563697223321
ENSG00000165868	7.690760787976835
ENSG00000188316	4.917443897736598
ENSG00000187164	9.089318056953081
ENSG00000148704	6.177361932063769
ENSG00000186795	2.6790482165834884
ENSG00000165646	9.58244946190494
ENSG00000165650	8.131534669872034
ENSG00000170370	9.652201242511566
ENSG00000107560	8.395363362398818
ENSG00000165669	8.402944712691763
ENSG00000119973	8.163284529287083
ENSG00000151893	7.985841315178171
ENSG00000188613	8.07725358425149
ENSG00000107581	9.680520601246661
ENSG00000119979	7.255684112747666
ENSG00000183605	8.333529720015694
ENSG00000165672	9.960860966758375
ENSG00000198873	8.790837186997955
ENSG00000148908	10.894349894011354
ENSG00000151923	7.964628607820962
ENSG00000151929	12.418379719364957
ENSG00000198825	9.185690378423967
ENSG00000197771	8.461194086065873
ENSG00000107651	7.921366047559375
ENSG00000203805	9.0104523271798
ENSG00000120008	8.75542890761467
ENSG00000066468	11.368097636497208
ENSG00000107669	10.720626220758138
ENSG00000107672	11.312567320398257
ENSG00000138162	8.662213452347078
ENSG00000138152	9.897586256489696
ENSG00000107679	7.745124388211737
ENSG00000254636	5.571941373055845
ENSG00000166033	13.417680108115503
ENSG00000187908	11.956600395097325
ENSG00000183559	8.378945060252901
ENSG00000138161	13.10901441943898
ENSG00000213185	8.876803270557687
ENSG00000203795	6.678071905112637
ENSG00000119965	6.9942213214916
ENSG00000179988	5.26601373463382
ENSG00000095574	7.480052861214186
ENSG00000196177	10.81552204298058
ENSG00000188620	6.872855564814298
ENSG00000188816	6.793103558941819
ENSG00000154473	10.237058222332044
ENSG00000154478	8.126463477304315
ENSG00000121898	10.404782909753083
ENSG00000182022	8.189126347487544
ENSG00000065154	11.272637532438518
ENSG00000229544	7.145859453213745
ENSG00000107902	9.074409099343736
ENSG00000258539	3.367834657067612
ENSG00000189319	9.012347520410835
ENSG00000203791	7.302255834084194
ENSG00000165660	7.847341772450647
ENSG00000019995	7.653919873119422
ENSG00000175029	8.528826277752364
ENSG00000175018	6.392489161966022
ENSG00000107938	6.833059333300485
ENSG00000154485	3.8252586667133146
ENSG00000188690	7.731891759509323
ENSG00000107949	9.029220311804588
ENSG00000089876	8.578855041607177
ENSG00000203780	7.336283387864432
ENSG00000148848	9.211111751964289
ENSG00000154493	6.473358153448985
ENSG00000150760	9.44976896575307
ENSG00000188916	9.696060474066988
ENSG00000214285	8.61608345630571
ENSG00000186766	9.01745907904316
ENSG00000180745	9.63266939605678
ENSG00000132334	7.861515204215879
ENSG00000148773	8.672956989983764
ENSG00000170430	8.459058474495354
ENSG00000108001	9.341598054231174
ENSG00000237489	4.311992167967354
ENSG00000108010	7.770060556989469
ENSG00000176769	8.357715537156563
ENSG00000175470	6.938991438775543
ENSG00000176171	9.673401223425731
ENSG00000188385	6.524032323405924
ENSG00000151640	8.012609476249356
ENSG00000165752	7.182528728242262
ENSG00000148814	6.439789337089688
ENSG00000171813	8.580712308840447
ENSG00000068383	7.982423226775876
ENSG00000148826	9.043300754364182
ENSG00000171811	5.9701634246609965
ENSG00000197177	7.624608316380566
ENSG00000171798	7.414473836430928
ENSG00000171794	10.58603062996553
ENSG00000151650	8.846070788541434
ENSG00000151651	8.866418378677952
ENSG00000130640	7.848552245990629
ENSG00000198546	7.445428759238323
ENSG00000130643	10.40041448975435
ENSG00000165828	12.553610813368762
ENSG00000148803	9.463113056935883
ENSG00000127884	11.514057103509176
ENSG00000148832	7.932510053379894
ENSG00000254536	1.9413052465569691
ENSG00000148824	7.360188670062712
ENSG00000203772	8.064473328753415
ENSG00000214279	6.067165427017112
ENSG00000130649	13.32412535308416
ENSG00000171772	7.959422420093674
ENSG00000225899	5.569855608330948
ENSG00000120645	8.084412748068893
ENSG00000111181	8.572822856231863
ENSG00000010379	9.606769814245405
ENSG00000073614	7.534908492107661
ENSG00000120647	7.219194810938663
ENSG00000139044	9.556136237559286
ENSG00000171840	9.92367035459974
ENSG00000060237	9.641184445762885
ENSG00000002016	6.673235472889259
ENSG00000082805	8.165362495943459
ENSG00000111186	9.730387844051744
ENSG00000171823	8.708591559728188
ENSG00000006831	10.596951950235416
ENSG00000151062	7.657288834705096
ENSG00000166159	8.153353267383169
ENSG00000151065	8.081269358410756
ENSG00000151067	6.741750362739028
ENSG00000004478	11.575549783540875
ENSG00000111203	7.508569162987187
ENSG00000053702	7.730360472098321
ENSG00000111206	9.740956929866028
ENSG00000171792	8.825671684386036
ENSG00000078246	8.915114203352436
ENSG00000197905	9.808470606114874
ENSG00000011105	9.797450226094275
ENSG00000111218	7.065567464252041
ENSG00000130038	7.0824484875970555
ENSG00000111224	7.728137235120818
ENSG00000118971	10.605172785852254
ENSG00000078237	9.307195796090035
ENSG00000118972	6.91528186586766
ENSG00000111241	5.6713797847901155
ENSG00000047621	7.249355348596789
ENSG00000111247	8.906336236371097
ENSG00000010219	6.777419715515831
ENSG00000272921	2.7106302300256386
ENSG00000111254	8.803808234507647
ENSG00000139180	6.965776350582824
ENSG00000255639	1.327406234697615
ENSG00000130035	7.190053163273245
ENSG00000111262	7.315602456637947
ENSG00000130037	8.07454609167211
ENSG00000185652	7.05137303890286
ENSG00000047617	8.221437530125117
ENSG00000110799	11.187484047304501
ENSG00000010278	12.92362734887237
ENSG00000008323	9.555015572537847
ENSG00000067182	9.809665272543585
ENSG00000111319	10.743698612662467
ENSG00000111321	9.387608118287462
ENSG00000139193	10.464578387048633
ENSG00000139192	8.973259866775694
ENSG00000139190	9.269827981135627
ENSG00000111639	10.499372672116484
ENSG00000010292	9.742671825989571
ENSG00000111640	15.46239078729843
ENSG00000010295	8.075298524029936
ENSG00000111641	8.688476572424168
ENSG00000111642	10.058550722349203
ENSG00000184574	8.153616591904484
ENSG00000111644	10.134426320220927
ENSG00000111653	8.878170363205957
ENSG00000126746	7.601876125198463
ENSG00000139200	8.733115207009698
ENSG00000111652	9.748199827137816
ENSG00000089693	10.684811879204325
ENSG00000159335	12.487164828575384
ENSG00000089692	8.849146678779373
ENSG00000010610	9.772071533029239
ENSG00000250510	8.735725245076575
ENSG00000110811	9.060690714649946
ENSG00000111664	9.257567033631814
ENSG00000111665	6.961153733041613
ENSG00000111667	9.90125148779693
ENSG00000111669	12.431555376379205
ENSG00000111671	9.179742454761497
ENSG00000010626	8.766681142030741
ENSG00000111674	11.091435386323607
ENSG00000111676	12.188406902031414
ENSG00000111678	11.277293881199578
ENSG00000111679	9.587170065155977
ENSG00000215021	11.001860047859605
ENSG00000126749	6.433293325815009
ENSG00000111684	7.261857644420998
ENSG00000182326	11.54378135721032
ENSG00000159403	11.985486199104635
ENSG00000139178	8.119910633082542
ENSG00000139194	11.247641955128925
ENSG00000139182	9.806372230937018
ENSG00000139197	8.613894177083075
ENSG00000215009	4.485667203751957
ENSG00000177675	7.9435440204442145
ENSG00000177575	11.034977834611203
ENSG00000111701	8.782227146792616
ENSG00000184344	13.208210755081684
ENSG00000187569	12.63472672673687
ENSG00000198178	7.64840527933489
ENSG00000205857	6.700958389461867
ENSG00000111704	9.493441373655275
ENSG00000173262	7.821455119102458
ENSG00000059804	11.983842283789398
ENSG00000065970	7.773432641143983
ENSG00000171860	9.308784313369356
ENSG00000089818	8.545708190303758
ENSG00000111729	7.899760957888737
ENSG00000196946	3.245039234118759
ENSG00000171847	5.680965449635505
ENSG00000205846	5.841288330870505
ENSG00000166527	8.575140375454103
ENSG00000166523	7.658925511492373
ENSG00000111732	8.290881142060783
ENSG00000197614	12.013021227320358
ENSG00000166532	9.440387111368826
ENSG00000166535	11.015773877008659
ENSG00000111752	8.833855327529024
ENSG00000003056	9.233724656770253
ENSG00000139187	6.413278645993083
ENSG00000175899	14.026511867518868
ENSG00000126838	10.022164143331269
ENSG00000111796	7.292522265638887
ENSG00000069493	7.089250929934933
ENSG00000184293	7.472091208439328
ENSG00000110848	10.73458446717378
ENSG00000150045	6.2992080183872785
ENSG00000110852	10.04419836524099
ENSG00000256797	7.816775495355069
ENSG00000188393	7.5709063487344155
ENSG00000172322	9.15470827287187
ENSG00000165682	6.3408231963215655
ENSG00000256660	6.3145046241544645
ENSG00000197992	7.003718679328207
ENSG00000150048	8.997402764672419
ENSG00000172243	9.357262533474666
ENSG00000173391	10.270337484608254
ENSG00000165685	11.420753138666246
ENSG00000139112	10.112577719325023
ENSG00000134539	5.152193666394235
ENSG00000255819	5.665896759963509
ENSG00000213809	8.015693807105146
ENSG00000183542	6.190736222540341
ENSG00000255641	3.0253715724808146
ENSG00000205810	6.133176534383416
ENSG00000205809	9.24483955781855
ENSG00000134545	6.4166789421684935
ENSG00000180574	5.2867617957954876
ENSG00000111196	7.395022840328671
ENSG00000060140	6.98299357469431
ENSG00000060138	10.96289600533726
ENSG00000121377	2.0791683307418234
ENSG00000121314	2.4594813991252016
ENSG00000121381	2.6178890731979876
ENSG00000231887	13.392040391992897
ENSG00000121318	4.581476007512771
ENSG00000275778	4.048120852958421
ENSG00000111215	12.939607864278388
ENSG00000212128	5.986852254226421
ENSG00000134551	16.950800187734387
ENSG00000212127	6.031598647202016
ENSG00000212126	5.887359311338415
ENSG00000255837	6.037017093718394
ENSG00000212124	6.816503706122331
ENSG00000256436	6.93393050086923
ENSG00000226761	5.985655492395496
ENSG00000255374	5.769854942129659
ENSG00000256188	6.658951248061029
ENSG00000256537	9.100838387015678
ENSG00000186136	5.139028758702157
ENSG00000197870	13.870892605718925
ENSG00000230657	14.769273749892012
ENSG00000251655	10.187352073200497
ENSG00000121335	12.236418050161983
ENSG00000139083	10.273162323787766
ENSG00000121380	8.442566886320487
ENSG00000070018	8.993901925264364
ENSG00000111261	8.51456508176971
ENSG00000165714	6.9402647050548865
ENSG00000111266	9.110697921600467
ENSG00000111269	9.146289513808918
ENSG00000183150	6.701715031939341
ENSG00000111276	9.974807278182038
ENSG00000178878	9.710373198336729
ENSG00000213782	4.798306791080578
ENSG00000013588	11.332339234210401
ENSG00000111291	11.757390009366638
ENSG00000013583	11.149175531469089
ENSG00000084444	11.605105809746556
ENSG00000111305	9.92851837525789
ENSG00000134531	11.984062369686436
ENSG00000273079	5.526542384613936
ENSG00000171681	8.604727813817084
ENSG00000121316	11.208181593683507
ENSG00000070019	9.585104520162522
ENSG00000197837	8.433592300063589
ENSG00000246705	11.616306335448368
ENSG00000084463	11.096372532530763
ENSG00000182993	6.2507443757803145
ENSG00000179256	7.944941677130765
ENSG00000111339	8.177687284668307
ENSG00000111341	15.098435053975829
ENSG00000139055	11.06703042954321
ENSG00000111348	12.925895099111827
ENSG00000139053	8.754009571929998
ENSG00000134533	10.451060924291868
ENSG00000151490	8.560170161579917
ENSG00000151491	9.537409787224355
ENSG00000023734	12.086971060341476
ENSG00000023697	9.278887855227273
ENSG00000188991	4.51919798659549
ENSG00000008394	10.078310154789968
ENSG00000048540	9.043720563743436
ENSG00000111404	10.317474457057743
ENSG00000139144	7.637601612404872
ENSG00000139151	7.729960561018015
ENSG00000177938	10.4189067312579
ENSG00000052126	7.914062210201349
ENSG00000139154	8.77264357145593
ENSG00000172572	8.98298965846087
ENSG00000139155	7.332104103594447
ENSG00000111700	8.034054300726321
ENSG00000257046	5.324506422160531
ENSG00000257062	6.922401945091615
ENSG00000134538	9.575067144356423
ENSG00000084453	8.532161084983212
ENSG00000121351	11.940028651561402
ENSG00000121350	7.261686448643704
ENSG00000004700	9.497927415175422
ENSG00000111711	10.748442670682811
ENSG00000134548	9.675933129725756
ENSG00000111713	7.637926111519737
ENSG00000111716	13.612508578094399
ENSG00000121361	9.016970930761754
ENSG00000069431	7.666099701165305
ENSG00000111726	11.574654394879076
ENSG00000111728	6.3642480383749405
ENSG00000111731	10.520986992070466
ENSG00000139163	9.703002900641696
ENSG00000134532	6.5293957948890275
ENSG00000060982	11.146958649200839
ENSG00000118308	10.519290521066267
ENSG00000118307	8.00093523511263
ENSG00000205707	10.043721359936331
ENSG00000133703	10.469561113846922
ENSG00000152936	6.25925184258136
ENSG00000123094	9.26713594838384
ENSG00000123095	11.594109876926112
ENSG00000123096	8.817918628681266
ENSG00000123104	8.84777178529126
ENSG00000064102	9.591526405852045
ENSG00000111790	8.219559552935342
ENSG00000064115	10.668035669658678
ENSG00000152944	9.352290833036738
ENSG00000214700	4.840463233869542
ENSG00000211455	9.213629027049405
ENSG00000029153	8.798061159921994
ENSG00000165935	5.010873565843885
ENSG00000110841	9.325760228363352
ENSG00000174236	7.587834618347661
ENSG00000061794	11.485921806741606
ENSG00000205693	8.51050419245389
ENSG00000087448	8.405075647267847
ENSG00000087494	11.710023688437293
ENSG00000123106	9.309733879568189
ENSG00000064763	8.384163549926624
ENSG00000087502	9.287617137543876
ENSG00000187950	6.584301973780893
ENSG00000133687	8.444318355967816
ENSG00000133704	8.27826921815549
ENSG00000110888	7.736196880088779
ENSG00000110900	9.43192127089745
ENSG00000013573	8.460556704709601
ENSG00000139146	10.235830928779626
ENSG00000170456	7.058980629889168
ENSG00000139160	5.2766309849319715
ENSG00000151743	6.523561956057013
ENSG00000188375	6.8740592031411465
ENSG00000174718	10.499198736752765
ENSG00000151746	7.590119222666335
ENSG00000139132	8.339581225109788
ENSG00000087470	8.760437868898475
ENSG00000139131	8.442489428018648
ENSG00000057294	8.663582890065129
ENSG00000110975	6.485084924900414
ENSG00000139133	6.229086369336862
ENSG00000175548	7.997660593700952
ENSG00000139117	6.748332141450896
ENSG00000139116	8.03309003805402
ENSG00000173208	6.875538052881311
ENSG00000180116	3.813237298433873
ENSG00000151229	7.03619341250242
ENSG00000188906	9.095790240187663
ENSG00000205592	7.035032042667371
ENSG00000018236	9.802859456578785
ENSG00000165966	7.9066521687364855
ENSG00000151233	8.050911006654081
ENSG00000015153	6.13431073422808
ENSG00000134283	7.444578385728027
ENSG00000139168	9.471281134981647
ENSG00000139174	7.7203467352978725
ENSG00000173157	4.52156831515546
ENSG00000129317	6.877132893536157
ENSG00000198001	7.5733101374262715
ENSG00000151239	9.574520839088834
ENSG00000139173	8.275102993374734
ENSG00000184613	11.053614843279169
ENSG00000185610	7.275888299958849
ENSG00000177119	9.403417123127703
ENSG00000189079	7.294127072192009
ENSG00000139218	7.896100354126983
ENSG00000111371	9.888064432249731
ENSG00000134294	10.73663761049864
ENSG00000139209	10.420571417041455
ENSG00000139211	10.353788757074879
ENSG00000179715	8.828452505220422
ENSG00000005175	7.206012459753443
ENSG00000111405	8.526102763651824
ENSG00000079337	8.103287808412022
ENSG00000211584	9.293966830749937
ENSG00000061273	8.758680426778044
ENSG00000111424	8.70860671699734
ENSG00000134291	10.232154566428308
ENSG00000139219	11.222362126428466
ENSG00000079387	7.227171391519667
ENSG00000152556	8.857438870719605
ENSG00000177981	7.037595887718854
ENSG00000177875	8.302270817602277
ENSG00000172640	5.086109274733072
ENSG00000187166	10.037546953962178
ENSG00000167528	6.5195299049222
ENSG00000139223	2.878221877968066
ENSG00000177627	8.964340867792417
ENSG00000198678	2.5420537168930277
ENSG00000167531	15.401779506003574
ENSG00000139620	7.518032514265935
ENSG00000129315	6.931078941245967
ENSG00000257987	6.813781191217037
ENSG00000174233	8.988487592019053
ENSG00000167535	7.69636608649835
ENSG00000174243	8.789240484210461
ENSG00000172602	10.721953612801386
ENSG00000272822	4.470365379669386
ENSG00000139537	7.67219232002567
ENSG00000134285	8.520492909735136
ENSG00000134287	10.218997563114987
ENSG00000169884	8.627737248424244
ENSG00000125084	6.499565786369273
ENSG00000181418	9.532940288372874
ENSG00000181929	8.574218794426919
ENSG00000167548	7.749134445017738
ENSG00000167550	7.176942714208669
ENSG00000139549	8.313804670570097
ENSG00000139636	7.769233025286856
ENSG00000123416	11.51717725268954
ENSG00000167552	13.373297347873285
ENSG00000167553	9.64642506782186
ENSG00000135406	9.317612717639372
ENSG00000135451	7.578305430820479
ENSG00000186897	10.295593899386972
ENSG00000178401	8.567486981803453
ENSG00000123352	7.3788616688979936
ENSG00000135519	9.027198814064583
ENSG00000187778	10.718275221602656
ENSG00000110844	5.981167667105682
ENSG00000135436	7.017921907997263
ENSG00000161791	6.839203788096944
ENSG00000139644	11.563325317948127
ENSG00000167566	7.558789610112737
ENSG00000186666	4.675456427678144
ENSG00000135472	10.68535449281951
ENSG00000167580	13.424428763231912
ENSG00000161798	11.788729407272953
ENSG00000086159	11.65351256691531
ENSG00000161800	8.283863392017167
ENSG00000110881	9.024328459360802
ENSG00000066117	8.445784205655752
ENSG00000167588	11.183910959928744
ENSG00000178449	9.699747859526294
ENSG00000139624	7.809928865721431
ENSG00000050405	9.159597206074267
ENSG00000185958	6.315421315945778
ENSG00000161813	8.080835463586785
ENSG00000066084	8.80409363571134
ENSG00000123268	9.42088227490306
ENSG00000186452	5.446256229889564
ENSG00000185432	10.757574877963915
ENSG00000214511	6.38898074282305
ENSG00000110911	8.701637209402532
ENSG00000050426	8.120524744966
ENSG00000110925	8.182177132549626
ENSG00000135457	9.573656825359507
ENSG00000184271	6.554742321710322
ENSG00000183283	11.057961369618889
ENSG00000170545	8.264706246494296
ENSG00000110934	8.83379832828411
ENSG00000139610	6.320887608696076
ENSG00000139629	9.896151031210378
ENSG00000050438	6.6374446029821135
ENSG00000196876	6.4592052521565835
ENSG00000261308	5.925261826898231
ENSG00000167612	6.410490915111031
ENSG00000139567	9.713235616655906
ENSG00000135503	8.870002646105181
ENSG00000161835	9.791356289312859
ENSG00000123358	12.325867580575418
ENSG00000123395	8.70909642105529
ENSG00000167767	10.170291073020993
ENSG00000135480	13.186655449411983
ENSG00000170442	13.374631986286776
ENSG00000205426	13.425347051432823
ENSG00000170523	12.533816389433365
ENSG00000135443	13.522949268639264
ENSG00000161849	11.915626079386024
ENSG00000161850	10.216745858195306
ENSG00000170454	11.115531264805155
ENSG00000185479	14.501546394541553
ENSG00000170465	13.862250147250382
ENSG00000205420	15.690695648986358
ENSG00000186081	14.698871233079014
ENSG00000139648	12.753425699145414
ENSG00000170484	10.705632387361415
ENSG00000170486	8.770168320103428
ENSG00000186049	9.439830883981392
ENSG00000172867	15.166673083753588
ENSG00000167768	15.348140280070686
ENSG00000189182	10.497851836951117
ENSG00000185069	12.116715345183529
ENSG00000186442	10.15805282953596
ENSG00000170477	15.977704761824738
ENSG00000185640	11.32004539800047
ENSG00000170423	11.77313920671969
ENSG00000170421	13.25477887670414
ENSG00000111057	13.428798538401272
ENSG00000063046	10.004220466318195
ENSG00000111077	9.517472554101051
ENSG00000167778	8.852034173927759
ENSG00000167779	13.976309511714943
ENSG00000167780	8.151520272188995
ENSG00000139631	8.36963380138709
ENSG00000139651	6.39307316847658
ENSG00000139626	7.1720761092860315
ENSG00000172819	9.505851297868697
ENSG00000182544	8.33257368602378
ENSG00000135476	6.888743248898259
ENSG00000123349	11.145295334933598
ENSG00000139637	9.679139559192995
ENSG00000094914	7.61737093151279
ENSG00000170374	8.294240363797067
ENSG00000185591	8.155607285650431
ENSG00000135409	8.47533770031641
ENSG00000205352	9.594856711085157
ENSG00000197111	10.13727748259174
ENSG00000139625	8.097505455818016
ENSG00000139546	7.262034747029678
ENSG00000267281	6.113839583726388
ENSG00000139574	7.173926931999809
ENSG00000170653	6.973105457951853
ENSG00000135390	10.284690728568336
ENSG00000012822	8.562624039099871
ENSG00000123364	8.634765862434222
ENSG00000123407	10.24017058636145
ENSG00000123388	7.010382431682058
ENSG00000180818	9.004284879695113
ENSG00000273049	1.205732873907858
ENSG00000197757	8.963679235154943
ENSG00000180806	7.784221438757453
ENSG00000037965	7.990954860396993
ENSG00000198353	9.524386755966386
ENSG00000172789	5.397746549145101
ENSG00000123415	7.98429772846824
ENSG00000094916	8.177193477323062
ENSG00000135486	11.101999017756492
ENSG00000123405	9.766302425142124
ENSG00000111481	11.339899957652563
ENSG00000139572	7.062855655205991
ENSG00000161642	11.442708636804282
ENSG00000161638	12.311180660053354
ENSG00000170627	8.5924974780782
ENSG00000123338	8.553437305754409
ENSG00000123360	9.396390715591899
ENSG00000135447	9.426474433510823
ENSG00000135413	14.383712339905882
ENSG00000161634	16.64495435854127
ENSG00000172551	15.834138509716245
ENSG00000135426	8.039356101440275
ENSG00000123307	7.3255449913680195
ENSG00000170605	1.7973026682244921
ENSG00000179919	1.971168241220576
ENSG00000197706	3.8424808086899565
ENSG00000188324	3.474861420410894
ENSG00000205330	4.4249944395012655
ENSG00000205329	5.378826722288304
ENSG00000187857	2.116068391578212
ENSG00000205328	2.467492545351108
ENSG00000185821	2.085735334864386
ENSG00000179695	3.8244434277673767
ENSG00000184954	4.053399969896671
ENSG00000205327	3.2994608771260467
ENSG00000179626	3.4152812892198594
ENSG00000179615	1.7045613312171162
ENSG00000175398	4.145292627259209
ENSG00000170439	10.953046500884621
ENSG00000135424	10.182720232136989
ENSG00000258311	6.082168267632526
ENSG00000135441	10.176934059793313
ENSG00000135437	8.132885253625162
ENSG00000135404	14.690841693598525
ENSG00000135414	8.102226707453449
ENSG00000205323	8.476543706214256
ENSG00000257390	2.6348762157139207
ENSG00000123353	9.070373534861588
ENSG00000135392	8.516225605308447
ENSG00000123342	9.450180247164754
ENSG00000170473	8.963906165680037
ENSG00000065357	8.16186510113934
ENSG00000185664	15.222106488790406
ENSG00000123374	10.344063255673975
ENSG00000111540	9.429833136516336
ENSG00000139531	7.413651324369423
ENSG00000123411	6.639830637500279
ENSG00000197728	13.075029151764344
ENSG00000065361	10.033531932283555
ENSG00000257411	0.8572355567245972
ENSG00000170515	10.262795339100123
ENSG00000229117	13.59730291926007
ENSG00000139641	9.609363450393802
ENSG00000135482	5.055037167788058
ENSG00000196465	9.989935158940016
ENSG00000092841	12.677528496814844
ENSG00000139613	8.766253547028466
ENSG00000181852	7.865102401955263
ENSG00000139579	8.920187143786002
ENSG00000139540	9.685088434892787
ENSG00000139645	8.016707623159128
ENSG00000135469	7.856736756119109
ENSG00000062485	10.057224995056563
ENSG00000144785	2.3527923402956024
ENSG00000257727	9.0139026079582
ENSG00000135473	9.535427448653296
ENSG00000110944	9.990412034014229
ENSG00000170581	9.642232244212975
ENSG00000175336	10.18130244629434
ENSG00000111602	8.00842150240632
ENSG00000135517	4.85950780967403
ENSG00000176422	6.322763837243346
ENSG00000135423	7.278914019499939
ENSG00000076067	7.726558779104974
ENSG00000076108	8.873155930280356
ENSG00000110955	13.437991453188735
ENSG00000110958	11.62949618964692
ENSG00000196531	11.230352545493583
ENSG00000198056	7.013347272087064
ENSG00000025423	11.07363127285927
ENSG00000170426	8.365010076783024
ENSG00000139547	10.211944849561574
ENSG00000166856	5.426396552962405
ENSG00000166860	6.812348882055462
ENSG00000166863	12.94202343054392
ENSG00000166866	9.872237398020747
ENSG00000166881	8.332212610128632
ENSG00000166886	10.492761380054965
ENSG00000166888	9.353511294191966
ENSG00000123384	11.013520279653184
ENSG00000182379	10.599779511620135
ENSG00000182199	9.760569692430876
ENSG00000185633	13.034152079974213
ENSG00000185482	10.787590724628634
ENSG00000258830	2.4901162370410512
ENSG00000179912	8.583609277522948
ENSG00000175189	9.000202150483469
ENSG00000139269	10.31210663432293
ENSG00000111087	11.159995838514359
ENSG00000123329	7.924036074766465
ENSG00000166986	10.847617740539125
ENSG00000175197	11.653120981911165
ENSG00000166987	10.378925130583104
ENSG00000175203	11.929161528781995
ENSG00000155980	11.689124404913258
ENSG00000166908	10.559364956059811
ENSG00000178498	11.952393052549972
ENSG00000240771	10.88354260211297
ENSG00000135502	7.74416109557041
ENSG00000135454	10.260122169168033
ENSG00000135506	13.230368507885949
ENSG00000135439	10.263916140980553
ENSG00000135452	11.476443410629354
ENSG00000135446	13.617044225924115
ENSG00000139266	10.880451708027756
ENSG00000111012	10.887446408372353
ENSG00000037897	10.873740614223422
ENSG00000123427	9.980347922936254
ENSG00000257921	6.253158141322187
ENSG00000123297	10.967395462881399
ENSG00000135407	11.241450196151686
ENSG00000175215	11.665510177465025
ENSG00000166896	10.013663092023801
ENSG00000139263	9.795853406466987
ENSG00000118596	7.695915087992144
ENSG00000198673	6.984571728520621
ENSG00000135655	6.811418931382166
ENSG00000061987	7.313685889684993
ENSG00000111110	8.588009728115843
ENSG00000166148	8.693927024055109
ENSG00000177990	7.208487241311463
ENSG00000118600	7.550810684768285
ENSG00000196935	7.149087589074582
ENSG00000174206	8.92435699177688
ENSG00000185306	5.099486389748617
ENSG00000184575	9.74435141397763
ENSG00000183735	7.538488430141815
ENSG00000153179	10.283492171527564
ENSG00000135677	12.49659372567027
ENSG00000111490	7.545148961373523
ENSG00000156076	12.27566754546358
ENSG00000174106	8.152691578628538
ENSG00000174099	9.130717193590307
ENSG00000149948	9.214428506280997
ENSG00000139233	8.38957981727905
ENSG00000228144	2.0508252586820657
ENSG00000155957	9.315748608496454
ENSG00000090376	8.4513000847441
ENSG00000127311	6.37218581147743
ENSG00000155974	6.234666261591387
ENSG00000111530	9.741228568295838
ENSG00000127334	9.1646142000774
ENSG00000111537	7.1649069266756875
ENSG00000111536	6.32341634683625
ENSG00000127318	5.618868497196062
ENSG00000111554	7.555587994757397
ENSG00000127314	7.925459340078782
ENSG00000111581	9.990268824060246
ENSG00000175782	8.595210497861348
ENSG00000135679	10.978247736489582
ENSG00000135678	13.12761302983183
ENSG00000111605	9.391719738158972
ENSG00000090382	16.793589020067508
ENSG00000127337	11.01471371718744
ENSG00000166225	11.04112745242044
ENSG00000166226	12.480750815335133
ENSG00000198812	6.4329594072761065
ENSG00000127325	7.798694112844425
ENSG00000127328	9.65060598586218
ENSG00000258052	0.5490395272911957
ENSG00000166268	9.102582838828495
ENSG00000111596	9.429991620114482
ENSG00000135643	9.77655390265765
ENSG00000127329	11.123120984067752
ENSG00000153233	8.50331836112035
ENSG00000127324	12.197622981830392
ENSG00000139292	9.581147728457902
ENSG00000133858	8.23072359487225
ENSG00000173451	8.043063011310739
ENSG00000258064	0.28091309593053204
ENSG00000139291	9.537409514247715
ENSG00000080371	8.150783114078202
ENSG00000121749	8.288990164949006
ENSG00000139287	5.321208848666299
ENSG00000072657	7.755636953869694
ENSG00000253719	10.857131508780181
ENSG00000166006	8.732258782329227
ENSG00000180881	5.729137836186132
ENSG00000173401	7.312882955284356
ENSG00000180481	6.937807925736492
ENSG00000139278	9.377057028302083
ENSG00000111615	8.247196497597743
ENSG00000139289	10.050068142261864
ENSG00000187109	9.308966177137437
ENSG00000179941	10.118891161512234
ENSG00000091039	8.660516797484698
ENSG00000186908	7.978039431135607
ENSG00000175183	9.492270635842825
ENSG00000165891	6.972739376304728
ENSG00000067798	8.389002365210427
ENSG00000067715	10.184690782776784
ENSG00000177425	7.580330435940753
ENSG00000058272	8.498250867527826
ENSG00000165899	7.142320738889697
ENSG00000139304	6.216638066550742
ENSG00000111046	9.178044121701046
ENSG00000111049	10.575621831319006
ENSG00000111052	8.170679538596275
ENSG00000111058	7.13709528617999
ENSG00000139220	6.897727660727535
ENSG00000133773	10.087690827147197
ENSG00000127720	7.833181549274743
ENSG00000179104	7.666765069230825
ENSG00000072041	8.065812988749517
ENSG00000231738	7.742814669862893
ENSG00000133640	7.189994572345166
ENSG00000180318	9.138914855291594
ENSG00000198774	9.117406018350305
ENSG00000133636	15.338363876800498
ENSG00000182050	5.396105066726314
ENSG00000165805	7.587214952452535
ENSG00000133641	7.453556266296481
ENSG00000198707	7.604578633647761
ENSG00000139324	8.632093677202588
ENSG00000049130	10.317801769621713
ENSG00000139318	10.515337944650257
ENSG00000139323	7.366291687130554
ENSG00000259075	2.549756705108852
ENSG00000257594	5.798569003556882
ENSG00000070961	9.257595576685285
ENSG00000197651	7.701826258412055
ENSG00000083782	10.572788867451985
ENSG00000139330	10.08443557009725
ENSG00000139329	14.861221859063994
ENSG00000011465	13.02111946502791
ENSG00000133639	10.335398936412854
ENSG00000205057	8.471169981818095
ENSG00000187510	6.092757140919852
ENSG00000102189	7.387321569512441
ENSG00000173598	8.800496507253435
ENSG00000177889	9.474756872066372
ENSG00000198015	6.5688227586361965
ENSG00000120833	8.454303334092307
ENSG00000169372	7.7305722140693405
ENSG00000136040	8.920137766529754
ENSG00000173588	7.096632835010183
ENSG00000057704	8.106137494642994
ENSG00000184752	9.621603778358379
ENSG00000120798	6.730639955916791
ENSG00000180263	7.495436992285011
ENSG00000028203	8.177239118255384
ENSG00000111142	8.819133905177674
ENSG00000136014	6.945684504808201
ENSG00000074527	10.173847693768394
ENSG00000139343	10.603239456985273
ENSG00000165972	5.976592762238586
ENSG00000139344	9.172197747994275
ENSG00000084110	9.218471056641695
ENSG00000111144	9.459230494137241
ENSG00000111145	11.108894651295017
ENSG00000059758	9.08583059447182
ENSG00000188596	6.894598873847404
ENSG00000139350	10.421388766726334
ENSG00000120802	9.288036693568761
ENSG00000075415	9.575364445436264
ENSG00000166130	9.103482954695103
ENSG00000120868	7.141991263980412
ENSG00000185046	7.2097436010431615
ENSG00000180219	8.06716542701711
ENSG00000111647	6.897139196052542
ENSG00000075089	7.308669667223126
ENSG00000166153	5.311877885570151
ENSG00000136021	8.761184844063628
ENSG00000179520	9.005566662105497
ENSG00000012504	7.899535460666751
ENSG00000139354	7.567905852213657
ENSG00000151572	7.637867604372422
ENSG00000256870	8.850819811974743
ENSG00000120800	8.061041467494135
ENSG00000120805	9.26191868768701
ENSG00000166211	8.107738122822832
ENSG00000196091	12.744080081993141
ENSG00000111666	9.267181269452802
ENSG00000139351	8.389738878676983
ENSG00000111670	8.804558598115813
ENSG00000136048	10.802917932773669
ENSG00000120860	8.923574594721575
ENSG00000075188	7.774963649216028
ENSG00000185480	6.908750698115557
ENSG00000183395	14.074392373511285
ENSG00000017427	8.15431181143649
ENSG00000171759	10.63501201497631
ENSG00000139352	12.020805218081367
ENSG00000179088	5.400196342026577
ENSG00000136011	5.908811757360036
ENSG00000111696	8.8369971089196
ENSG00000166598	13.609550710543273
ENSG00000204954	7.165337452274232
ENSG00000139372	8.065714061209166
ENSG00000120820	9.980120769073235
ENSG00000111727	7.034919655301847
ENSG00000120837	10.515339210837853
ENSG00000198431	11.965516681627
ENSG00000255150	9.134878694440825
ENSG00000171310	8.825142742327863
ENSG00000136052	9.74679611436894
ENSG00000151131	9.872373733677746
ENSG00000136010	7.608069967721664
ENSG00000136051	7.859468202930538
ENSG00000136044	8.098834858437005
ENSG00000235162	11.035624142066311
ENSG00000074590	7.4721596703523945
ENSG00000136026	9.99674216040242
ENSG00000166046	6.497722875131607
ENSG00000013503	9.626291858205732
ENSG00000111783	7.832257114377935
ENSG00000111785	6.271717628593345
ENSG00000151135	8.449657319318636
ENSG00000120832	6.812498225333564
ENSG00000008405	7.765534746362977
ENSG00000151136	7.991987039807541
ENSG00000136045	8.401479133499038
ENSG00000110851	7.691415559877426
ENSG00000187855	7.801940546931055
ENSG00000075035	7.961739072604138
ENSG00000174600	9.191727602438318
ENSG00000198855	6.07871363992959
ENSG00000075856	7.006546269297092
ENSG00000136003	9.549907145623113
ENSG00000183160	10.095742801529706
ENSG00000110876	9.507323701155979
ENSG00000110880	9.720298676058333
ENSG00000084112	6.849840416705439
ENSG00000110887	7.902016264329734
ENSG00000166111	7.310801443775859
ENSG00000135093	6.35219613703477
ENSG00000189046	7.530191614842673
ENSG00000076248	9.534671667157845
ENSG00000076555	10.147204924942228
ENSG00000139445	7.019820257434176
ENSG00000174527	6.246444482051784
ENSG00000110906	9.358413581699216
ENSG00000151148	8.41530694873719
ENSG00000139428	7.956830232646521
ENSG00000110921	8.830098108148485
ENSG00000139438	9.0976531073819
ENSG00000111199	8.865653052071783
ENSG00000139433	11.135872608629752
ENSG00000139437	6.779377289131911
ENSG00000139436	6.783980413683795
ENSG00000076513	8.022599780442048
ENSG00000174456	6.6147429267766515
ENSG00000122970	6.612382240754578
ENSG00000174437	10.766528908598865
ENSG00000196510	7.870084323194881
ENSG00000111229	10.08583864450006
ENSG00000111231	8.556991985775916
ENSG00000204856	7.664625054869297
ENSG00000111237	9.63494464705022
ENSG00000151164	5.951168128838912
ENSG00000196850	7.843607046490561
ENSG00000204852	7.26300461893911
ENSG00000122986	7.06351972345508
ENSG00000186298	9.396418138177111
ENSG00000173093	7.254369666351894
ENSG00000111245	15.485294738447745
ENSG00000111249	7.387984700018361
ENSG00000198324	8.496710517128797
ENSG00000111252	8.641741258655104
ENSG00000204842	6.521033963382862
ENSG00000089234	7.360188670062712
ENSG00000111271	7.31740220739869
ENSG00000257767	1.6550932905586624
ENSG00000111275	9.830723428812952
ENSG00000089022	6.559887192835275
ENSG00000198270	6.781056854483521
ENSG00000089248	10.810892892739734
ENSG00000111300	6.686915836491271
ENSG00000135148	8.997748562952337
ENSG00000173064	7.399204279805286
ENSG00000089009	13.732417792499422
ENSG00000179295	9.477700756030837
ENSG00000089169	7.824640580853424
ENSG00000089127	9.943270491383556
ENSG00000111331	9.257140545851703
ENSG00000111335	9.72075222290383
ENSG00000135144	8.432390149305075
ENSG00000111344	8.527177227765097
ENSG00000186710	8.549207089355683
ENSG00000123064	9.121863028965475
ENSG00000139405	9.031132881375417
ENSG00000166578	7.189824558880018
ENSG00000186815	8.624978179569036
ENSG00000089060	8.60226622912103
ENSG00000151176	10.864186887999335
ENSG00000135094	12.312232557195259
ENSG00000139410	8.596763881890448
ENSG00000089116	8.169581611533399
ENSG00000122965	7.851381856075383
ENSG00000089225	7.5804470195986635
ENSG00000135111	10.440399741127498
ENSG00000123066	8.728890064438525
ENSG00000258102	5.645724392801868
ENSG00000111412	8.793878681450424
ENSG00000135119	9.6701672801247
ENSG00000135116	6.510038870116069
ENSG00000174989	6.907947511513776
ENSG00000088992	11.021697328621608
ENSG00000135108	9.319340551205384
ENSG00000089250	9.567442468833338
ENSG00000171435	5.88408052832275
ENSG00000111445	7.862351710113321
ENSG00000176871	9.32985162920745
ENSG00000176834	7.387701899588845
ENSG00000089220	14.038508420076807
ENSG00000135090	7.6504636292870885
ENSG00000111707	8.30635606513258
ENSG00000139767	8.871802959598737
ENSG00000152137	13.537431224424221
ENSG00000183273	6.81956498438816
ENSG00000224982	8.118988619510601
ENSG00000111725	7.547674436452163
ENSG00000122966	9.337080124641425
ENSG00000135127	9.21412656317749
ENSG00000111737	7.4937021150873475
ENSG00000089154	8.164881432523295
ENSG00000089157	12.891278776390074
ENSG00000089159	9.742668771227889
ENSG00000089163	5.290846900027493
ENSG00000170890	15.081441827692018
ENSG00000135097	8.336155240073927
ENSG00000111775	12.159853853913372
ENSG00000111780	2.4970875629185056
ENSG00000170855	8.623515741490548
ENSG00000257218	6.500265063662061
ENSG00000111786	8.776762001786231
ENSG00000088986	9.487551111995721
ENSG00000110871	7.319908292488314
ENSG00000022840	8.526951903245841
ENSG00000167272	7.844685078533091
ENSG00000157782	8.76188361236552
ENSG00000110917	9.951779816918583
ENSG00000175970	8.079024950204442
ENSG00000122971	9.072073043817186
ENSG00000157837	7.366322214245816
ENSG00000135100	6.346394981984555
ENSG00000157895	5.569229615155482
ENSG00000135114	9.390764472333563
ENSG00000089041	9.558283963442623
ENSG00000135124	7.105384749247602
ENSG00000110931	10.065649114907327
ENSG00000089053	9.148210758690233
ENSG00000170633	8.835569779439046
ENSG00000089094	8.519211853422574
ENSG00000276045	9.27062263905759
ENSG00000139714	7.001126665454284
ENSG00000188735	7.217230716220669
ENSG00000139725	5.5727147111909625
ENSG00000139718	7.710117632043446
ENSG00000158104	14.680802678234791
ENSG00000110801	6.799548487846172
ENSG00000256950	2.5742039719581746
ENSG00000158023	6.802262155510092
ENSG00000110987	6.991686712234142
ENSG00000175727	8.031770114160672
ENSG00000158113	6.813058160533197
ENSG00000204671	4.735242111497282
ENSG00000176383	5.4749440934465765
ENSG00000184047	6.206627139187999
ENSG00000256861	0.24562758725396036
ENSG00000139719	5.98007744583279
ENSG00000130779	7.653203362033977
ENSG00000033030	6.334997234562553
ENSG00000111011	7.2162608371650565
ENSG00000184445	6.967759423318111
ENSG00000182782	8.484288278895782
ENSG00000255398	8.398743691938193
ENSG00000196917	8.27500865578072
ENSG00000139726	8.402810721086334
ENSG00000130783	7.536052900240209
ENSG00000130787	9.53584433941395
ENSG00000139722	7.6734895121614315
ENSG00000150967	5.855161131922124
ENSG00000111325	5.739578112048051
ENSG00000182196	9.7323370447384
ENSG00000090975	8.429905344939892
ENSG00000051825	6.637000744867931
ENSG00000130921	7.680488129494363
ENSG00000111328	11.485099093426843
ENSG00000139697	8.221431399171165
ENSG00000183955	9.426590253728037
ENSG00000150977	7.683477652854419
ENSG00000184209	7.066120852638058
ENSG00000188026	7.673246110691511
ENSG00000086598	11.73915955914719
ENSG00000111364	6.601811429124539
ENSG00000111361	8.93950972932465
ENSG00000111358	8.631359452041576
ENSG00000168778	8.289683839465734
ENSG00000185344	6.795210638270174
ENSG00000197653	6.028083403446544
ENSG00000119242	6.851698538942403
ENSG00000179195	9.451942649968545
ENSG00000178882	9.757056391420958
ENSG00000196498	8.910233871648156
ENSG00000073060	12.58331786813751
ENSG00000150991	12.165849146176397
ENSG00000150990	7.081892513440387
ENSG00000184992	7.83748118695
ENSG00000081760	9.024585638278273
ENSG00000139364	7.864633526430067
ENSG00000181234	8.265859211341933
ENSG00000139370	7.8784431412547145
ENSG00000151948	6.521039905398331
ENSG00000151952	6.565631369855704
ENSG00000111432	9.289327940423343
ENSG00000125207	7.9886846867721655
ENSG00000060709	7.58567403670523
ENSG00000111450	6.879977930640224
ENSG00000132341	10.231050801396375
ENSG00000111452	8.537475014048121
ENSG00000061936	6.456806149230474
ENSG00000198598	9.170173172715202
ENSG00000177169	8.488597778808261
ENSG00000177192	6.920758806374794
ENSG00000183495	6.257487228616023
ENSG00000185163	7.897895053468676
ENSG00000184967	8.604440303027554
ENSG00000182870	8.157852169141737
ENSG00000112787	8.478096038506253
ENSG00000204583	9.173571596454522
ENSG00000187848	8.5768075066749
ENSG00000177084	8.35805358700284
ENSG00000176894	8.830887405259798
ENSG00000247077	8.463307749883885
ENSG00000176915	6.898450232807866
ENSG00000090615	7.634078405207412
ENSG00000072609	5.050178569136413
ENSG00000196458	5.845400083297302
ENSG00000198393	5.312737228286387
ENSG00000198040	7.0600704356716
ENSG00000196387	6.326440902965757
ENSG00000214029	5.268107023688068
ENSG00000256223	7.362820525534263
ENSG00000256825	0.24482818710467621
ENSG00000090612	5.47835387378967
ENSG00000227059	6.284136315445072
ENSG00000198033	10.851749041416058
ENSG00000132958	5.945794956740061
ENSG00000196199	8.18842558405766
ENSG00000121390	7.9485068075739065
ENSG00000132950	7.3679204450777505
ENSG00000121741	8.809240438995694
ENSG00000121743	7.018026575577013
ENSG00000165474	13.188944051461892
ENSG00000121742	11.756033317061917
ENSG00000165475	10.968653772001653
ENSG00000032742	6.414135532984451
ENSG00000172458	8.76102014293322
ENSG00000150456	8.339494159333745
ENSG00000132953	7.776671189914448
ENSG00000150457	7.8952900078049195
ENSG00000150459	10.269998434808201
ENSG00000165480	7.518326107243718
ENSG00000173141	9.821477534135997
ENSG00000180776	9.889732458080148
ENSG00000165487	8.223657325696495
ENSG00000102678	8.157056737552505
ENSG00000102683	10.186984091350807
ENSG00000151835	7.569409090604681
ENSG00000127863	9.643554880224453
ENSG00000027001	9.901737408873407
ENSG00000205863	8.438270029627796
ENSG00000273167	1.5851843350301809
ENSG00000182957	7.441728936460658
ENSG00000240654	6.169611189556822
ENSG00000102699	9.324349889909616
ENSG00000075673	9.603736976620098
ENSG00000132972	6.747609832200317
ENSG00000151849	7.533719071139903
ENSG00000151846	7.066089190457772
ENSG00000165566	7.954963666906064
ENSG00000139505	7.8008577624077535
ENSG00000139496	7.918797693405992
ENSG00000132932	7.35289642477786
ENSG00000180730	11.338231936770171
ENSG00000127870	7.979610448745198
ENSG00000132964	7.6858000197448915
ENSG00000132970	8.48029560571751
ENSG00000132975	9.567413302401402
ENSG00000152484	8.535477405018177
ENSG00000122026	12.576378326870666
ENSG00000122035	9.655248354373823
ENSG00000122034	10.735249182566156
ENSG00000122033	9.568259493561388
ENSG00000139517	8.529798847711378
ENSG00000186184	9.260581259848381
ENSG00000169840	8.692211815626214
ENSG00000139515	8.881947762817061
ENSG00000165556	9.09991905368256
ENSG00000183463	8.250300182222949
ENSG00000122025	10.90380330177459
ENSG00000152520	9.209611691527087
ENSG00000102755	9.32587631821199
ENSG00000132963	11.680177115517171
ENSG00000139508	8.496904163915351
ENSG00000132938	6.508737665504601
ENSG00000139514	9.223599457408854
ENSG00000122042	9.621070507741086
ENSG00000102781	6.086768431837242
ENSG00000236444	7.117405343929723
ENSG00000189403	9.247202372498034
ENSG00000132952	7.63734941083314
ENSG00000132965	10.05128955394647
ENSG00000102802	10.390168956200183
ENSG00000175664	7.695576306222052
ENSG00000120694	12.076815597050832
ENSG00000187676	7.182016298134713
ENSG00000133105	7.136913756937782
ENSG00000073910	6.866409000471418
ENSG00000189167	3.3986986328834825
ENSG00000139618	7.009061785181928
ENSG00000139597	6.98299357469431
ENSG00000244754	8.977250928472756
ENSG00000083642	7.268446022876431
ENSG00000133116	10.389031955227225
ENSG00000133121	7.325414035468646
ENSG00000133119	8.698932767648001
ENSG00000172915	6.9468753450043845
ENSG00000180660	7.8417061638917485
ENSG00000133083	8.851689330876392
ENSG00000120669	6.060105638859832
ENSG00000250709	2.530341369058188
ENSG00000242715	5.802451741275622
ENSG00000133104	9.081115000149484
ENSG00000133101	9.29699511734873
ENSG00000180440	8.113038673768196
ENSG00000133111	6.868514696700094
ENSG00000120693	8.433093911482393
ENSG00000120697	9.262483353557855
ENSG00000120699	8.238195574254924
ENSG00000102710	7.900947389881001
ENSG00000180138	4.66732447027863
ENSG00000133110	14.520438629117212
ENSG00000133107	6.8007710129730405
ENSG00000120686	8.906955143916987
ENSG00000150893	7.817409509350349
ENSG00000133115	7.3909228537929605
ENSG00000120685	8.352744285430308
ENSG00000188811	8.296279926976974
ENSG00000183722	10.904855018394148
ENSG00000133103	6.687824957092738
ENSG00000150907	8.09789978447351
ENSG00000102738	7.278872057534117
ENSG00000102743	8.89908432798351
ENSG00000120690	9.413164921882288
ENSG00000120688	6.999945877747133
ENSG00000165572	6.480268469881486
ENSG00000120696	6.613362033682731
ENSG00000120662	6.560856825830214
ENSG00000172766	6.60253704283506
ENSG00000102760	12.40832974076739
ENSG00000102763	7.473333737814746
ENSG00000102780	8.299075808626123
ENSG00000023516	8.761240945839116
ENSG00000120659	9.047760356800845
ENSG00000179813	8.622451447743329
ENSG00000133106	8.350333800643794
ENSG00000120675	7.788390567800423
ENSG00000120658	7.168510210137657
ENSG00000151773	6.4537023832827005
ENSG00000179630	8.088973929820552
ENSG00000281883	3.149011569372944
ENSG00000139656	5.842476062993939
ENSG00000151778	7.09524644205763
ENSG00000102804	10.707853985334944
ENSG00000083635	6.501613154308393
ENSG00000133114	6.5593113591076175
ENSG00000188342	8.006798013644834
ENSG00000180332	7.515699838284043
ENSG00000133112	13.163635801827759
ENSG00000174032	7.364730956768748
ENSG00000136152	8.023618596666235
ENSG00000165837	3.9726926540042644
ENSG00000174015	8.726899318476528
ENSG00000215475	5.980519288700294
ENSG00000123200	9.484904486061708
ENSG00000080618	11.314968227068196
ENSG00000136167	11.400308143647464
ENSG00000173988	4.930737337562887
ENSG00000102445	8.403243260423139
ENSG00000136141	7.0054464537248915
ENSG00000139684	9.073597117310333
ENSG00000102468	5.810313101721669
ENSG00000136143	8.81511391046446
ENSG00000136159	8.82647010660379
ENSG00000136146	8.465079996557348
ENSG00000136156	11.471897044023729
ENSG00000139687	8.70808154528804
ENSG00000139679	8.937768972945204
ENSG00000136161	7.4870728354930876
ENSG00000152207	9.198410971632
ENSG00000102531	9.037034807518099
ENSG00000102539	6.701872964441684
ENSG00000102543	6.1268728896987605
ENSG00000102547	8.583990554022208
ENSG00000136169	6.485585433413099
ENSG00000136147	7.2147863432240555
ENSG00000136144	7.802193216941825
ENSG00000152213	6.139482395936591
ENSG00000123179	9.995101047340318
ENSG00000102753	8.731581369484724
ENSG00000123178	7.005162783231476
ENSG00000204977	8.38095362479711
ENSG00000198553	6.8775973987759516
ENSG00000186047	5.814218045653724
ENSG00000136104	7.290924705465213
ENSG00000226792	5.732050450515942
ENSG00000150510	7.767002168770867
ENSG00000253309	5.4715876925202975
ENSG00000102786	7.460275698840412
ENSG00000139668	6.879491968634809
ENSG00000102796	6.687387920946589
ENSG00000281106	7.7608862427849115
ENSG00000123171	9.72417275014144
ENSG00000123191	8.061398400730459
ENSG00000253710	6.640253085048807
ENSG00000253797	8.740523606045697
ENSG00000197168	6.571503687183065
ENSG00000136098	7.883340756921121
ENSG00000136114	7.46202941260045
ENSG00000136100	8.679852268302623
ENSG00000136108	8.395515351519505
ENSG00000139675	5.972435558449245
ENSG00000165416	7.882604925625576
ENSG00000136110	12.392226273248742
ENSG00000136099	7.531267715733254
ENSG00000102837	15.412243505529585
ENSG00000204919	0.13154617289763332
ENSG00000204918	0.04169743784576024
ENSG00000227151	0.05663142861958907
ENSG00000234278	1.4385552670181756
ENSG00000118946	8.952928393589909
ENSG00000139734	6.654378220296417
ENSG00000083544	8.448766333761533
ENSG00000280165	6.4087118610294285
ENSG00000197991	0.9374016193248129
ENSG00000237378	3.3046157769631357
ENSG00000184226	7.613293047310671
ENSG00000150361	8.350348695025405
ENSG00000276644	8.623709530660374
ENSG00000204899	8.837482240837758
ENSG00000136122	7.039148381381137
ENSG00000083520	7.455784751807316
ENSG00000083535	7.414995336216511
ENSG00000102554	11.007782117596303
ENSG00000118922	8.303549393207094
ENSG00000136111	10.37299190324169
ENSG00000188243	9.268872616501136
ENSG00000118939	7.69534175062104
ENSG00000136153	9.141620050883766
ENSG00000178695	12.21802961486185
ENSG00000102794	6.649570279859573
ENSG00000102805	6.914066240294916
ENSG00000005812	7.622100861504193
ENSG00000005810	8.581774169460033
ENSG00000136155	10.370733614332586
ENSG00000139737	9.83660257008022
ENSG00000136160	11.355591415896672
ENSG00000152192	9.857734187481965
ENSG00000152193	6.582131304356629
ENSG00000139746	8.206993150813304
ENSG00000102471	8.920369194760095
ENSG00000136158	10.28022696761426
ENSG00000178235	7.818161028705492
ENSG00000184564	10.92605229221497
ENSG00000165300	5.3620818540233275
ENSG00000179399	7.410156155082202
ENSG00000183098	8.787403767330074
ENSG00000080166	13.016938920384034
ENSG00000088451	7.670518164957244
ENSG00000152749	6.997031934335056
ENSG00000125285	8.032237227474058
ENSG00000125257	10.521412246856288
ENSG00000134873	9.814316818518236
ENSG00000134874	7.015047250982843
ENSG00000102580	9.359805392013286
ENSG00000102595	7.680752846548075
ENSG00000185352	8.328001059417957
ENSG00000165621	8.609706475139962
ENSG00000139793	9.16868842060636
ENSG00000125249	9.390943815210314
ENSG00000065150	8.961265851648413
ENSG00000152767	7.080849302472756
ENSG00000139797	8.10276309662559
ENSG00000102572	7.241587494027839
ENSG00000088386	8.855439698950681
ENSG00000088387	8.007786792282062
ENSG00000134882	7.982160715671667
ENSG00000125245	7.724750358327872
ENSG00000169508	9.939372902334133
ENSG00000125304	10.312757716653476
ENSG00000125246	5.733239798052955
ENSG00000139800	6.8604662585171665
ENSG00000043355	9.694183743333149
ENSG00000175198	9.554925877454231
ENSG00000134864	7.075695111392013
ENSG00000125247	7.567396527313718
ENSG00000102452	6.4329357097024324
ENSG00000198542	10.12670447284319
ENSG00000102466	7.446453770553325
ENSG00000134900	8.33537789118221
ENSG00000139780	5.911426228056577
ENSG00000175820	6.1066414523243555
ENSG00000151287	8.394462694610317
ENSG00000134901	8.906035007416865
ENSG00000270181	0.606668728463913
ENSG00000134897	6.9747355563372855
ENSG00000134899	6.179935115058835
ENSG00000125255	9.312366481854896
ENSG00000182346	3.400419745140991
ENSG00000125266	9.045113660729843
ENSG00000134884	9.726558779104975
ENSG00000204442	6.669919452256958
ENSG00000174405	8.288087723391794
ENSG00000139826	7.899123514681887
ENSG00000102524	9.677815914415849
ENSG00000041515	6.837842223813086
ENSG00000185950	9.548519633314509
ENSG00000187498	11.942236920806497
ENSG00000134871	12.013420154547484
ENSG00000139832	11.537937784105045
ENSG00000213995	10.510891777627794
ENSG00000134905	7.826935685543629
ENSG00000153487	8.810351288918959
ENSG00000088448	10.45691672227743
ENSG00000102606	7.822082810895687
ENSG00000153495	8.016808287686555
ENSG00000182968	7.688901676941638
ENSG00000153498	8.40343816300828
ENSG00000126216	8.169862068088682
ENSG00000068650	9.36823484098732
ENSG00000126217	7.864805194241504
ENSG00000057593	8.852678391399603
ENSG00000126218	10.648724621977593
ENSG00000126231	8.031770114160672
ENSG00000126226	9.965342212492276
ENSG00000139842	11.824430483819608
ENSG00000185896	13.837925641289871
ENSG00000139835	10.575749481757287
ENSG00000153531	9.592099159096778
ENSG00000150401	9.544842945605874
ENSG00000150403	10.61689420669882
ENSG00000198176	12.804520288841102
ENSG00000186009	13.045242116294155
ENSG00000185974	6.120741808179915
ENSG00000184497	7.436904298853535
ENSG00000183087	12.532418148071594
ENSG00000185989	8.685064297323864
ENSG00000130177	9.122471995179676
ENSG00000169062	7.546122758857796
ENSG00000198824	7.702421561697505
ENSG00000257115	3.916676146846734
ENSG00000222036	4.052759885037787
ENSG00000187537	5.176436055066849
ENSG00000258453	2.1019354430014174
ENSG00000176294	6.559481868767373
ENSG00000182652	2.732029976124507
ENSG00000176299	3.1694440229278094
ENSG00000165762	5.125902367128668
ENSG00000176281	1.9704153752092493
ENSG00000155249	2.5186440698704025
ENSG00000169488	1.5909846568950397
ENSG00000169484	2.3554236316756496
ENSG00000176253	1.7662233901980064
ENSG00000176246	1.8833300754493765
ENSG00000176230	1.6771738106583698
ENSG00000184394	1.4723226364462305
ENSG00000196832	2.742312580680901
ENSG00000176219	1.888982079334828
ENSG00000176198	3.3522914621723645
ENSG00000136319	6.6965507076336825
ENSG00000100814	9.87525207473874
ENSG00000129484	7.6865005271832185
ENSG00000129566	6.8472434103980016
ENSG00000185271	5.9908293554334655
ENSG00000092094	7.15794497651382
ENSG00000100823	11.863319357856833
ENSG00000165782	8.142560102468476
ENSG00000198805	10.516754368547877
ENSG00000182545	7.007388643039328
ENSG00000188655	3.0330139622713252
ENSG00000259060	2.7232183807331194
ENSG00000173464	8.216745858195306
ENSG00000258436	3.8058048444108556
ENSG00000181803	4.446430638969098
ENSG00000214274	12.061199481421713
ENSG00000258818	8.96405201104085
ENSG00000259171	3.118771174203876
ENSG00000181562	9.165843064461047
ENSG00000181552	8.634756801100005
ENSG00000169413	9.699955921461383
ENSG00000129538	13.533858487700229
ENSG00000169397	11.461597184298222
ENSG00000169385	12.567599927852909
ENSG00000165792	8.013041317739917
ENSG00000165794	9.8871439317395
ENSG00000165795	11.4044495176963
ENSG00000179636	9.782834443094607
ENSG00000206150	3.189034178605997
ENSG00000165799	9.531171492325873
ENSG00000173431	4.386704170453017
ENSG00000165801	8.274912622749731
ENSG00000165804	7.9161710768885545
ENSG00000232070	6.359605898817107
ENSG00000169327	4.5805757012973904
ENSG00000092199	9.682171656978788
ENSG00000092200	7.029011086659068
ENSG00000092201	8.56872949702021
ENSG00000100888	7.676567236567415
ENSG00000129472	7.6407097034069
ENSG00000092203	7.699383847923856
ENSG00000165819	7.880195728943098
ENSG00000165821	8.525197833470775
ENSG00000169208	3.4560797237433616
ENSG00000255582	2.807025686862131
ENSG00000221977	2.54003193402871
ENSG00000276240	3.9436368155688126
ENSG00000129562	12.199815731767297
ENSG00000100439	8.57243614059414
ENSG00000255804	2.418321723115078
ENSG00000155463	9.379851091692498
ENSG00000155465	9.825405823830113
ENSG00000172590	9.20434542479686
ENSG00000157227	12.988964734901755
ENSG00000197324	9.803350549515432
ENSG00000139890	5.535424381257492
ENSG00000100461	6.897739712372823
ENSG00000100462	9.721342290417235
ENSG00000092036	7.869047378465759
ENSG00000259132	0.20890992788853585
ENSG00000129474	7.990186510757581
ENSG00000100802	6.212014917553008
ENSG00000100804	11.043677526414573
ENSG00000222028	9.760310441492775
ENSG00000139880	8.321699177085641
ENSG00000100813	8.04466188386107
ENSG00000179933	8.62429495567812
ENSG00000092067	8.493919198342137
ENSG00000092068	10.612805643823018
ENSG00000215277	5.402303368883914
ENSG00000215271	6.889435058656349
ENSG00000235194	7.400879436282184
ENSG00000129473	8.605466722963655
ENSG00000258643	6.050936965225225
ENSG00000100836	9.235535606710462
ENSG00000092096	10.705732627481872
ENSG00000100842	9.522598102793385
ENSG00000166090	7.939029058705767
ENSG00000166091	9.357991783631057
ENSG00000197616	13.62696380700029
ENSG00000092054	13.77427230773469
ENSG00000129460	7.819859125241715
ENSG00000136367	5.069530325162305
ENSG00000259431	6.083972478158848
ENSG00000213983	9.75187875229113
ENSG00000092051	8.755435246342813
ENSG00000100867	12.271425436598872
ENSG00000157326	7.802974271621082
ENSG00000187630	8.593051839045286
ENSG00000186648	7.241268177329375
ENSG00000100884	8.332707933640606
ENSG00000129535	9.496840042427461
ENSG00000100889	9.843623828088795
ENSG00000100897	8.382244445736156
ENSG00000259371	1.9162096334443577
ENSG00000139914	8.627713468636372
ENSG00000092010	10.856206923186125
ENSG00000100908	8.003088333263987
ENSG00000100911	10.32054136655566
ENSG00000092098	6.656496370553495
ENSG00000259529	4.657672469117717
ENSG00000213928	9.517078805452075
ENSG00000100918	9.909571126045948
ENSG00000196497	7.98299357469431
ENSG00000259522	1.0789475612377248
ENSG00000100926	6.9092930858238235
ENSG00000254692	0.5002475961434691
ENSG00000139908	7.248876342837134
ENSG00000254505	7.362820525534263
ENSG00000213920	6.6653359171851765
ENSG00000255526	2.1805553902895736
ENSG00000129559	8.33767658728724
ENSG00000100938	7.943562769471245
ENSG00000092330	9.116863757690899
ENSG00000092295	11.974773067889341
ENSG00000100949	8.039467438278527
ENSG00000157379	8.25455625190949
ENSG00000196943	7.086950886111942
ENSG00000136305	3.816592997039136
ENSG00000213906	6.651190363171052
ENSG00000213903	9.578183968090094
ENSG00000129467	7.960001932068081
ENSG00000129465	6.71699089440494
ENSG00000100968	8.614709844115207
ENSG00000205978	8.077053940505193
ENSG00000139899	10.57459352733761
ENSG00000100441	6.9342805936400245
ENSG00000100445	7.60733031374961
ENSG00000092009	12.536592910356466
ENSG00000100448	13.666204669465378
ENSG00000100450	9.468276617388948
ENSG00000100453	11.578490216239357
ENSG00000168952	8.405450276368963
ENSG00000139910	7.952225491542292
ENSG00000176165	8.395659849886016
ENSG00000184304	7.13541187391988
ENSG00000092140	6.861165514799817
ENSG00000092108	8.260549725897217
ENSG00000100473	9.055645904848921
ENSG00000196792	8.216028049814888
ENSG00000100478	5.970514662432906
ENSG00000092148	8.964145143238552
ENSG00000129493	8.184222597299811
ENSG00000203546	4.826532402624686
ENSG00000129480	10.476248618282444
ENSG00000214943	2.9935869171038623
ENSG00000151413	6.866593101681392
ENSG00000100852	8.674498118279791
ENSG00000151320	7.166969315888977
ENSG00000151322	8.023350829263512
ENSG00000129521	9.937429840338991
ENSG00000165389	10.560827730232248
ENSG00000129518	9.720495799896824
ENSG00000129515	9.202957933735133
ENSG00000165410	8.721380060269217
ENSG00000198604	8.735950726342482
ENSG00000100883	9.672005440074212
ENSG00000151327	9.180647636686011
ENSG00000092020	7.3914062946618655
ENSG00000100890	5.61551658309282
ENSG00000258790	2.342323617110079
ENSG00000100902	9.245790362963392
ENSG00000100906	13.677941639456975
ENSG00000168348	7.621196026827552
ENSG00000174373	7.307234897003486
ENSG00000100916	7.792885305880526
ENSG00000151332	10.67771364290954
ENSG00000229415	9.565863696454226
ENSG00000136352	10.597310554611484
ENSG00000136327	7.216354009632282
ENSG00000198807	9.819035223620428
ENSG00000183032	7.036317021606059
ENSG00000151338	6.082590737819625
ENSG00000129514	10.424395280419528
ENSG00000139865	7.961328729033071
ENSG00000139874	9.062993305471329
ENSG00000176435	9.117067204154726
ENSG00000100934	8.378065246188587
ENSG00000092208	7.410684400462921
ENSG00000182400	7.6294921788819785
ENSG00000100941	9.766821377659367
ENSG00000150527	6.1026581313637385
ENSG00000165355	7.119855646073025
ENSG00000165379	6.812787920637886
ENSG00000189139	7.530601414516833
ENSG00000179476	5.695158678475356
ENSG00000179454	6.849286303512883
ENSG00000198718	6.850184710560623
ENSG00000185246	7.423746229114772
ENSG00000100442	9.677507536004438
ENSG00000187790	6.19250008229644
ENSG00000129534	8.061012191651653
ENSG00000165496	8.67595703294175
ENSG00000139915	6.193021317821562
ENSG00000213741	10.08163922282602
ENSG00000165501	6.998042127288876
ENSG00000165502	11.638738560190015
ENSG00000168282	6.297007949274849
ENSG00000165506	7.625274873451303
ENSG00000100479	6.452741710568821
ENSG00000197776	6.055581546436002
ENSG00000165516	7.186631957632189
ENSG00000165525	6.552893210049998
ENSG00000165527	10.567598131210447
ENSG00000100483	6.531804328777538
ENSG00000100485	8.301558122848574
ENSG00000087299	6.529619875024631
ENSG00000125375	6.140306542892938
ENSG00000100490	6.0647748803825055
ENSG00000012983	7.502235114856796
ENSG00000198513	7.19412985482078
ENSG00000151748	8.215691015056937
ENSG00000100503	7.808971303593359
ENSG00000100504	10.58352969320037
ENSG00000131969	8.142402865108554
ENSG00000100505	8.959411221455662
ENSG00000139921	8.648291000446054
ENSG00000139926	9.181995777972219
ENSG00000186469	8.99798862965753
ENSG00000087302	8.747861797579503
ENSG00000087303	9.320789612013161
ENSG00000168229	8.701196905679298
ENSG00000125384	9.244219031794152
ENSG00000087301	8.77835678811642
ENSG00000180998	7.060695931687554
ENSG00000197930	10.164211852606885
ENSG00000100519	8.02328518311271
ENSG00000198252	7.7449795774756405
ENSG00000100522	8.971772234534619
ENSG00000073712	9.016234731124234
ENSG00000100523	6.1537722050597035
ENSG00000125378	9.755238275643274
ENSG00000100526	8.623881490013458
ENSG00000100528	8.475039857659551
ENSG00000197045	7.882392822708249
ENSG00000100532	6.132729029383815
ENSG00000020577	7.909893083770042
ENSG00000131979	10.165407567447781
ENSG00000198554	7.710013965245581
ENSG00000180008	7.886938882756731
ENSG00000168175	8.02736516760081
ENSG00000131981	12.37865713774203
ENSG00000126787	7.638732538733345
ENSG00000178974	7.65492481030448
ENSG00000126775	8.216506873366244
ENSG00000182521	5.119398561996276
ENSG00000126777	8.297965642678683
ENSG00000139946	7.391759374663399
ENSG00000070269	6.885580982493268
ENSG00000165588	8.672693695679015
ENSG00000070367	7.185498400593601
ENSG00000053770	6.228823182853421
ENSG00000139977	7.177137973713156
ENSG00000100557	9.830975364183242
ENSG00000151812	5.028569152196771
ENSG00000139971	6.309619386077634
ENSG00000131966	7.529910934703937
ENSG00000100567	8.83443138070604
ENSG00000032219	6.380033478866586
ENSG00000196860	6.279657006533684
ENSG00000100575	8.043953414481104
ENSG00000100578	5.308832245453377
ENSG00000165617	9.61906801550244
ENSG00000100592	7.341771839780494
ENSG00000181619	6.260590274730996
ENSG00000126790	6.672099201442915
ENSG00000050130	7.283172990468609
ENSG00000151838	5.008092420948722
ENSG00000139970	10.365228849251544
ENSG00000131951	5.211012193485511
ENSG00000126773	6.030638200807917
ENSG00000100612	11.673503183547288
ENSG00000100614	7.1324073677461435
ENSG00000179008	4.956497701528388
ENSG00000184302	7.174451619659162
ENSG00000126778	9.687311315977974
ENSG00000100625	6.96432328175646
ENSG00000020426	7.918354899767367
ENSG00000126814	8.463020409583338
ENSG00000139974	8.334023113514618
ENSG00000027075	6.598722231156141
ENSG00000182107	9.913131095200237
ENSG00000258989	0.8373567831756887
ENSG00000100644	11.567839805387196
ENSG00000023608	8.070441575522956
ENSG00000139973	5.834108057219066
ENSG00000140015	5.902732910090442
ENSG00000126785	8.53525819895127
ENSG00000179600	7.49698886032124
ENSG00000154001	7.178853052815941
ENSG00000140006	7.067426329984541
ENSG00000126821	8.530183467327584
ENSG00000054654	8.015873594118379
ENSG00000140009	5.14934066928622
ENSG00000100714	8.072054455485052
ENSG00000089775	5.918217026780538
ENSG00000179841	6.57409310865393
ENSG00000126804	8.252762337037952
ENSG00000126803	9.467968402561361
ENSG00000165807	7.627169060841846
ENSG00000126822	7.2469780596147215
ENSG00000070182	7.591482119341702
ENSG00000258289	8.084221905282739
ENSG00000125954	1.183063400685764
ENSG00000176153	12.60409117924132
ENSG00000139998	10.187814368817294
ENSG00000257365	8.784634845557521
ENSG00000125952	8.204901641705709
ENSG00000033170	8.677721412858194
ENSG00000196553	9.08028457782728
ENSG00000171723	7.745635866279497
ENSG00000172717	6.181897643108388
ENSG00000072415	6.724991489336792
ENSG00000100554	8.566364211091075
ENSG00000134001	8.673897789093214
ENSG00000100558	10.540901764852928
ENSG00000198133	8.174521451580858
ENSG00000054690	9.946906274456397
ENSG00000100564	7.1356418716842684
ENSG00000081181	10.049621886153908
ENSG00000100568	8.12172515182407
ENSG00000258466	4.222212854229372
ENSG00000072042	12.293688000299264
ENSG00000139988	8.351868185169401
ENSG00000072121	7.186425261195967
ENSG00000182185	5.836037932736458
ENSG00000185650	11.397674632948268
ENSG00000072110	10.680408086583693
ENSG00000139990	7.757134685204271
ENSG00000081177	6.660482563809443
ENSG00000100626	8.43963273757953
ENSG00000100632	9.9481492605258
ENSG00000029364	8.20509164642743
ENSG00000175985	6.51503050934324
ENSG00000267909	5.109673102710801
ENSG00000100647	8.52953546304732
ENSG00000100650	10.378294855911891
ENSG00000100652	10.25082916007793
ENSG00000198732	11.849247790903824
ENSG00000100678	6.499938165244862
ENSG00000133983	7.866929764031677
ENSG00000258644	2.9471627014532786
ENSG00000213463	7.2248222933894555
ENSG00000139985	5.7399148484300815
ENSG00000134007	6.212000953448451
ENSG00000133997	6.911315105789557
ENSG00000133985	9.122057352951373
ENSG00000006432	6.782670658677007
ENSG00000100731	7.347027099232837
ENSG00000197555	8.079685602240223
ENSG00000182732	6.177647254005285
ENSG00000205683	5.836808199221588
ENSG00000119599	7.0115639886854
ENSG00000165861	7.371558862611963
ENSG00000119707	7.785836899536243
ENSG00000080815	7.725625363338462
ENSG00000100767	8.773797549620765
ENSG00000133961	7.540859605615517
ENSG00000187105	5.4583888041358595
ENSG00000170468	7.499540245732058
ENSG00000184227	7.439623137557117
ENSG00000119673	8.880947569981473
ENSG00000177465	7.111726202211388
ENSG00000205669	6.862682881401592
ENSG00000119661	6.712962110358072
ENSG00000176903	10.029427762932457
ENSG00000156030	7.317239929540103
ENSG00000140043	5.50303064564116
ENSG00000258653	1.9340787000729949
ENSG00000119725	5.811727897803886
ENSG00000156050	6.740102869911741
ENSG00000119723	5.939226577728209
ENSG00000187097	9.789907212268924
ENSG00000119636	6.966063718430944
ENSG00000119711	9.634014073669881
ENSG00000205659	6.00162964288511
ENSG00000119614	7.962277612779439
ENSG00000119688	7.631952962109416
ENSG00000133980	7.284672650879564
ENSG00000183379	10.46352437327118
ENSG00000119655	13.199289570714983
ENSG00000165898	6.7351092753242625
ENSG00000119681	10.435256494675638
ENSG00000119682	7.060046564738465
ENSG00000119616	7.86895163526941
ENSG00000119596	6.6577471132801005
ENSG00000119608	4.73499839626255
ENSG00000119689	9.425928030047498
ENSG00000198208	6.364222221093532
ENSG00000119630	10.350458512645071
ENSG00000119718	7.550302693610693
ENSG00000119684	6.711525101096705
ENSG00000119640	7.464937033513851
ENSG00000119703	7.242221395098369
ENSG00000119638	8.656867499720281
ENSG00000170348	10.511277521839702
ENSG00000170345	13.734603784841505
ENSG00000140044	8.340419319361896
ENSG00000156127	8.870074000707513
ENSG00000119686	7.228140963829256
ENSG00000119685	6.627315001365048
ENSG00000133935	9.88077737768807
ENSG00000119650	6.4774296255606405
ENSG00000119699	10.876513162198636
ENSG00000089916	8.462384418228424
ENSG00000119715	7.144360915149772
ENSG00000071246	8.07740686779287
ENSG00000013523	7.511699709433305
ENSG00000100565	6.388878338811989
ENSG00000119669	9.047263146815482
ENSG00000198894	7.522200580102974
ENSG00000259164	1.633099937707923
ENSG00000165548	7.812498225333564
ENSG00000177108	9.40800304295299
ENSG00000165553	10.041229379507215
ENSG00000009830	6.645298163948631
ENSG00000100577	7.408542042296858
ENSG00000100580	7.443934378858996
ENSG00000100583	6.548093855612518
ENSG00000165555	5.602587527342561
ENSG00000151445	7.541753787077967
ENSG00000100591	9.970105890612182
ENSG00000100593	9.04422591699161
ENSG00000100596	8.896248289311897
ENSG00000100601	6.731644863189229
ENSG00000119705	8.68099306960608
ENSG00000100603	9.499359176011174
ENSG00000197734	3.9068905956085187
ENSG00000063761	5.7102728101450255
ENSG00000021645	7.161887682376894
ENSG00000211448	11.051448137740191
ENSG00000100629	5.970824428126674
ENSG00000165409	10.623613502734141
ENSG00000165417	7.409264729398015
ENSG00000140022	7.700259935496467
ENSG00000071537	9.634001391310939
ENSG00000185070	6.056111578134113
ENSG00000054983	7.585909073604071
ENSG00000140030	6.383570191853821
ENSG00000100433	5.524640037534608
ENSG00000042317	7.298291730620124
ENSG00000070778	6.958631373507185
ENSG00000100722	6.306802649528503
ENSG00000165521	5.831594110502751
ENSG00000165533	7.035279282625196
ENSG00000053254	8.465484448426245
ENSG00000140025	5.453155931503431
ENSG00000042088	6.8493821028742685
ENSG00000152315	7.585649553379703
ENSG00000100764	7.7251958172266635
ENSG00000119720	5.537708023683128
ENSG00000198668	11.135126469703529
ENSG00000165914	5.6291097083904456
ENSG00000100784	5.717183727953352
ENSG00000133943	7.960364168007943
ENSG00000119714	7.930953291593156
ENSG00000015133	7.8915965171630456
ENSG00000100796	8.391866389721184
ENSG00000133962	6.399658435463049
ENSG00000165929	9.335977590409755
ENSG00000140092	10.476809549946672
ENSG00000100815	7.2769557115782
ENSG00000066427	5.358881006472889
ENSG00000183648	8.971239771607072
ENSG00000165934	6.995541154415438
ENSG00000140090	7.59595895411469
ENSG00000100599	7.705599929324474
ENSG00000100600	11.060651378020706
ENSG00000066455	8.353443001314918
ENSG00000100604	16.876429365648132
ENSG00000100605	9.417115417609677
ENSG00000165943	10.400686585080063
ENSG00000153485	7.754701016805159
ENSG00000259066	3.5732329873585593
ENSG00000170270	8.309825302360855
ENSG00000012963	8.488204693802434
ENSG00000011114	6.770217583203302
ENSG00000133958	6.344421893804771
ENSG00000187581	8.680516118695724
ENSG00000175785	9.034159201861012
ENSG00000140067	7.58562177926478
ENSG00000100628	8.834337159241816
ENSG00000175699	6.010108453474289
ENSG00000089723	6.733354340613827
ENSG00000089737	8.690518392665995
ENSG00000165948	7.609310538694555
ENSG00000165949	12.003633573492587
ENSG00000119632	10.043127000159783
ENSG00000119698	6.95819417949824
ENSG00000140093	8.634448062362308
ENSG00000170099	12.562432391735056
ENSG00000197249	15.994469722767274
ENSG00000186910	11.223890309544206
ENSG00000170054	11.08843119114319
ENSG00000165953	10.24198314969433
ENSG00000188488	11.67055403418357
ENSG00000100665	10.167126380821527
ENSG00000273259	6.8166135893321655
ENSG00000196136	13.435800462194786
ENSG00000133937	8.207904196330581
ENSG00000100697	8.126311247361741
ENSG00000165959	7.50767423248359
ENSG00000176438	6.893191288383871
ENSG00000182512	9.155402187396815
ENSG00000213231	7.189907351724924
ENSG00000100721	10.237493730270124
ENSG00000250366	8.726593762313717
ENSG00000227051	8.50536634288883
ENSG00000168398	8.888686449942943
ENSG00000258691	2.758108954196267
ENSG00000100739	8.39116659007982
ENSG00000066739	6.1601965020329095
ENSG00000100744	8.367224583687575
ENSG00000140057	6.856522036730781
ENSG00000090060	8.7645969698175
ENSG00000100749	8.740214867741049
ENSG00000176605	3.604071323668861
ENSG00000127152	8.123645131838312
ENSG00000183576	8.008267488185188
ENSG00000090061	5.360715425392931
ENSG00000205476	8.278834165600967
ENSG00000182218	5.858948182329727
ENSG00000036530	7.140574177709902
ENSG00000066629	7.420874352021801
ENSG00000196405	10.082717159398701
ENSG00000168350	9.198188813231333
ENSG00000100811	8.852947582179848
ENSG00000197119	10.752380646552893
ENSG00000140107	10.41997546595672
ENSG00000140105	12.52008498982638
ENSG00000176473	7.319415209668156
ENSG00000183092	7.926925779267508
ENSG00000185559	14.334368247702072
ENSG00000254656	9.469620860132244
ENSG00000197406	11.159265921661763
ENSG00000078304	7.341744269331438
ENSG00000197102	9.313753900429328
ENSG00000080824	13.910736408924313
ENSG00000140153	5.907262714579275
ENSG00000080823	6.745646670131939
ENSG00000022976	6.165385433712628
ENSG00000100865	7.5936428499994815
ENSG00000196663	7.684908618891302
ENSG00000156381	7.590310333647313
ENSG00000089902	9.087701200281822
ENSG00000131323	7.669806283041859
ENSG00000166126	8.62147484635337
ENSG00000198752	8.277493111205747
ENSG00000205436	7.303780748177103
ENSG00000185215	11.399712276483822
ENSG00000100664	8.559561346593837
ENSG00000075413	7.74988622133892
ENSG00000166165	13.116379947815686
ENSG00000166166	7.660687930190762
ENSG00000166170	8.307852685064079
ENSG00000126214	7.96289600533726
ENSG00000256500	0.7970590046710148
ENSG00000256053	7.189824558880018
ENSG00000126215	7.2695942516833725
ENSG00000100711	8.284014344738006
ENSG00000088808	7.880807948362805
ENSG00000156411	8.896375812495338
ENSG00000156414	7.211401637418471
ENSG00000227729	5.349436051713823
ENSG00000166183	7.695933958899781
ENSG00000066735	8.98831798667225
ENSG00000258986	8.590659737940088
ENSG00000184601	7.752213367865143
ENSG00000203485	9.163812872646249
ENSG00000185100	8.021334772529292
ENSG00000184990	9.249248208737471
ENSG00000142208	8.82138912788472
ENSG00000179627	8.628716824874381
ENSG00000099814	9.132686801193435
ENSG00000166428	7.24357760507132
ENSG00000185567	8.847882976220301
ENSG00000140104	6.297938952228009
ENSG00000170779	9.465664413246424
ENSG00000183484	6.988116779587367
ENSG00000184916	9.445983033967119
ENSG00000183828	9.009541394859763
ENSG00000185024	5.876516946564999
ENSG00000184887	9.831698494016631
ENSG00000179364	9.288173968112302
ENSG00000226174	5.428611418467134
ENSG00000182979	9.15955952106523
ENSG00000182809	11.211548694772988
ENSG00000213145	9.376776571882981
ENSG00000257341	4.018636309083495
ENSG00000185347	7.153431336572734
ENSG00000184986	7.575360757667973
ENSG00000277322	4.5291962679993905
ENSG00000230031	0.6464734759198901
ENSG00000278522	2.874600266049579
ENSG00000280709	3.4072648634980482
ENSG00000182974	3.165922210782173
ENSG00000279408	4.712045448553693
ENSG00000233917	0.28261772148134834
ENSG00000274102	0.9507283521544072
ENSG00000183706	5.714520290553514
ENSG00000277865	4.43095427138573
ENSG00000170113	7.45450493755737
ENSG00000140157	7.793201775276606
ENSG00000273749	8.198274069610477
ENSG00000275835	6.393926361345199
ENSG00000273976	4.556429415449573
ENSG00000261739	5.108942568660791
ENSG00000174450	8.933395595120775
ENSG00000179455	6.116438794732103
ENSG00000254585	8.25051477860276
ENSG00000182636	10.679389184819478
ENSG00000185823	4.3588777033899415
ENSG00000128739	9.677939142759648
ENSG00000273173	5.944628566709669
ENSG00000214265	0.5004096874255797
ENSG00000114062	7.355858622188596
ENSG00000206190	8.123293876447587
ENSG00000166206	8.04822986395948
ENSG00000186297	8.094341649635844
ENSG00000182256	5.998474837299669
ENSG00000104044	10.194464053554336
ENSG00000128731	7.026070353658963
ENSG00000153684	3.699329525673156
ENSG00000183629	2.457856910413769
ENSG00000188626	7.449455012281556
ENSG00000261649	7.197708157955851
ENSG00000034053	8.236362022179106
ENSG00000104059	7.853769157505492
ENSG00000185115	9.135298272325638
ENSG00000104067	8.941475348961426
ENSG00000179938	2.8385484415255284
ENSG00000261247	3.088650454098756
ENSG00000166664	3.7904553600026327
ENSG00000186399	5.210563643564267
ENSG00000178115	4.961885370466061
ENSG00000261794	5.051151705399085
ENSG00000198690	6.404371533665966
ENSG00000166912	8.273795599214264
ENSG00000134160	9.087593544058896
ENSG00000169926	8.755877564288566
ENSG00000169918	5.1039172107520665
ENSG00000175344	6.435670978760172
ENSG00000249931	3.723907092851263
ENSG00000206127	5.077268837607023
ENSG00000232653	6.205668358729435
ENSG00000198826	7.098023534621367
ENSG00000166922	12.434598503966349
ENSG00000166923	10.599897477510288
ENSG00000248905	8.441675031605268
ENSG00000198838	6.4466266365941385
ENSG00000169857	7.030698942634406
ENSG00000184984	5.7873802222963375
ENSG00000134153	10.678386969457106
ENSG00000182405	4.372238442078566
ENSG00000134152	7.869224805410512
ENSG00000128463	7.667044078278739
ENSG00000140199	8.081733086979714
ENSG00000182117	10.750458455842026
ENSG00000184507	6.4277737623785205
ENSG00000176454	9.079331599396772
ENSG00000175265	9.74258505946766
ENSG00000215252	9.686291202944126
ENSG00000159248	9.208282629436868
ENSG00000159251	13.485703545284583
ENSG00000021776	6.592796651230198
ENSG00000198146	8.10347759122238
ENSG00000255192	8.972114603999271
ENSG00000134146	5.214072165921145
ENSG00000186073	7.899659026377443
ENSG00000134138	8.335561712987298
ENSG00000166069	7.587214952452535
ENSG00000166068	8.170558255343412
ENSG00000171262	7.626537166487814
ENSG00000172575	7.844656189401294
ENSG00000137801	12.943430560383598
ENSG00000150667	9.187088395664551
ENSG00000166073	8.20163386116965
ENSG00000128829	6.926491024318725
ENSG00000140319	11.141661709780019
ENSG00000104081	9.368435473598202
ENSG00000156970	8.702141322060628
ENSG00000137843	6.41006969175638
ENSG00000259288	1.1376115889427862
ENSG00000137841	9.704775527213444
ENSG00000230778	5.023698917266407
ENSG00000259330	9.929514559512477
ENSG00000188549	8.180903709179383
ENSG00000233041	13.498225931349918
ENSG00000140323	6.795715006501729
ENSG00000128944	8.270982909987087
ENSG00000128928	9.17367713630342
ENSG00000140320	8.261915789223679
ENSG00000169105	7.9395749257216925
ENSG00000128891	4.830411417143044
ENSG00000166133	6.551576620992366
ENSG00000137812	7.044911245772511
ENSG00000051180	7.402026338690305
ENSG00000137824	7.234577959784565
ENSG00000137880	6.754531251803291
ENSG00000104129	5.605056585728988
ENSG00000188277	8.528979252204806
ENSG00000166140	7.2851219467113655
ENSG00000166143	9.299209057719267
ENSG00000166145	11.253971497720588
ENSG00000104140	10.433494331624027
ENSG00000104142	8.097645066047486
ENSG00000128917	8.7925471670129
ENSG00000128965	9.549581465220827
ENSG00000128908	6.642176029552493
ENSG00000178997	6.5249725982866265
ENSG00000187446	9.64920170258
ENSG00000104147	6.987653150694809
ENSG00000137804	8.976508042241965
ENSG00000137806	7.51287914117061
ENSG00000137815	7.558659560977325
ENSG00000137825	8.912732335268338
ENSG00000062524	8.379811543786989
ENSG00000103932	6.690473952792016
ENSG00000092445	7.745907201029208
ENSG00000174197	6.940164936876348
ENSG00000137802	7.856736756119109
ENSG00000243789	7.689997971419445
ENSG00000168970	5.100405510956638
ENSG00000243708	9.03039125995948
ENSG00000137877	7.05040138781061
ENSG00000103966	8.140136790857797
ENSG00000188089	8.754219433135143
ENSG00000159337	8.572813900384139
ENSG00000168907	8.786596361890807
ENSG00000166887	7.557635018687499
ENSG00000103978	8.906426604778352
ENSG00000214013	6.935925306350762
ENSG00000258461	7.338232624902438
ENSG00000092529	8.74752167254042
ENSG00000103994	10.118959033579591
ENSG00000092531	7.228661223882748
ENSG00000180979	7.347596184640068
ENSG00000137814	8.075199002840927
ENSG00000159433	6.71699089440494
ENSG00000140326	7.010415536154373
ENSG00000128881	6.009660689646706
ENSG00000159459	7.0397273764361294
ENSG00000137842	7.828773445544173
ENSG00000166946	7.522934680191805
ENSG00000166947	6.826799928325019
ENSG00000104055	8.066627409095199
ENSG00000159495	9.966813623741285
ENSG00000168806	5.8689983557951155
ENSG00000168803	5.501757585738664
ENSG00000140265	6.454587826730406
ENSG00000137822	5.681168120416691
ENSG00000067369	6.5404182054024655
ENSG00000166963	9.624655155246051
ENSG00000168781	6.624978179569036
ENSG00000237289	9.374822141634805
ENSG00000242866	8.200480970628387
ENSG00000166762	5.775050541483175
ENSG00000223572	6.237257770900372
ENSG00000167004	11.262003759064047
ENSG00000128886	7.027905996569885
ENSG00000262560	0.07294049221304988
ENSG00000140264	10.576586917207978
ENSG00000184716	0.3364256100354807
ENSG00000242028	5.515699838284043
ENSG00000140259	7.856400720497399
ENSG00000092470	6.997175338104181
ENSG00000171877	7.908874149243268
ENSG00000166734	8.93716754251441
ENSG00000137770	7.019862759541283
ENSG00000104131	8.541360275053268
ENSG00000104133	7.606988466408092
ENSG00000229474	5.396837925588825
ENSG00000166710	13.796757522248129
ENSG00000185880	7.410325290775062
ENSG00000167014	5.86195536414487
ENSG00000140263	10.1357092861044
ENSG00000140279	11.158192555249526
ENSG00000140274	10.191283070065909
ENSG00000140254	8.758877610101534
ENSG00000137857	9.341091115060163
ENSG00000138606	8.190796298387864
ENSG00000137860	8.858605374385544
ENSG00000171766	11.851749041416058
ENSG00000171763	6.550154262924277
ENSG00000166920	12.110337692904816
ENSG00000104154	9.044996553356839
ENSG00000104164	7.819741407792631
ENSG00000260170	2.227284708191129
ENSG00000137767	8.890823919375366
ENSG00000137872	8.160281168412476
ENSG00000188467	7.781725955265517
ENSG00000104177	6.189824558880018
ENSG00000233932	3.623560266553432
ENSG00000074803	11.105595021540964
ENSG00000128951	8.446844332818918
ENSG00000166147	10.681897919665978
ENSG00000103995	5.897443885240062
ENSG00000185634	8.149215674790941
ENSG00000255302	10.754364276205013
ENSG00000138593	9.730643377599167
ENSG00000166200	8.916390818869525
ENSG00000156958	6.6454652208351
ENSG00000166262	5.3088989185849425
ENSG00000140285	8.79776968433634
ENSG00000104047	5.630911418612833
ENSG00000104043	8.29304183595928
ENSG00000140284	11.248602881498163
ENSG00000140287	11.1386878388429
ENSG00000104064	7.097387877114897
ENSG00000138592	6.887006555275045
ENSG00000170236	5.319039815562536
ENSG00000092439	7.429393074302416
ENSG00000138600	8.439150862714484
ENSG00000081014	6.701791330704686
ENSG00000183578	9.615634927745154
ENSG00000137869	10.837321673370319
ENSG00000186417	8.250239990038997
ENSG00000104093	8.439581578969937
ENSG00000104112	12.588278076128692
ENSG00000140280	7.715529070410632
ENSG00000128872	7.900105070003513
ENSG00000138594	7.5703333195264
ENSG00000166477	9.03514440728747
ENSG00000069956	8.476875709822867
ENSG00000137875	7.79793126175843
ENSG00000069966	7.043518119784979
ENSG00000128833	7.891895110239937
ENSG00000197535	9.95577698784027
ENSG00000128989	9.648357582009666
ENSG00000047346	8.648189700333052
ENSG00000169856	6.0876340996710265
ENSG00000166415	8.115988869841127
ENSG00000137766	7.463216667025336
ENSG00000137876	10.434494369265481
ENSG00000069974	9.283466683585512
ENSG00000225973	7.650495877052342
ENSG00000069943	6.481430856265436
ENSG00000260916	7.060695931687554
ENSG00000261652	6.652818303721174
ENSG00000256061	5.575614877619633
ENSG00000171016	6.192649843056205
ENSG00000166450	5.9135071156873
ENSG00000069869	7.134426320220926
ENSG00000181827	6.684677222071133
ENSG00000151575	5.870863157382958
ENSG00000138587	8.845176387492572
ENSG00000137871	6.450870827585393
ENSG00000140262	9.852574318969548
ENSG00000128849	8.807282826904986
ENSG00000263155	10.040289721025717
ENSG00000137878	3.858376462021532
ENSG00000255529	7.703881820685299
ENSG00000128918	10.74122324382823
ENSG00000103569	11.62753416117639
ENSG00000166035	9.385141672442819
ENSG00000137845	8.741271260674635
ENSG00000128923	8.003612833219169
ENSG00000157450	6.551965013577449
ENSG00000137776	8.728528697885897
ENSG00000157456	9.15817080500402
ENSG00000157483	7.943544489666259
ENSG00000171989	7.537606691495291
ENSG00000157470	6.8808854252409235
ENSG00000140297	9.495596646813427
ENSG00000140307	8.77313920671969
ENSG00000140299	7.676984504366232
ENSG00000171956	7.013750401154756
ENSG00000182718	11.702605602110248
ENSG00000128915	7.54756117597557
ENSG00000069667	8.020146573111777
ENSG00000129003	9.134727467430285
ENSG00000198535	9.921797171968395
ENSG00000205502	9.316734070972293
ENSG00000171914	6.679944994031825
ENSG00000140416	11.711666973564347
ENSG00000103642	7.806582554354406
ENSG00000185088	7.471714314737651
ENSG00000166128	8.07572058064683
ENSG00000138613	7.539934245171789
ENSG00000074410	11.473201793139426
ENSG00000140455	7.135015537642889
ENSG00000197361	8.238855212712723
ENSG00000103657	7.543029886395239
ENSG00000035664	8.561414147487396
ENSG00000166797	8.750895317051103
ENSG00000028528	9.33297100355404
ENSG00000157734	9.668298933456963
ENSG00000166794	11.8764307290608
ENSG00000169118	6.8502506392340745
ENSG00000259316	3.1314649751234644
ENSG00000166803	7.794631017220983
ENSG00000103671	7.803326490551435
ENSG00000180357	7.51144100715343
ENSG00000180304	8.112700132749362
ENSG00000166831	9.312882955284355
ENSG00000140451	6.446097878191299
ENSG00000249240	2.5239529295316094
ENSG00000241839	9.183882433470133
ENSG00000166839	6.651555919033514
ENSG00000090487	8.794545873553433
ENSG00000103707	6.316176483585768
ENSG00000186198	9.475329196228035
ENSG00000103710	10.113242778369742
ENSG00000234438	4.2027069353294
ENSG00000246922	6.799635233875865
ENSG00000090470	7.4362553416041415
ENSG00000166855	7.925141663041923
ENSG00000138615	10.816970564882645
ENSG00000138617	6.347431148060173
ENSG00000174498	8.57923589809625
ENSG00000103742	7.462505123268784
ENSG00000074603	6.788474167121718
ENSG00000074696	9.493479992689164
ENSG00000138614	8.210242626223154
ENSG00000074621	8.06732135271797
ENSG00000174485	6.841966365300002
ENSG00000103769	10.25447011298152
ENSG00000157890	8.189051621433064
ENSG00000166938	7.854223310285189
ENSG00000075131	6.545438760960792
ENSG00000169032	8.515222007857062
ENSG00000174446	7.159436513585139
ENSG00000174444	12.36549079076956
ENSG00000174442	7.559687091132183
ENSG00000188501	5.058715653164904
ENSG00000137834	7.908692838242504
ENSG00000166949	8.943485678505125
ENSG00000103591	9.071753966680806
ENSG00000103599	6.108581413254881
ENSG00000189227	7.5178788468143285
ENSG00000137764	6.993558572856577
ENSG00000188779	6.916885970369588
ENSG00000033800	6.846094879169458
ENSG00000260007	2.2431186597271653
ENSG00000129007	7.059614856297222
ENSG00000128973	8.897738226891237
ENSG00000169018	8.489907039013968
ENSG00000137809	8.873444112515376
ENSG00000103647	9.268127719326225
ENSG00000140350	8.725141609673571
ENSG00000258484	8.02392046703193
ENSG00000255346	8.871470314276173
ENSG00000138604	8.083848415646889
ENSG00000137819	7.365778667304687
ENSG00000137807	7.334429678857971
ENSG00000137818	14.060111322818464
ENSG00000140332	7.326149861311554
ENSG00000137831	8.657043861425105
ENSG00000166173	7.586900720564127
ENSG00000137821	6.133583342733779
ENSG00000129028	5.337150419396607
ENSG00000187720	9.596739671172239
ENSG00000225362	7.385521183723527
ENSG00000278570	6.954946713094733
ENSG00000066933	7.179021680101504
ENSG00000166192	5.215706890751962
ENSG00000175318	8.073071432581594
ENSG00000067225	11.586466126290476
ENSG00000137817	8.079394122826203
ENSG00000273025	0.8195858533745696
ENSG00000140488	7.282625134191674
ENSG00000260729	3.60419516811553
ENSG00000213614	7.913601445869264
ENSG00000187806	6.147917191084018
ENSG00000166233	7.563036544908089
ENSG00000215186	4.638653116466112
ENSG00000175202	4.471203660310348
ENSG00000140463	9.193825191443407
ENSG00000159322	9.273705794731065
ENSG00000067141	8.93529543341954
ENSG00000138622	6.903765387757933
ENSG00000183324	7.427103287152841
ENSG00000156642	9.10212911692871
ENSG00000103855	10.967335703351552
ENSG00000205363	8.055203758050162
ENSG00000167139	8.441503448774114
ENSG00000129038	9.8624050561001
ENSG00000067221	5.694145106500013
ENSG00000140464	7.799219547750432
ENSG00000159289	4.1715271060388135
ENSG00000167178	8.882248677804348
ENSG00000129009	12.710560326171532
ENSG00000137868	9.260525402802237
ENSG00000140481	6.481631509386393
ENSG00000140459	13.127019195840955
ENSG00000138623	10.801708375070536
ENSG00000138629	9.303973363600699
ENSG00000179361	6.762075791856849
ENSG00000179335	6.530977719142989
ENSG00000179151	7.085710592062719
ENSG00000140465	12.371204331167915
ENSG00000140505	12.176450769397118
ENSG00000103653	9.044301406093963
ENSG00000140506	9.991521846075695
ENSG00000213578	11.057991722759176
ENSG00000140474	9.023965264520722
ENSG00000140497	8.772172808771572
ENSG00000178802	6.388300993281611
ENSG00000178761	6.7073591320808825
ENSG00000178741	10.43706841163785
ENSG00000178718	8.454173505455357
ENSG00000198794	9.125552355441275
ENSG00000138621	6.300653312187804
ENSG00000167173	8.235630683445963
ENSG00000167195	3.521050736900963
ENSG00000140478	3.1966070440948178
ENSG00000140365	7.65792298549003
ENSG00000140398	7.036723106005525
ENSG00000140400	8.741804025309557
ENSG00000169375	7.433700683364117
ENSG00000169410	10.014081397584205
ENSG00000169371	9.3199722774978
ENSG00000177971	10.142987101173796
ENSG00000173548	8.371065848343225
ENSG00000173546	14.308850601260733
ENSG00000182950	6.908092340818271
ENSG00000140367	8.998211483650795
ENSG00000167196	8.379184093059179
ENSG00000169752	6.508718126067742
ENSG00000169758	6.592756010441026
ENSG00000140374	10.368597986794224
ENSG00000159556	8.588748029268123
ENSG00000140386	6.322675780083222
ENSG00000117906	7.85263264630711
ENSG00000140368	7.579541653619234
ENSG00000140391	11.27152886817795
ENSG00000173517	6.845451789997228
ENSG00000140382	9.159199648368636
ENSG00000169783	9.124950054681632
ENSG00000167202	7.646776218677171
ENSG00000183476	6.4403101595240555
ENSG00000136425	8.713760954984696
ENSG00000166411	7.497085167487309
ENSG00000103740	8.373300196608389
ENSG00000140403	11.014717929860009
ENSG00000140395	7.920364237750038
ENSG00000166426	13.506246068943408
ENSG00000136381	7.073595947420629
ENSG00000188266	5.465938948193987
ENSG00000041357	8.60612112712562
ENSG00000169684	6.792891530265389
ENSG00000080644	10.340862316238931
ENSG00000117971	6.641096847263524
ENSG00000136378	7.199228899908509
ENSG00000185787	9.084375204780235
ENSG00000103811	12.28281913983341
ENSG00000058335	8.45221733459415
ENSG00000235711	5.277673457305066
ENSG00000166557	7.710996389245747
ENSG00000169330	7.136629814397268
ENSG00000136371	7.697662633470518
ENSG00000259332	2.3906972453293687
ENSG00000180953	6.615093760680479
ENSG00000140379	10.351692242810593
ENSG00000086666	8.407338101465339
ENSG00000103876	7.889301366423117
ENSG00000259417	9.385635054597437
ENSG00000172379	9.241039117574445
ENSG00000136379	9.201579228377229
ENSG00000103888	10.545929769085467
ENSG00000117899	7.484159491302507
ENSG00000140406	8.436283269123347
ENSG00000156206	7.204450039709299
ENSG00000172349	7.456970381121014
ENSG00000172345	7.638797899951696
ENSG00000188869	7.71699089440494
ENSG00000183496	7.738035242027944
ENSG00000140598	11.315819331615014
ENSG00000188659	7.561080414701789
ENSG00000278662	4.977737849242815
ENSG00000197978	5.713970692436053
ENSG00000182774	12.855967454789738
ENSG00000260836	1.3343146076899537
ENSG00000214575	8.126115916848303
ENSG00000103723	7.248876342837134
ENSG00000186628	5.641773576229749
ENSG00000156232	6.690534547005629
ENSG00000103942	7.791111378709272
ENSG00000169612	7.089261912382766
ENSG00000169609	4.770859529706197
ENSG00000064726	8.489997980104457
ENSG00000136404	5.793075667599862
ENSG00000166503	7.609067351794805
ENSG00000169594	9.280430785139767
ENSG00000140600	8.174925682500678
ENSG00000156218	8.003118708736759
ENSG00000259511	4.824258696603374
ENSG00000184206	3.903038270112912
ENSG00000176371	6.035288822763095
ENSG00000177082	5.215290305651234
ENSG00000197696	11.272912037285753
ENSG00000140612	8.38586240064146
ENSG00000166716	7.045671523150612
ENSG00000136383	8.060155495254604
ENSG00000156222	9.026509788019785
ENSG00000073417	7.524488614390671
ENSG00000170776	8.526217881337683
ENSG00000183655	7.064876713389548
ENSG00000273540	5.829914367794405
ENSG00000140538	6.062855655205991
ENSG00000259494	6.380590934265922
ENSG00000173867	4.089422279741983
ENSG00000181991	6.139121428054259
ENSG00000140543	6.08773184429227
ENSG00000181026	8.420669948624052
ENSG00000172183	8.579105113388913
ENSG00000157766	10.935837676061674
ENSG00000140511	9.805057296173194
ENSG00000140545	12.06643555099731
ENSG00000140526	11.213316228265718
ENSG00000140522	9.977204383370273
ENSG00000140525	7.999064796207173
ENSG00000140521	7.851918173919816
ENSG00000140519	13.638891349391246
ENSG00000140534	6.387201496371375
ENSG00000166813	6.620641389466925
ENSG00000166819	11.667111542075027
ENSG00000166821	8.622316057884206
ENSG00000140527	5.77515261168532
ENSG00000166823	9.17214503690492
ENSG00000188095	7.3896183045574055
ENSG00000166825	13.489436969000057
ENSG00000157823	6.914938686025853
ENSG00000250021	2.524891441103689
ENSG00000242498	8.262086181605811
ENSG00000140548	9.135537758949283
ENSG00000182054	11.776711353067391
ENSG00000185033	10.740866950910918
ENSG00000185043	12.154524777433933
ENSG00000183208	5.863000309085641
ENSG00000213471	5.884842093799463
ENSG00000261147	1.8921096141960734
ENSG00000182768	8.39199781101006
ENSG00000275674	3.4585004565384625
ENSG00000196391	5.91176738112758
ENSG00000140575	9.795753294383593
ENSG00000140577	7.904023056844175
ENSG00000197299	7.090296961636458
ENSG00000140564	12.870913858818954
ENSG00000182511	8.47992085837903
ENSG00000196547	8.088405557049732
ENSG00000184508	6.890270441015201
ENSG00000140553	8.24158253149363
ENSG00000166965	6.776920461814364
ENSG00000198901	8.721052397173729
ENSG00000184056	7.2704914080503285
ENSG00000185518	7.811869912554848
ENSG00000176463	7.448363507644847
ENSG00000140557	7.692708763459239
ENSG00000185442	8.990557266702485
ENSG00000279765	7.347159099446905
ENSG00000173575	8.08233632428896
ENSG00000182175	9.585880169229624
ENSG00000140563	7.248817651601155
ENSG00000185551	10.143523341583283
ENSG00000140450	11.638548433811188
ENSG00000140443	12.463237348124938
ENSG00000183571	6.929749559965883
ENSG00000182253	11.600315044248024
ENSG00000103852	8.42551506464794
ENSG00000168904	7.7976181007030645
ENSG00000068305	8.246575856252681
ENSG00000183060	6.483288479876715
ENSG00000140470	6.76716997856295
ENSG00000154227	7.869107058046764
ENSG00000140471	5.8960129937090615
ENSG00000183475	6.4061919841842725
ENSG00000184254	10.848835750020259
ENSG00000154237	6.5736491282459095
ENSG00000131873	9.530608932280908
ENSG00000131871	8.75515314331882
ENSG00000131876	7.963623113636233
ENSG00000140479	8.365540122849158
ENSG00000184277	6.5642625873816245
ENSG00000185418	6.480103520817566
ENSG00000184140	2.9038525887854445
ENSG00000182854	1.7213254806737965
ENSG00000177693	1.090499748006899
ENSG00000161980	7.901948834308879
ENSG00000161981	8.38657045069095
ENSG00000007384	8.407267764244732
ENSG00000103152	8.537294638394053
ENSG00000103148	6.9955817939782134
ENSG00000130656	6.190445120637155
ENSG00000206177	7.3987747715373
ENSG00000188536	14.462821756851485
ENSG00000206172	11.428883552010191
ENSG00000086506	7.872828759534886
ENSG00000007392	9.02735313393009
ENSG00000167930	8.521526495580922
ENSG00000076344	9.72468437437077
ENSG00000242173	9.356892084636666
ENSG00000185615	11.878050912728536
ENSG00000103126	6.894644696092292
ENSG00000086504	9.764428445887258
ENSG00000129925	9.62837162715154
ENSG00000103202	9.517853319884427
ENSG00000242612	8.092166108302797
ENSG00000090565	8.092372416459593
ENSG00000103326	7.783403101034016
ENSG00000161992	9.153298682854903
ENSG00000007541	8.02362661934441
ENSG00000257108	7.5877644979247405
ENSG00000197562	7.944257508122262
ENSG00000127578	6.405652061280371
ENSG00000130731	9.746918119377526
ENSG00000172366	8.5041185215989
ENSG00000161996	7.379378367071262
ENSG00000140983	8.779719355143405
ENSG00000103269	8.619989288903717
ENSG00000103266	8.711499931168563
ENSG00000161999	8.209320402283517
ENSG00000127580	7.616491179877786
ENSG00000127585	11.11504365016171
ENSG00000103260	10.531560374408803
ENSG00000103254	8.448745008551455
ENSG00000162004	9.221758714612843
ENSG00000103253	8.149770544229924
ENSG00000103245	6.322089881366646
ENSG00000102854	13.414972285049009
ENSG00000162006	8.075710986164331
ENSG00000007376	7.8818311777646155
ENSG00000127586	7.3956344823203315
ENSG00000127588	10.291653301692653
ENSG00000103227	5.919220659460188
ENSG00000005513	11.441902776462044
ENSG00000162009	7.670865331243967
ENSG00000184471	7.738634948894791
ENSG00000196557	8.7206047445348
ENSG00000116176	9.079231503182847
ENSG00000197253	12.440876326551898
ENSG00000172236	13.130540219155405
ENSG00000095917	11.137290350990225
ENSG00000103275	7.242205583868392
ENSG00000007516	9.541096615349524
ENSG00000007520	9.389698745176013
ENSG00000090581	9.087848789953863
ENSG00000059145	6.733354340613827
ENSG00000174109	7.889960199658641
ENSG00000197599	7.893578118722274
ENSG00000103249	9.13913672852614
ENSG00000251692	7.497968646745001
ENSG00000100726	8.474716451658809
ENSG00000187535	7.084276910531492
ENSG00000131634	10.342008941326224
ENSG00000007545	7.032321287057878
ENSG00000261732	3.799267882026173
ENSG00000206053	9.340015804883668
ENSG00000138834	10.702790244572768
ENSG00000103024	10.617120649545848
ENSG00000074071	10.668879000352275
ENSG00000197774	7.234577959784565
ENSG00000162032	8.239837168740346
ENSG00000095906	7.705306221990028
ENSG00000099769	9.957398260928702
ENSG00000063854	8.152312080883101
ENSG00000180185	8.865668580471267
ENSG00000162039	7.526694845541976
ENSG00000162040	8.457380879072534
ENSG00000198736	10.358861474606503
ENSG00000140986	9.320855083653631
ENSG00000140990	11.15392706260867
ENSG00000140988	14.141412146419116
ENSG00000179580	9.649076503186066
ENSG00000183751	7.437878645849688
ENSG00000196408	3.816599706534912
ENSG00000127554	7.3752513999547125
ENSG00000127561	8.43879185257826
ENSG00000167962	7.998872453994275
ENSG00000183971	9.808901683447209
ENSG00000065054	10.16339682445431
ENSG00000065057	10.708934892248227
ENSG00000103197	8.118657322712096
ENSG00000008710	10.259743263690781
ENSG00000167964	9.562814808692334
ENSG00000131653	8.515998869178823
ENSG00000167971	7.231701199029002
ENSG00000167965	7.752625706400723
ENSG00000182685	8.357112091505698
ENSG00000184207	8.1184220243132
ENSG00000167967	7.326470113002271
ENSG00000167968	9.502036163599376
ENSG00000167969	8.857480106136519
ENSG00000205937	8.314221718970737
ENSG00000167972	10.22330524079971
ENSG00000162063	6.666544361786662
ENSG00000162062	6.6109775007365705
ENSG00000162068	4.911019803054675
ENSG00000162065	6.605977763809632
ENSG00000260272	2.798262011418998
ENSG00000185883	10.32755264408124
ENSG00000259784	1.3744263632480838
ENSG00000162066	8.122358256929658
ENSG00000140992	6.40365670742629
ENSG00000167977	8.346950438171653
ENSG00000172382	10.188588845707349
ENSG00000167978	10.972690742730002
ENSG00000103363	12.538429662003283
ENSG00000103355	10.012218771499377
ENSG00000215148	7.9247082744934065
ENSG00000007038	8.844852140382491
ENSG00000162078	14.713016144665279
ENSG00000005001	10.152284842306582
ENSG00000162076	9.543846261331344
ENSG00000059122	7.425425734590699
ENSG00000131650	9.884073840395658
ENSG00000127564	7.5614468282247635
ENSG00000162073	8.412683457264993
ENSG00000262152	6.863935468707304
ENSG00000213937	9.811680417235166
ENSG00000184697	10.959318332927989
ENSG00000006327	10.693473328537305
ENSG00000103145	10.658412060370269
ENSG00000131652	8.214574160033454
ENSG00000162069	9.030942959790634
ENSG00000008516	7.749534267669262
ENSG00000008517	11.693518595707642
ENSG00000130182	8.475060076611763
ENSG00000122386	7.279755270595997
ENSG00000085644	7.130102449984727
ENSG00000168124	4.316145742293356
ENSG00000010539	5.875780063068488
ENSG00000103313	7.144720084608338
ENSG00000006194	6.625205877266763
ENSG00000140993	4.401496728760407
ENSG00000162086	6.405977895803311
ENSG00000168158	3.771026775339049
ENSG00000232196	4.672106067904285
ENSG00000140987	4.360897721521671
ENSG00000103343	5.833014745843632
ENSG00000167981	5.522446766941295
ENSG00000122390	6.616401840154738
ENSG00000215131	7.8561142339774594
ENSG00000103351	6.065101063993308
ENSG00000167984	7.491967631099183
ENSG00000188827	5.803743668505225
ENSG00000213918	7.526396366510768
ENSG00000126602	8.114005339478494
ENSG00000005339	7.722174247653728
ENSG00000162104	7.230876753349593
ENSG00000185739	9.039467438278527
ENSG00000090447	6.439477064196499
ENSG00000126603	9.218586157567689
ENSG00000217930	6.328886613242405
ENSG00000103426	1.1919052032939317
ENSG00000262246	6.430117974892026
ENSG00000168140	10.482807956726667
ENSG00000103423	7.777696650393059
ENSG00000153406	8.28468163916643
ENSG00000103415	7.730155638866782
ENSG00000089486	9.38520305351396
ENSG00000205832	5.826548487290915
ENSG00000153443	8.599609415324698
ENSG00000102858	8.80401629039941
ENSG00000168101	8.746879027689808
ENSG00000168096	7.408504900546627
ENSG00000166246	7.7073591320808825
ENSG00000103199	6.478753124386895
ENSG00000140623	8.80928581019891
ENSG00000267795	11.090558054387799
ENSG00000067836	8.871289227811703
ENSG00000140632	8.744062881756726
ENSG00000118900	7.365215342792557
ENSG00000118898	11.711064285650945
ENSG00000103184	7.265849421440848
ENSG00000103174	6.039357765159702
ENSG00000033011	6.969635894435191
ENSG00000153446	12.281093216232229
ENSG00000118894	6.680886920719692
ENSG00000078328	7.402244549846195
ENSG00000232258	9.199094391797665
ENSG00000067365	6.043013269038134
ENSG00000183044	9.330025812289339
ENSG00000184857	7.493830899099096
ENSG00000140650	6.6730612865042325
ENSG00000153048	9.902290810878359
ENSG00000187555	8.838846933064122
ENSG00000182831	6.873695333584649
ENSG00000183454	6.7536775181613695
ENSG00000166669	7.801386869230816
ENSG00000213853	10.602503439050256
ENSG00000153060	8.170159729250841
ENSG00000103274	8.199277326350131
ENSG00000166676	6.357067264993453
ENSG00000179583	8.73064394616298
ENSG00000182108	6.8341542812006795
ENSG00000038532	7.120884311262578
ENSG00000175643	9.478085136533235
ENSG00000185338	10.108646326169099
ENSG00000178279	9.012345190419829
ENSG00000178257	8.412781525338476
ENSG00000122304	15.592836582455014
ENSG00000175646	15.510547846327103
ENSG00000188897	7.690712830350238
ENSG00000189067	10.801371484813693
ENSG00000184602	10.60196345520256
ENSG00000153066	9.307725453068272
ENSG00000122299	6.9742216133473685
ENSG00000171490	9.603223351306436
ENSG00000103342	9.490310383676936
ENSG00000234719	5.526381862561924
ENSG00000048462	9.300365160106313
ENSG00000048471	7.48936207089845
ENSG00000103381	7.645878709630757
ENSG00000237515	6.671495098230555
ENSG00000175595	5.730103914233655
ENSG00000186260	8.241299914491972
ENSG00000140694	8.564609394734893
ENSG00000103429	9.101792672916005
ENSG00000069764	7.958759618804787
ENSG00000224712	3.7940464750991794
ENSG00000254852	4.7230123963923685
ENSG00000103512	8.892535186724059
ENSG00000183426	8.329572125765376
ENSG00000179889	9.84461877899968
ENSG00000157045	7.648896806475254
ENSG00000085721	8.673491892757962
ENSG00000183793	7.773468927905194
ENSG00000261130	0.32690519727720796
ENSG00000156968	8.501226914505267
ENSG00000166780	8.983137957981105
ENSG00000166783	8.048539776384919
ENSG00000072864	7.77467549215789
ENSG00000133392	14.099265612582991
ENSG00000133393	9.10720335341988
ENSG00000103222	10.783180513583886
ENSG00000091262	7.6482888904722355
ENSG00000103226	4.6268689855463885
ENSG00000183889	6.053763009303989
ENSG00000214967	5.0802312720192635
ENSG00000103489	8.563154369558019
ENSG00000214940	4.86195536414487
ENSG00000233024	4.259272487037594
ENSG00000185164	5.89280689994082
ENSG00000134419	11.40063370217782
ENSG00000260342	3.723574065963853
ENSG00000170540	10.547917704921648
ENSG00000157106	7.660596464463845
ENSG00000170537	6.629825169231034
ENSG00000167186	6.880780741048417
ENSG00000205730	8.337393768097616
ENSG00000103528	6.6883357195067425
ENSG00000261210	4.873587475149282
ENSG00000103534	9.44790675537297
ENSG00000006007	9.34284372215581
ENSG00000103540	7.502551816021785
ENSG00000103544	6.809647251101229
ENSG00000103550	5.940617549905214
ENSG00000174628	5.919816770052789
ENSG00000167191	10.036723162327467
ENSG00000180269	6.257587512891936
ENSG00000169347	15.153670773669596
ENSG00000169344	15.265702279115287
ENSG00000169340	9.392102720041422
ENSG00000183549	8.269133681556118
ENSG00000183747	9.638520420949302
ENSG00000066813	9.747517604728591
ENSG00000005187	9.02597004970865
ENSG00000166743	11.07124897545008
ENSG00000066654	8.344106413293048
ENSG00000196678	6.026324185812972
ENSG00000005189	10.011227255423254
ENSG00000188215	6.906365002037725
ENSG00000102897	7.599893186893289
ENSG00000158486	6.413930662813748
ENSG00000011638	8.69241971411357
ENSG00000103310	8.217057257362338
ENSG00000175311	6.868001066305909
ENSG00000103316	9.149790810097379
ENSG00000169246	4.905079369544756
ENSG00000197006	9.200582637035431
ENSG00000140749	9.106385933975938
ENSG00000155719	5.431327961619861
ENSG00000185864	5.723253708004388
ENSG00000140740	9.102238193930738
ENSG00000155714	6.615298579092115
ENSG00000185716	7.153039273303913
ENSG00000175267	8.161887682376895
ENSG00000183921	5.422569410860832
ENSG00000103319	8.230741002626909
ENSG00000058600	6.7932320263477335
ENSG00000140743	7.872798994336314
ENSG00000243716	6.217036792564098
ENSG00000122254	10.063856861677166
ENSG00000103404	7.5950350734901075
ENSG00000166828	11.046822471202978
ENSG00000168447	10.97094618315667
ENSG00000168434	7.136648583894069
ENSG00000103365	8.583536359302931
ENSG00000103356	7.221009900998828
ENSG00000103353	7.334759447862529
ENSG00000004779	9.898157561008203
ENSG00000083093	7.281616827127788
ENSG00000166847	7.290970923547367
ENSG00000166851	8.045486656359465
ENSG00000134398	8.625778264612551
ENSG00000166869	9.607420662608146
ENSG00000166501	8.623515741490548
ENSG00000006116	8.739670331009116
ENSG00000122257	7.01305965921563
ENSG00000090905	7.963535433597095
ENSG00000158865	9.058262371862472
ENSG00000140750	7.783325684813521
ENSG00000205629	9.91450989923805
ENSG00000103375	13.319062757345238
ENSG00000155592	6.359568210410508
ENSG00000182601	7.406176645468145
ENSG00000234186	10.419960177847889
ENSG00000155666	7.143638309922037
ENSG00000169189	9.106320972494915
ENSG00000077238	9.580447019598664
ENSG00000103522	6.845991171054308
ENSG00000077235	10.42648932857003
ENSG00000047578	8.472131010389042
ENSG00000169181	7.20770862144042
ENSG00000169180	10.323852510019847
ENSG00000188322	10.715969621840966
ENSG00000198156	6.00539998774259
ENSG00000205609	4.137207093136245
ENSG00000261832	1.8362396996127242
ENSG00000233232	4.676380255466924
ENSG00000188603	7.656468298262234
ENSG00000184730	8.027456747715233
ENSG00000197272	5.842476062993939
ENSG00000176046	10.830706789996825
ENSG00000176476	8.138659230532992
ENSG00000197165	6.802056208932129
ENSG00000196502	7.934870291192027
ENSG00000255524	3.3468201384935377
ENSG00000184110	5.759674584849821
ENSG00000196993	2.333206636829879
ENSG00000168488	9.04238068824028
ENSG00000178952	10.873490819070478
ENSG00000178188	7.410988248541738
ENSG00000196296	12.005806174240274
ENSG00000177548	8.288954567759346
ENSG00000177455	8.873411105133018
ENSG00000176953	7.575119306967419
ENSG00000169682	8.200653436367467
ENSG00000213658	8.571752643503546
ENSG00000254206	5.381263206363592
ENSG00000183336	5.2299723851122515
ENSG00000261740	5.203231025446539
ENSG00000181625	1.792855352362489
ENSG00000213648	2.8769588960695707
ENSG00000169203	4.33578146217737
ENSG00000197471	9.678989320737632
ENSG00000103485	10.650214519251604
ENSG00000185905	8.922458549676852
ENSG00000174992	12.16772072373226
ENSG00000079616	8.619224833831705
ENSG00000103495	8.835590057069117
ENSG00000167371	9.892694591414974
ENSG00000280893	0.29206910147177656
ENSG00000280789	10.048486873992337
ENSG00000281348	4.58149965267852
ENSG00000013364	9.676266305739594
ENSG00000103502	9.251837360175301
ENSG00000174938	10.749713646967905
ENSG00000174939	8.39420606569632
ENSG00000174943	7.105211197438269
ENSG00000149932	10.622855989402096
ENSG00000149930	7.840643300444711
ENSG00000149929	7.4684204018645515
ENSG00000169592	7.679785251827104
ENSG00000149927	7.496654082593496
ENSG00000167194	6.316507819103109
ENSG00000149926	7.177917792195843
ENSG00000149925	12.334350667488128
ENSG00000149923	10.348094388651992
ENSG00000149922	6.730170091625585
ENSG00000090238	10.395950421023974
ENSG00000102886	9.57033066315023
ENSG00000102882	9.389799811915577
ENSG00000102879	9.916435620849999
ENSG00000169627	4.925536855179917
ENSG00000132207	3.8529975876133165
ENSG00000261052	3.6971065744769747
ENSG00000198064	4.253150753148441
ENSG00000169217	8.81404160250717
ENSG00000169221	8.731198720004182
ENSG00000180209	13.526969429659431
ENSG00000180035	7.599908555720556
ENSG00000180096	8.91724942544337
ENSG00000179965	5.410504144641181
ENSG00000179958	9.834125342049463
ENSG00000179918	11.961147670324412
ENSG00000005844	9.098599408094199
ENSG00000169957	10.099110221532614
ENSG00000261459	0.991447723815625
ENSG00000169955	7.083145752320499
ENSG00000169951	6.603006060330015
ENSG00000229809	7.848511359720542
ENSG00000197162	6.804291437243647
ENSG00000156853	10.383159015491664
ENSG00000156858	8.795156133293188
ENSG00000156860	8.743952693873116
ENSG00000080603	8.088388310209957
ENSG00000156873	7.74617838097141
ENSG00000196118	6.603477988254004
ENSG00000103549	8.078788887266187
ENSG00000102870	7.35309104719748
ENSG00000099385	9.12856635890962
ENSG00000150281	9.241725417170267
ENSG00000099364	8.289743079290512
ENSG00000175938	8.31024610136333
ENSG00000099381	7.380028774973253
ENSG00000099377	9.75955534320631
ENSG00000099365	9.200653436367467
ENSG00000103496	8.49392260389626
ENSG00000167394	5.841643139065938
ENSG00000167395	6.612794794512364
ENSG00000151006	7.913487840715164
ENSG00000255439	2.26499482708787
ENSG00000167397	9.291631182900902
ENSG00000103507	8.314905570448005
ENSG00000103510	9.0039056463329
ENSG00000052344	11.064526848433102
ENSG00000178226	8.32605147578492
ENSG00000089280	9.24433473081203
ENSG00000103490	10.691656660427762
ENSG00000177238	7.940140143776395
ENSG00000169900	9.902633322871624
ENSG00000169896	8.923873351817033
ENSG00000140678	9.2635039567056
ENSG00000156886	6.858251918571566
ENSG00000156885	12.622280655215583
ENSG00000176723	4.368697774796562
ENSG00000140691	7.540709262671431
ENSG00000140682	9.835576745038752
ENSG00000140675	8.484457147314666
ENSG00000140688	7.914789053356631
ENSG00000169877	10.831557941567029
ENSG00000197302	6.48391491925401
ENSG00000185947	7.00648894032335
ENSG00000205456	4.46267433038112
ENSG00000183632	0.7290959081371045
ENSG00000205457	0.07768052728514906
ENSG00000275034	0.034962229559068365
ENSG00000261509	0.11722958209437027
ENSG00000278848	0.12669538822327445
ENSG00000259680	9.077894997797891
ENSG00000171241	7.252665432450248
ENSG00000069329	8.685013608516646
ENSG00000091651	6.49915223747808
ENSG00000140795	7.516487980909974
ENSG00000155330	5.8651278277996255
ENSG00000166123	9.769713949102268
ENSG00000069345	9.536805665303667
ENSG00000171208	8.567897705152907
ENSG00000129636	7.919520417456271
ENSG00000102893	8.096704507465112
ENSG00000140798	6.192194165283345
ENSG00000121270	9.205543893689415
ENSG00000102910	8.869094761808576
ENSG00000196470	6.659889305913436
ENSG00000102921	8.708633572120688
ENSG00000102924	10.650501335863726
ENSG00000166152	8.824958740528523
ENSG00000102935	8.528554305176023
ENSG00000205423	6.267363171895455
ENSG00000155393	7.664603794981131
ENSG00000121274	6.683500153280621
ENSG00000121281	7.716159573620659
ENSG00000166164	7.499778018947597
ENSG00000140807	9.725654158082145
ENSG00000167208	6.693565729984123
ENSG00000167207	6.7106810259841545
ENSG00000083799	7.486468620925355
ENSG00000103449	8.769789662835645
ENSG00000224578	6.584117996121701
ENSG00000103460	8.848681590476907
ENSG00000277639	10.012861187458906
ENSG00000177200	7.361906610823806
ENSG00000103479	7.789753897134803
ENSG00000166971	6.776103988073165
ENSG00000103494	5.172726298611525
ENSG00000140718	7.96589549298532
ENSG00000177508	9.423721731350057
ENSG00000176842	8.466906594775024
ENSG00000159387	7.846770825133415
ENSG00000087245	13.821220414629819
ENSG00000087253	8.369125829664606
ENSG00000256812	9.611254175713665
ENSG00000103546	8.665558789629817
ENSG00000198848	13.814746509595357
ENSG00000159398	5.644292578359408
ENSG00000087258	7.956758609423789
ENSG00000159461	9.390160078812105
ENSG00000167005	8.605174186306073
ENSG00000087263	7.039053170050093
ENSG00000125124	7.658925511492373
ENSG00000102891	12.235513909311225
ENSG00000087250	13.852062950102866
ENSG00000125148	14.165318233985019
ENSG00000169715	13.117295464766721
ENSG00000205364	12.68733205761356
ENSG00000205362	12.089245662096264
ENSG00000169688	14.562510605487063
ENSG00000198417	12.213994600484
ENSG00000125144	16.015194043174496
ENSG00000205358	13.030999763875316
ENSG00000187193	13.009882110510146
ENSG00000102900	8.58380904027491
ENSG00000070915	10.159591568512962
ENSG00000051108	10.166576024961067
ENSG00000087237	8.875809812675936
ENSG00000140853	7.894113686850665
ENSG00000140848	7.6964335997744495
ENSG00000172775	8.390637284148436
ENSG00000159579	6.984044641670684
ENSG00000102931	6.275562814455927
ENSG00000102934	7.787249608467913
ENSG00000102962	9.753519874663215
ENSG00000006210	10.4231159101471
ENSG00000102970	9.0051656113555
ENSG00000005194	8.033795001881575
ENSG00000088682	8.94264549061697
ENSG00000102978	8.563367127654045
ENSG00000125170	8.41830358041048
ENSG00000135736	7.10646499556521
ENSG00000159618	7.590147216078973
ENSG00000205336	10.78151905213132
ENSG00000182885	8.29783336841106
ENSG00000159625	7.180903709179382
ENSG00000140854	7.435610711940469
ENSG00000140859	7.846744023244868
ENSG00000070729	7.67737457854053
ENSG00000159648	6.7032673296820855
ENSG00000166188	6.818991384836819
ENSG00000103005	7.878567134193513
ENSG00000102996	9.595207021635566
ENSG00000070761	8.605128868173919
ENSG00000070770	7.956521363333119
ENSG00000103021	7.6739365005970255
ENSG00000103023	7.434628227636725
ENSG00000181938	6.33319565675293
ENSG00000103034	10.193525360501216
ENSG00000103037	7.461888664432819
ENSG00000125107	8.578363897565652
ENSG00000103042	7.227856573060497
ENSG00000125166	10.535234259128648
ENSG00000150394	5.927702454648773
ENSG00000140937	8.941516012270277
ENSG00000179776	9.28701971967815
ENSG00000166546	6.117028172266646
ENSG00000260851	1.7843237213935208
ENSG00000166548	7.075526336615534
ENSG00000217555	7.8057334208945255
ENSG00000254788	3.8789925191118884
ENSG00000089505	7.451211111832329
ENSG00000140932	11.335390354693924
ENSG00000140931	9.377935873343382
ENSG00000183723	8.430920908651336
ENSG00000135720	9.57912733766591
ENSG00000249961	5.246788093844365
ENSG00000159593	7.411828810145238
ENSG00000168748	9.133887102804458
ENSG00000172840	5.927513934897899
ENSG00000166589	12.030157787591227
ENSG00000166592	12.15402816029581
ENSG00000166595	10.424590932779
ENSG00000172831	10.923466865388027
ENSG00000172828	8.552149770312516
ENSG00000172824	8.85611423397746
ENSG00000067955	8.439061785788553
ENSG00000125149	6.467605550082998
ENSG00000237172	7.942455800616995
ENSG00000102871	8.144478544830186
ENSG00000135722	7.215290305651234
ENSG00000265690	0.3400440515362605
ENSG00000102878	9.0393468128449
ENSG00000140939	9.172357653406065
ENSG00000196123	8.968090752045256
ENSG00000179044	6.617210310224668
ENSG00000205250	8.472202042582637
ENSG00000102890	8.50611412258842
ENSG00000125122	4.966520359447158
ENSG00000168701	8.637582259274287
ENSG00000135723	8.487438112928714
ENSG00000135740	6.239741717680673
ENSG00000196155	7.282716647936827
ENSG00000168676	7.859224161978204
ENSG00000159708	6.958842675243241
ENSG00000159713	11.945555696375985
ENSG00000159714	8.548813211463889
ENSG00000176387	11.787089954880194
ENSG00000159720	8.496254610061278
ENSG00000159723	11.4964134116968
ENSG00000039523	8.102479625338336
ENSG00000102974	7.9986422259646845
ENSG00000159753	7.196077262983328
ENSG00000102977	7.22013644739608
ENSG00000102981	7.943686951597095
ENSG00000124074	8.053268572743791
ENSG00000159761	7.586464525886388
ENSG00000141098	6.519125620672778
ENSG00000141084	7.425905952850801
ENSG00000102904	7.03261795336709
ENSG00000102901	8.147713722352155
ENSG00000168286	7.946140657653208
ENSG00000102898	8.877151890585647
ENSG00000038358	7.936048963676615
ENSG00000188038	4.982765462583646
ENSG00000159792	7.558813027282958
ENSG00000141086	11.61240779313867
ENSG00000261884	4.466866562090541
ENSG00000205220	9.306050928009034
ENSG00000213398	8.38586240064146
ENSG00000124067	7.483815777264256
ENSG00000141096	10.297731789065207
ENSG00000167261	7.822729360082872
ENSG00000167264	6.400537929583729
ENSG00000263201	4.667892125230234
ENSG00000182810	7.1133662370141675
ENSG00000072736	7.884110562468616
ENSG00000103067	8.491968563030294
ENSG00000103066	7.773130409418855
ENSG00000103064	7.60733031374961
ENSG00000103061	5.096286990968587
ENSG00000132600	6.897920879054615
ENSG00000103056	8.505814814906726
ENSG00000184939	7.346148742000036
ENSG00000062038	10.603268089894126
ENSG00000039068	11.02181074661994
ENSG00000103047	6.010569005704939
ENSG00000103044	10.174931874420613
ENSG00000168802	8.362822854387485
ENSG00000141076	7.981384749744106
ENSG00000168807	7.255630082644946
ENSG00000260914	1.9677548408690104
ENSG00000132612	8.205944826302781
ENSG00000213380	6.632740917612685
ENSG00000258429	6.700439718141092
ENSG00000260371	0.3611746144481316
ENSG00000259900	4.401864235997841
ENSG00000132603	8.15701318334924
ENSG00000157315	8.530601414516834
ENSG00000132604	7.80185730732978
ENSG00000103018	9.800419246058958
ENSG00000102908	8.958707032824138
ENSG00000181019	12.384061649713566
ENSG00000141101	8.74706006571321
ENSG00000198373	8.727740802997436
ENSG00000157322	6.215955983587068
ENSG00000090857	7.232383197958546
ENSG00000157335	6.423492227695014
ENSG00000223496	7.5241220373273245
ENSG00000090861	10.80561587093112
ENSG00000157349	6.362924997420567
ENSG00000260537	1.6007377265520701
ENSG00000168872	7.186784900455479
ENSG00000157350	6.754007131768101
ENSG00000157353	6.571702485890253
ENSG00000103051	9.046432862681222
ENSG00000189091	8.880881703561755
ENSG00000157368	11.053866726127916
ENSG00000132613	9.623785558835426
ENSG00000103043	8.437905433065016
ENSG00000157423	5.667308261574173
ENSG00000180917	7.08427402910016
ENSG00000172137	12.685082708071208
ENSG00000260734	4.525101727793862
ENSG00000167377	5.920055054806967
ENSG00000261611	1.0160366435797528
ENSG00000157429	4.274243920311178
ENSG00000140835	8.216187995896771
ENSG00000198650	12.147282706063246
ENSG00000140832	6.306469976013941
ENSG00000040199	5.815078646200695
ENSG00000166747	7.567449957881073
ENSG00000224470	7.826185671426297
ENSG00000182149	8.285753653790326
ENSG00000102984	5.916715481461834
ENSG00000277481	4.613202956446547
ENSG00000102967	7.4379600883344725
ENSG00000140830	8.366858528790884
ENSG00000257017	15.238218120384634
ENSG00000261701	12.026534109118321
ENSG00000140829	8.174606015495137
ENSG00000118557	6.460578760776026
ENSG00000140836	7.456579543984324
ENSG00000103035	9.549356518938188
ENSG00000196436	8.399598369120115
ENSG00000140839	8.195562311885496
ENSG00000090863	8.156506048250593
ENSG00000168411	8.125182877182969
ENSG00000168404	9.748863714535698
ENSG00000103089	9.57459352733761
ENSG00000103091	6.381683297153551
ENSG00000186187	6.8875252707415875
ENSG00000166816	8.453929945981285
ENSG00000184517	6.286540065224845
ENSG00000168928	16.152859175414395
ENSG00000168925	15.51029075265367
ENSG00000050820	8.119165755216342
ENSG00000153774	8.802964523794437
ENSG00000261717	1.2397818388032367
ENSG00000166822	7.5731056047874805
ENSG00000183196	7.8184253436662825
ENSG00000260092	4.380888324797323
ENSG00000135702	6.698070005625755
ENSG00000205084	7.889904574816542
ENSG00000034713	9.502527995494916
ENSG00000065457	7.22988448071781
ENSG00000065427	9.682378834204181
ENSG00000166848	9.415343294861943
ENSG00000152910	8.787249608467912
ENSG00000103111	10.665141268947941
ENSG00000205078	8.837018343109966
ENSG00000140873	8.51416221324702
ENSG00000140876	6.395430448702236
ENSG00000171724	11.608829709453863
ENSG00000166509	13.422998874153949
ENSG00000186153	7.967490792356143
ENSG00000178573	8.484131164132641
ENSG00000168589	8.506208389306744
ENSG00000166446	7.789679621411417
ENSG00000103121	4.969274323362603
ENSG00000166451	8.019205384654716
ENSG00000166454	7.2568156132742745
ENSG00000166455	5.462052318796433
ENSG00000260643	5.465246332229426
ENSG00000140905	6.589939557496925
ENSG00000135697	7.372180741510898
ENSG00000261609	7.010766570631964
ENSG00000153815	8.562995804892433
ENSG00000197943	9.710320912067626
ENSG00000184860	5.157447996274298
ENSG00000086696	7.822800793387585
ENSG00000135698	8.609717389087809
ENSG00000140945	8.132571418375822
ENSG00000230989	8.31422080128386
ENSG00000103150	5.548900173193971
ENSG00000140961	9.989363858407105
ENSG00000103154	10.217416615622483
ENSG00000166558	9.5477240202689
ENSG00000140943	8.966040082156878
ENSG00000103160	7.604625028202003
ENSG00000154099	8.325080543554284
ENSG00000103168	8.157346935362844
ENSG00000140955	8.314243346748558
ENSG00000168418	5.073097304774282
ENSG00000103175	9.427312844134963
ENSG00000064270	8.14044454612345
ENSG00000140950	6.601162309147138
ENSG00000103187	10.778288144739973
ENSG00000135686	6.545586202203674
ENSG00000103194	7.693246046255363
ENSG00000103196	10.129283016944967
ENSG00000153786	8.24659478450758
ENSG00000135709	8.893908215075092
ENSG00000153789	8.79182795516449
ENSG00000131149	8.355344698393582
ENSG00000131153	8.279452887959996
ENSG00000154102	7.61462807829848
ENSG00000131148	7.04460251713909
ENSG00000131143	10.577903833317185
ENSG00000140968	9.617455489439275
ENSG00000103241	9.297198629666337
ENSG00000103248	5.431404094481385
ENSG00000176692	8.85286144415094
ENSG00000176678	9.191732777971689
ENSG00000260456	7.346956889378885
ENSG00000131152	4.6971762675145925
ENSG00000103264	10.073454247204337
ENSG00000140941	9.108545932688408
ENSG00000140948	7.684489607609409
ENSG00000154118	7.754887502163468
ENSG00000104731	5.824404267706448
ENSG00000103257	12.433606427173808
ENSG00000174990	5.191859360269315
ENSG00000172530	5.86195536414487
ENSG00000225614	7.623753234598308
ENSG00000179588	7.854784064375411
ENSG00000158545	6.595145567990858
ENSG00000124391	8.225472354915468
ENSG00000051523	10.393721618016135
ENSG00000167508	10.179909090014934
ENSG00000185669	9.179431202852392
ENSG00000158717	8.402248301775924
ENSG00000174177	7.315076751861471
ENSG00000103335	8.670194544039495
ENSG00000167513	8.079174989915082
ENSG00000198931	10.132534498190235
ENSG00000141012	7.175083348166735
ENSG00000167515	8.513744452783262
ENSG00000205022	4.714795011118162
ENSG00000129993	8.213462572618331
ENSG00000176715	6.255063661346931
ENSG00000129910	8.877578745171139
ENSG00000259803	10.248990732085447
ENSG00000170100	5.537267856260635
ENSG00000167522	7.130374997702838
ENSG00000197912	7.6117625600648715
ENSG00000167526	12.926571252332739
ENSG00000178773	8.772900689188093
ENSG00000015413	12.541241977609182
ENSG00000131165	8.991040396652197
ENSG00000167523	6.4822029262959555
ENSG00000185324	7.794415866350106
ENSG00000158792	7.21613356043956
ENSG00000075399	7.157126483887044
ENSG00000158805	6.676662334857967
ENSG00000187741	5.895022908800616
ENSG00000204991	6.597832425241219
ENSG00000141002	7.642500607160836
ENSG00000258839	7.1934998497064875
ENSG00000198211	3.663541270589456
ENSG00000258947	9.533329732305834
ENSG00000140995	7.869131119644294
ENSG00000177946	5.784765696316387
ENSG00000003249	8.297108897105426
ENSG00000141013	6.397213143145979
ENSG00000126856	7.670167940744733
ENSG00000268320	6.829311407887593
ENSG00000272636	8.907978451481684
ENSG00000181031	6.7755216418850575
ENSG00000187624	7.278914019499939
ENSG00000183688	11.502340688664916
ENSG00000141252	6.924495780761779
ENSG00000167695	8.312967314894218
ENSG00000179409	7.264911693074464
ENSG00000167699	7.709214971198983
ENSG00000171861	7.116769963474377
ENSG00000167693	8.373144472658877
ENSG00000177370	6.923444721876476
ENSG00000159842	8.667062642683103
ENSG00000205899	5.436637263643263
ENSG00000184811	9.788106155077111
ENSG00000108953	11.483828620575464
ENSG00000167193	8.435375534842594
ENSG00000197879	9.075492431646222
ENSG00000132376	7.602884408718419
ENSG00000174238	8.725941016242196
ENSG00000167703	7.814514046458555
ENSG00000074660	7.662490363913776
ENSG00000167705	7.928962440835979
ENSG00000174231	9.204342322625491
ENSG00000185561	6.755873922159202
ENSG00000167716	7.942837248654562
ENSG00000167711	12.409455807722493
ENSG00000132386	12.4896139035158
ENSG00000186532	6.284434146849796
ENSG00000132383	8.521302534167466
ENSG00000185924	7.4637388741542185
ENSG00000108963	7.331812683819207
ENSG00000177374	7.077883864438322
ENSG00000070366	6.264426133199731
ENSG00000167720	6.063183399784502
ENSG00000167721	8.2724581069636
ENSG00000141258	8.255972741999608
ENSG00000070444	6.533563348214512
ENSG00000127804	6.809885245924168
ENSG00000007168	8.338959175415203
ENSG00000132361	8.391205019461834
ENSG00000132359	8.560011918422315
ENSG00000262628	1.1505083382252694
ENSG00000184166	2.2397646710163523
ENSG00000183024	2.2955584657000405
ENSG00000172150	1.9158729778878143
ENSG00000172146	2.1776012135189236
ENSG00000221882	4.718315366588184
ENSG00000180090	3.635696486893333
ENSG00000180042	2.9896840032977345
ENSG00000180016	4.236430777250489
ENSG00000159961	6.060638469980093
ENSG00000127780	4.582647637576766
ENSG00000141255	8.3151495622563
ENSG00000108381	7.8060662260890314
ENSG00000167723	6.108733527866266
ENSG00000196689	5.844486087757799
ENSG00000262304	1.6633039348987526
ENSG00000197417	6.618127737660199
ENSG00000040531	7.723453430954015
ENSG00000213977	9.657318449581288
ENSG00000257950	3.849886191921672
ENSG00000127774	7.84924870276441
ENSG00000083454	7.851437306775614
ENSG00000083457	6.86241674272678
ENSG00000177602	5.77422655512888
ENSG00000074356	6.537376449322493
ENSG00000004660	7.872213143975773
ENSG00000108405	9.176422513042237
ENSG00000074370	10.519659188059078
ENSG00000074755	6.608100991867231
ENSG00000167740	8.048867271913172
ENSG00000185722	7.186455355471206
ENSG00000132388	7.809445697960012
ENSG00000182557	8.908304312523935
ENSG00000183018	9.777469355292931
ENSG00000132382	8.814614576644246
ENSG00000167741	8.869461814727625
ENSG00000188176	8.280306806453702
ENSG00000161905	11.084939723557179
ENSG00000141456	8.348786867488439
ENSG00000141480	8.784433027269595
ENSG00000161920	7.137134572107396
ENSG00000161921	9.992570604532581
ENSG00000141497	7.4684204018645515
ENSG00000142484	12.44621317158337
ENSG00000182853	13.160401386897183
ENSG00000182327	8.890282385731766
ENSG00000142507	9.997192317449464
ENSG00000262165	5.812839126268164
ENSG00000129219	7.766860143829545
ENSG00000141503	9.146695948030656
ENSG00000108556	7.808642467918064
ENSG00000205710	7.886317320421475
ENSG00000185245	7.773962151253045
ENSG00000108528	8.863793251135617
ENSG00000108523	9.36256554778109
ENSG00000108518	12.484462042316943
ENSG00000108515	11.747560967293428
ENSG00000091640	8.09768266199404
ENSG00000108509	8.097505455818016
ENSG00000196388	7.172415749115403
ENSG00000129250	9.594511227693413
ENSG00000132517	7.086024840438182
ENSG00000180787	5.988023356533995
ENSG00000167840	7.038918989292302
ENSG00000129204	6.207334008269564
ENSG00000180626	5.67390746857264
ENSG00000161929	7.357288513606777
ENSG00000029725	9.10225873643753
ENSG00000108559	7.27447287398188
ENSG00000129197	6.382348023049161
ENSG00000108561	10.050847115447123
ENSG00000005100	8.076974977364603
ENSG00000072849	6.92270304376504
ENSG00000167842	7.117757608056368
ENSG00000091592	8.462538186096069
ENSG00000179314	8.954510826993237
ENSG00000129221	9.813844620142325
ENSG00000129195	7.902944412669649
ENSG00000091622	7.572131751386659
ENSG00000198920	6.903142524700906
ENSG00000129235	9.388413115058583
ENSG00000108590	6.2986583155645155
ENSG00000256806	5.82327592810588
ENSG00000141485	10.335390354693924
ENSG00000132530	8.215290305651234
ENSG00000177294	7.249824548616183
ENSG00000167858	7.926685398585201
ENSG00000108839	9.540515547324931
ENSG00000219200	9.535080930223732
ENSG00000161939	3.18810290355065
ENSG00000258315	6.388189537156084
ENSG00000161940	8.368942914404952
ENSG00000174327	8.250663529856366
ENSG00000174326	8.731170916520595
ENSG00000132514	7.541416263684898
ENSG00000161944	11.059808595503796
ENSG00000141505	10.221816218302624
ENSG00000132535	8.754145433847231
ENSG00000072778	11.036860446673046
ENSG00000004975	7.835407270567252
ENSG00000040633	8.20785944885384
ENSG00000170296	9.81890167588564
ENSG00000262526	1.454494351580872
ENSG00000175826	9.422824149076277
ENSG00000262302	3.2198588833751023
ENSG00000170291	8.62935662007961
ENSG00000181885	10.686500527183219
ENSG00000181856	8.29783336841106
ENSG00000006047	11.124767535822473
ENSG00000132507	11.43074531001412
ENSG00000132522	8.547665748353422
ENSG00000261915	0.7657745516408592
ENSG00000215041	6.666756591884804
ENSG00000072818	7.848620038769655
ENSG00000213859	8.821842231122739
ENSG00000182896	6.0654430629374305
ENSG00000174292	8.63447662146473
ENSG00000187838	7.24412594328373
ENSG00000262481	1.1581225222445655
ENSG00000205544	10.184913812802053
ENSG00000169992	8.83656935061482
ENSG00000181323	8.955068644409758
ENSG00000184560	9.696967526234287
ENSG00000181284	7.487895689905189
ENSG00000161958	6.526851311573352
ENSG00000170175	7.5205830336129775
ENSG00000174282	8.500363864765465
ENSG00000259224	5.199279721336625
ENSG00000181222	9.566439364583973
ENSG00000239697	8.28123458464702
ENSG00000248871	3.200509801755391
ENSG00000161955	8.14414836650889
ENSG00000161956	7.327328082629952
ENSG00000277957	2.5311755038150765
ENSG00000161960	10.546894459887637
ENSG00000129226	10.63026712502677
ENSG00000129255	8.268392530491605
ENSG00000129194	9.412027952921795
ENSG00000129245	7.824080744069429
ENSG00000129214	8.934970693488424
ENSG00000141504	10.115252733795066
ENSG00000129244	11.789245397225857
ENSG00000141510	9.50183660220373
ENSG00000141499	6.814828566130362
ENSG00000108947	9.974970985157695
ENSG00000183914	5.566101369389855
ENSG00000132510	9.039510699003637
ENSG00000167874	8.513035464195015
ENSG00000183011	9.690791028916491
ENSG00000182224	5.364222221093532
ENSG00000170004	9.495637089833002
ENSG00000179859	8.24697805961472
ENSG00000170049	7.100816016467606
ENSG00000262730	1.390325113582366
ENSG00000170043	11.880996299271654
ENSG00000170037	9.35584966910616
ENSG00000132518	5.268926669061133
ENSG00000179593	12.272694975506916
ENSG00000179477	9.200162973999701
ENSG00000179148	8.242221395098369
ENSG00000179111	7.14829352702783
ENSG00000179094	10.288226515365206
ENSG00000263620	0.8280673410497823
ENSG00000220205	11.13708843672117
ENSG00000179029	8.279352597206927
ENSG00000196544	7.821624717555673
ENSG00000178999	8.673432701629498
ENSG00000178971	8.55699886090921
ENSG00000178921	8.603470753913584
ENSG00000125434	10.184214388111352
ENSG00000108961	8.987338444359782
ENSG00000198844	8.093813673402728
ENSG00000184650	6.175524601089875
ENSG00000184619	4.673597069168739
ENSG00000263809	2.7309778581856445
ENSG00000161970	12.11701381725548
ENSG00000189051	6.752213367865143
ENSG00000166579	8.936043886823393
ENSG00000133026	10.113219352160643
ENSG00000161973	8.386724740799167
ENSG00000183318	5.692092375427572
ENSG00000185156	7.94523983309367
ENSG00000276231	7.528225575407366
ENSG00000141506	7.415732252759357
ENSG00000065320	10.263396747962226
ENSG00000170310	7.5493630071063755
ENSG00000166596	7.6581803442449825
ENSG00000154914	6.980092393105381
ENSG00000184544	8.633721812641012
ENSG00000214978	10.590864259524574
ENSG00000065325	7.829138843808425
ENSG00000109047	10.836145877399973
ENSG00000007237	10.9757294120579
ENSG00000006788	5.381576326152504
ENSG00000133020	11.594156651260963
ENSG00000264424	9.409757941127195
ENSG00000109061	11.789989308409885
ENSG00000125414	13.514741293760052
ENSG00000109063	11.558433827817465
ENSG00000133028	7.644058431900277
ENSG00000170222	8.094514725784437
ENSG00000187824	7.967248773544204
ENSG00000263429	8.069852511125804
ENSG00000233670	8.052957635528097
ENSG00000188803	8.438815685408255
ENSG00000007174	7.05054962853147
ENSG00000154957	7.755368942315309
ENSG00000065559	7.748176010033773
ENSG00000141052	9.02353391938488
ENSG00000006740	7.069313988796666
ENSG00000006744	8.621822132790905
ENSG00000153976	8.155648549675325
ENSG00000006695	7.5777789395913056
ENSG00000223510	6.584210901308018
ENSG00000125430	8.180092049133169
ENSG00000109099	11.647985133139626
ENSG00000125409	7.309509427532249
ENSG00000239704	6.733354340613827
ENSG00000259024	2.7755433325098773
ENSG00000175106	6.728318286181279
ENSG00000241322	4.4561490346479955
ENSG00000251537	2.7820219217536963
ENSG00000221926	8.303450492967624
ENSG00000187607	6.4033604550157035
ENSG00000255104	1.5806675807053763
ENSG00000214946	5.8165997065349115
ENSG00000170425	7.709046347202968
ENSG00000214941	8.945821955119323
ENSG00000011295	9.12370431344713
ENSG00000141027	8.180719821081615
ENSG00000108474	6.468037941985109
ENSG00000166582	9.614067759064385
ENSG00000170315	12.21057890227742
ENSG00000187688	10.44976703855511
ENSG00000181350	7.564142097759161
ENSG00000141040	6.074220804462305
ENSG00000197566	5.325018789933829
ENSG00000170160	4.7335776071979545
ENSG00000266302	2.946922036149569
ENSG00000240505	6.425791995431394
ENSG00000133030	8.783278627492232
ENSG00000179598	7.185079980344197
ENSG00000264187	2.0066460512022224
ENSG00000154803	8.539158811108031
ENSG00000141030	9.684583956566287
ENSG00000205309	10.007741753013594
ENSG00000141026	7.026959978397244
ENSG00000108551	11.77534894597638
ENSG00000133027	9.840904267924099
ENSG00000108557	8.401671755063699
ENSG00000072310	10.84679759005326
ENSG00000175662	8.978300684023903
ENSG00000171962	7.47968624542875
ENSG00000171953	6.349510439569622
ENSG00000141034	7.646629186288359
ENSG00000108591	6.900079334410655
ENSG00000091536	6.918008292285362
ENSG00000091542	11.193133964117157
ENSG00000131899	8.381455186807147
ENSG00000177731	11.01494824737166
ENSG00000177427	7.9141984868770585
ENSG00000177302	8.079200790518682
ENSG00000176994	7.67100891421636
ENSG00000176974	9.225940323072068
ENSG00000214860	5.331633567171029
ENSG00000171916	6.869791307070797
ENSG00000189375	6.204766750654613
ENSG00000240445	5.6433277546157345
ENSG00000108448	8.898343788152799
ENSG00000171931	5.24412594328373
ENSG00000171928	7.177697309617264
ENSG00000141127	8.280750043801469
ENSG00000154025	7.820896115343054
ENSG00000188522	8.20163386116965
ENSG00000154016	4.823766684694374
ENSG00000189152	1.6012723661840682
ENSG00000072134	9.049560535566329
ENSG00000108641	6.953076224943837
ENSG00000166484	8.49317870628657
ENSG00000166482	13.329696281113883
ENSG00000128482	8.926295994781112
ENSG00000142494	9.730503766103256
ENSG00000072210	10.121801943007437
ENSG00000180638	9.498592280818352
ENSG00000108602	13.042391894939836
ENSG00000083290	7.584287690932107
ENSG00000108599	8.235623271063542
ENSG00000128487	8.540162359079005
ENSG00000170298	8.260405439460754
ENSG00000214819	5.726286289720674
ENSG00000205212	6.461992776505445
ENSG00000124422	11.389197513364532
ENSG00000109016	8.387707565714127
ENSG00000178307	9.597839912572264
ENSG00000274180	7.91022270190465
ENSG00000034152	9.013245036373023
ENSG00000184185	7.236492618381302
ENSG00000260458	7.522404113820864
ENSG00000256618	11.363126729331494
ENSG00000109046	9.928701385498938
ENSG00000141068	8.567956075415466
ENSG00000266728	2.615759186611065
ENSG00000168961	8.995510752537589
ENSG00000007171	11.37532790749891
ENSG00000266202	2.7369613912090327
ENSG00000232859	6.9576824861651225
ENSG00000087095	8.188198158820581
ENSG00000109084	11.638866713955508
ENSG00000109083	8.04270439370919
ENSG00000109079	9.282749527969873
ENSG00000004142	10.863304122286214
ENSG00000244045	6.6211333050516785
ENSG00000274529	3.2864693970061816
ENSG00000273171	3.275553009546464
ENSG00000004139	5.626534258219624
ENSG00000109072	14.216291173091763
ENSG00000076351	7.827583279224932
ENSG00000258472	7.01205342359301
ENSG00000007216	9.124855172292948
ENSG00000109101	9.13568268156631
ENSG00000109103	8.84928708909531
ENSG00000087111	9.416484772139258
ENSG00000109107	12.100785943329113
ENSG00000076382	9.784208718678986
ENSG00000167524	6.746850183098051
ENSG00000007202	9.698787022486933
ENSG00000132581	8.680637269390438
ENSG00000109111	9.191192172094263
ENSG00000167525	8.98071082890019
ENSG00000109113	10.248578118490176
ENSG00000198242	13.596789605244469
ENSG00000160606	8.88636692728917
ENSG00000160602	8.395882016597799
ENSG00000076604	10.885853656028582
ENSG00000173065	8.440386348927394
ENSG00000132591	9.818301534695992
ENSG00000132589	10.770101448074252
ENSG00000167536	8.029443947596645
ENSG00000109118	7.869887732000032
ENSG00000179761	9.64716240562409
ENSG00000063015	9.283964637857165
ENSG00000196535	8.434210655683804
ENSG00000221995	6.149642053604
ENSG00000108255	5.946214226364454
ENSG00000108256	9.33637052777314
ENSG00000160551	8.663268591443485
ENSG00000168792	8.814405523554395
ENSG00000167543	8.709655491531436
ENSG00000108262	9.369828688311157
ENSG00000198720	8.02755993200935
ENSG00000167549	11.527965641133955
ENSG00000141298	7.533543999271168
ENSG00000176927	5.021035479511363
ENSG00000126653	8.801810620672413
ENSG00000108576	9.12902536982563
ENSG00000108578	10.44190670454224
ENSG00000182271	9.813949454349654
ENSG00000108582	10.51076278882486
ENSG00000108587	6.795040597347258
ENSG00000176390	7.500846494655819
ENSG00000176208	6.942615452847132
ENSG00000172171	6.130067867711947
ENSG00000184060	7.899423739455889
ENSG00000181481	7.65111743573713
ENSG00000196712	7.47684733134302
ENSG00000126861	9.446854355679069
ENSG00000185862	10.641670504208742
ENSG00000265118	4.4773062353419055
ENSG00000126860	9.182146019633214
ENSG00000131242	7.490249210627085
ENSG00000172301	9.947730450270326
ENSG00000108651	8.299177302590282
ENSG00000178691	8.7206439517726
ENSG00000185158	6.307543057609214
ENSG00000126858	8.551086992413202
ENSG00000141314	8.418109220127183
ENSG00000108666	7.019036662329371
ENSG00000010244	8.512380325314606
ENSG00000108671	9.659878998281023
ENSG00000176749	8.703680467515921
ENSG00000176658	9.478186565870294
ENSG00000006042	9.155095462922144
ENSG00000141316	8.513727595952437
ENSG00000108684	6.465220759008321
ENSG00000108691	12.083146870816742
ENSG00000108688	11.196916640894223
ENSG00000172156	10.188588845707349
ENSG00000108700	9.459030952785568
ENSG00000181374	10.209607686263201
ENSG00000108702	8.420952254878854
ENSG00000181291	8.447493171709171
ENSG00000132141	8.932805294359312
ENSG00000198783	7.753738501947325
ENSG00000005156	6.870199786712978
ENSG00000092871	7.03342300153745
ENSG00000267618	0.33577897456228617
ENSG00000185379	5.170201018651969
ENSG00000073598	9.000845081567201
ENSG00000073536	6.96296687268971
ENSG00000141161	8.787321010074457
ENSG00000164729	6.104586225381116
ENSG00000166750	8.964959229049622
ENSG00000172716	7.481486580155113
ENSG00000172123	6.250065599079626
ENSG00000154760	7.7807671175021
ENSG00000205045	5.850332933476561
ENSG00000236320	5.141438511866487
ENSG00000108733	6.637307355927304
ENSG00000006125	10.197888419426713
ENSG00000270647	8.774457639565288
ENSG00000270885	8.21062294165685
ENSG00000270765	7.895867880344152
ENSG00000271447	9.909820496579352
ENSG00000270806	8.766860143829545
ENSG00000270379	6.017921907997263
ENSG00000271503	12.811876012440134
ENSG00000278023	5.703331679550228
ENSG00000275722	7.697662633470518
ENSG00000275152	9.645187070352458
ENSG00000276409	8.95361446119936
ENSG00000275688	5.02104304080818
ENSG00000275718	7.518341502308702
ENSG00000274736	9.058795352838734
ENSG00000275385	12.938290586688893
ENSG00000277632	10.269126679149418
ENSG00000275302	10.410451351503994
ENSG00000274808	5.178857593645473
ENSG00000276085	8.999718196104018
ENSG00000276070	10.025829529872272
ENSG00000274933	3.458513247734988
ENSG00000260287	1.0704236277187746
ENSG00000274226	1.3967075213839757
ENSG00000275954	3.553550815266515
ENSG00000273611	8.163632155683151
ENSG00000278259	7.57364200525135
ENSG00000277161	8.950806662129853
ENSG00000278311	7.333316781124237
ENSG00000278535	8.363190388173937
ENSG00000278619	7.428415662401234
ENSG00000273706	8.388751025323119
ENSG00000275700	11.345499108115808
ENSG00000278540	9.280352558716935
ENSG00000278505	8.327832593818759
ENSG00000276234	7.891999475327078
ENSG00000276023	9.66027343134396
ENSG00000275066	6.735230004489311
ENSG00000278053	8.283541322124433
ENSG00000275410	9.03985501023012
ENSG00000273513	2.32717509341462
ENSG00000274512	6.604071323668861
ENSG00000274419	5.092437930900114
ENSG00000278299	1.7684725316775363
ENSG00000278599	3.7676547982373463
ENSG00000274611	1.429357439832426
ENSG00000278845	10.531193826535997
ENSG00000277399	5.479383872661757
ENSG00000274211	8.626909492756988
ENSG00000275832	9.38881464605483
ENSG00000277363	8.929183421442506
ENSG00000273604	9.649764879682717
ENSG00000275023	9.460086671098603
ENSG00000277972	10.259953501739282
ENSG00000277258	10.460039482105937
ENSG00000277791	12.774689209913955
ENSG00000276293	9.999526962922884
ENSG00000273559	8.403067088753396
ENSG00000275489	6.537140729804997
ENSG00000125691	12.962882855373723
ENSG00000002834	11.827103280601744
ENSG00000263874	6.830151275377268
ENSG00000204952	5.372208356861275
ENSG00000161381	9.155558472217201
ENSG00000141748	4.922495386595717
ENSG00000067191	7.742184861777455
ENSG00000108298	16.06285749232338
ENSG00000141750	11.948724505749958
ENSG00000108306	8.146938023859862
ENSG00000125686	9.97206982853945
ENSG00000167258	9.569465368276326
ENSG00000171532	8.635841248417776
ENSG00000131771	13.520918498390566
ENSG00000131748	11.88582212749477
ENSG00000173991	12.374496145691516
ENSG00000141744	14.834545962669035
ENSG00000161395	12.258667378892515
ENSG00000141736	13.16384658625815
ENSG00000141741	13.03132404516643
ENSG00000141738	11.914204062556045
ENSG00000161405	9.016480329384038
ENSG00000186075	8.493054841539427
ENSG00000073605	10.908456426439171
ENSG00000172057	12.00095262684397
ENSG00000204913	4.897041798781853
ENSG00000167914	8.780047576061868
ENSG00000108344	11.998321498678985
ENSG00000108342	13.213408040858337
ENSG00000008838	10.906492384704487
ENSG00000126351	9.281890564235633
ENSG00000126368	11.738514532429267
ENSG00000188895	10.218661688033164
ENSG00000108349	10.396507567293193
ENSG00000108352	9.9163333150039
ENSG00000171475	10.967620007526786
ENSG00000094804	10.807909815077869
ENSG00000131759	11.22332486307903
ENSG00000183153	5.979125445745077
ENSG00000131747	11.280974374049432
ENSG00000141753	13.33222142055559
ENSG00000131746	11.855631841957631
ENSG00000126353	10.08126479749944
ENSG00000073584	8.666565098499854
ENSG00000264058	0.5619209420128977
ENSG00000213424	6.573988090965133
ENSG00000167916	12.276706019892432
ENSG00000204897	12.900112062977456
ENSG00000186393	9.375473912615346
ENSG00000171446	12.2428763671664
ENSG00000173908	9.663380202368488
ENSG00000186395	16.034046646485947
ENSG00000187242	10.249647892490085
ENSG00000171431	13.39013309685218
ENSG00000108244	11.537577541350997
ENSG00000196859	9.004782263459598
ENSG00000204889	10.822409363860316
ENSG00000212899	13.043198208900225
ENSG00000212900	12.808562029957525
ENSG00000212901	13.665224868034455
ENSG00000221852	12.912515144802397
ENSG00000204887	6.954628245607508
ENSG00000221880	12.578136783414749
ENSG00000188581	12.240493223876799
ENSG00000212725	9.746010381548702
ENSG00000214518	10.843921051289035
ENSG00000212724	10.002815015607053
ENSG00000213417	11.26502894245816
ENSG00000240871	12.348174867535556
ENSG00000204880	10.916625922211235
ENSG00000241241	3.7478698825073957
ENSG00000212722	12.020979938904212
ENSG00000212721	9.31944632940715
ENSG00000213416	11.3009244909763
ENSG00000198090	11.809768128710413
ENSG00000198271	9.786759701267249
ENSG00000171396	10.619302955415687
ENSG00000196156	10.381542951184585
ENSG00000244537	10.881113960675096
ENSG00000198443	10.568906154502084
ENSG00000240542	4.645009884391095
ENSG00000239886	8.153805336079035
ENSG00000204873	11.594324603924848
ENSG00000187272	9.09037711006791
ENSG00000241595	11.279030136449649
ENSG00000198083	11.068778277985412
ENSG00000212659	8.548051238012599
ENSG00000180386	9.871289227811703
ENSG00000212658	8.423326047069894
ENSG00000212657	11.29117069932186
ENSG00000186860	11.303780748177102
ENSG00000006059	12.173989374166535
ENSG00000131738	12.676177476832603
ENSG00000131737	11.78135971352466
ENSG00000094796	14.189284064598429
ENSG00000108417	9.975847968006784
ENSG00000171360	10.67595703294175
ENSG00000108759	10.57553924683453
ENSG00000197079	12.283377789285558
ENSG00000126337	12.157256953253505
ENSG00000171401	16.171743660417572
ENSG00000171346	12.82594217829404
ENSG00000171345	14.309424435139194
ENSG00000171403	12.469054631447747
ENSG00000186847	16.102995310945673
ENSG00000186832	16.436914318018285
ENSG00000128422	15.455848105046162
ENSG00000173812	13.103712159284026
ENSG00000184502	16.6975271245395
ENSG00000173805	8.95845130529842
ENSG00000173801	14.75073827040373
ENSG00000141696	11.146880297975027
ENSG00000141756	12.294168584834791
ENSG00000141698	9.516531231300965
ENSG00000161594	7.983563697223322
ENSG00000178502	8.030102140379006
ENSG00000131473	12.78164378429937
ENSG00000204815	8.294194324666023
ENSG00000173786	11.745684356502196
ENSG00000168259	7.5016268585250465
ENSG00000168256	7.443571579925765
ENSG00000187595	6.593066987358245
ENSG00000267221	5.150329668601552
ENSG00000108771	8.588352003576613
ENSG00000108773	10.253847484987404
ENSG00000267261	0.6298448120149311
ENSG00000260325	6.880195728943098
ENSG00000108774	10.241245078284889
ENSG00000089558	5.246408087246385
ENSG00000161610	12.570330101030798
ENSG00000167925	7.8583274862346295
ENSG00000173757	8.178447881159048
ENSG00000126561	8.713871417508598
ENSG00000168610	9.534737408082783
ENSG00000177469	11.307602421240677
ENSG00000033627	8.331364850495453
ENSG00000108784	8.918293735452728
ENSG00000108786	8.07708661672665
ENSG00000068120	9.384345522520977
ENSG00000108788	8.37940091226894
ENSG00000131470	6.961696408452267
ENSG00000141699	8.405138272658146
ENSG00000131462	9.512345420347337
ENSG00000037042	9.422275056245466
ENSG00000068137	8.455738185993393
ENSG00000184451	6.418305719042996
ENSG00000108797	8.219652565103807
ENSG00000108799	8.566054038171092
ENSG00000131477	10.298062567719017
ENSG00000131475	8.596023143122995
ENSG00000126562	8.459494946948785
ENSG00000183978	9.27269262721133
ENSG00000176563	6.421386579368052
ENSG00000126581	7.177876689635901
ENSG00000131467	9.077955825318638
ENSG00000131480	6.5878670691259185
ENSG00000131471	10.552640556100325
ENSG00000131482	12.577628465986955
ENSG00000266967	8.371558862611963
ENSG00000108825	3.135802333542566
ENSG00000267060	5.83541884047548
ENSG00000198863	8.792431207555826
ENSG00000131469	13.429766354498804
ENSG00000068079	9.735312297469351
ENSG00000108828	11.831146878236027
ENSG00000108830	10.063041335776653
ENSG00000012048	6.43124571258742
ENSG00000188554	8.749650517987618
ENSG00000184988	7.8347462624721596
ENSG00000236383	7.041421757222668
ENSG00000175906	9.452075021868998
ENSG00000067596	6.978428307346553
ENSG00000175832	12.126768309199534
ENSG00000005102	10.027544558294442
ENSG00000167941	10.226565475712258
ENSG00000108861	8.721865888266414
ENSG00000231256	6.710117632043446
ENSG00000161647	7.272396509037485
ENSG00000161649	8.586464525886388
ENSG00000108852	6.905721023534454
ENSG00000108849	17.00620298423372
ENSG00000131096	13.466208650285413
ENSG00000161653	8.243952168536916
ENSG00000091947	10.440615209574123
ENSG00000161654	6.183638461354556
ENSG00000141349	8.706062663183655
ENSG00000108840	7.539860228889036
ENSG00000125319	6.8368852467421
ENSG00000161664	5.943187196253834
ENSG00000168591	7.498503472340579
ENSG00000087152	8.107998897373912
ENSG00000108312	8.20257228069676
ENSG00000004939	10.76371221375235
ENSG00000108309	9.312882955284355
ENSG00000013306	9.64646758748853
ENSG00000030582	12.169876345605866
ENSG00000161682	8.965185721796024
ENSG00000005961	9.97216958327595
ENSG00000186566	7.71699089440494
ENSG00000180340	9.689545908916646
ENSG00000180336	5.499527024215096
ENSG00000180329	7.3656276275494275
ENSG00000161692	6.016139702655253
ENSG00000073670	8.69522829149575
ENSG00000182963	7.26974006698848
ENSG00000131097	8.316055208890491
ENSG00000108883	7.715981655345669
ENSG00000167131	2.3682095980992726
ENSG00000131095	15.963658459895564
ENSG00000186185	7.425982805892293
ENSG00000131094	12.39326478998971
ENSG00000172992	8.453130989578632
ENSG00000136448	8.030608714739898
ENSG00000161714	8.845906666102508
ENSG00000181513	6.943650436592942
ENSG00000186834	9.667288984427
ENSG00000168517	5.494415610397496
ENSG00000184922	9.297739730944807
ENSG00000184361	7.233619676759702
ENSG00000006062	7.901385579538875
ENSG00000159314	8.532550739284268
ENSG00000225190	7.207502459258789
ENSG00000263715	3.011154500982251
ENSG00000120088	6.993221467368938
ENSG00000185294	7.762880292916999
ENSG00000186868	8.59648735281104
ENSG00000256762	7.059330032970246
ENSG00000120071	7.2792198889190445
ENSG00000228696	4.111679186288962
ENSG00000176681	4.87528859822269
ENSG00000238083	5.58766502110098
ENSG00000185829	4.328561923585256
ENSG00000073969	9.043459974099962
ENSG00000108379	8.837226030694858
ENSG00000158955	5.932724478411764
ENSG00000108433	6.55596204533087
ENSG00000262633	0.3452716537345694
ENSG00000179673	7.073606040574941
ENSG00000004897	7.813156041695421
ENSG00000198336	12.913637428049103
ENSG00000259207	8.873647206521916
ENSG00000259753	0.4988272362815206
ENSG00000178852	7.322075359593194
ENSG00000141279	8.55808472288664
ENSG00000108424	8.915399793626035
ENSG00000198933	7.972187505813689
ENSG00000073861	7.447632579124881
ENSG00000006025	7.4212232992251375
ENSG00000159111	9.648054113842882
ENSG00000141294	9.03216986225581
ENSG00000141295	8.547795681287486
ENSG00000189120	9.277244413488074
ENSG00000167182	8.475497621796443
ENSG00000108439	9.605913285296912
ENSG00000167183	11.847068469589152
ENSG00000108465	9.269360484358728
ENSG00000005243	8.950686205830236
ENSG00000082641	10.774621433378952
ENSG00000108468	10.970640487597606
ENSG00000002919	8.227597449792157
ENSG00000141293	9.687107361869645
ENSG00000120094	6.331453852264682
ENSG00000173917	10.367751000516888
ENSG00000120093	8.706024683109352
ENSG00000182742	7.643997939276214
ENSG00000120075	9.578451042330302
ENSG00000108511	8.929312518667873
ENSG00000260027	8.962468553522651
ENSG00000120068	9.999008780945392
ENSG00000170689	10.288089373520455
ENSG00000159182	12.246923682892609
ENSG00000229637	8.498962881556796
ENSG00000159184	10.682796714324706
ENSG00000170703	6.561020577829269
ENSG00000136436	9.790114446559103
ENSG00000159199	10.413758007879343
ENSG00000159202	10.253972142212714
ENSG00000159210	8.918576926590854
ENSG00000159224	10.526925021878112
ENSG00000159217	7.867226674926929
ENSG00000167080	9.144904548867853
ENSG00000167083	6.266184409325023
ENSG00000108798	8.18697553597455
ENSG00000173868	8.700092874758994
ENSG00000198740	9.917012089130326
ENSG00000167085	10.514435943712988
ENSG00000064300	11.821822333952225
ENSG00000182575	7.300123724569014
ENSG00000121067	8.503000054582342
ENSG00000121073	9.056042768908682
ENSG00000121104	9.126915641073724
ENSG00000136504	8.131266547098333
ENSG00000176358	8.689271009269367
ENSG00000108813	7.19889472059056
ENSG00000064195	8.935754385821404
ENSG00000005884	11.191695161296096
ENSG00000005882	8.19574129324645
ENSG00000167100	7.785942819392251
ENSG00000108819	9.440843412390564
ENSG00000108823	9.126079951064137
ENSG00000108821	16.43965770356942
ENSG00000167105	7.235267421063117
ENSG00000015532	8.265849421440848
ENSG00000108826	8.792949002927196
ENSG00000154920	7.089462139818831
ENSG00000108829	10.501386761648059
ENSG00000167107	9.477375854529713
ENSG00000136457	12.432790109874745
ENSG00000136444	8.785257465305815
ENSG00000136449	7.945443836377912
ENSG00000049283	9.539186921621868
ENSG00000006282	9.059885201100954
ENSG00000006283	8.137901173509695
ENSG00000108846	9.23248737837095
ENSG00000154945	8.92837032301897
ENSG00000108848	9.733354340613827
ENSG00000167117	6.286891880345036
ENSG00000173714	10.207014320177532
ENSG00000141232	12.204438284256378
ENSG00000008294	8.843609560639749
ENSG00000239672	10.834731611327461
ENSG00000011052	7.128709550082602
ENSG00000243678	11.006055685727498
ENSG00000011258	7.938607675172983
ENSG00000011260	9.904484532360328
ENSG00000154975	7.933429654013527
ENSG00000141200	8.7790626892054
ENSG00000141198	8.337009426426333
ENSG00000166260	8.376500640105652
ENSG00000166263	5.552179013631219
ENSG00000108924	8.74804737450193
ENSG00000108960	9.010653228552489
ENSG00000261873	4.39780296186249
ENSG00000166292	10.84313591111135
ENSG00000141179	9.88486217763444
ENSG00000153930	8.779971955192677
ENSG00000183691	8.754285859905437
ENSG00000214226	6.239294639165861
ENSG00000153933	6.865528131002458
ENSG00000121060	7.96116025813664
ENSG00000121058	8.061236165747747
ENSG00000121064	11.058220252442672
ENSG00000121057	9.260528171685284
ENSG00000153944	8.21704872252315
ENSG00000166329	7.037821465434967
ENSG00000181610	7.75647027402903
ENSG00000180891	8.667395266305634
ENSG00000136451	8.54795300270762
ENSG00000266086	1.9429329878686359
ENSG00000136450	9.216677410509433
ENSG00000264364	8.909108027911044
ENSG00000141194	3.182551738558038
ENSG00000255713	2.667637333484621
ENSG00000121053	8.13351895709947
ENSG00000011143	6.419218620571664
ENSG00000167419	9.879543501810423
ENSG00000005381	15.32186557937442
ENSG00000005379	9.204180165074439
ENSG00000213246	10.373368676645962
ENSG00000108375	9.800645787534057
ENSG00000176160	7.123086750981061
ENSG00000108389	8.275009086676132
ENSG00000108387	11.122180901259753
ENSG00000121101	9.55026013762423
ENSG00000266826	5.6061460780657235
ENSG00000108384	6.62191600851765
ENSG00000175175	7.650806324626128
ENSG00000108395	9.062993457217306
ENSG00000182628	8.973630515846711
ENSG00000068489	11.492608665752016
ENSG00000265303	0.5308983020076344
ENSG00000167447	8.840165697758158
ENSG00000153982	7.46039906975351
ENSG00000175155	8.27077555862735
ENSG00000108406	9.587769666827421
ENSG00000141367	12.335676261249263
ENSG00000141378	8.754697335210118
ENSG00000062716	11.451030437843835
ENSG00000108423	8.540746404530209
ENSG00000108443	9.522213881619193
ENSG00000267318	1.7439524305246812
ENSG00000189050	8.147189490262615
ENSG00000068097	9.093422356238559
ENSG00000167434	12.1793967484403
ENSG00000170832	9.400757635718481
ENSG00000141371	8.98185265328974
ENSG00000062725	8.34563780038232
ENSG00000170836	7.634072732381632
ENSG00000141376	7.208654254863724
ENSG00000121068	9.812177305514448
ENSG00000121075	7.656067273725599
ENSG00000253506	8.349612971824522
ENSG00000136492	6.170782958107383
ENSG00000108506	6.559929793919491
ENSG00000108510	8.316850275996956
ENSG00000172421	6.302563775018064
ENSG00000087995	7.26351387480247
ENSG00000146872	6.615870502727676
ENSG00000011028	11.115231068394083
ENSG00000173838	7.765534746362977
ENSG00000170921	8.133499080923658
ENSG00000008283	12.571999792572324
ENSG00000159640	9.76561024680055
ENSG00000264813	6.1897300790593714
ENSG00000173826	10.478679022722833
ENSG00000136485	9.105030237198534
ENSG00000136463	8.416432274278861
ENSG00000198909	7.808215387959734
ENSG00000266173	6.354028938054387
ENSG00000136490	8.961461507837246
ENSG00000125695	0.5141099404868461
ENSG00000108588	10.175340412814919
ENSG00000198231	8.540544362418366
ENSG00000108592	9.062013658775426
ENSG00000087191	10.275639812594614
ENSG00000108604	11.147403020614918
ENSG00000213218	6.719266344980142
ENSG00000136487	7.18685706717715
ENSG00000136488	8.767830840627422
ENSG00000204414	3.599668350699665
ENSG00000259384	14.300710043552511
ENSG00000007312	10.372477303708195
ENSG00000007314	7.584962500721156
ENSG00000224383	8.147204924942228
ENSG00000108622	8.728367712718764
ENSG00000178607	8.167418145831737
ENSG00000136478	8.720989153740879
ENSG00000261371	10.595920896401939
ENSG00000271605	8.019797088716153
ENSG00000256525	7.485274796818788
ENSG00000108654	10.675054168461237
ENSG00000258890	7.093409976128971
ENSG00000108854	7.470532895537497
ENSG00000176809	6.247874635480324
ENSG00000120063	8.828311451710853
ENSG00000108370	7.51915298355626
ENSG00000168646	9.322287545093568
ENSG00000266076	2.0559955592665293
ENSG00000154240	7.376435177903181
ENSG00000091583	14.856466230567746
ENSG00000154229	8.20766547693411
ENSG00000075429	7.326464234834404
ENSG00000075461	11.140366518156826
ENSG00000108878	8.873713964670086
ENSG00000198265	7.741274005336949
ENSG00000197170	9.052804118702294
ENSG00000154217	7.879879949256164
ENSG00000130935	9.000941891487592
ENSG00000171634	8.828338227788887
ENSG00000186665	10.002171843579072
ENSG00000182481	10.714157455395133
ENSG00000196704	9.23412579735573
ENSG00000141337	7.118876072059101
ENSG00000108932	9.911948175739003
ENSG00000070540	9.84587399426313
ENSG00000108946	10.087061105972253
ENSG00000108950	8.25468595988945
ENSG00000141338	8.558336125364177
ENSG00000154258	8.66498052981033
ENSG00000154262	7.5530532527664125
ENSG00000154263	7.159871336778389
ENSG00000154265	7.06177619758669
ENSG00000108984	8.54393645291728
ENSG00000153822	10.022907996211991
ENSG00000123700	8.157680097095948
ENSG00000125398	10.810453113147092
ENSG00000133195	9.016351023567282
ENSG00000180616	8.953534434736325
ENSG00000166685	7.543829823695119
ENSG00000133193	8.005624549193879
ENSG00000141219	7.129653524574354
ENSG00000187959	6.162427484506976
ENSG00000179604	10.513198550857986
ENSG00000069188	7.4023226325198745
ENSG00000172809	12.041659151637214
ENSG00000141540	8.846715124194185
ENSG00000171595	7.434666717008467
ENSG00000196169	8.232620901152563
ENSG00000204347	9.672565838980896
ENSG00000257008	7.022882446541856
ENSG00000170412	8.906114420555417
ENSG00000167851	8.088969568739541
ENSG00000178789	7.682883411872926
ENSG00000167850	7.910485310719679
ENSG00000204345	5.05853582692993
ENSG00000186407	9.360749711172007
ENSG00000172794	8.266192470438959
ENSG00000186074	7.943176260871331
ENSG00000109062	12.241896937713362
ENSG00000109065	7.4822029262959555
ENSG00000109066	8.321807398573752
ENSG00000161509	8.684397983637572
ENSG00000161513	10.62192094816459
ENSG00000172782	7.416709523010632
ENSG00000182040	6.120228353822296
ENSG00000183034	8.181034221711803
ENSG00000182938	8.37236439557342
ENSG00000167861	9.623162799838122
ENSG00000109089	10.20078700106545
ENSG00000167862	9.079189748793743
ENSG00000180901	8.614709844115207
ENSG00000167863	10.325305455089682
ENSG00000170190	9.10790707782443
ENSG00000125449	7.2472939296357906
ENSG00000125458	8.73723672201957
ENSG00000189159	10.419166798075734
ENSG00000188612	10.429934121537565
ENSG00000125450	7.859187034638282
ENSG00000125447	7.988116584760143
ENSG00000125445	8.97613937332582
ENSG00000125457	7.705713824051779
ENSG00000125454	7.0895828931247085
ENSG00000177885	11.577384346378834
ENSG00000177728	9.206014312269057
ENSG00000177303	8.807032855968336
ENSG00000182173	7.904152936850552
ENSG00000073350	8.971648262006653
ENSG00000266714	8.933105189832363
ENSG00000108469	7.244038251897189
ENSG00000204323	6.674259018509171
ENSG00000259120	9.12468865304656
ENSG00000161526	8.41071241635268
ENSG00000132470	11.110737553687626
ENSG00000108479	9.080891526130355
ENSG00000132475	12.334355855154568
ENSG00000132478	7.9454762320785015
ENSG00000092929	8.219663588563293
ENSG00000132471	10.116426065935803
ENSG00000132481	9.964370051259012
ENSG00000141569	8.01231997549065
ENSG00000204316	7.068240861312821
ENSG00000267426	1.7789124873998567
ENSG00000188878	6.832890014164741
ENSG00000161533	10.451377745772476
ENSG00000261408	4.141857154211727
ENSG00000257949	6.811214117513239
ENSG00000250506	6.862947248020921
ENSG00000167880	9.919177020666563
ENSG00000167881	9.181995629069005
ENSG00000186919	7.6593878832532525
ENSG00000182687	7.488096623284724
ENSG00000182473	7.87686456007857
ENSG00000129654	10.7889650138149
ENSG00000141576	8.857752111333575
ENSG00000185262	10.57519497489661
ENSG00000129646	6.690628756662556
ENSG00000161542	7.259177092505305
ENSG00000176170	9.020856046106461
ENSG00000175931	7.296176596319125
ENSG00000129673	4.799052442897894
ENSG00000129667	7.73401974769012
ENSG00000161544	11.275289128919079
ENSG00000214140	6.524404573620593
ENSG00000070731	8.71161138429107
ENSG00000070526	10.596204779236531
ENSG00000182534	8.53527070887588
ENSG00000070495	7.463524373271181
ENSG00000181038	7.976859192246528
ENSG00000267168	0.8061971265194179
ENSG00000161547	9.871135184243045
ENSG00000092931	6.415614783526545
ENSG00000167889	7.525697700283298
ENSG00000129657	8.178415874383042
ENSG00000184640	9.663322384690769
ENSG00000078687	7.454325202319081
ENSG00000141524	7.952450058359001
ENSG00000167895	8.96099761067185
ENSG00000187997	5.250966944759905
ENSG00000108639	11.478336508032115
ENSG00000167900	11.279391864455137
ENSG00000183077	9.084335803816886
ENSG00000089685	9.968166893451654
ENSG00000204278	7.661065479806948
ENSG00000184557	11.79968636133125
ENSG00000087157	7.391458420049668
ENSG00000187775	6.930536517291525
ENSG00000108669	7.787902559391432
ENSG00000055483	8.700439718141093
ENSG00000035862	11.995293197859528
ENSG00000178404	7.890568290306586
ENSG00000108679	13.703614054794398
ENSG00000171302	10.421564256564627
ENSG00000173918	10.26606811332534
ENSG00000167280	8.993221467368938
ENSG00000167281	8.56947590177766
ENSG00000182156	9.272972193234576
ENSG00000173894	8.109301908542886
ENSG00000141570	6.717130649752927
ENSG00000141582	9.113208482114656
ENSG00000167291	10.02902484566872
ENSG00000141519	6.7865963618908065
ENSG00000171298	10.030558238513546
ENSG00000141543	10.081260075957095
ENSG00000141527	6.07189135305663
ENSG00000181523	7.751368644297821
ENSG00000181045	7.598098015391643
ENSG00000173821	9.661809317564359
ENSG00000173818	5.71672459957492
ENSG00000171246	11.07578037876805
ENSG00000141564	7.305902338602011
ENSG00000176108	7.870911714146641
ENSG00000175866	8.458603025695206
ENSG00000181409	9.086932341137398
ENSG00000225180	5.444713800005025
ENSG00000141577	7.532416608415456
ENSG00000167302	6.570159301636119
ENSG00000224877	9.106103786946429
ENSG00000157637	8.537519060182582
ENSG00000266074	8.443058211240736
ENSG00000184009	14.445219435489848
ENSG00000186765	5.811355245935442
ENSG00000185504	7.6995203575001305
ENSG00000182446	8.211289110704719
ENSG00000182612	9.755320217630041
ENSG00000185527	11.109077203231754
ENSG00000204237	8.447218899506092
ENSG00000185298	8.138707026349172
ENSG00000214087	7.90178810141525
ENSG00000185359	7.964331292653066
ENSG00000262814	10.44693045299871
ENSG00000262660	0.9067003930664138
ENSG00000183048	8.63986429123522
ENSG00000215644	8.243650041896966
ENSG00000225663	9.323633117539044
ENSG00000182676	9.696543686777614
ENSG00000185624	12.31846602940394
ENSG00000141522	10.389739697165952
ENSG00000183684	10.20252321209242
ENSG00000141552	9.166015466911146
ENSG00000183979	1.2084824255032143
ENSG00000185813	9.29920801838728
ENSG00000187531	8.24031432933371
ENSG00000197063	7.93514998353492
ENSG00000183010	9.64851472341273
ENSG00000185105	6.079381414394282
ENSG00000185269	13.516003416790092
ENSG00000169696	9.682672737920184
ENSG00000169689	9.656704253255356
ENSG00000169683	7.990633791900239
ENSG00000169750	10.054028280118542
ENSG00000169738	12.777515367512278
ENSG00000169733	8.38675198671805
ENSG00000169727	8.673568682957587
ENSG00000169718	8.680372465347682
ENSG00000169710	12.537218400538595
ENSG00000176155	7.578903663564493
ENSG00000141526	8.979237821443508
ENSG00000141551	8.162855030793141
ENSG00000173762	10.521673898285062
ENSG00000141574	10.245386495661087
ENSG00000182459	7.758889432720965
ENSG00000181408	7.314791852621323
ENSG00000181396	7.756066082869164
ENSG00000169660	8.010108453474288
ENSG00000178927	7.474246492055094
ENSG00000141562	7.866293347685759
ENSG00000141568	7.277054876148728
ENSG00000141580	9.864934166814159
ENSG00000141542	7.6546360285279675
ENSG00000141560	9.589465340872222
ENSG00000167363	8.525153471743682
ENSG00000141556	8.426712937057113
ENSG00000141579	9.352023754352269
ENSG00000175711	6.700798356864799
ENSG00000176845	10.035775551385568
ENSG00000173213	6.363388737031584
ENSG00000101557	9.352051484948689
ENSG00000079134	6.9201221973922715
ENSG00000158270	8.712527000439824
ENSG00000177143	9.559377090526683
ENSG00000079101	7.289043273101184
ENSG00000176890	9.354007116811006
ENSG00000132199	7.672425341971495
ENSG00000176105	9.075353275091423
ENSG00000141433	10.963960914270134
ENSG00000101574	6.34483900774032
ENSG00000080986	8.203224553183214
ENSG00000101596	7.706355389395437
ENSG00000132205	9.397023411736267
ENSG00000101577	9.956493642374072
ENSG00000101605	9.768188727623546
ENSG00000101608	12.049662266743638
ENSG00000118680	13.854733172375484
ENSG00000177426	8.511435937492008
ENSG00000170579	7.139335107366532
ENSG00000231824	9.13497123167508
ENSG00000198081	6.0607104728777585
ENSG00000082397	7.88728248828455
ENSG00000206432	6.8134293632688845
ENSG00000154655	5.950783609878085
ENSG00000088756	6.706939890621509
ENSG00000101680	8.677387893415858
ENSG00000206422	4.932731574602466
ENSG00000173482	8.593476962647848
ENSG00000206418	8.644706178263005
ENSG00000168502	8.282161766581817
ENSG00000178127	8.025139562278508
ENSG00000101745	7.674975894781067
ENSG00000128791	8.852158401107562
ENSG00000017797	10.19878140198492
ENSG00000154845	8.911959916318121
ENSG00000168461	10.807133082385697
ENSG00000168454	8.288173968112302
ENSG00000101558	8.37932283271882
ENSG00000154856	11.343463818234413
ENSG00000134265	7.701840825137221
ENSG00000154864	7.2994296116093595
ENSG00000236396	5.698571511809191
ENSG00000141404	7.591814290800499
ENSG00000255112	9.957138482391175
ENSG00000154889	5.56045129170094
ENSG00000141401	9.661293479504126
ENSG00000181626	3.494415610397496
ENSG00000176194	10.108524456778168
ENSG00000176014	10.12566606229128
ENSG00000141385	7.915120008988585
ENSG00000141391	5.735171996267897
ENSG00000134278	7.457808480550642
ENSG00000128789	8.389324364881631
ENSG00000101624	5.627453934849644
ENSG00000175354	7.475455952833915
ENSG00000085415	7.210178008358826
ENSG00000101639	7.24022484010948
ENSG00000168675	8.02799856831862
ENSG00000177150	7.680763343753018
ENSG00000101654	7.798349564564364
ENSG00000176136	5.572275029649236
ENSG00000185231	9.55899461569918
ENSG00000175322	4.869871406177713
ENSG00000183206	6.770064273583873
ENSG00000180777	8.776066508011361
ENSG00000067900	7.224345433466802
ENSG00000141449	7.369483143615627
ENSG00000141446	7.041863243888765
ENSG00000167088	8.708108086634775
ENSG00000158201	7.935298396529956
ENSG00000101752	8.208714937063753
ENSG00000141448	10.402037640940838
ENSG00000212710	7.163901213814542
ENSG00000101773	8.974198479251587
ENSG00000134508	9.227341777132683
ENSG00000134490	7.278818166333196
ENSG00000101782	10.327385797033042
ENSG00000141452	8.030784593945233
ENSG00000141458	9.277054876148728
ENSG00000154065	7.815944598925737
ENSG00000053747	10.774821400866102
ENSG00000168234	8.602787561285822
ENSG00000154040	8.930737337562887
ENSG00000141447	7.889856333742525
ENSG00000154059	7.712435061370626
ENSG00000134489	3.6290117623656006
ENSG00000198795	8.050371591834288
ENSG00000141380	10.100779380487314
ENSG00000154611	6.61662235502921
ENSG00000141384	7.664517528592211
ENSG00000134504	8.186079416947962
ENSG00000171885	12.819171982694325
ENSG00000154080	6.957448122781796
ENSG00000170558	9.83843300644388
ENSG00000134762	10.891788153270303
ENSG00000134755	9.761066242723361
ENSG00000134765	10.391243589427443
ENSG00000134760	11.172052436467382
ENSG00000175065	8.058532970201611
ENSG00000134757	11.524594314390075
ENSG00000046604	11.163662271216763
ENSG00000118271	17.256634557694678
ENSG00000118276	7.789592832981319
ENSG00000141437	5.219555769166913
ENSG00000153339	7.401737004656865
ENSG00000101695	7.388017809437327
ENSG00000134758	8.27789397118048
ENSG00000141441	7.692096808301574
ENSG00000141434	10.140536727187795
ENSG00000197705	7.577913394495272
ENSG00000166960	5.418289767852899
ENSG00000141431	7.023164531509766
ENSG00000101746	7.638572632428637
ENSG00000134769	9.367884386520325
ENSG00000166974	8.437544026315472
ENSG00000186812	7.592980027164504
ENSG00000186814	7.627036765272577
ENSG00000172466	9.47620172869529
ENSG00000186496	5.634739121050826
ENSG00000267140	2.4775065921679795
ENSG00000153391	6.856074070901398
ENSG00000141429	10.367821943754782
ENSG00000141428	7.672834998269982
ENSG00000141425	8.527618295623485
ENSG00000141424	14.428673875728567
ENSG00000134759	9.78662421206866
ENSG00000075643	7.7469107822928605
ENSG00000134775	7.623224501521221
ENSG00000134779	8.318173521521546
ENSG00000150477	6.396467799927742
ENSG00000101489	7.9547839912474725
ENSG00000078142	6.499146059407837
ENSG00000152214	7.612769841345351
ENSG00000132872	10.086417397135142
ENSG00000152217	7.294460097644264
ENSG00000132874	8.588962723536437
ENSG00000141469	10.199115159351022
ENSG00000197046	7.923813778567283
ENSG00000152223	6.505948157133272
ENSG00000152229	7.688972391617239
ENSG00000152234	10.449151680799302
ENSG00000152240	9.254244212400154
ENSG00000152242	7.3264294871223035
ENSG00000141622	5.550114820357078
ENSG00000167210	5.554281862626391
ENSG00000101638	6.668175868970137
ENSG00000078043	6.509347009544478
ENSG00000167216	6.726578328648423
ENSG00000183791	1.4386516153244817
ENSG00000206181	4.7251958172266635
ENSG00000167220	7.021257620560519
ENSG00000267228	0.7256174828315451
ENSG00000134049	8.745635381049311
ENSG00000215474	4.901322737579796
ENSG00000175387	6.5304114892241785
ENSG00000184828	7.887729161589845
ENSG00000134030	7.639235053482451
ENSG00000101665	8.298929159534838
ENSG00000141627	7.055063504584901
ENSG00000177576	7.156841524588401
ENSG00000215472	1.6850667381844597
ENSG00000265681	12.669328004395904
ENSG00000101670	9.82046053464976
ENSG00000167315	10.794415866350105
ENSG00000266997	0.7726718791971585
ENSG00000167306	7.775326193319173
ENSG00000172361	8.88050187112799
ENSG00000141644	7.571373435973201
ENSG00000154832	8.193278935521388
ENSG00000154839	7.500997323939725
ENSG00000141639	9.441259265594981
ENSG00000134042	9.568764008580892
ENSG00000082212	7.219136791339247
ENSG00000141642	5.075418359355745
ENSG00000267699	1.9245667601699805
ENSG00000141646	6.94632953895476
ENSG00000176624	7.300123724569014
ENSG00000187323	6.427510540878915
ENSG00000134046	7.921457842892006
ENSG00000101751	6.424801590452165
ENSG00000174448	5.991635216476986
ENSG00000166845	6.164264217526158
ENSG00000178690	8.960345762446687
ENSG00000041353	8.66235113866765
ENSG00000166510	7.581927898724602
ENSG00000196628	8.053130493631532
ENSG00000091164	8.591407416868943
ENSG00000091157	7.13988075094974
ENSG00000228075	10.493855449240822
ENSG00000177511	7.406842754655301
ENSG00000119547	7.323817603924979
ENSG00000066926	9.24847772907285
ENSG00000134440	9.70796522859183
ENSG00000081923	9.548007187670837
ENSG00000049759	9.315047016248807
ENSG00000198796	8.258206899989808
ENSG00000172175	8.51834054167866
ENSG00000074657	8.375170652611278
ENSG00000166562	10.65820489011799
ENSG00000134443	11.286705375713748
ENSG00000134438	6.305689046151981
ENSG00000166569	6.736411818745491
ENSG00000074695	9.038286000065357
ENSG00000183287	8.110613805500897
ENSG00000141682	9.393193590932176
ENSG00000166603	10.029741203829085
ENSG00000101542	7.955792529389683
ENSG00000176641	9.041154919227502
ENSG00000197563	7.010448688377835
ENSG00000134444	7.136220961901053
ENSG00000141655	7.495337670004197
ENSG00000141664	5.880571056864468
ENSG00000081913	7.738308222902304
ENSG00000171791	8.596542867869093
ENSG00000119537	7.334478059969834
ENSG00000119541	8.126772086627659
ENSG00000206075	11.065598419243525
ENSG00000166634	10.0840173408655
ENSG00000197641	10.65581633869353
ENSG00000206073	11.648406857638603
ENSG00000206072	9.712527000439824
ENSG00000057149	12.487315111010236
ENSG00000166396	10.791750010069455
ENSG00000197632	10.295503377131519
ENSG00000242550	7.913449108917559
ENSG00000221887	5.440965257724701
ENSG00000166401	8.24602010476207
ENSG00000081138	5.104910619866924
ENSG00000071991	9.50980363797339
ENSG00000171451	7.37452824439117
ENSG00000166479	7.6012786773212575
ENSG00000150636	7.533887946287339
ENSG00000206052	6.787902559391432
ENSG00000150637	5.700717132821476
ENSG00000176225	7.175530164066913
ENSG00000170677	7.997211284099631
ENSG00000141668	9.09063215877834
ENSG00000166342	8.261783741702045
ENSG00000141665	4.633991255847257
ENSG00000075336	6.771713697799665
ENSG00000166347	9.338290693648256
ENSG00000206043	4.7554217347342425
ENSG00000187773	8.09210218163225
ENSG00000133313	10.300740475105593
ENSG00000150656	9.321026128592969
ENSG00000215421	6.295824022242076
ENSG00000180011	7.922114670568607
ENSG00000179981	8.27392462851258
ENSG00000206026	3.631104282365877
ENSG00000101493	8.161313234440488
ENSG00000130856	6.6762880040476045
ENSG00000197971	14.513665919914512
ENSG00000166573	6.618284228932485
ENSG00000256463	7.4639103717699635
ENSG00000166377	5.7691520066556325
ENSG00000131196	9.07643094317837
ENSG00000060069	6.987631976109721
ENSG00000178342	5.141421025775447
ENSG00000122490	8.578561389947286
ENSG00000226742	7.380244590478185
ENSG00000141759	7.670744397558101
ENSG00000267127	5.676007639618785
ENSG00000101546	7.282706044248305
ENSG00000101544	6.96481524679974
ENSG00000178184	7.168423759066931
ENSG00000178591	6.1162324661490635
ENSG00000125788	7.089106809157584
ENSG00000088782	5.83552235135932
ENSG00000185982	2.8240251382852364
ENSG00000125903	7.770348539972533
ENSG00000186458	8.302500709118183
ENSG00000196476	8.307338604040986
ENSG00000247315	7.974645024094951
ENSG00000177732	9.274165810102877
ENSG00000125841	8.829006712911266
ENSG00000101255	10.04825324631782
ENSG00000125826	9.638625312149358
ENSG00000125875	7.626397203982773
ENSG00000101266	8.922843027509446
ENSG00000125878	6.296588635930327
ENSG00000271303	8.74819284958946
ENSG00000270299	2.2495949858746473
ENSG00000215397	7.077506199799824
ENSG00000101276	8.56795342887579
ENSG00000125898	8.406242038889532
ENSG00000101280	7.620545990227739
ENSG00000101282	8.82384179762392
ENSG00000125818	8.964932739640673
ENSG00000125895	7.850904443088261
ENSG00000215595	4.400793844600044
ENSG00000244588	6.686405916068651
ENSG00000101298	8.83491010479218
ENSG00000125775	9.41547100477052
ENSG00000274322	6.160915840414893
ENSG00000088832	11.4040137053449
ENSG00000088833	8.10531107453522
ENSG00000196209	8.038898917922753
ENSG00000125900	7.554588851677638
ENSG00000260861	2.9576167434972387
ENSG00000101307	7.945244237188444
ENSG00000089012	7.122404730682244
ENSG00000198053	9.49781228559899
ENSG00000101327	10.078339678484204
ENSG00000125834	7.898290750833905
ENSG00000125780	13.092560425161777
ENSG00000166948	6.461070114033051
ENSG00000125835	12.112451147493196
ENSG00000256566	3.3670516725248123
ENSG00000088876	5.801369405741053
ENSG00000149488	5.931210274803932
ENSG00000101361	9.312202278205964
ENSG00000101365	9.475126929140684
ENSG00000088881	8.318572575976715
ENSG00000088882	11.73275601209504
ENSG00000241690	1.4929918427580344
ENSG00000258713	9.19598729802851
ENSG00000198326	6.545041683467464
ENSG00000132635	8.643495470922767
ENSG00000215305	7.631154386532143
ENSG00000132670	8.970025172538904
ENSG00000125787	9.108964421409569
ENSG00000125901	10.41999257293029
ENSG00000101405	14.86065054110598
ENSG00000101200	16.431775069153495
ENSG00000185019	6.333098499753101
ENSG00000215251	6.945778742343316
ENSG00000088899	8.888743248898258
ENSG00000198171	9.53008104796631
ENSG00000125877	9.601377046132958
ENSG00000088836	9.404077136241234
ENSG00000088854	6.90846132132213
ENSG00000088812	8.744434580474124
ENSG00000125861	7.531003183073491
ENSG00000149451	10.5401280385821
ENSG00000088827	8.136522089415193
ENSG00000132622	8.620964137720263
ENSG00000101220	9.604885547364704
ENSG00000101222	8.342876328464817
ENSG00000125817	9.386153026656249
ENSG00000101224	9.46145364380594
ENSG00000125843	6.036115806407699
ENSG00000088888	8.098903262904347
ENSG00000125779	6.8030704653771625
ENSG00000101236	8.295059793890141
ENSG00000088826	9.455322937853044
ENSG00000171873	7.37169019198698
ENSG00000171867	11.879183648837548
ENSG00000171864	8.786269627648466
ENSG00000101265	10.694407598519751
ENSG00000089057	9.394033895367782
ENSG00000089063	9.779979091856374
ENSG00000132646	10.937486168875656
ENSG00000101290	8.640355664497639
ENSG00000101292	6.435316598230046
ENSG00000125772	9.35163791135139
ENSG00000171984	6.532616248188648
ENSG00000089199	16.455808828840762
ENSG00000089195	7.328608562685349
ENSG00000125885	6.656946817892569
ENSG00000088766	8.894872976925097
ENSG00000125872	9.276613567860577
ENSG00000101311	10.093276145983817
ENSG00000125845	9.191239267180155
ENSG00000101323	9.946812760876586
ENSG00000125827	10.064543237600587
ENSG00000182621	6.921139166640333
ENSG00000101333	10.219261414104787
ENSG00000125869	11.165659672101794
ENSG00000101349	8.222521889346247
ENSG00000132623	6.912857609966603
ENSG00000132639	12.312882955284355
ENSG00000125863	7.708667887409555
ENSG00000149346	6.762864629020872
ENSG00000101384	11.594673892503657
ENSG00000132640	9.564968931022676
ENSG00000172296	7.213388669416636
ENSG00000101230	9.99800100352307
ENSG00000089123	7.188100706169254
ENSG00000089048	8.096935546369274
ENSG00000101247	6.093852676415775
ENSG00000101251	4.955126781261366
ENSG00000172264	9.008001665794117
ENSG00000125848	9.115517337861728
ENSG00000089177	8.157879142080102
ENSG00000125870	10.145025719490656
ENSG00000125879	11.814163551125484
ENSG00000125851	11.497776930945907
ENSG00000125864	6.735334808016643
ENSG00000125868	11.71896091198421
ENSG00000125844	10.467957765034818
ENSG00000125888	7.829088444004886
ENSG00000089006	8.522981011375535
ENSG00000125850	6.5172006087648855
ENSG00000125871	8.524650748007712
ENSG00000232838	7.667341200386076
ENSG00000149474	7.148548863926678
ENSG00000125846	6.59095024311005
ENSG00000089091	5.475932133913992
ENSG00000132664	7.209113648482321
ENSG00000089050	8.51984339568155
ENSG00000101310	8.89034110316804
ENSG00000232388	10.309110328493976
ENSG00000125821	8.920665806416212
ENSG00000132631	8.18239435340453
ENSG00000185052	8.723875007192841
ENSG00000132669	8.514712745228007
ENSG00000173418	9.73705114506946
ENSG00000101343	8.787608517054341
ENSG00000089101	6.755676406406305
ENSG00000173404	11.81328039593892
ENSG00000188559	8.935829281744727
ENSG00000088970	9.992784840721884
ENSG00000088930	9.884209296926727
ENSG00000125816	7.3132372898259765
ENSG00000125820	10.55644256240735
ENSG00000125813	11.296364024560285
ENSG00000125798	9.583240546724275
ENSG00000132671	5.666507477517863
ENSG00000178726	11.367758162774207
ENSG00000125810	9.598626638729932
ENSG00000132661	9.215635626544168
ENSG00000125812	7.41684907114217
ENSG00000125814	9.329737561350372
ENSG00000125823	5.20945336562895
ENSG00000125831	6.3643917856237735
ENSG00000125815	7.525912260743351
ENSG00000101435	8.597307691140985
ENSG00000173335	11.328532980912579
ENSG00000101439	13.332552880720696
ENSG00000101441	15.180374918514161
ENSG00000170373	14.552946549126295
ENSG00000170369	14.094908518301
ENSG00000170367	13.386486405448949
ENSG00000149435	9.856437891867092
ENSG00000101463	8.088363639480646
ENSG00000077984	12.53563185995508
ENSG00000101474	11.4321689017979
ENSG00000154930	8.59255318470042
ENSG00000100987	5.493455200926176
ENSG00000197586	9.272443406139267
ENSG00000100994	11.661736125475898
ENSG00000100997	9.797105688958801
ENSG00000101003	7.097279800051327
ENSG00000101004	7.127546214133063
ENSG00000170191	5.909420742459054
ENSG00000130684	6.94251450533924
ENSG00000215547	4.171698137443475
ENSG00000215545	5.265818508999543
ENSG00000131068	6.8346009290449
ENSG00000180483	10.00982861736811
ENSG00000204548	5.061344188288391
ENSG00000180424	9.074944223623197
ENSG00000180383	7.555572711203203
ENSG00000088320	7.76201146162369
ENSG00000101294	10.621262490824957
ENSG00000101898	7.484256456446666
ENSG00000125968	12.774307545525922
ENSG00000131055	11.531243834080481
ENSG00000171552	11.066750384762788
ENSG00000088325	9.977891778351859
ENSG00000101306	8.89087223954207
ENSG00000179772	11.23169222317086
ENSG00000149599	8.499447297485176
ENSG00000131044	5.672708195622218
ENSG00000088356	8.921353189616571
ENSG00000260903	7.073442655205515
ENSG00000101331	7.188692266765181
ENSG00000101336	10.436987173499336
ENSG00000101337	10.445224811512686
ENSG00000126003	9.447767929865192
ENSG00000101346	9.567604784611522
ENSG00000101350	8.659896510724542
ENSG00000171456	8.701641246744684
ENSG00000197183	8.102572463560614
ENSG00000198547	4.731998619620162
ENSG00000149600	9.150496017447013
ENSG00000088305	11.647019175851842
ENSG00000101367	10.888139635990113
ENSG00000215529	5.121906712425089
ENSG00000167098	6.990954860396993
ENSG00000078898	13.327665380926144
ENSG00000167104	6.595293931950353
ENSG00000186190	7.9928023661133825
ENSG00000186191	11.76923442126541
ENSG00000131050	15.047074368927902
ENSG00000131059	8.198690585668917
ENSG00000198183	16.11948853406727
ENSG00000125999	14.810563708297163
ENSG00000101391	7.074937176045733
ENSG00000101400	10.57151441968064
ENSG00000078699	7.720223118237475
ENSG00000125967	8.75600829898749
ENSG00000149609	8.085870755334613
ENSG00000182584	8.306973057140828
ENSG00000101412	9.515819575894657
ENSG00000101417	7.739291140376275
ENSG00000131061	6.270530365850342
ENSG00000101421	10.92165492810193
ENSG00000125970	9.338395129761496
ENSG00000125977	9.941445109934952
ENSG00000101440	9.021802611009791
ENSG00000101444	10.923805784124516
ENSG00000078747	9.567846591920084
ENSG00000125971	11.748069850242855
ENSG00000101460	9.182157793256723
ENSG00000101464	9.676378387189855
ENSG00000198646	8.297799934958014
ENSG00000078804	11.493855449240822
ENSG00000131067	8.827197355394247
ENSG00000131069	9.87637043314487
ENSG00000100983	10.581601997736287
ENSG00000078814	10.086061525678591
ENSG00000100991	11.064071566046497
ENSG00000088298	9.022397730875698
ENSG00000101000	11.07653600269962
ENSG00000126005	9.278918501755033
ENSG00000125966	9.589538648984925
ENSG00000261582	5.547029568039168
ENSG00000242372	12.247531986210015
ENSG00000125998	9.147940960291578
ENSG00000101019	8.581430799564973
ENSG00000204183	4.596634640050811
ENSG00000125965	8.017809039514175
ENSG00000126001	7.4025404684947915
ENSG00000125975	7.241268177329375
ENSG00000125991	10.503569372584288
ENSG00000061656	8.220960529392123
ENSG00000214078	11.495918128485853
ENSG00000272897	0.7198961654621541
ENSG00000244462	8.350514493547282
ENSG00000244005	7.329925497836576
ENSG00000125995	12.490067431053623
ENSG00000131051	9.562730251511606
ENSG00000025293	7.651668078494539
ENSG00000171222	10.408405726255545
ENSG00000149646	5.600507645345786
ENSG00000088367	8.957594700960515
ENSG00000131043	9.700367509427213
ENSG00000080845	8.879711692511922
ENSG00000101335	14.54586178785225
ENSG00000118707	8.251187568905777
ENSG00000259399	3.8745668108654208
ENSG00000101084	9.142617655446577
ENSG00000101082	7.0769171547291885
ENSG00000101079	9.654558525225882
ENSG00000149636	8.072032041065116
ENSG00000149639	8.21334728173344
ENSG00000101342	7.0859744144178975
ENSG00000101347	10.674264654692996
ENSG00000080839	6.934595064848733
ENSG00000101353	5.776893568522074
ENSG00000118705	13.474525657138622
ENSG00000118702	12.84119183162814
ENSG00000101363	10.828364830696573
ENSG00000197122	9.181201320724464
ENSG00000166619	9.459770979099758
ENSG00000053438	13.864966900183298
ENSG00000132792	9.590036071119329
ENSG00000132821	11.007588382629827
ENSG00000101407	9.516950517817753
ENSG00000101413	9.440457391987266
ENSG00000198959	11.67065624911844
ENSG00000149633	7.866024233526668
ENSG00000101425	8.152720237748307
ENSG00000129988	12.908446076756311
ENSG00000170471	9.216523553195639
ENSG00000182035	7.802193216941825
ENSG00000124143	9.472487771462744
ENSG00000101438	9.911450460818411
ENSG00000101442	7.910477658639244
ENSG00000101445	7.994353436858858
ENSG00000101447	10.245552706255681
ENSG00000101452	6.932809366609484
ENSG00000204103	11.925625993518636
ENSG00000198900	9.896253639948842
ENSG00000124181	8.537994877974395
ENSG00000174306	7.339643200489603
ENSG00000132793	7.704595347632403
ENSG00000183798	9.771509821682686
ENSG00000124177	8.470066645689412
ENSG00000196090	8.164916979852569
ENSG00000124193	9.652154382582488
ENSG00000185513	6.1738530859388066
ENSG00000277611	1.313376584411432
ENSG00000101049	7.7113748194579435
ENSG00000101052	8.927010024817186
ENSG00000101057	11.236011625237017
ENSG00000124196	10.149747119504681
ENSG00000124191	8.819704683428462
ENSG00000149596	9.048690392731578
ENSG00000132823	9.784916599616425
ENSG00000124194	9.304585509654846
ENSG00000197296	7.383704292474052
ENSG00000101074	6.595295121696393
ENSG00000101076	9.472790737304567
ENSG00000124120	7.598782528867122
ENSG00000132824	10.131623514363394
ENSG00000168734	9.975234296680213
ENSG00000196839	10.470327781290703
ENSG00000064205	11.324358465530091
ENSG00000124249	9.371793124230662
ENSG00000101098	9.935605981295678
ENSG00000166913	11.341958761354153
ENSG00000101104	9.885035589030233
ENSG00000025772	10.683953294624425
ENSG00000101109	7.4958227689809656
ENSG00000124134	7.20741936518298
ENSG00000175121	11.984267905077479
ENSG00000168703	11.618339918020148
ENSG00000124102	16.21777778492698
ENSG00000124233	18.312709161706486
ENSG00000124157	17.021409307411524
ENSG00000124107	16.538334819994994
ENSG00000124159	10.964978236667564
ENSG00000124232	11.034798962577268
ENSG00000124145	12.46389773279981
ENSG00000204070	7.699347693340643
ENSG00000254806	4.346889833984064
ENSG00000124251	5.90977310414164
ENSG00000244274	10.886458695703706
ENSG00000124155	11.781545362298774
ENSG00000101443	15.613766800368118
ENSG00000101446	8.894962071922802
ENSG00000243543	7.800899899920305
ENSG00000249139	5.044237474478544
ENSG00000101448	8.544191698415707
ENSG00000158901	5.496545975808487
ENSG00000180205	6.485915233177228
ENSG00000180305	6.114642873055135
ENSG00000180083	5.396433531250992
ENSG00000182931	6.679246471223532
ENSG00000168634	7.269720478022047
ENSG00000149651	7.434758942260992
ENSG00000124116	8.138527801422274
ENSG00000101457	10.666516458865335
ENSG00000175063	11.138594655896389
ENSG00000101470	13.524100168511712
ENSG00000124104	7.9019527228762865
ENSG00000101473	7.217229376963424
ENSG00000132801	6.4825301557187744
ENSG00000168612	7.455094712787931
ENSG00000149634	7.190477317706687
ENSG00000124257	7.668079073818393
ENSG00000064601	11.681095454226437
ENSG00000100979	15.2337406759094
ENSG00000100982	9.221026838719128
ENSG00000198026	6.632141835635313
ENSG00000100985	15.806445507340289
ENSG00000124140	8.518062975652523
ENSG00000124160	8.318620457196378
ENSG00000101017	9.021847716831628
ENSG00000149654	7.990514943740447
ENSG00000080189	8.099455013505123
ENSG00000062598	9.12644636477543
ENSG00000198185	6.605585576983522
ENSG00000149635	5.752464176280243
ENSG00000158296	10.253720914047276
ENSG00000172315	8.54303543069072
ENSG00000197496	10.029291737676525
ENSG00000064655	10.09328207772682
ENSG00000101040	9.00662786162654
ENSG00000124151	9.644675307214769
ENSG00000196562	10.833042643933359
ENSG00000124126	10.268673771573477
ENSG00000124198	9.52174113212454
ENSG00000124207	10.782797833492129
ENSG00000124214	10.676639294792
ENSG00000124228	8.97576904240824
ENSG00000124201	8.373421033084306
ENSG00000158445	7.443191327348653
ENSG00000124212	10.691086877928361
ENSG00000158470	9.86661175646438
ENSG00000197818	7.434982915960085
ENSG00000158480	8.311460365319506
ENSG00000124226	9.682879195616076
ENSG00000124216	8.661913625554034
ENSG00000244687	7.264747539513722
ENSG00000124208	2.451692087628535
ENSG00000240849	7.86588162912231
ENSG00000172216	10.662499811485372
ENSG00000196396	12.06701206131636
ENSG00000042062	9.095241769607668
ENSG00000124171	11.786640523169629
ENSG00000124243	7.69761989233785
ENSG00000101126	8.930699952998635
ENSG00000000419	9.902186598392422
ENSG00000124217	6.6333327891129
ENSG00000026559	8.952741940825238
ENSG00000101096	8.692071137972087
ENSG00000054793	10.162465381851089
ENSG00000101115	7.871248330506319
ENSG00000020256	7.078367546737034
ENSG00000182463	7.92769908959488
ENSG00000171940	10.376772282305119
ENSG00000064787	10.911391987843459
ENSG00000019186	11.17153470472465
ENSG00000101132	8.602214121003435
ENSG00000101134	8.872391193102164
ENSG00000054803	8.222952487079233
ENSG00000124089	7.61781002447589
ENSG00000124098	10.458921751647178
ENSG00000087586	8.991689086039255
ENSG00000101138	8.178289471500293
ENSG00000087589	6.359419138635784
ENSG00000022277	9.502062263745747
ENSG00000124091	6.376354769256054
ENSG00000124103	8.18883607303053
ENSG00000213714	8.613605318063383
ENSG00000087510	9.176981043856728
ENSG00000101144	10.284112926807758
ENSG00000054796	6.309684195047709
ENSG00000101146	8.244158053346876
ENSG00000256222	5.002102003588044
ENSG00000132819	10.580201511433984
ENSG00000124092	7.691742582064055
ENSG00000124253	11.667555107041132
ENSG00000124256	6.219286165122778
ENSG00000124225	11.039599038492373
ENSG00000124237	11.729359232014778
ENSG00000124227	5.1715271060388135
ENSG00000124209	8.690869927870656
ENSG00000124164	8.017584080931302
ENSG00000198768	9.650448297465408
ENSG00000124222	8.892707295415823
ENSG00000254995	4.663893126516304
ENSG00000215440	8.351822644550701
ENSG00000087460	13.038916942557464
ENSG00000101158	9.413059341906731
ENSG00000101160	12.251332131123526
ENSG00000101162	7.4486343671210955
ENSG00000124172	10.625928864178745
ENSG00000101166	10.87609302398418
ENSG00000124203	6.094497289467029
ENSG00000124205	12.681733043764623
ENSG00000087495	8.168494408687115
ENSG00000196074	9.621910881002346
ENSG00000196227	8.243879086326666
ENSG00000132825	9.14084225697701
ENSG00000124215	7.079966310788912
ENSG00000179242	7.920999265826361
ENSG00000130699	6.361246464110012
ENSG00000149657	8.904069535008334
ENSG00000101182	11.111822193321151
ENSG00000184402	8.48647505071858
ENSG00000101181	7.540348536415349
ENSG00000101180	7.9847032668251385
ENSG00000130703	7.864912288095238
ENSG00000130706	10.785628921019347
ENSG00000130702	10.640773604858152
ENSG00000171858	14.876555320688123
ENSG00000149679	8.20870022187539
ENSG00000130701	9.072551549287404
ENSG00000130700	10.70577797352571
ENSG00000101187	9.77741971551583
ENSG00000101188	9.663061604391636
ENSG00000101189	8.034576498888415
ENSG00000060491	8.333602628268281
ENSG00000092758	12.804071486986363
ENSG00000101190	8.161402659722317
ENSG00000101191	7.544612128860424
ENSG00000101193	9.046771165333343
ENSG00000101194	9.073753041002666
ENSG00000125533	5.430570093155223
ENSG00000149658	9.326425259114588
ENSG00000101197	11.653978179731032
ENSG00000101198	10.403793685560263
ENSG00000101199	8.992213842197009
ENSG00000101203	10.042008807924002
ENSG00000101204	7.420381341196637
ENSG00000075043	8.282161766581817
ENSG00000101210	13.01911632415794
ENSG00000125534	12.723390101731713
ENSG00000101213	8.628992257142734
ENSG00000125508	7.328870882839055
ENSG00000125531	7.452858964713811
ENSG00000130589	8.094893336320988
ENSG00000101216	6.47800105583793
ENSG00000197457	11.297537226668366
ENSG00000258366	6.9342805936400245
ENSG00000026036	4.578916478414829
ENSG00000243509	10.91513244895065
ENSG00000101246	8.264650875528385
ENSG00000197114	7.800899899920305
ENSG00000273154	3.930599354118239
ENSG00000203896	9.013462259806563
ENSG00000273047	2.774627503041272
ENSG00000125520	10.427250567483886
ENSG00000130584	7.101478303656873
ENSG00000101150	9.96529498352636
ENSG00000101152	9.49332037859418
ENSG00000198276	8.66417641531842
ENSG00000196700	8.132406859843002
ENSG00000130590	8.387830534250048
ENSG00000101161	10.392929354731406
ENSG00000196421	8.705816603656885
ENSG00000203883	10.539218782486005
ENSG00000171703	8.889242481200933
ENSG00000171700	9.168794268820989
ENSG00000125510	6.6972153832789045
ENSG00000171695	7.5660540381710915
ENSG00000196132	7.931422334049594
ENSG00000125522	7.5999744303056085
ENSG00000203880	10.386381581303098
ENSG00000176695	1.2892477306087415
ENSG00000141934	8.325080543554284
ENSG00000105556	7.224929274886619
ENSG00000105549	6.947198584262056
ENSG00000183186	8.66288385987826
ENSG00000129946	9.150762744355418
ENSG00000181781	7.597680143715891
ENSG00000099866	6.594399256329246
ENSG00000141933	6.14908826357863
ENSG00000099804	9.62578780071224
ENSG00000197540	8.934434988553468
ENSG00000172270	12.256597001733573
ENSG00000099822	8.88050187112799
ENSG00000099821	8.157877818284842
ENSG00000070388	6.809928865721431
ENSG00000070423	8.035341197494205
ENSG00000070404	11.101569414592465
ENSG00000185198	11.359719783788023
ENSG00000099864	10.245799119757772
ENSG00000099812	10.719945308614804
ENSG00000011304	8.882924830605035
ENSG00000129951	9.098202014146402
ENSG00000172232	13.30797306841312
ENSG00000196415	12.844754189901305
ENSG00000197561	13.492537240730801
ENSG00000197766	13.165213833908318
ENSG00000175221	8.698494359784604
ENSG00000198858	8.658925511492374
ENSG00000116014	8.283372813537365
ENSG00000116017	8.428169144218606
ENSG00000065268	9.28931091432247
ENSG00000116032	6.41615437202772
ENSG00000182087	9.508286392395595
ENSG00000064666	9.797985690564907
ENSG00000064687	7.550347746320881
ENSG00000180448	8.733598878460777
ENSG00000099817	10.906223000857791
ENSG00000167468	11.737289518809385
ENSG00000064932	9.170425850272508
ENSG00000118046	8.825764385860404
ENSG00000099625	7.468600450187895
ENSG00000099624	11.000660753375426
ENSG00000167470	10.360847084179664
ENSG00000099622	10.015591753713935
ENSG00000228300	9.610145773949828
ENSG00000099617	8.012177886675788
ENSG00000160953	7.613973587380225
ENSG00000115286	8.01379914985442
ENSG00000130005	10.884563449804377
ENSG00000071626	8.101713100188494
ENSG00000115268	12.822228950483646
ENSG00000115266	8.821803316783395
ENSG00000119559	7.684088818623119
ENSG00000115257	8.865423978313133
ENSG00000115255	10.973640986676546
ENSG00000185761	7.339850002884624
ENSG00000185988	8.186898592551323
ENSG00000181588	10.304559039633467
ENSG00000071655	9.493800598671228
ENSG00000267059	1.6612435870341642
ENSG00000127540	10.176932215144964
ENSG00000071564	9.770755055495462
ENSG00000205922	8.007925569988165
ENSG00000130270	7.511752653767379
ENSG00000079313	8.148082440758422
ENSG00000129911	7.541166520102055
ENSG00000129968	8.377644358399907
ENSG00000227500	7.8954238103829715
ENSG00000213638	6.767043543392676
ENSG00000133275	8.580070090781133
ENSG00000133243	8.281739391228891
ENSG00000099875	10.668884984266247
ENSG00000172081	10.165563447462246
ENSG00000099840	10.44190670454224
ENSG00000065000	8.718609744908695
ENSG00000104885	7.560714954474479
ENSG00000104886	8.137503523749935
ENSG00000104897	8.966967860379386
ENSG00000104899	7.622051819456376
ENSG00000167476	8.826012757248494
ENSG00000104904	11.414148500557427
ENSG00000273734	0.28416087603991186
ENSG00000188305	6.951802739572091
ENSG00000220008	7.468327454664246
ENSG00000130332	9.71769610780157
ENSG00000005206	7.747402880772751
ENSG00000178297	9.680005162325017
ENSG00000099800	11.069383096021081
ENSG00000176619	9.397626950179353
ENSG00000099860	12.476746203939467
ENSG00000176533	10.347621368568134
ENSG00000176490	8.64864871989041
ENSG00000267001	0.8585147738400001
ENSG00000141873	7.014578464922892
ENSG00000104969	9.27231852055359
ENSG00000172009	7.577450702808365
ENSG00000172006	4.806324057390029
ENSG00000186300	4.495847057028798
ENSG00000172000	4.585606513424055
ENSG00000171970	6.803485375595953
ENSG00000175691	5.819529430776138
ENSG00000104953	7.974328637552131
ENSG00000065717	10.160957448012857
ENSG00000104964	10.358651200892886
ENSG00000088256	8.76659909960442
ENSG00000060558	9.833492958932265
ENSG00000125910	8.441563149131422
ENSG00000125912	9.490120008352644
ENSG00000161082	7.34474054363664
ENSG00000141905	8.943796055711918
ENSG00000095932	11.14006822295679
ENSG00000129932	7.844856110995302
ENSG00000105325	7.747885836477162
ENSG00000161091	11.130102472175526
ENSG00000183397	9.661516849049308
ENSG00000064961	9.523857976226545
ENSG00000179855	8.68063470563798
ENSG00000006638	7.415769657242977
ENSG00000105298	6.32315462736804
ENSG00000186111	8.73935582642831
ENSG00000105289	8.560466562554316
ENSG00000011132	6.132782457298859
ENSG00000183617	10.477247625353936
ENSG00000173976	7.880765008169138
ENSG00000007264	8.11071299807544
ENSG00000105278	5.983302472981896
ENSG00000167654	9.695133366467655
ENSG00000077009	13.61605395645342
ENSG00000167657	9.48975003861346
ENSG00000167658	13.96173992056805
ENSG00000105229	7.458250057348347
ENSG00000178951	7.764896219144713
ENSG00000126934	8.569427865629896
ENSG00000060566	11.444755338980505
ENSG00000077463	7.255646799575533
ENSG00000089847	6.603329616264272
ENSG00000105246	8.118996254852568
ENSG00000105248	8.698048325030033
ENSG00000105251	9.770843369190379
ENSG00000167664	8.828289293241875
ENSG00000105255	7.574404309022579
ENSG00000178078	9.036560015806385
ENSG00000008382	8.385012804490195
ENSG00000141985	8.934575472545678
ENSG00000167670	7.675465916699833
ENSG00000167671	9.306289585336073
ENSG00000167674	8.530313866587825
ENSG00000167676	12.291237851460764
ENSG00000214456	9.132114102582719
ENSG00000267385	6.1963713778466065
ENSG00000171236	11.795227966028678
ENSG00000167680	8.746108788995862
ENSG00000185361	8.162883957123228
ENSG00000074842	10.867892265215492
ENSG00000142002	8.106272448258602
ENSG00000141965	4.648232821416434
ENSG00000127666	7.9682408872302455
ENSG00000105355	9.44841216132055
ENSG00000205784	7.0522633078227
ENSG00000276043	8.157219810366753
ENSG00000127663	8.268880100189243
ENSG00000105426	9.014680651980441
ENSG00000105428	9.190318547941816
ENSG00000223573	8.162894799374783
ENSG00000130254	8.805743872151618
ENSG00000160633	8.4761386254757
ENSG00000130255	12.94262353722463
ENSG00000174917	9.3699944913805
ENSG00000167733	7.295539370406834
ENSG00000196365	9.733161651725759
ENSG00000174898	6.268096983951089
ENSG00000212123	7.438791852578261
ENSG00000267157	2.6210966852484137
ENSG00000141994	7.259753865323285
ENSG00000171119	9.360166132705528
ENSG00000156413	7.63239456683539
ENSG00000171124	9.742383948095146
ENSG00000130383	4.137235300037903
ENSG00000267740	0.8424750986622033
ENSG00000174886	9.29346134379542
ENSG00000267314	2.9847558168896855
ENSG00000187650	7.139450269538657
ENSG00000105519	12.271697540786096
ENSG00000031823	7.018687160394492
ENSG00000087903	7.223036337901875
ENSG00000130377	9.35843142862635
ENSG00000130382	8.759000771916117
ENSG00000167769	8.78888143201129
ENSG00000125656	8.717377021404351
ENSG00000125652	10.62935662007961
ENSG00000125650	7.854751099877132
ENSG00000125651	9.89087223954207
ENSG00000088247	9.817500758099039
ENSG00000181240	6.488482874444532
ENSG00000125648	9.515896914309332
ENSG00000130545	7.774064557541699
ENSG00000205744	7.433575644334701
ENSG00000104833	11.401314845426151
ENSG00000125657	8.435284281765792
ENSG00000125726	10.203273511861237
ENSG00000125735	8.640244936222345
ENSG00000125730	13.629921057324443
ENSG00000125734	9.702776156687715
ENSG00000125733	9.812819073781654
ENSG00000125731	7.102238193930738
ENSG00000141968	7.718622879167207
ENSG00000174837	8.234231295451828
ENSG00000196589	3.106483508551808
ENSG00000237247	1.2023387817065843
ENSG00000205718	0.5946981577977861
ENSG00000230522	3.4334948493156547
ENSG00000182315	3.007224395171177
ENSG00000130544	7.481078396964662
ENSG00000171105	9.057037559834244
ENSG00000263264	8.00662639821304
ENSG00000268861	2.948689201512494
ENSG00000104880	7.224075579463077
ENSG00000104883	9.604914389029002
ENSG00000198723	6.7865963618908065
ENSG00000267952	2.920995268581018
ENSG00000198816	10.743993383198136
ENSG00000090674	9.16278441567616
ENSG00000268614	1.5561831336594052
ENSG00000032444	9.910068371761701
ENSG00000076826	10.295238042808808
ENSG00000076924	10.23596947499458
ENSG00000229833	9.269066979560412
ENSG00000268400	2.5631743670447817
ENSG00000174788	9.966323361114902
ENSG00000076944	9.001640166324567
ENSG00000104918	9.164056617957609
ENSG00000183019	9.612095468367949
ENSG00000269711	2.7967884732787858
ENSG00000181029	6.821455119102458
ENSG00000104921	8.45787646892854
ENSG00000182566	8.87098112422465
ENSG00000090659	9.337175070723644
ENSG00000104938	7.9372266739794775
ENSG00000142459	7.340118758885467
ENSG00000183248	9.097235683587515
ENSG00000171017	5.145828546459244
ENSG00000076984	7.3002964469399085
ENSG00000260001	6.620065381734443
ENSG00000104976	10.34528947122191
ENSG00000178531	11.59013768951225
ENSG00000104980	7.495942628524451
ENSG00000066044	7.334188381127912
ENSG00000131142	15.17770727034073
ENSG00000142449	7.491078762157393
ENSG00000090661	9.030483990839686
ENSG00000167775	9.690488238414137
ENSG00000167774	2.5203989284865953
ENSG00000267855	7.880195728943098
ENSG00000233927	13.018588580451988
ENSG00000186994	7.703903573444664
ENSG00000167772	12.200355166910956
ENSG00000185236	10.47248588160153
ENSG00000099785	8.515556267762648
ENSG00000099783	8.822013230208205
ENSG00000133246	9.52511346378342
ENSG00000133250	8.030742411919197
ENSG00000142347	8.76248773945079
ENSG00000142303	7.566691801273334
ENSG00000268480	5.551388253885431
ENSG00000181786	9.46107011403305
ENSG00000181733	5.048822284104995
ENSG00000167785	7.08795276626115
ENSG00000170948	7.050936965225225
ENSG00000181143	9.524478265582642
ENSG00000170929	4.325960306048669
ENSG00000170923	7.277894902002622
ENSG00000161807	2.9068719165975803
ENSG00000170920	6.021532959267795
ENSG00000130803	9.764518631664354
ENSG00000188000	3.7457608963826274
ENSG00000174667	7.3018440251330725
ENSG00000237521	6.320465278320339
ENSG00000196110	6.16807691288065
ENSG00000188321	8.173405279347184
ENSG00000270011	4.391340289716902
ENSG00000188629	4.000901402741532
ENSG00000174652	7.503550561002266
ENSG00000198028	8.080511864861545
ENSG00000130818	7.370644531988134
ENSG00000197961	8.359714868674034
ENSG00000171469	7.639424031189136
ENSG00000171466	6.736718027128009
ENSG00000196605	6.620334633959302
ENSG00000127452	8.451699971886706
ENSG00000198258	10.488915145397772
ENSG00000127445	8.19781854691755
ENSG00000105088	11.317216919963007
ENSG00000080573	10.164981529309223
ENSG00000080511	8.118420605131533
ENSG00000130813	8.468420401864552
ENSG00000130812	7.202983197575079
ENSG00000243207	1.3552742943167888
ENSG00000130810	7.511752653767379
ENSG00000244165	6.957346087263684
ENSG00000130811	10.946059810223467
ENSG00000130816	8.472913077941543
ENSG00000267534	8.44149525372943
ENSG00000105364	8.767127210239263
ENSG00000090339	11.9895128853122
ENSG00000105376	8.77046753180265
ENSG00000220201	9.871936089089736
ENSG00000167807	3.7254402054869775
ENSG00000267673	7.196725060786028
ENSG00000267303	1.5914236856121984
ENSG00000161847	8.341898846739028
ENSG00000076662	6.9763522623809155
ENSG00000105397	9.172620884388751
ENSG00000105401	10.712415232699847
ENSG00000065989	7.403768849578155
ENSG00000079999	9.935914907371263
ENSG00000180739	9.029684692282068
ENSG00000130734	8.847091245185496
ENSG00000129347	8.695524270456449
ENSG00000129355	9.191728470717786
ENSG00000129354	11.045253832163729
ENSG00000129353	10.834038473777818
ENSG00000129351	9.104469149847535
ENSG00000213339	8.923894153052009
ENSG00000079805	8.381400523600561
ENSG00000099203	9.177106978553647
ENSG00000214212	7.674261228391696
ENSG00000142453	9.1832621075616
ENSG00000130733	9.747268040312006
ENSG00000142444	9.288176780385161
ENSG00000127616	8.930065773250787
ENSG00000130164	10.906600973920506
ENSG00000161888	8.271968808537407
ENSG00000197256	10.78784250490389
ENSG00000130158	9.012065787873997
ENSG00000130173	11.348774044506817
ENSG00000130167	8.80025280637239
ENSG00000105514	9.138270703076254
ENSG00000105518	10.992767411969984
ENSG00000183401	7.436295119839363
ENSG00000105520	9.854918189773626
ENSG00000173928	6.2620622735915825
ENSG00000187266	9.28634665352649
ENSG00000205517	10.058231817839253
ENSG00000198003	7.206291688259233
ENSG00000130175	11.935039519693692
ENSG00000196361	9.396323625843168
ENSG00000267477	0.765621988201295
ENSG00000161914	5.941619135492919
ENSG00000130159	9.085968297381003
ENSG00000130176	13.613726506153254
ENSG00000130165	8.438923927090801
ENSG00000198551	7.438256852120059
ENSG00000102575	13.370487329563518
ENSG00000197933	6.789811411648216
ENSG00000197044	7.300096275051424
ENSG00000177599	6.310132498793955
ENSG00000171295	7.262379254845557
ENSG00000171291	6.668528393725055
ENSG00000198429	7.402059729716555
ENSG00000196757	7.620451403048309
ENSG00000267179	2.5920659943971684
ENSG00000197054	4.8903227287836835
ENSG00000197647	6.58391015187168
ENSG00000257355	3.112862614936496
ENSG00000257446	5.749133306725376
ENSG00000223547	6.745251736505378
ENSG00000132010	5.183486514459391
ENSG00000213297	1.4158180916653709
ENSG00000257591	3.596935142387232
ENSG00000196646	6.955257225757643
ENSG00000197857	7.495302760809518
ENSG00000188868	6.070103815008265
ENSG00000198342	5.310028136798294
ENSG00000196466	5.905617352422191
ENSG00000268870	2.7834799153210055
ENSG00000180855	6.833686114342437
ENSG00000269755	3.350491317679805
ENSG00000242852	4.534808661231747
ENSG00000196826	0.2690862311528699
ENSG00000249709	5.091034157929556
ENSG00000269693	4.806290042256859
ENSG00000188033	5.484979778471428
ENSG00000173875	7.406957574340595
ENSG00000269242	8.833657690614277
ENSG00000104774	8.844834804385272
ENSG00000269590	1.3451641666184235
ENSG00000123154	6.737069368447428
ENSG00000105583	10.122317073946869
ENSG00000095059	9.259260319695025
ENSG00000132004	8.882742194265964
ENSG00000105576	8.749290574420176
ENSG00000123144	10.91794317049212
ENSG00000198356	10.413983915904852
ENSG00000039987	7.999436337152084
ENSG00000095066	7.997179480937621
ENSG00000171223	13.29217781631975
ENSG00000167815	11.74458110473478
ENSG00000104889	10.169222133956115
ENSG00000132026	8.872779739701409
ENSG00000105613	9.367414751246828
ENSG00000105612	9.309497324766998
ENSG00000105610	9.338868181909957
ENSG00000105607	7.625651549138745
ENSG00000161860	6.349082146391089
ENSG00000179115	9.44036539328282
ENSG00000179218	13.088333093842817
ENSG00000179262	10.714108795329158
ENSG00000179271	10.54673712090976
ENSG00000179284	7.384256460015209
ENSG00000008441	10.334458087046487
ENSG00000104903	8.31217552184677
ENSG00000104907	9.249666497286404
ENSG00000160877	10.878630219255182
ENSG00000104915	9.848279721001632
ENSG00000160888	11.14251421108335
ENSG00000141837	8.883865154509795
ENSG00000104957	8.919949975987947
ENSG00000037757	8.353264258796354
ENSG00000104979	11.886121468535894
ENSG00000132003	9.004640674743914
ENSG00000187556	11.949470096985227
ENSG00000132016	8.98596316240209
ENSG00000132024	9.35475932058377
ENSG00000132000	8.22308759746794
ENSG00000132017	9.389201712154534
ENSG00000132005	7.687012081317272
ENSG00000171136	5.06607728092496
ENSG00000104998	8.779319857169149
ENSG00000187867	8.028660184849688
ENSG00000141854	9.76121189864962
ENSG00000188032	5.76659516172927
ENSG00000141858	9.30496792200906
ENSG00000072062	9.088594487026628
ENSG00000105011	9.31240331932259
ENSG00000072071	8.546357545618733
ENSG00000123146	10.128626819815183
ENSG00000123136	9.465062821544524
ENSG00000123143	10.608892961288246
ENSG00000160951	8.048348010198312
ENSG00000123159	10.295466596983054
ENSG00000132002	14.055875526996033
ENSG00000099797	11.090117654855124
ENSG00000099795	13.659509022321224
ENSG00000187912	8.094424467844762
ENSG00000131355	6.313351383647591
ENSG00000160961	6.204375511319093
ENSG00000127507	8.362508809700378
ENSG00000127530	5.982482496383864
ENSG00000188269	6.123938507445235
ENSG00000127515	4.774349426635563
ENSG00000185385	2.5228065642374222
ENSG00000127529	6.057619747351793
ENSG00000105143	8.11281489306417
ENSG00000160994	6.310521900369323
ENSG00000105141	12.776307326802538
ENSG00000094661	2.2842795998853846
ENSG00000105137	8.47012364778841
ENSG00000105135	9.752698681900576
ENSG00000074181	12.119299851292876
ENSG00000105131	9.354226766907846
ENSG00000141867	8.813351190139207
ENSG00000105127	7.5213061892078
ENSG00000011243	8.868205226977437
ENSG00000011451	8.05366306111034
ENSG00000105122	7.503066842009746
ENSG00000161031	10.028990341293119
ENSG00000171954	9.155781734150281
ENSG00000186526	11.71681946132995
ENSG00000186529	9.406238213231084
ENSG00000186204	9.222202205165198
ENSG00000171942	2.697401616211577
ENSG00000171936	3.3979237764311607
ENSG00000172519	3.7556818204934053
ENSG00000186723	4.81802712229728
ENSG00000186115	9.171778850526808
ENSG00000171903	10.439925197745792
ENSG00000176231	1.72135515012011
ENSG00000167460	11.600055336510948
ENSG00000167461	8.308121184793292
ENSG00000196684	9.937306922309965
ENSG00000141977	5.688900499361757
ENSG00000105058	10.053726971494765
ENSG00000072958	6.686004454961191
ENSG00000127528	10.545702755360063
ENSG00000127527	7.263457797577814
ENSG00000269058	8.169423978676072
ENSG00000141979	1.996652485424338
ENSG00000105072	6.545303265663211
ENSG00000085872	9.03340428109202
ENSG00000127526	8.840693015927103
ENSG00000105085	6.567575868524113
ENSG00000268790	2.152227605963681
ENSG00000214046	7.866383644296428
ENSG00000072954	8.765956033089786
ENSG00000188039	7.335150049009064
ENSG00000127511	7.94889522767084
ENSG00000127533	9.183635381473218
ENSG00000160111	8.87528859822269
ENSG00000131351	9.615145393603372
ENSG00000099331	8.469956084495537
ENSG00000053501	8.631841470501383
ENSG00000099330	9.000378054626044
ENSG00000160113	11.500618277871911
ENSG00000269095	0.783622421093688
ENSG00000130307	6.099926350556032
ENSG00000105393	9.847722572203764
ENSG00000269307	0.34635493379365095
ENSG00000160117	6.918562267536169
ENSG00000127220	9.179316986746185
ENSG00000130312	10.06887740621239
ENSG00000130311	9.198481079775915
ENSG00000074855	7.926463832936549
ENSG00000130299	7.638771978730713
ENSG00000130300	12.240390410955492
ENSG00000269720	7.061716968404985
ENSG00000130303	13.950959580564176
ENSG00000141971	9.197123156422018
ENSG00000188051	8.220733172595585
ENSG00000269035	0.7908146612202761
ENSG00000171773	6.10877004608896
ENSG00000130304	7.7455575001283705
ENSG00000130313	10.329824717688572
ENSG00000167483	7.261785889201386
ENSG00000130309	9.59719554601766
ENSG00000130477	8.127220550488074
ENSG00000130479	9.012174821684836
ENSG00000130475	7.094763803560561
ENSG00000179913	9.848817761232409
ENSG00000248099	13.002111776479852
ENSG00000105639	8.674258120046739
ENSG00000105640	13.190848956447848
ENSG00000105641	10.7619392999113
ENSG00000007080	9.871286696211122
ENSG00000105642	7.311975314461157
ENSG00000105643	9.861707286585856
ENSG00000096996	5.782710178099663
ENSG00000099308	8.574688142323625
ENSG00000268173	1.476818866300717
ENSG00000105647	7.271463027904375
ENSG00000216490	11.769011321097015
ENSG00000254858	7.995632803624012
ENSG00000105649	10.125413470483315
ENSG00000105650	6.754500264788474
ENSG00000130518	7.67369387268551
ENSG00000130522	11.976178300884108
ENSG00000130520	9.47401718360818
ENSG00000130517	7.773652018207842
ENSG00000130513	13.133870154043533
ENSG00000175489	9.057555016785937
ENSG00000130511	9.184242347558497
ENSG00000105655	11.155341913646376
ENSG00000105656	7.0
ENSG00000105701	11.003811535635784
ENSG00000105700	8.219315295998566
ENSG00000221983	11.408856020967704
ENSG00000006016	11.855471087500103
ENSG00000006015	8.53605290024021
ENSG00000105696	10.388017285345136
ENSG00000167487	7.102040098894886
ENSG00000105662	7.7820153350041945
ENSG00000105664	12.738280828017205
ENSG00000005007	8.521792010787852
ENSG00000223802	8.39614398358261
ENSG00000105669	9.990160057845687
ENSG00000268193	1.8418594706041977
ENSG00000105671	8.748067734902733
ENSG00000051128	8.738840651909376
ENSG00000064607	8.552284839943512
ENSG00000105676	7.874149560474059
ENSG00000181035	7.65116797955774
ENSG00000064545	8.164449790910147
ENSG00000213999	8.181010806099382
ENSG00000064489	4.341134096226496
ENSG00000254901	5.672273164871367
ENSG00000064490	9.614484669694606
ENSG00000184162	9.027528120128236
ENSG00000130287	12.051253510109234
ENSG00000187664	7.425425734590699
ENSG00000213996	8.412753986141182
ENSG00000105705	6.462630462120764
ENSG00000129933	7.38268523381754
ENSG00000167491	8.005913495025645
ENSG00000178093	10.584962500721156
ENSG00000186010	10.735389378016984
ENSG00000258674	5.042917069751686
ENSG00000250067	8.94865924556015
ENSG00000160161	11.091414100227796
ENSG00000105717	7.3750394313469245
ENSG00000064547	8.091167354845467
ENSG00000089639	8.415582177146874
ENSG00000105726	7.8474065866801705
ENSG00000181896	6.602212612492791
ENSG00000105708	6.224164016109607
ENSG00000081665	6.690527950030976
ENSG00000256771	6.9543583176069825
ENSG00000184635	6.7363334588628305
ENSG00000197124	6.342904761520647
ENSG00000213988	7.204819268523971
ENSG00000256229	9.144707761866739
ENSG00000237440	8.06913878350141
ENSG00000188171	7.121982907532311
ENSG00000160229	7.648112459430372
ENSG00000105750	6.032321287057878
ENSG00000118620	5.923845318990571
ENSG00000160352	6.613234325435268
ENSG00000196705	6.7484439724377925
ENSG00000182141	6.651371556493747
ENSG00000172687	7.774109399117151
ENSG00000196268	6.5005312109801014
ENSG00000269237	0.6574990795989446
ENSG00000197013	6.318398922871335
ENSG00000197020	6.278855799878999
ENSG00000198521	7.458957004089652
ENSG00000160321	4.853011562087838
ENSG00000197134	6.2826734893390626
ENSG00000196109	6.744453779567538
ENSG00000196350	6.259222709786566
ENSG00000197360	6.285851444344295
ENSG00000229676	4.829495432830592
ENSG00000213973	5.115494796737109
ENSG00000268696	5.839227841251168
ENSG00000269067	6.149586588101722
ENSG00000183850	5.915788174930501
ENSG00000196081	6.328117448820306
ENSG00000167232	9.642520128454118
ENSG00000197372	8.834647243052782
ENSG00000196172	7.577069320341393
ENSG00000213967	6.734720070769832
ENSG00000213096	7.997586055702362
ENSG00000169021	10.859123907362596
ENSG00000187135	8.478802602188752
ENSG00000105171	9.228003765296403
ENSG00000166289	9.976371632974532
ENSG00000131943	9.351099058848293
ENSG00000105173	10.190003515575206
ENSG00000105176	10.490917165225968
ENSG00000198597	6.004031164956459
ENSG00000121297	7.955877018990361
ENSG00000168813	6.803892530106194
ENSG00000178904	7.351234659999293
ENSG00000105185	9.93904514902456
ENSG00000105186	8.403424011043045
ENSG00000186326	4.706838421806956
ENSG00000213965	8.607105277456881
ENSG00000173809	8.270773873504783
ENSG00000021488	9.497990030067976
ENSG00000121289	7.941910032331739
ENSG00000131944	7.475676145216538
ENSG00000131941	10.105211282253475
ENSG00000076650	6.990120837314881
ENSG00000166359	5.898208352508718
ENSG00000130881	8.744610331397658
ENSG00000130876	8.831407829162565
ENSG00000245848	10.227824935661308
ENSG00000153879	8.89394059539168
ENSG00000124299	9.732042129173493
ENSG00000124302	8.659101258530567
ENSG00000153885	8.000171826363198
ENSG00000257103	9.361742424062996
ENSG00000166398	6.969242604434498
ENSG00000105220	10.4455331772844
ENSG00000266953	1.4422092382596856
ENSG00000126249	7.438361494898197
ENSG00000126261	11.16426115556706
ENSG00000142279	6.13822672337797
ENSG00000205209	5.653617298522368
ENSG00000089335	9.272512278579022
ENSG00000197841	6.108479817234423
ENSG00000153896	5.341300386937261
ENSG00000168661	6.678525598193269
ENSG00000180884	7.375861587464101
ENSG00000089351	10.54502314361374
ENSG00000105711	8.261624835579122
ENSG00000105707	11.703737044444068
ENSG00000089356	13.068903610927839
ENSG00000153902	10.57979497126661
ENSG00000266964	9.899356922923111
ENSG00000221946	9.25171909260596
ENSG00000089327	11.709602570446918
ENSG00000177558	9.144658242831882
ENSG00000105699	12.239825805837759
ENSG00000105698	11.018849212022044
ENSG00000105697	12.221587121264806
ENSG00000105695	11.213104219641906
ENSG00000012124	9.517669388133811
ENSG00000126266	7.401586470953417
ENSG00000185897	4.255399163205536
ENSG00000126251	2.789968178272435
ENSG00000126262	8.711805618507274
ENSG00000188508	13.69381361776131
ENSG00000161249	12.19537220740274
ENSG00000189001	13.463061435482047
ENSG00000105679	10.059344460824425
ENSG00000105677	10.627300090585148
ENSG00000105675	12.675074920385445
ENSG00000249115	8.212202640203596
ENSG00000126254	10.973888493674723
ENSG00000105672	6.405992359675837
ENSG00000126267	12.773967618132787
ENSG00000105668	12.62211965808041
ENSG00000011590	7.842978831788326
ENSG00000272333	8.853884504193399
ENSG00000126246	6.349259109904453
ENSG00000267120	1.6802545205739035
ENSG00000161265	7.731319031025064
ENSG00000205155	9.97796186978987
ENSG00000188223	3.345244279242648
ENSG00000267796	6.283076412594209
ENSG00000004776	13.00677308591887
ENSG00000167595	7.486277921031105
ENSG00000004777	8.20818729938904
ENSG00000250799	9.556158664546299
ENSG00000161270	8.745411061041215
ENSG00000126259	10.642553454619572
ENSG00000105290	11.500343969270403
ENSG00000167604	8.020146573111777
ENSG00000126264	9.698232370309302
ENSG00000011600	11.457852777669993
ENSG00000126243	8.419461225366101
ENSG00000205138	8.105186077682417
ENSG00000181392	7.804120220694907
ENSG00000239382	5.3957483281790335
ENSG00000105270	10.309049593574263
ENSG00000161277	8.100709583068289
ENSG00000075702	7.778734244117836
ENSG00000105261	8.532402898233913
ENSG00000105258	9.877308084926913
ENSG00000105254	9.288881773005002
ENSG00000126247	10.999839770405098
ENSG00000161281	11.256798386079389
ENSG00000196357	5.381629467033664
ENSG00000167635	9.674865906272974
ENSG00000142065	5.799304062359407
ENSG00000181007	5.2472131247276
ENSG00000186017	6.302794381373531
ENSG00000254004	7.629111011410872
ENSG00000186020	7.038111321769033
ENSG00000161298	5.932864335305521
ENSG00000197808	5.854594477405472
ENSG00000189042	6.228540699512767
ENSG00000267041	6.6532467439870295
ENSG00000197863	6.744477358249979
ENSG00000251247	5.51686826473115
ENSG00000185869	5.741008685747573
ENSG00000198453	5.83278714153479
ENSG00000197050	6.766685687726562
ENSG00000267360	2.3496025601763253
ENSG00000196967	5.161729740768204
ENSG00000245680	7.038116364625814
ENSG00000188283	5.899223322366901
ENSG00000181666	8.529107920370217
ENSG00000189164	5.822161988295063
ENSG00000196437	7.215488612835745
ENSG00000171827	6.827512672402015
ENSG00000188227	6.274473369915624
ENSG00000171817	6.701826258412055
ENSG00000180479	6.490055901718942
ENSG00000120784	5.842627913139584
ENSG00000196381	5.399671636536961
ENSG00000267552	2.8500779790551425
ENSG00000198182	6.787440650824298
ENSG00000189144	5.603682760960035
ENSG00000171804	5.920055054806967
ENSG00000105738	8.735682789335474
ENSG00000011332	6.729875523901901
ENSG00000167642	12.203651814823806
ENSG00000167641	10.884666569434835
ENSG00000267748	7.598788430229277
ENSG00000167645	8.969245729265745
ENSG00000167644	13.324108718166094
ENSG00000099337	8.528683360055918
ENSG00000099338	7.392452680939683
ENSG00000099341	10.858923443306955
ENSG00000179168	8.537218400538595
ENSG00000188766	7.487726003007646
ENSG00000130244	6.993264550018126
ENSG00000171777	8.154113483105348
ENSG00000196218	9.591828551771416
ENSG00000104814	8.791346145575403
ENSG00000178982	11.174652807812885
ENSG00000130402	12.920441900428601
ENSG00000182472	8.40173284952262
ENSG00000205076	12.65561045120498
ENSG00000178934	13.42918242578245
ENSG00000171747	13.081986923228078
ENSG00000104823	11.194291688019716
ENSG00000268083	1.5400649925496923
ENSG00000104824	9.052734710806279
ENSG00000187994	7.662343293983673
ENSG00000068903	10.377021293999617
ENSG00000104825	9.210533322612758
ENSG00000262484	12.714033445270468
ENSG00000104835	6.838331919959915
ENSG00000269547	1.2254555428021492
ENSG00000128626	9.723494965937428
ENSG00000269190	8.400763282679177
ENSG00000161243	9.313536905087478
ENSG00000183760	7.57602305087248
ENSG00000130669	9.83115011867822
ENSG00000188505	11.297924997400452
ENSG00000179751	14.54478336030191
ENSG00000197110	4.429317506299454
ENSG00000183709	5.795747924472791
ENSG00000182393	5.126992041428927
ENSG00000128011	7.58503505686278
ENSG00000130755	10.889950471824822
ENSG00000179134	10.197193474940734
ENSG00000006712	10.541916525945458
ENSG00000063322	10.126574996274305
ENSG00000128016	13.973966366904202
ENSG00000090924	8.882694620725553
ENSG00000105193	14.603622866326312
ENSG00000196235	10.101209796215041
ENSG00000105197	9.037205227394802
ENSG00000090932	11.29776110084299
ENSG00000186838	6.9101611105001846
ENSG00000176401	7.021879128026311
ENSG00000176396	8.889930339390745
ENSG00000105198	8.086383189493741
ENSG00000249861	6.280448471469484
ENSG00000006659	12.406980838268028
ENSG00000105205	11.806303158061027
ENSG00000213921	5.640889933021638
ENSG00000105204	9.47750057239441
ENSG00000105202	12.247850105531718
ENSG00000275395	12.125765462583493
ENSG00000013275	11.557767006586449
ENSG00000187187	6.198461145175872
ENSG00000128000	7.780296463095845
ENSG00000197782	6.478641320011248
ENSG00000130758	8.145600055760008
ENSG00000174521	9.279842693520347
ENSG00000105219	8.168403389969956
ENSG00000105221	9.17449097776751
ENSG00000160392	9.187618933217603
ENSG00000105223	12.781339287058344
ENSG00000160396	6.467768557262527
ENSG00000105227	9.443769216660574
ENSG00000197019	9.651054808535866
ENSG00000167565	9.517342905088208
ENSG00000090013	10.950948019423569
ENSG00000160460	7.563768278452033
ENSG00000160410	10.507042103668965
ENSG00000090006	11.010623894654413
ENSG00000105245	8.867903703993887
ENSG00000123815	7.927330816361842
ENSG00000086544	10.146363888015129
ENSG00000188493	7.950450657214498
ENSG00000077312	8.891818382084818
ENSG00000261857	10.368422411288892
ENSG00000268975	3.8067550992759758
ENSG00000167578	7.527477006060396
ENSG00000171570	1.386812237496637
ENSG00000269858	8.796688594464145
ENSG00000268797	0.5086876502128233
ENSG00000255974	13.065127416809853
ENSG00000198077	12.486246906824805
ENSG00000197408	12.173989374166535
ENSG00000197838	8.725132174323502
ENSG00000197446	7.479999608963615
ENSG00000167600	10.441652838642998
ENSG00000167601	11.75021564120654
ENSG00000105323	9.838497783221767
ENSG00000105329	10.035875875835009
ENSG00000142039	7.868754147163683
ENSG00000255730	2.8245107720510103
ENSG00000142046	9.12361383411578
ENSG00000123810	7.620672114820027
ENSG00000077348	8.972233888116357
ENSG00000248098	7.872213143975773
ENSG00000177191	8.031770114160672
ENSG00000105341	7.387742673615356
ENSG00000204978	7.0754678396045
ENSG00000007129	7.4044913939099235
ENSG00000105352	8.109426278166989
ENSG00000007306	12.783027046869062
ENSG00000105388	13.627056207050178
ENSG00000267881	6.359191876558566
ENSG00000086548	14.079352366150955
ENSG00000170956	6.138574288567074
ENSG00000273111	8.643495470922767
ENSG00000142025	7.00337736020232
ENSG00000105372	12.860123196264011
ENSG00000105369	11.86036207151641
ENSG00000076928	8.711150711243256
ENSG00000268041	7.168413707446447
ENSG00000105404	10.511620431428456
ENSG00000105409	10.494175060613985
ENSG00000105737	7.754243821002566
ENSG00000105732	7.1137620550194764
ENSG00000028277	9.459457880990485
ENSG00000160570	9.384567923173826
ENSG00000167625	6.188770565449673
ENSG00000105723	8.83044809660056
ENSG00000268643	2.018366610715673
ENSG00000105722	9.380211762970678
ENSG00000079432	9.07625697531517
ENSG00000079462	11.422391015275942
ENSG00000188368	6.186254615849423
ENSG00000167619	9.232660756790276
ENSG00000105429	7.636578385518107
ENSG00000105427	14.218093206733599
ENSG00000079435	10.602698865017965
ENSG00000189377	13.357764006245693
ENSG00000079385	10.630753439475535
ENSG00000124469	8.268727113907328
ENSG00000221826	8.574895708460707
ENSG00000124467	6.8094353130149425
ENSG00000231924	8.610156534750148
ENSG00000170848	8.003732844528646
ENSG00000221878	4.6465206434814945
ENSG00000243130	6.972167978173727
ENSG00000242221	5.991251640434604
ENSG00000204941	9.167208701062687
ENSG00000243137	9.124562305423812
ENSG00000183668	7.087113911558366
ENSG00000204936	12.616355700353465
ENSG00000131126	8.90327934205614
ENSG00000124466	13.003905691294689
ENSG00000176531	7.508369705521319
ENSG00000105755	10.364237441136073
ENSG00000176472	5.6706002387984205
ENSG00000073050	8.20339242046609
ENSG00000268361	2.6452192903397527
ENSG00000234465	6.995010087969023
ENSG00000167378	6.837147327433998
ENSG00000124444	6.62111669748034
ENSG00000226763	8.350939181546432
ENSG00000131116	9.204039585943075
ENSG00000105767	11.362334111108638
ENSG00000011422	10.588143321814531
ENSG00000124449	9.426684081849618
ENSG00000105771	7.2565517508811
ENSG00000104783	10.243687812447655
ENSG00000159871	7.790033370293097
ENSG00000167637	6.791816627828458
ENSG00000176222	7.446708949837369
ENSG00000124459	7.3217431904189265
ENSG00000159905	5.065569849852197
ENSG00000204920	5.689779809738821
ENSG00000159882	5.3137811501714
ENSG00000159885	6.49853680838603
ENSG00000267022	0.28033015182092147
ENSG00000178386	4.584427128503283
ENSG00000186026	5.566631672842043
ENSG00000267680	6.015470807639381
ENSG00000256294	5.250767024489333
ENSG00000263002	7.498385926557148
ENSG00000167380	6.116111523694266
ENSG00000131115	7.686822873394698
ENSG00000159917	5.708479965993206
ENSG00000159915	5.899276911402435
ENSG00000062370	6.5234017558886865
ENSG00000267173	0.46469945873779367
ENSG00000267508	4.953008035633368
ENSG00000278318	6.3957263484588855
ENSG00000167384	6.858332197689401
ENSG00000273777	9.551228171523254
ENSG00000216588	9.193590569493441
ENSG00000073008	11.423998348918976
ENSG00000186567	7.1194527064517255
ENSG00000213892	7.2500520051122725
ENSG00000069399	12.5048553083259
ENSG00000142273	11.385330615826923
ENSG00000187244	13.601091897158554
ENSG00000130202	10.284943309006472
ENSG00000130204	10.16304103595694
ENSG00000130203	15.406653872867947
ENSG00000130208	15.39857275513452
ENSG00000267467	9.819061398558471
ENSG00000224916	7.550599177557992
ENSG00000234906	12.689779629377275
ENSG00000104853	9.923979974170589
ENSG00000104856	10.051727516700439
ENSG00000104859	7.6997459479710075
ENSG00000170684	7.816621471048149
ENSG00000142252	8.437835269127016
ENSG00000007047	8.376012281993834
ENSG00000104866	8.429162105377555
ENSG00000179846	6.373822187221653
ENSG00000007255	11.2463690981454
ENSG00000189114	9.160683471438935
ENSG00000104879	15.034415319325452
ENSG00000104892	7.24412594328373
ENSG00000104884	7.332127450351023
ENSG00000104881	9.05913867256137
ENSG00000117877	7.007812910536751
ENSG00000012061	8.381487403977983
ENSG00000125740	13.377218869514673
ENSG00000125744	8.602633625461216
ENSG00000213889	8.040208832904273
ENSG00000125753	9.843992154917496
ENSG00000125741	6.218724957417801
ENSG00000177464	8.471675214392045
ENSG00000125746	7.212374787567268
ENSG00000010310	7.905002093024381
ENSG00000125743	13.031768981714432
ENSG00000011478	10.233276335100443
ENSG00000177051	8.429482852072882
ENSG00000237452	5.586019404638081
ENSG00000177045	7.514506900490754
ENSG00000104936	9.460455896309636
ENSG00000268434	2.3018954051878047
ENSG00000185800	8.003101214284877
ENSG00000104941	7.259272487037594
ENSG00000125755	8.87734028662071
ENSG00000170608	10.554689069445036
ENSG00000170604	10.080521369390588
ENSG00000176182	8.06879006237925
ENSG00000188425	4.904002316283692
ENSG00000104967	6.253181611183171
ENSG00000104983	7.720146583346825
ENSG00000008438	8.409174553097337
ENSG00000204869	5.420549772116318
ENSG00000188624	9.582824815069374
ENSG00000204866	9.531496696432031
ENSG00000188293	12.901005809417812
ENSG00000124440	8.263034405833794
ENSG00000011485	8.208033622466104
ENSG00000169515	9.158012298364861
ENSG00000277531	7.4213341652375915
ENSG00000182013	8.984167372028145
ENSG00000230510	3.6237082443829807
ENSG00000204851	8.060155495254604
ENSG00000160014	11.654636028527968
ENSG00000160013	9.081882836898666
ENSG00000167414	12.212799370175722
ENSG00000197380	8.639649989352856
ENSG00000105287	7.558042545852056
ENSG00000090372	7.868022236140303
ENSG00000181027	5.963516827407354
ENSG00000105281	12.053717023991386
ENSG00000042753	10.53754174171679
ENSG00000160007	8.365957972592124
ENSG00000130751	6.861933676133139
ENSG00000130748	9.436519045412378
ENSG00000130749	6.670531345048889
ENSG00000142230	9.435421352771186
ENSG00000105327	7.546122758857796
ENSG00000105321	7.180387215159419
ENSG00000257704	9.545511107376571
ENSG00000197405	9.980137366540962
ENSG00000134830	8.18211220309469
ENSG00000134815	6.997744026059632
ENSG00000105419	8.61155887827287
ENSG00000118160	8.842664621825003
ENSG00000118162	6.9827300605995735
ENSG00000105402	8.342519189660608
ENSG00000118156	6.268284666520996
ENSG00000063169	6.109860165873615
ENSG00000024422	10.125902889189213
ENSG00000105373	11.336506559810255
ENSG00000178980	10.618385502258606
ENSG00000178928	4.446702387215334
ENSG00000105392	7.62961610881909
ENSG00000105398	13.109283128823177
ENSG00000188334	4.692246400770832
ENSG00000169393	8.579973088088899
ENSG00000105507	9.114600032828626
ENSG00000105499	7.0365539628181
ENSG00000105486	7.448353725039081
ENSG00000185453	5.996769795275772
ENSG00000105483	7.639465275936339
ENSG00000178150	9.340828180546001
ENSG00000105479	8.540321805964151
ENSG00000142227	12.111902989713943
ENSG00000161558	6.172527518700002
ENSG00000105467	9.397442117838727
ENSG00000105438	10.56249776454565
ENSG00000105464	7.601294650593892
ENSG00000105447	7.060499341937756
ENSG00000182324	5.34811001609408
ENSG00000268465	0.9349773904002755
ENSG00000105443	8.50303064564116
ENSG00000142235	7.254672407564717
ENSG00000088002	9.718875314960192
ENSG00000105523	8.695875187824676
ENSG00000177202	8.992088609013996
ENSG00000063177	11.993292241488547
ENSG00000063176	6.6294337271962345
ENSG00000105516	8.011786331206608
ENSG00000063180	10.216076526727877
ENSG00000142233	6.347590056627349
ENSG00000176920	8.539274032840703
ENSG00000176909	8.415534950474402
ENSG00000105538	8.459021703862302
ENSG00000182264	7.322829497628894
ENSG00000174951	9.72776582501791
ENSG00000105550	10.066095466280432
ENSG00000105552	8.572779031428187
ENSG00000087076	9.712280969115634
ENSG00000105559	9.650569606800284
ENSG00000087074	11.76445696361989
ENSG00000104804	8.164269958678881
ENSG00000104805	10.362808706669597
ENSG00000104808	7.6114172971339515
ENSG00000087088	8.73109321005638
ENSG00000087086	17.208694813061864
ENSG00000104812	8.677017066723169
ENSG00000183207	9.574147090043741
ENSG00000104826	10.186114239541643
ENSG00000268655	7.695872544925234
ENSG00000104827	9.66431564916846
ENSG00000267335	1.999564924427283
ENSG00000104818	4.897743481969722
ENSG00000267631	2.839003254613608
ENSG00000189052	11.232626359604316
ENSG00000213030	9.184468207832378
ENSG00000196337	4.021479727410452
ENSG00000225950	7.433025763579438
ENSG00000104848	5.655781417770938
ENSG00000104852	11.037546953962178
ENSG00000104863	6.60843049049933
ENSG00000221916	5.375432274072933
ENSG00000177380	7.18685706717715
ENSG00000130528	10.271463027904375
ENSG00000130529	10.069358557694995
ENSG00000063127	7.969242604434498
ENSG00000104894	9.447904533943415
ENSG00000074219	9.64293463642311
ENSG00000104901	10.220378327695228
ENSG00000161609	7.694880192799191
ENSG00000142538	5.438734804735396
ENSG00000261949	8.190986135809746
ENSG00000104888	10.642051692927977
ENSG00000104872	8.7371891037376
ENSG00000161618	7.958789674832856
ENSG00000269469	0.9037213767838571
ENSG00000090554	5.740657771623893
ENSG00000142541	14.003693816717604
ENSG00000142534	13.937836387566747
ENSG00000104870	10.415589039043955
ENSG00000142552	11.055380193926137
ENSG00000142546	8.696663658370209
ENSG00000126460	7.655068332957148
ENSG00000126464	7.916570573599489
ENSG00000126458	10.937923037326009
ENSG00000126461	9.230697723210824
ENSG00000126456	8.166793424236005
ENSG00000126453	7.86471550126847
ENSG00000126457	10.118725124175809
ENSG00000224420	7.4684204018645515
ENSG00000169169	7.382840144475236
ENSG00000126467	8.98042523154384
ENSG00000196961	8.455840485460309
ENSG00000010361	7.762215915727782
ENSG00000104973	7.975218722015602
ENSG00000104960	8.873383003449952
ENSG00000039650	7.721797464006526
ENSG00000204673	7.942608450617311
ENSG00000104946	8.00450139223494
ENSG00000104951	10.380578373156428
ENSG00000213024	7.934675130363816
ENSG00000269179	1.6498665063242792
ENSG00000169136	12.720976607680063
ENSG00000161640	8.328023225543777
ENSG00000105053	7.791814071161826
ENSG00000142528	6.608985882119409
ENSG00000161652	7.691394578538085
ENSG00000105357	9.627652803360734
ENSG00000131398	7.8740592031411465
ENSG00000131408	8.236076468467505
ENSG00000131400	13.242230752237647
ENSG00000062822	8.433094561741106
ENSG00000142539	0.23060564698577452
ENSG00000269404	10.199337640571583
ENSG00000086967	11.569682744455942
ENSG00000142530	9.6637359841313
ENSG00000161671	8.946265758796635
ENSG00000161677	8.584001140243524
ENSG00000204653	8.869774887207232
ENSG00000131409	8.679436205705999
ENSG00000213023	8.314211738035695
ENSG00000235034	8.583899560198144
ENSG00000161681	7.261154672615572
ENSG00000105472	11.42984918414094
ENSG00000142511	6.494896683312327
ENSG00000261341	7.401732849522621
ENSG00000142513	5.705282270249411
ENSG00000167747	11.013600803133432
ENSG00000167748	15.135266853097916
ENSG00000174562	7.078398881254375
ENSG00000142515	15.385370590477514
ENSG00000167751	13.1722712290547
ENSG00000167749	12.7841020430002
ENSG00000167754	11.981188799171072
ENSG00000167755	11.916979603637035
ENSG00000169035	11.468918304531222
ENSG00000129455	9.158969222280966
ENSG00000269741	8.114115078635002
ENSG00000213022	7.066089190457772
ENSG00000129451	11.251319514792309
ENSG00000167757	10.86274553007823
ENSG00000186474	11.908420127682021
ENSG00000167759	11.77231304535857
ENSG00000129437	14.211960362370837
ENSG00000142544	6.952423354482488
ENSG00000129450	7.432550662178704
ENSG00000168995	7.1512844088471805
ENSG00000105383	7.822739908699623
ENSG00000179213	6.203984165855989
ENSG00000142549	8.192718915701175
ENSG00000186806	9.943803582816717
ENSG00000105379	10.159028470147083
ENSG00000269403	4.255359074204113
ENSG00000160318	7.266786540694901
ENSG00000105374	10.803344137788537
ENSG00000105370	11.546421937604997
ENSG00000262874	6.946028989515477
ENSG00000142512	8.65452061974197
ENSG00000105366	8.004305185775259
ENSG00000213822	5.9977006143958205
ENSG00000254521	7.559372447811214
ENSG00000105492	8.430109042895596
ENSG00000105497	5.965795409303716
ENSG00000105501	8.65845205426897
ENSG00000268500	1.0607560271670373
ENSG00000254415	8.372929025788103
ENSG00000182310	7.090641751917847
ENSG00000105509	10.761850169621463
ENSG00000171051	9.215551590827081
ENSG00000171049	7.5157757682494015
ENSG00000187474	8.74056594852529
ENSG00000161551	6.641236640102104
ENSG00000198093	7.507499115031885
ENSG00000176024	6.8554059383400086
ENSG00000256683	7.3416555036687035
ENSG00000197619	7.7379998337285105
ENSG00000142556	7.021581796522448
ENSG00000256087	8.340049046936377
ENSG00000197608	7.375474830976787
ENSG00000204611	6.196449331473
ENSG00000196267	6.998438257629759
ENSG00000105568	10.279610581052484
ENSG00000196214	6.897394666618469
ENSG00000198464	7.068694250977435
ENSG00000167554	5.887691487491189
ENSG00000221923	6.885059808207168
ENSG00000167555	7.026936178604451
ENSG00000198633	4.683748396630775
ENSG00000258405	3.889653287076398
ENSG00000198482	6.9186742995511645
ENSG00000167562	5.9567217334150655
ENSG00000167766	8.746178380971411
ENSG00000213020	7.457533722777929
ENSG00000189190	6.699141884709541
ENSG00000198538	6.643464582915149
ENSG00000204604	7.643085254937715
ENSG00000182986	7.742525091267097
ENSG00000213793	7.336058035411654
ENSG00000221874	1.546123916454013
ENSG00000180257	6.632821941239012
ENSG00000269526	9.136248845494618
ENSG00000268964	8.71733239114242
ENSG00000170949	6.881080178808109
ENSG00000170954	6.0855521272092945
ENSG00000197937	5.604366598832045
ENSG00000197497	4.268742395788255
ENSG00000197928	5.571594020207716
ENSG00000196131	2.97691347822467
ENSG00000228567	2.624943040587916
ENSG00000213799	6.569921443454973
ENSG00000203326	6.936938052340553
ENSG00000196417	5.274038111337451
ENSG00000160336	8.801408704012387
ENSG00000198346	6.527153575795081
ENSG00000130844	9.073873776502385
ENSG00000204595	12.44954967252034
ENSG00000142405	6.968963855576144
ENSG00000179820	11.08470903766791
ENSG00000126583	8.850186837645774
ENSG00000105605	8.681912973833038
ENSG00000142408	8.014578464922891
ENSG00000130433	9.148865640291497
ENSG00000189068	8.23887233013916
ENSG00000248385	6.469106545311225
ENSG00000170909	8.126427565500071
ENSG00000170906	9.941284566648626
ENSG00000105619	8.826619114080172
ENSG00000105618	9.52304525880924
ENSG00000088038	8.243053009990698
ENSG00000105617	7.407590562630112
ENSG00000167608	9.571728997469688
ENSG00000125505	9.768563289771828
ENSG00000170892	8.775639236193607
ENSG00000170889	11.963822292470455
ENSG00000204577	8.599912842187127
ENSG00000244482	8.328674927327947
ENSG00000105609	8.717907514492016
ENSG00000131042	8.614154836307819
ENSG00000187116	8.445428759238323
ENSG00000239961	7.367130586875809
ENSG00000167613	8.373445942553495
ENSG00000167614	10.273072237182326
ENSG00000167615	10.352068309350477
ENSG00000275183	8.010363370023063
ENSG00000167617	11.364731137477383
ENSG00000167618	9.284901507830117
ENSG00000239998	8.668479171817614
ENSG00000104974	7.844295844769037
ENSG00000104972	7.559950612713083
ENSG00000186818	8.58046246717918
ENSG00000242019	4.825180513020293
ENSG00000243772	5.452352629633825
ENSG00000125498	9.435677329420274
ENSG00000189013	5.958778541046911
ENSG00000167633	5.178474790516711
ENSG00000240403	6.2154400618281445
ENSG00000186431	7.9068627494211725
ENSG00000189430	6.031861946545969
ENSG00000167634	11.600350113892173
ENSG00000022556	10.166251640039507
ENSG00000088053	8.157384851128134
ENSG00000160439	6.850218733331446
ENSG00000131037	10.3409627642517
ENSG00000125503	10.25502856981873
ENSG00000105048	12.931830075592483
ENSG00000129991	13.750392958643612
ENSG00000267110	1.2374376033446783
ENSG00000167646	7.383704292474052
ENSG00000129990	8.779933759743159
ENSG00000080031	8.008383458210533
ENSG00000180089	8.130474465457887
ENSG00000105063	9.752735140236489
ENSG00000133265	9.484448727333882
ENSG00000160469	8.498649787768413
ENSG00000180061	7.718574741041353
ENSG00000133247	6.843221584315753
ENSG00000160471	8.372865060112588
ENSG00000267706	4.3391904133669685
ENSG00000180043	7.998308350354287
ENSG00000095752	8.97874221265208
ENSG00000160472	11.098523744738207
ENSG00000233493	10.393429994523006
ENSG00000108107	12.186408191398263
ENSG00000108106	9.232229132594373
ENSG00000187902	6.652513062134402
ENSG00000063241	9.051164484672006
ENSG00000197483	6.608809242675524
ENSG00000090971	9.506831393903813
ENSG00000179954	8.542835386864748
ENSG00000187550	8.4316101524989
ENSG00000231274	6.548898952865642
ENSG00000218891	8.453341951221017
ENSG00000179943	8.230417924775816
ENSG00000171443	9.523471088656692
ENSG00000261221	8.45434959011541
ENSG00000179922	8.340756247123657
ENSG00000213015	8.727154917362405
ENSG00000171425	9.103282258849044
ENSG00000173581	7.7671535128190605
ENSG00000063244	10.372779408958873
ENSG00000063245	8.164773253777748
ENSG00000185792	8.22200520016955
ENSG00000223638	6.125974786986131
ENSG00000229292	5.28552018660302
ENSG00000179873	6.075474810757141
ENSG00000160505	5.895252304931891
ENSG00000173572	4.5273742817807285
ENSG00000179709	3.9176955289001962
ENSG00000171487	7.04681122277413
ENSG00000142409	8.8609343166225
ENSG00000167685	7.298897749154964
ENSG00000197487	6.075073242662553
ENSG00000197213	5.357988443876449
ENSG00000204532	4.110196177754199
ENSG00000131848	5.421896512042248
ENSG00000267710	7.348232053063396
ENSG00000018869	4.989805510834073
ENSG00000198440	4.476466236349039
ENSG00000198046	6.5021850742163245
ENSG00000196263	6.006626531322589
ENSG00000196867	5.5163303868259375
ENSG00000197016	5.391421632158044
ENSG00000197951	8.070553569211164
ENSG00000268182	6.765353056375803
ENSG00000127903	4.533022485325616
ENSG00000269699	5.401303702134321
ENSG00000198300	9.739400037731833
ENSG00000131864	4.083213368248981
ENSG00000141946	3.2251287458145104
ENSG00000258873	6.567919345486013
ENSG00000083844	7.0187522327820595
ENSG00000105146	8.049644189984438
ENSG00000204524	6.452092155673038
ENSG00000197714	8.466510967710033
ENSG00000178229	6.839902227681057
ENSG00000131845	7.775060799592194
ENSG00000152433	5.1013979521825314
ENSG00000256060	6.90204891253757
ENSG00000268133	0.6302926953739647
ENSG00000188785	6.927319272398319
ENSG00000269533	3.5365740517649598
ENSG00000268533	5.025955585542009
ENSG00000186272	6.284885461740184
ENSG00000186230	6.6580810046542345
ENSG00000268163	2.962301753573975
ENSG00000178201	6.180990187922417
ENSG00000197128	6.455225333715881
ENSG00000105136	6.882643049361842
ENSG00000268107	3.202253456797815
ENSG00000152439	5.08578703821099
ENSG00000121406	5.699035148300513
ENSG00000251369	6.294305420494579
ENSG00000083817	6.505412183825948
ENSG00000171649	6.857378576360757
ENSG00000183647	4.968103056858482
ENSG00000213762	7.958922620866508
ENSG00000121417	6.9460520780216495
ENSG00000180532	5.813571602399431
ENSG00000204519	7.232906696786741
ENSG00000269026	3.136475362347134
ENSG00000179909	6.845962220845524
ENSG00000083814	6.878129102281463
ENSG00000152443	8.383702365628775
ENSG00000083828	8.334679725467497
ENSG00000178935	10.328701514923624
ENSG00000268750	5.069082665301005
ENSG00000269343	9.280417117253439
ENSG00000204514	7.921339753312829
ENSG00000198466	9.273053512753181
ENSG00000269476	1.9994340314230505
ENSG00000173480	6.188493655945851
ENSG00000196724	6.259212480893897
ENSG00000152454	6.632802503248906
ENSG00000177025	6.140778655782796
ENSG00000166704	6.833910198735324
ENSG00000152467	5.487056597343679
ENSG00000176293	6.148374769725249
ENSG00000121413	7.511505840267712
ENSG00000181894	7.844785920825771
ENSG00000171606	7.069138512019835
ENSG00000198131	7.521662842514697
ENSG00000278129	6.258415178575877
ENSG00000142396	9.362528022264968
ENSG00000182318	5.737514742488635
ENSG00000121410	10.16867211813223
ENSG00000174586	6.065437851284821
ENSG00000152475	6.623375467882595
ENSG00000083845	13.216529707396665
ENSG00000269855	7.282685508698959
ENSG00000171574	6.682108541150523
ENSG00000131849	5.77799909384811
ENSG00000249471	5.7300916200852745
ENSG00000083812	6.6952239542477905
ENSG00000083838	6.457966255033471
ENSG00000083807	9.398743691938193
ENSG00000119574	8.166809937488633
ENSG00000130726	11.8964305954914
ENSG00000130724	10.642452931372079
ENSG00000130725	10.273698114701679
ENSG00000099326	7.631540867341486
ENSG00000184895	5.469439487278317
ENSG00000129824	11.757663209621077
ENSG00000067646	7.025947845652791
ENSG00000176679	4.287938442946004
ENSG00000099715	5.391278772872647
ENSG00000168757	6.340664073095027
ENSG00000099721	5.219057440303587
ENSG00000092377	5.885098737785999
ENSG00000099725	6.849004880167793
ENSG00000233803	1.7325661513881208
ENSG00000229549	3.769528186856897
ENSG00000228927	5.6527432427519
ENSG00000258992	6.846832231065793
ENSG00000238074	5.80495512102549
ENSG00000236424	5.903410012920467
ENSG00000114374	7.262305980226212
ENSG00000067048	8.310612781659529
ENSG00000183878	6.933431605148966
ENSG00000154620	6.7017046068436725
ENSG00000129864	1.9509873420703925
ENSG00000129862	2.4348283564199122
ENSG00000165246	6.506816055013255
ENSG00000129873	0.4846021943722032
ENSG00000182415	0.9979065740898744
ENSG00000172468	0.2260152164029879
ENSG00000169953	0.6652108308132765
ENSG00000012817	8.072789354201609
ENSG00000198692	7.389493743644008
ENSG00000280969	7.38057506810796
ENSG00000242875	0.07423139418579203
ENSG00000234414	1.5370295383681678
ENSG00000244395	0.1354954692675739
ENSG00000242389	1.970487706851223
ENSG00000169807	0.9266108410953307
ENSG00000169800	1.427069755210786
ENSG00000226941	0.7391280334078472
ENSG00000169789	2.3133740323599365
ENSG00000183753	0.108139669537846
ENSG00000188120	4.026751037016422
ENSG00000205944	2.6368625469097573
ENSG00000169763	0.12950723554964158
ENSG00000172352	0.07783089701594731
ENSG00000183795	0.09102952332389436
ENSG00000187191	1.224084352158191
ENSG00000205916	1.2713097755291354
ENSG00000185894	0.1275540448704772
ENSG00000172288	0.10187119625717209
ENSG00000130538	1.4101117261187577
ENSG00000198062	5.5646371190014134
ENSG00000198445	6.976134472831654
ENSG00000172967	5.604664415163704
ENSG00000177663	9.291899438457795
ENSG00000183307	8.290422933724772
ENSG00000069998	7.663748737554382
ENSG00000093072	10.920587404381497
ENSG00000099954	7.1170930319317876
ENSG00000182902	8.29990006607239
ENSG00000131100	9.42537972854749
ENSG00000099968	7.4417841028582945
ENSG00000015475	8.11445803165101
ENSG00000243156	6.83541884047548
ENSG00000215193	6.139292335100251
ENSG00000183785	4.869871406177713
ENSG00000184979	8.046818351863504
ENSG00000274252	4.720825666089835
ENSG00000278558	7.48058827023386
ENSG00000275793	6.030115330908071
ENSG00000183628	7.853699839171764
ENSG00000100033	8.429666857010462
ENSG00000070413	11.136059823897266
ENSG00000100056	7.37240302731382
ENSG00000063515	5.448029374754059
ENSG00000100075	10.365132781624775
ENSG00000070371	7.249432484832046
ENSG00000100084	8.430870663548154
ENSG00000242259	6.21276386390212
ENSG00000185608	9.00118345423007
ENSG00000070010	8.359372477438683
ENSG00000093009	8.645247329984242
ENSG00000184113	10.88220596281188
ENSG00000184702	9.365228849251544
ENSG00000184058	8.92132349850862
ENSG00000185838	5.722483701236115
ENSG00000215012	7.749138322733803
ENSG00000184470	7.075841428598318
ENSG00000093010	9.824342615727783
ENSG00000099889	8.466147256649409
ENSG00000183597	7.244383225738642
ENSG00000128191	7.208067862787012
ENSG00000099899	7.969018577824788
ENSG00000099901	9.56273949056261
ENSG00000099904	8.909636444742524
ENSG00000234409	8.099084760891863
ENSG00000040608	8.436073231085462
ENSG00000128185	10.362568800430552
ENSG00000161133	6.250756555603768
ENSG00000185252	8.292460097662092
ENSG00000244486	9.407081265275412
ENSG00000277971	1.0529854886237546
ENSG00000099910	7.964485665885334
ENSG00000099917	9.446128399600987
ENSG00000241973	10.236461188107349
ENSG00000099937	11.920778857174964
ENSG00000099940	10.313728502834124
ENSG00000099942	10.504811090901994
ENSG00000183773	9.574524203763152
ENSG00000099949	9.862048534071505
ENSG00000184436	9.766960046358422
ENSG00000099957	7.277854230934639
ENSG00000099960	9.07572261519786
ENSG00000187905	7.705286790272472
ENSG00000133475	6.610729586534706
ENSG00000274600	3.4401549086803103
ENSG00000169635	8.459032820827028
ENSG00000206140	6.57969306345875
ENSG00000183246	4.056583528366367
ENSG00000185651	10.39195956780967
ENSG00000161179	9.57375241852897
ENSG00000161180	7.023477151830433
ENSG00000128228	10.204120828373586
ENSG00000100023	7.611028139543382
ENSG00000100027	8.071998580753055
ENSG00000100030	8.8189271712008
ENSG00000100034	8.073705984930266
ENSG00000100038	3.7949356628035362
ENSG00000169575	7.558371186636181
ENSG00000275004	5.9634141254802415
ENSG00000169548	6.036256365844179
ENSG00000185686	11.35797969054933
ENSG00000100121	7.813139850890455
ENSG00000254709	12.246398994074825
ENSG00000100218	5.723692860384669
ENSG00000128266	7.662278292669711
ENSG00000100228	8.398311410470294
ENSG00000186716	8.96193861367855
ENSG00000128322	11.142971822443362
ENSG00000189269	8.156335936694358
ENSG00000159496	6.103995956983265
ENSG00000187792	6.539933097248035
ENSG00000128218	11.168157916445564
ENSG00000169314	7.013012198554093
ENSG00000250479	11.02517776197151
ENSG00000099953	11.498040044864482
ENSG00000099956	11.025662366599322
ENSG00000099958	8.668888617203251
ENSG00000133460	6.344473459456363
ENSG00000251357	3.155614043137949
ENSG00000240972	11.699559157864723
ENSG00000133433	9.732172098075432
ENSG00000099974	7.019495556911799
ENSG00000099977	9.914311499968365
ENSG00000276950	6.899659026377443
ENSG00000099991	9.785854318073486
ENSG00000099994	11.5305380980648
ENSG00000099998	9.07815080773465
ENSG00000100014	8.069916045830972
ENSG00000258555	1.3626763174639875
ENSG00000128271	7.894817763307944
ENSG00000100024	8.276781797170583
ENSG00000138867	10.120893155361603
ENSG00000100028	10.07327251671005
ENSG00000178026	8.840777923595054
ENSG00000100031	9.493113311813612
ENSG00000184571	6.72203788484406
ENSG00000167037	7.061408699734372
ENSG00000206069	7.4440783619784385
ENSG00000197077	8.236565531144404
ENSG00000100053	8.269231978980855
ENSG00000244752	7.968402221924981
ENSG00000100068	6.993486806331112
ENSG00000100077	7.38144681282359
ENSG00000133454	7.77544567410286
ENSG00000100095	10.580625810559635
ENSG00000128203	7.011739381938443
ENSG00000100099	7.817225694951818
ENSG00000100104	7.163995837907652
ENSG00000100109	7.567405132744553
ENSG00000128294	7.955216824216091
ENSG00000100122	11.498492469609788
ENSG00000196431	9.687333146684807
ENSG00000169184	8.810393121966733
ENSG00000180957	8.326985153093153
ENSG00000100154	6.63840995805842
ENSG00000183765	7.535648325161676
ENSG00000100209	7.809744881460735
ENSG00000159873	7.389295807609516
ENSG00000100219	11.826548487290914
ENSG00000183579	5.50303064564116
ENSG00000100249	5.588564737401351
ENSG00000183762	7.294620748891627
ENSG00000186998	10.178123635729028
ENSG00000100263	8.350121116335254
ENSG00000182944	8.74045539698897
ENSG00000185340	7.836679463459451
ENSG00000100276	8.637149742992454
ENSG00000100280	9.196603088907391
ENSG00000128250	4.761315991832827
ENSG00000100285	12.491848289849921
ENSG00000100296	7.681836782272086
ENSG00000184117	10.578191767429852
ENSG00000186575	8.148746757829006
ENSG00000100314	9.833300805791376
ENSG00000100319	7.444597664548025
ENSG00000184076	11.552716121035393
ENSG00000100325	8.98106501807808
ENSG00000100330	5.545041683467464
ENSG00000176635	6.766860143829545
ENSG00000128342	11.509774361689601
ENSG00000099985	9.4258739855074
ENSG00000239282	7.57969306345875
ENSG00000248751	2.8615727107904165
ENSG00000099992	7.48058827023386
ENSG00000099995	8.588908089713653
ENSG00000187860	6.446752484566551
ENSG00000099999	5.875989866439432
ENSG00000100003	9.465410507866869
ENSG00000249590	0.3612956624502571
ENSG00000242114	7.665420528817613
ENSG00000100012	5.507941908262384
ENSG00000133488	7.291725733733801
ENSG00000214491	8.430870663548154
ENSG00000128242	9.688571298395342
ENSG00000100029	9.36077572772537
ENSG00000185339	10.202466212102323
ENSG00000100036	6.471060288611352
ENSG00000167065	5.669593751188333
ENSG00000184792	8.189266217946608
ENSG00000133422	7.6653359171851765
ENSG00000253352	9.010219472209387
ENSG00000183963	11.023061249735335
ENSG00000198832	10.71853287606922
ENSG00000185133	10.170554882415969
ENSG00000100078	7.138527801422274
ENSG00000138942	8.202608203091163
ENSG00000182541	8.904688086600002
ENSG00000100100	8.949723502643398
ENSG00000100105	8.250261340248592
ENSG00000185721	9.411510988012072
ENSG00000184708	6.642808102902256
ENSG00000198089	7.22013644739608
ENSG00000241878	9.205667846078459
ENSG00000183530	7.15049268826083
ENSG00000100150	7.001033325320568
ENSG00000128245	11.280817184965482
ENSG00000100170	9.93294619944721
ENSG00000205856	7.330691345527187
ENSG00000128253	7.323919786209299
ENSG00000100191	9.576373156199022
ENSG00000128276	3.6283924210725207
ENSG00000100220	10.092040913992198
ENSG00000184459	7.389738878676984
ENSG00000100225	9.35657667949578
ENSG00000185666	5.423327946503534
ENSG00000100234	12.03307880613062
ENSG00000133424	7.25256416343279
ENSG00000175329	7.425243050845932
ENSG00000100281	7.955952809322861
ENSG00000100284	8.06393211545958
ENSG00000100292	12.92393922844752
ENSG00000100297	8.771265140716938
ENSG00000100302	9.655361347896353
ENSG00000198125	13.93801142799427
ENSG00000221963	8.534913222761723
ENSG00000128313	5.517508144426367
ENSG00000100320	8.353587949195417
ENSG00000128284	7.95500146363288
ENSG00000100336	8.688345231020577
ENSG00000128335	9.916178042544715
ENSG00000100342	12.19502241410672
ENSG00000100345	12.064263457444103
ENSG00000100348	9.661632449548996
ENSG00000100350	8.85830446314168
ENSG00000100353	10.31128015550661
ENSG00000166862	5.876626253803146
ENSG00000100360	6.149137401227992
ENSG00000100362	12.0790332111514
ENSG00000100365	9.11400813046587
ENSG00000100368	9.18242802930088
ENSG00000185264	8.570994128743228
ENSG00000128311	10.800176409551277
ENSG00000128309	9.261890844270189
ENSG00000100379	8.404715826596632
ENSG00000187045	9.339766706738065
ENSG00000100385	10.466280104052693
ENSG00000133466	8.407610739767234
ENSG00000278195	7.654542772738516
ENSG00000128340	10.555769734123839
ENSG00000100055	8.24204025972484
ENSG00000166897	7.685894417265903
ENSG00000100060	8.766612437544241
ENSG00000100065	8.045664123613355
ENSG00000128283	10.86015401280497
ENSG00000100079	11.997166295343842
ENSG00000100083	8.645298163948631
ENSG00000100092	7.916052486066999
ENSG00000241360	6.31922050252387
ENSG00000100097	14.130142996514824
ENSG00000273899	6.635319079720757
ENSG00000100101	0.30310740957611326
ENSG00000100106	6.398998317058929
ENSG00000189060	12.267316963197489
ENSG00000100116	9.95005144978939
ENSG00000128310	3.9676693015290665
ENSG00000100124	7.700248532078402
ENSG00000100129	10.117643101389092
ENSG00000100139	8.5063753086855
ENSG00000128346	9.127478520098219
ENSG00000100142	6.208478242211705
ENSG00000100151	8.211401637418472
ENSG00000100156	6.535040497389203
ENSG00000128298	9.173685887286341
ENSG00000184381	8.030667136246942
ENSG00000185022	10.159871336778389
ENSG00000198792	9.286832963138796
ENSG00000213923	9.058417135776386
ENSG00000168135	8.155364767617977
ENSG00000100196	9.898141876254074
ENSG00000100201	10.717676423066395
ENSG00000100206	5.210159215027712
ENSG00000184949	5.956603604328071
ENSG00000100211	8.122185153719805
ENSG00000100216	10.140440862832575
ENSG00000100221	8.560620248140538
ENSG00000100226	7.295045873757697
ENSG00000100242	10.32026622442839
ENSG00000100246	8.134735350614292
ENSG00000221890	10.14338321398982
ENSG00000183741	8.902859709138003
ENSG00000128383	9.53430288245463
ENSG00000179750	8.659610827166878
ENSG00000244509	9.14608623900191
ENSG00000243811	6.344317380860876
ENSG00000128394	6.9425576622121845
ENSG00000239713	8.598404140125313
ENSG00000100298	5.8202772990171745
ENSG00000100307	8.470862199413702
ENSG00000100311	8.699745947971008
ENSG00000100316	13.250150350472438
ENSG00000100321	9.451417196403908
ENSG00000100324	7.721371178795535
ENSG00000128268	8.883843421901613
ENSG00000100335	6.995744829798773
ENSG00000128272	11.381542951184585
ENSG00000187051	9.276124405274238
ENSG00000100346	6.562137301443584
ENSG00000176177	8.464814078399336
ENSG00000100351	8.818903071115205
ENSG00000225528	5.666730875689368
ENSG00000133477	7.285256095015402
ENSG00000100354	7.1454913747451
ENSG00000239900	7.946471312459524
ENSG00000100359	8.670302170078525
ENSG00000196588	7.707378021838642
ENSG00000128285	8.530974898460423
ENSG00000100372	7.282268046512968
ENSG00000100380	10.711691524627067
ENSG00000196236	6.103171860548701
ENSG00000172404	6.389050487853527
ENSG00000100387	8.542901397913283
ENSG00000100393	8.13454780134505
ENSG00000100395	7.305291676730697
ENSG00000100399	8.817788456410982
ENSG00000100401	9.985875378847352
ENSG00000100403	9.20312179674807
ENSG00000167074	8.22448410023199
ENSG00000183864	8.516285547931796
ENSG00000100410	8.88684072443504
ENSG00000100412	9.360713856090916
ENSG00000100413	9.41358961317785
ENSG00000172346	9.358905065250337
ENSG00000100417	8.886306263452425
ENSG00000100418	8.108082587459869
ENSG00000196419	10.64858911983436
ENSG00000100138	9.613418138075975
ENSG00000167077	6.671861757776739
ENSG00000100147	6.593879838721688
ENSG00000198911	9.413942088718427
ENSG00000234965	8.369379235303752
ENSG00000159958	8.600084865151473
ENSG00000100162	7.956170990667833
ENSG00000205704	8.459337253600049
ENSG00000100167	10.012513800136336
ENSG00000183066	6.43512849755131
ENSG00000198951	8.957191082392844
ENSG00000177096	8.237649582181831
ENSG00000183172	9.1767506882386
ENSG00000184983	9.736555515756882
ENSG00000100197	11.025451543404309
ENSG00000100207	7.9755133809862055
ENSG00000235568	8.112176114327086
ENSG00000189306	8.992251247256442
ENSG00000183569	10.613083801085088
ENSG00000100227	10.09254882727842
ENSG00000100243	11.704408378673131
ENSG00000249222	4.769796622789158
ENSG00000128274	9.077615760632183
ENSG00000242247	9.098283492484683
ENSG00000100266	9.872813062898103
ENSG00000100271	7.444124103294114
ENSG00000100290	9.816067526463055
ENSG00000100294	7.957396150661329
ENSG00000100300	11.25798838172541
ENSG00000100304	10.266791713410795
ENSG00000159307	8.662557879740042
ENSG00000186732	7.580592954341573
ENSG00000186976	6.78135971352466
ENSG00000130540	9.193771743396681
ENSG00000100341	6.628190334615213
ENSG00000100344	6.9576824861651225
ENSG00000100347	8.955227106046761
ENSG00000188677	8.549985361943978
ENSG00000138964	7.857967543131025
ENSG00000138944	7.919093143024506
ENSG00000188636	8.19439391938725
ENSG00000186654	7.522798055788085
ENSG00000248405	4.503710686880852
ENSG00000241484	7.010108453474289
ENSG00000056487	6.653209570202905
ENSG00000093000	7.460052694823915
ENSG00000100364	8.615007673460985
ENSG00000100373	12.89655222344781
ENSG00000100376	8.230260664669787
ENSG00000077935	6.856736756119109
ENSG00000128408	7.624567966387228
ENSG00000077942	12.780616917948114
ENSG00000130638	8.430764742801697
ENSG00000188064	8.416778199862362
ENSG00000186951	6.408982507727834
ENSG00000205643	6.917875526713711
ENSG00000130943	4.056583528366367
ENSG00000075234	9.157166001551364
ENSG00000075218	6.858445753551387
ENSG00000100416	6.253981011706677
ENSG00000075275	8.7355219124767
ENSG00000075240	10.752380646552893
ENSG00000100422	9.489363390364469
ENSG00000054611	7.924083214021525
ENSG00000219438	8.187674237492425
ENSG00000100425	7.994416944177085
ENSG00000100426	7.697039451573343
ENSG00000182858	7.135087928145541
ENSG00000184164	9.058532970201611
ENSG00000198355	10.271026355008784
ENSG00000188263	7.823014532219877
ENSG00000138892	4.897240425574799
ENSG00000100427	10.834042277574179
ENSG00000073146	5.894090170601479
ENSG00000073150	8.831838175956344
ENSG00000170638	9.030609358702204
ENSG00000073169	8.498250867527826
ENSG00000128159	7.7073591320808825
ENSG00000100429	6.564819721827968
ENSG00000188130	6.8462049212550475
ENSG00000185386	8.086695438856228
ENSG00000196576	10.56522157409619
ENSG00000205593	7.004501392234941
ENSG00000100239	8.063267461207735
ENSG00000100241	8.713558356404793
ENSG00000128165	9.575654316131038
ENSG00000100253	11.45350082010275
ENSG00000100258	10.48015012372116
ENSG00000025770	8.704447573378884
ENSG00000025708	11.170725910799185
ENSG00000177989	9.222311911554296
ENSG00000130487	10.604204342904561
ENSG00000217442	8.698357405957285
ENSG00000205560	8.921543443508968
ENSG00000254413	3.7136180429873216
ENSG00000100288	8.1814007617393
ENSG00000008735	8.811535251636077
ENSG00000100299	9.175922047160462
ENSG00000251322	9.051208940914766
ENSG00000100312	8.321928094887362
ENSG00000079974	7.154818109052104
ENSG00000279493	0.7427834891310067
ENSG00000277117	5.368794058438959
ENSG00000280071	5.2964574073712445
ENSG00000276612	0.9992361929121398
ENSG00000275464	3.935703997408852
ENSG00000280433	3.995484518877507
ENSG00000274559	3.4664425453676
ENSG00000275993	8.888743248898258
ENSG00000274276	4.646387443333599
ENSG00000275895	3.6719716387574217
ENSG00000276076	6.003827078111476
ENSG00000273590	1.1482692204699754
ENSG00000277277	1.2145858285397622
ENSG00000278961	0.913831403509334
ENSG00000276289	6.581031364459766
ENSG00000274391	8.29920801838728
ENSG00000166351	3.2506584544984047
ENSG00000188992	6.428909312504056
ENSG00000185272	6.80991677210095
ENSG00000155304	9.120567934473474
ENSG00000155307	8.862367060172833
ENSG00000180530	9.791133952528464
ENSG00000155313	10.24318300277263
ENSG00000154639	9.325133176101074
ENSG00000154640	10.654335171846673
ENSG00000154642	8.930320439043532
ENSG00000154645	9.163617257914918
ENSG00000154646	9.735072250878776
ENSG00000154654	8.982302829304832
ENSG00000154719	9.069761278897902
ENSG00000154721	8.739180796006368
ENSG00000154723	10.786831732184789
ENSG00000154727	7.19349081587786
ENSG00000142192	12.50406166680066
ENSG00000166265	9.156093506585687
ENSG00000154734	11.93737382019215
ENSG00000154736	9.331560029989962
ENSG00000156239	5.894332742277694
ENSG00000198862	7.5823806787003765
ENSG00000156253	6.914853241201483
ENSG00000156256	7.071924134865504
ENSG00000156261	10.374318668678265
ENSG00000156265	7.978496454412005
ENSG00000156273	8.57880866417854
ENSG00000171189	7.83487365362324
ENSG00000156282	8.401241753158466
ENSG00000156284	10.219829893842126
ENSG00000188694	9.631540867341485
ENSG00000232263	1.968895744155443
ENSG00000197683	11.308907804063939
ENSG00000206107	1.9435027632147612
ENSG00000186980	4.631104282365877
ENSG00000182816	10.394462694610317
ENSG00000198390	10.161131882984307
ENSG00000240432	2.708750489462261
ENSG00000186971	7.4163952221426666
ENSG00000186970	1.8616970136532727
ENSG00000184351	10.150829049129214
ENSG00000186965	1.444966569914728
ENSG00000244025	10.060695931687555
ENSG00000186967	3.34255474547732
ENSG00000186977	11.150381968817848
ENSG00000186925	5.182692297516191
ENSG00000244362	6.660815483453515
ENSG00000206106	4.143091676147379
ENSG00000212938	3.39386061704926
ENSG00000186930	3.9697175549956127
ENSG00000186924	3.05079930341935
ENSG00000184724	8.260684356379658
ENSG00000244624	8.022076194636554
ENSG00000206105	5.821289019000439
ENSG00000184032	7.3480440878858575
ENSG00000206104	2.232643576232722
ENSG00000231068	3.8707139065146894
ENSG00000187026	7.936637939002571
ENSG00000187005	5.893119475835918
ENSG00000183640	12.08214904135387
ENSG00000274749	11.30035256032822
ENSG00000182591	13.669660180238552
ENSG00000206102	4.489360447871358
ENSG00000156299	8.906289347406073
ENSG00000142168	11.414205851528962
ENSG00000156304	7.152144456540561
ENSG00000142149	7.11642375243504
ENSG00000159055	8.725651722348882
ENSG00000170262	9.136057038740889
ENSG00000142207	7.3000253559482
ENSG00000265590	3.173522204422076
ENSG00000166979	7.584210901308018
ENSG00000242220	8.43003431857349
ENSG00000159079	7.56160728525602
ENSG00000159082	6.94557174176769
ENSG00000159086	7.478689945424053
ENSG00000205929	7.345904580007945
ENSG00000205927	10.504223009995384
ENSG00000184221	11.920251746357982
ENSG00000249624	2.32349854767194
ENSG00000159110	6.9048937184842005
ENSG00000243646	8.196401920487027
ENSG00000142166	8.050880128382932
ENSG00000159128	9.546663121306954
ENSG00000142188	9.433168115419818
ENSG00000177692	4.750606504835592
ENSG00000159131	7.782264190430165
ENSG00000159140	8.859056242099994
ENSG00000159147	6.954603376263743
ENSG00000249209	2.292189473361699
ENSG00000205758	6.364601569083783
ENSG00000205726	6.419613133413905
ENSG00000241837	10.159871336778389
ENSG00000243927	9.486633935070163
ENSG00000198743	9.64408761865241
ENSG00000159197	10.213104219641906
ENSG00000205670	4.117695042669754
ENSG00000222018	0.5375375636599409
ENSG00000243627	0.7494913616025249
ENSG00000180509	6.082586849386104
ENSG00000159200	9.984565821605752
ENSG00000159212	11.063838809614571
ENSG00000159216	9.13829919233262
ENSG00000185917	6.573053307329891
ENSG00000159228	12.452866823908515
ENSG00000159231	9.740210918737331
ENSG00000142197	7.977506219708988
ENSG00000159256	7.81159586470461
ENSG00000159259	8.088266439302659
ENSG00000159261	7.419352385237886
ENSG00000159263	7.981064304042769
ENSG00000159267	6.5841589136035585
ENSG00000183145	8.858897555401734
ENSG00000185808	5.801271824579466
ENSG00000182670	8.798492449074997
ENSG00000157538	6.938616399307793
ENSG00000157540	7.681801830109716
ENSG00000157542	5.221211426322957
ENSG00000157551	8.680150440126168
ENSG00000157554	8.781144226341791
ENSG00000157557	10.79153111272145
ENSG00000183527	9.35389868929961
ENSG00000185658	7.887664335135546
ENSG00000205581	9.361134133804953
ENSG00000182093	7.6279598729692015
ENSG00000157578	6.899659026377443
ENSG00000185437	9.3405177626933
ENSG00000183778	7.510504733316923
ENSG00000183067	6.002238119047683
ENSG00000183036	11.945577687479462
ENSG00000171587	7.571667699083267
ENSG00000182240	9.335818083617594
ENSG00000183844	9.267131798024778
ENSG00000183486	8.326429487122303
ENSG00000157601	10.178664851006472
ENSG00000184012	11.5722925843844
ENSG00000183421	8.938459509022266
ENSG00000141956	5.269423294250207
ENSG00000157617	8.246503098280098
ENSG00000173276	6.678071905112637
ENSG00000177398	6.86548095902738
ENSG00000160179	7.935318744874236
ENSG00000160180	15.0389730418429
ENSG00000160181	14.726978545784569
ENSG00000160182	16.045607664735847
ENSG00000160183	8.690160249536996
ENSG00000160185	7.007132644918602
ENSG00000160188	9.359165292855037
ENSG00000160190	7.873974360815135
ENSG00000160191	8.682292371430833
ENSG00000160193	7.665875711059373
ENSG00000160194	7.247445382781749
ENSG00000160199	7.355266648183693
ENSG00000160200	5.191799501065075
ENSG00000160201	3.798817934784405
ENSG00000160202	5.438744233774211
ENSG00000142178	8.263034405833794
ENSG00000160207	5.895787316463311
ENSG00000234289	3.628883253207918
ENSG00000160208	7.762206843752388
ENSG00000160209	9.075432230924157
ENSG00000160213	13.929350886124322
ENSG00000160214	7.855548647869761
ENSG00000160216	8.203648202120952
ENSG00000160218	5.999902999861849
ENSG00000241945	4.600507645345786
ENSG00000160221	8.317565248216118
ENSG00000160223	3.945553410832444
ENSG00000142182	10.750926395695442
ENSG00000160224	9.376464470616865
ENSG00000141959	9.424349989132669
ENSG00000160226	6.735670561816258
ENSG00000142185	7.443852591235698
ENSG00000160233	6.6660403453237285
ENSG00000175894	5.943839839399072
ENSG00000215455	10.03342300153745
ENSG00000205445	10.5980525001616
ENSG00000212935	11.16427843830117
ENSG00000215454	9.517669388133811
ENSG00000241123	10.403012023574997
ENSG00000188155	8.641329261745685
ENSG00000272804	10.355351096424812
ENSG00000187766	9.801223337886212
ENSG00000221837	9.862172397021636
ENSG00000221859	9.88508622529017
ENSG00000243489	10.100662339005199
ENSG00000212933	6.027684876937159
ENSG00000205439	9.808159772868375
ENSG00000221864	11.225809940623543
ENSG00000187175	10.833680748654741
ENSG00000189169	10.215532999745657
ENSG00000184787	7.768899999026814
ENSG00000184900	9.974708059149185
ENSG00000183255	11.269097956366524
ENSG00000160255	10.493481044105364
ENSG00000160256	9.528400349580902
ENSG00000197381	8.081616583314652
ENSG00000186866	7.851039723657146
ENSG00000182871	10.555653071768457
ENSG00000173638	6.8737445003415205
ENSG00000183570	7.842831924705393
ENSG00000142156	14.29508000934019
ENSG00000142173	14.364489312151676
ENSG00000160282	10.67595703294175
ENSG00000160284	8.917611828358805
ENSG00000160285	9.120330815040695
ENSG00000160294	8.780767647222227
ENSG00000182362	7.973266860993293
ENSG00000160298	7.3238690377624245
ENSG00000160299	9.724257401142983
ENSG00000160305	7.06688765101894
ENSG00000160307	13.8150020358363
ENSG00000160310	7.944816359627008
ENSG00000198888	16.96620511401337
ENSG00000198763	16.519899006254025
ENSG00000198804	17.31186359262984
ENSG00000198712	17.31058296849184
ENSG00000228253	16.2456455455667
ENSG00000198899	16.861826000896475
ENSG00000198938	17.583993811941937
ENSG00000198840	16.88962306128472
ENSG00000212907	15.97166803459252
ENSG00000198886	17.09811378571869
ENSG00000198786	16.109251083736794
ENSG00000198695	16.981920131900623
ENSG00000198727	16.47533762333995
