,x_coord,y_coord
0,1,1
1,1,2
2,1,3
3,1,4
4,1,5
5,1,6
6,1,7
7,1,8
8,1,9
9,1,10
10,1,11
11,1,12
12,1,13
13,1,14
14,1,15
15,1,16
16,1,17
17,1,18
18,1,19
19,1,20
20,1,21
21,1,22
22,1,23
23,1,24
24,1,25
25,1,26
26,1,27
27,1,28
28,1,29
29,1,30
30,1,31
31,1,32
32,1,33
33,1,34
34,1,35
35,1,36
36,1,37
37,1,38
38,1,39
39,1,40
40,1,41
41,1,42
42,1,43
43,1,44
44,1,45
45,1,46
46,1,47
47,1,48
48,1,49
49,1,50
50,1,51
51,1,52
52,1,53
53,1,54
54,1,55
55,1,56
56,1,57
57,1,58
58,1,59
59,1,60
60,1,61
61,1,62
62,1,63
63,1,64
64,1,65
65,1,66
66,1,67
67,1,68
68,1,69
69,1,70
70,1,71
71,1,72
72,1,73
73,1,74
74,1,75
75,1,76
76,1,77
77,1,78
78,1,79
79,1,80
80,1,81
81,1,82
82,1,83
83,1,84
84,1,85
85,1,86
86,1,87
87,1,88
88,1,89
89,1,90
90,1,91
91,1,92
92,1,93
93,1,94
ENSG00000105171,1,95
ENSG00000136048,1,96
ENSG00000153214,1,97
ENSG00000125845,1,98
ENSG00000165480,1,99
ENSG00000153071,1,100
ENSG00000011478,1,101
ENSG00000145012,1,102
ENSG00000165934,1,103
ENSG00000165304,1,104
ENSG00000110218,1,105
ENSG00000105447,1,106
ENSG00000164951,1,107
ENSG00000175063,1,108
ENSG00000152229,1,109
ENSG00000177917,1,110
ENSG00000189334,1,111
ENSG00000165215,1,112
ENSG00000083307,1,113
ENSG00000100526,1,114
ENSG00000127804,1,115
ENSG00000123352,1,116
ENSG00000111679,1,117
ENSG00000166896,1,118
ENSG00000130589,1,119
ENSG00000101057,1,120
ENSG00000267795,1,121
ENSG00000170448,1,122
ENSG00000104213,1,123
ENSG00000092931,1,124
ENSG00000198246,1,125
ENSG00000131351,1,126
ENSG00000177150,1,127
ENSG00000114491,1,128
ENSG00000113734,1,129
ENSG00000132698,1,130
ENSG00000175793,1,131
ENSG00000189143,1,132
ENSG00000182107,1,133
ENSG00000174442,1,134
ENSG00000148773,1,135
ENSG00000109743,1,136
ENSG00000167613,1,137
ENSG00000134516,1,138
ENSG00000147257,1,139
ENSG00000135451,1,140
ENSG00000176024,1,141
ENSG00000101935,1,142
ENSG00000120093,1,143
ENSG00000184979,1,144
ENSG00000184363,1,145
ENSG00000169594,1,146
ENSG00000159166,1,147
ENSG00000135373,1,148
ENSG00000137760,1,149
ENSG00000169519,1,150
ENSG00000125910,1,151
ENSG00000100036,1,152
ENSG00000128713,1,153
ENSG00000078081,1,154
ENSG00000125508,1,155
ENSG00000181577,1,156
ENSG00000170684,1,157
ENSG00000248099,1,158
ENSG00000204577,1,159
ENSG00000179583,1,160
ENSG00000119714,1,161
ENSG00000182584,1,162
ENSG00000087128,1,163
ENSG00000105851,1,164
ENSG00000167083,1,165
ENSG00000128394,1,166
ENSG00000225968,1,167
ENSG00000154227,1,168
ENSG00000102098,1,169
ENSG00000095596,1,170
ENSG00000267157,1,171
ENSG00000137699,1,172
ENSG00000167618,1,173
ENSG00000128165,1,174
ENSG00000107614,1,175
ENSG00000134538,1,176
ENSG00000182271,1,177
ENSG00000198443,1,178
ENSG00000163803,1,179
ENSG00000080618,1,180
ENSG00000124664,1,181
ENSG00000137757,1,182
ENSG00000105388,1,183
ENSG00000168255,1,184
ENSG00000196260,1,185
ENSG00000185269,1,186
ENSG00000156284,1,187
ENSG00000257017,1,188
ENSG00000183709,1,189
ENSG00000125726,1,190
ENSG00000171360,1,191
ENSG00000235942,1,192
ENSG00000114248,1,193
ENSG00000167910,1,194
ENSG00000167664,1,195
ENSG00000160868,1,196
ENSG00000122194,1,197
ENSG00000186038,1,198
ENSG00000267978,1,199
ENSG00000095752,1,200
ENSG00000178597,1,201
ENSG00000241224,1,202
ENSG00000261611,1,203
ENSG00000262304,1,204
ENSG00000228144,1,205
ENSG00000186326,1,206
ENSG00000244057,1,207
ENSG00000130427,1,208
ENSG00000221874,1,209
ENSG00000170152,1,210
ENSG00000121270,1,211
ENSG00000171478,1,212
ENSG00000157335,1,213
ENSG00000081051,1,214
ENSG00000167941,1,215
ENSG00000186912,1,216
ENSG00000136694,1,217
ENSG00000233802,1,218
ENSG00000204928,1,219
ENSG00000259060,1,220
ENSG00000170180,1,221
ENSG00000180269,1,222
ENSG00000176269,1,223
ENSG00000111046,1,224
ENSG00000196772,1,225
ENSG00000234438,1,226
ENSG00000106128,1,227
ENSG00000166368,1,228
ENSG00000269741,1,229
ENSG00000178358,1,230
ENSG00000236027,1,231
ENSG00000156282,1,232
ENSG00000213934,1,233
ENSG00000279493,1,234
ENSG00000268964,1,235
ENSG00000182393,1,236
ENSG00000212659,1,237
ENSG00000182898,1,238
ENSG00000108417,1,239
ENSG00000250361,1,240
ENSG00000260007,1,241
ENSG00000198083,1,242
ENSG00000183303,1,243
ENSG00000169488,1,244
ENSG00000120211,1,245
ENSG00000171855,1,246
ENSG00000260287,1,247
ENSG00000172146,1,248
ENSG00000236125,1,249
ENSG00000267952,1,250
ENSG00000249811,1,251
ENSG00000277277,1,252
ENSG00000181903,1,253
ENSG00000280236,1,254
ENSG00000171936,1,255
ENSG00000272897,1,256
256,2,1
257,2,2
258,2,3
259,2,4
260,2,5
261,2,6
262,2,7
263,2,8
264,2,9
265,2,10
266,2,11
267,2,12
268,2,13
269,2,14
270,2,15
271,2,16
272,2,17
273,2,18
274,2,19
275,2,20
276,2,21
277,2,22
278,2,23
279,2,24
280,2,25
281,2,26
282,2,27
283,2,28
284,2,29
285,2,30
286,2,31
287,2,32
288,2,33
289,2,34
290,2,35
291,2,36
292,2,37
293,2,38
294,2,39
295,2,40
296,2,41
297,2,42
298,2,43
299,2,44
300,2,45
301,2,46
302,2,47
303,2,48
304,2,49
305,2,50
306,2,51
307,2,52
308,2,53
309,2,54
310,2,55
311,2,56
312,2,57
313,2,58
314,2,59
315,2,60
316,2,61
317,2,62
318,2,63
319,2,64
320,2,65
321,2,66
322,2,67
323,2,68
324,2,69
325,2,70
326,2,71
327,2,72
328,2,73
329,2,74
330,2,75
331,2,76
332,2,77
333,2,78
334,2,79
335,2,80
336,2,81
337,2,82
338,2,83
339,2,84
340,2,85
341,2,86
342,2,87
343,2,88
344,2,89
345,2,90
346,2,91
347,2,92
348,2,93
349,2,94
350,2,95
ENSG00000106948,2,96
ENSG00000134954,2,97
ENSG00000164825,2,98
ENSG00000179021,2,99
ENSG00000099381,2,100
ENSG00000115267,2,101
ENSG00000105664,2,102
ENSG00000137574,2,103
ENSG00000173852,2,104
ENSG00000181192,2,105
ENSG00000101447,2,106
ENSG00000135111,2,107
ENSG00000242612,2,108
ENSG00000136108,2,109
ENSG00000134987,2,110
ENSG00000138594,2,111
ENSG00000010610,2,112
ENSG00000177084,2,113
ENSG00000046604,2,114
ENSG00000138496,2,115
ENSG00000110497,2,116
ENSG00000166189,2,117
ENSG00000176945,2,118
ENSG00000186832,2,119
ENSG00000122482,2,120
ENSG00000062822,2,121
ENSG00000026751,2,122
ENSG00000076053,2,123
ENSG00000099812,2,124
ENSG00000170293,2,125
ENSG00000148459,2,126
ENSG00000139324,2,127
ENSG00000188112,2,128
ENSG00000166145,2,129
ENSG00000039068,2,130
ENSG00000184292,2,131
ENSG00000119888,2,132
ENSG00000166016,2,133
ENSG00000042088,2,134
ENSG00000198286,2,135
ENSG00000132205,2,136
ENSG00000171124,2,137
ENSG00000137841,2,138
ENSG00000132357,2,139
ENSG00000108798,2,140
ENSG00000083828,2,141
ENSG00000010438,2,142
ENSG00000187741,2,143
ENSG00000109911,2,144
ENSG00000277075,2,145
ENSG00000121621,2,146
ENSG00000228278,2,147
ENSG00000172551,2,148
ENSG00000113303,2,149
ENSG00000125780,2,150
ENSG00000188820,2,151
ENSG00000156398,2,152
ENSG00000178623,2,153
ENSG00000132437,2,154
ENSG00000162366,2,155
ENSG00000163435,2,156
ENSG00000185278,2,157
ENSG00000196344,2,158
ENSG00000243811,2,159
ENSG00000203499,2,160
ENSG00000130038,2,161
ENSG00000077274,2,162
ENSG00000049768,2,163
ENSG00000189169,2,164
ENSG00000152457,2,165
ENSG00000101082,2,166
ENSG00000186185,2,167
ENSG00000258674,2,168
ENSG00000163286,2,169
ENSG00000196110,2,170
ENSG00000102245,2,171
ENSG00000153721,2,172
ENSG00000039987,2,173
ENSG00000171657,2,174
ENSG00000083782,2,175
ENSG00000072571,2,176
ENSG00000010030,2,177
ENSG00000176919,2,178
ENSG00000187790,2,179
ENSG00000248235,2,180
ENSG00000197888,2,181
ENSG00000133636,2,182
ENSG00000255339,2,183
ENSG00000128040,2,184
ENSG00000123388,2,185
ENSG00000131738,2,186
ENSG00000174837,2,187
ENSG00000112494,2,188
ENSG00000187912,2,189
ENSG00000131482,2,190
ENSG00000258388,2,191
ENSG00000159516,2,192
ENSG00000143921,2,193
ENSG00000203786,2,194
ENSG00000133742,2,195
ENSG00000188993,2,196
ENSG00000159958,2,197
ENSG00000162040,2,198
ENSG00000115488,2,199
ENSG00000173702,2,200
ENSG00000261272,2,201
ENSG00000002745,2,202
ENSG00000137745,2,203
ENSG00000254995,2,204
ENSG00000081800,2,205
ENSG00000243137,2,206
ENSG00000258555,2,207
ENSG00000108688,2,208
ENSG00000091010,2,209
ENSG00000118017,2,210
ENSG00000267303,2,211
ENSG00000188869,2,212
ENSG00000197901,2,213
ENSG00000173867,2,214
ENSG00000248710,2,215
ENSG00000203857,2,216
ENSG00000064835,2,217
ENSG00000259024,2,218
ENSG00000137675,2,219
ENSG00000178462,2,220
ENSG00000095981,2,221
ENSG00000258644,2,222
ENSG00000198178,2,223
ENSG00000187997,2,224
ENSG00000036828,2,225
ENSG00000198681,2,226
ENSG00000196748,2,227
ENSG00000180974,2,228
ENSG00000186442,2,229
ENSG00000205549,2,230
ENSG00000259075,2,231
ENSG00000196800,2,232
ENSG00000127780,2,233
ENSG00000275774,2,234
ENSG00000213416,2,235
ENSG00000197110,2,236
ENSG00000243489,2,237
ENSG00000164451,2,238
ENSG00000260914,2,239
ENSG00000187821,2,240
ENSG00000176230,2,241
ENSG00000189090,2,242
ENSG00000214518,2,243
ENSG00000272772,2,244
ENSG00000228607,2,245
ENSG00000266202,2,246
ENSG00000181023,2,247
ENSG00000256100,2,248
ENSG00000273331,2,249
ENSG00000181958,2,250
ENSG00000167825,2,251
ENSG00000198211,2,252
ENSG00000183054,2,253
ENSG00000259900,2,254
ENSG00000186924,2,255
ENSG00000182854,2,256
512,3,1
513,3,2
514,3,3
515,3,4
516,3,5
517,3,6
518,3,7
519,3,8
520,3,9
521,3,10
522,3,11
523,3,12
524,3,13
525,3,14
526,3,15
527,3,16
528,3,17
529,3,18
530,3,19
531,3,20
532,3,21
533,3,22
534,3,23
535,3,24
536,3,25
537,3,26
538,3,27
539,3,28
540,3,29
541,3,30
542,3,31
543,3,32
544,3,33
545,3,34
546,3,35
547,3,36
548,3,37
549,3,38
550,3,39
551,3,40
552,3,41
553,3,42
554,3,43
555,3,44
556,3,45
557,3,46
558,3,47
559,3,48
560,3,49
561,3,50
562,3,51
563,3,52
564,3,53
565,3,54
566,3,55
567,3,56
568,3,57
569,3,58
570,3,59
571,3,60
572,3,61
573,3,62
574,3,63
575,3,64
576,3,65
577,3,66
578,3,67
579,3,68
580,3,69
581,3,70
582,3,71
583,3,72
584,3,73
585,3,74
586,3,75
587,3,76
588,3,77
589,3,78
590,3,79
591,3,80
592,3,81
593,3,82
594,3,83
595,3,84
596,3,85
597,3,86
598,3,87
599,3,88
600,3,89
601,3,90
602,3,91
603,3,92
604,3,93
605,3,94
ENSG00000180530,3,95
ENSG00000154059,3,96
ENSG00000204103,3,97
ENSG00000112578,3,98
ENSG00000185798,3,99
ENSG00000185104,3,100
ENSG00000102870,3,101
ENSG00000125850,3,102
ENSG00000111331,3,103
ENSG00000166900,3,104
ENSG00000164494,3,105
ENSG00000138744,3,106
ENSG00000105186,3,107
ENSG00000182810,3,108
ENSG00000266094,3,109
ENSG00000013563,3,110
ENSG00000173145,3,111
ENSG00000175354,3,112
ENSG00000204472,3,113
ENSG00000198252,3,114
ENSG00000141526,3,115
ENSG00000184857,3,116
ENSG00000197563,3,117
ENSG00000111335,3,118
ENSG00000160439,3,119
ENSG00000100985,3,120
ENSG00000049283,3,121
ENSG00000101928,3,122
ENSG00000108950,3,123
ENSG00000155465,3,124
ENSG00000137747,3,125
ENSG00000213903,3,126
ENSG00000198554,3,127
ENSG00000197362,3,128
ENSG00000052344,3,129
ENSG00000096696,3,130
ENSG00000168528,3,131
ENSG00000147676,3,132
ENSG00000171169,3,133
ENSG00000101898,3,134
ENSG00000168907,3,135
ENSG00000087586,3,136
ENSG00000172183,3,137
ENSG00000178919,3,138
ENSG00000260314,3,139
ENSG00000056998,3,140
ENSG00000172469,3,141
ENSG00000140853,3,142
ENSG00000278828,3,143
ENSG00000108846,3,144
ENSG00000129354,3,145
ENSG00000054967,3,146
ENSG00000165828,3,147
ENSG00000100429,3,148
ENSG00000188100,3,149
ENSG00000165244,3,150
ENSG00000167034,3,151
ENSG00000076662,3,152
ENSG00000152669,3,153
ENSG00000167914,3,154
ENSG00000167748,3,155
ENSG00000196083,3,156
ENSG00000157456,3,157
ENSG00000106258,3,158
ENSG00000167767,3,159
ENSG00000204571,3,160
ENSG00000169894,3,161
ENSG00000258461,3,162
ENSG00000132744,3,163
ENSG00000172817,3,164
ENSG00000085552,3,165
ENSG00000178999,3,166
ENSG00000196550,3,167
ENSG00000183844,3,168
ENSG00000164855,3,169
ENSG00000163606,3,170
ENSG00000185960,3,171
ENSG00000205502,3,172
ENSG00000146243,3,173
ENSG00000150750,3,174
ENSG00000078589,3,175
ENSG00000094804,3,176
ENSG00000142224,3,177
ENSG00000163736,3,178
ENSG00000163501,3,179
ENSG00000116176,3,180
ENSG00000244474,3,181
ENSG00000167800,3,182
ENSG00000198759,3,183
ENSG00000188095,3,184
ENSG00000110243,3,185
ENSG00000126233,3,186
ENSG00000251201,3,187
ENSG00000172867,3,188
ENSG00000122711,3,189
ENSG00000138109,3,190
ENSG00000172425,3,191
ENSG00000189051,3,192
ENSG00000263513,3,193
ENSG00000184148,3,194
ENSG00000259784,3,195
ENSG00000213316,3,196
ENSG00000005421,3,197
ENSG00000222038,3,198
ENSG00000174697,3,199
ENSG00000103313,3,200
ENSG00000108825,3,201
ENSG00000146678,3,202
ENSG00000206073,3,203
ENSG00000168903,3,204
ENSG00000172955,3,205
ENSG00000214711,3,206
ENSG00000183378,3,207
ENSG00000134489,3,208
ENSG00000175894,3,209
ENSG00000060566,3,210
ENSG00000148942,3,211
ENSG00000170935,3,212
ENSG00000167780,3,213
ENSG00000091128,3,214
ENSG00000204021,3,215
ENSG00000159337,3,216
ENSG00000244693,3,217
ENSG00000090512,3,218
ENSG00000154025,3,219
ENSG00000164175,3,220
ENSG00000255152,3,221
ENSG00000280987,3,222
ENSG00000186335,3,223
ENSG00000177212,3,224
ENSG00000090402,3,225
ENSG00000074771,3,226
ENSG00000188124,3,227
ENSG00000278588,3,228
ENSG00000182053,3,229
ENSG00000186766,3,230
ENSG00000151704,3,231
ENSG00000267881,3,232
ENSG00000170044,3,233
ENSG00000272968,3,234
ENSG00000268790,3,235
ENSG00000215455,3,236
ENSG00000186393,3,237
ENSG00000196224,3,238
ENSG00000126337,3,239
ENSG00000187175,3,240
ENSG00000188984,3,241
ENSG00000179002,3,242
ENSG00000170178,3,243
ENSG00000260537,3,244
ENSG00000254692,3,245
ENSG00000271449,3,246
ENSG00000237693,3,247
ENSG00000004939,3,248
ENSG00000269897,3,249
ENSG00000244395,3,250
ENSG00000183753,3,251
ENSG00000262633,3,252
ENSG00000273049,3,253
ENSG00000146383,3,254
ENSG00000204919,3,255
ENSG00000267618,3,256
768,4,1
769,4,2
770,4,3
771,4,4
772,4,5
773,4,6
774,4,7
775,4,8
776,4,9
777,4,10
778,4,11
779,4,12
780,4,13
781,4,14
782,4,15
783,4,16
784,4,17
785,4,18
786,4,19
787,4,20
788,4,21
789,4,22
790,4,23
791,4,24
792,4,25
793,4,26
794,4,27
795,4,28
796,4,29
797,4,30
798,4,31
799,4,32
800,4,33
801,4,34
802,4,35
803,4,36
804,4,37
805,4,38
806,4,39
807,4,40
808,4,41
809,4,42
810,4,43
811,4,44
812,4,45
813,4,46
814,4,47
815,4,48
816,4,49
817,4,50
818,4,51
819,4,52
820,4,53
821,4,54
822,4,55
823,4,56
824,4,57
825,4,58
826,4,59
827,4,60
828,4,61
829,4,62
830,4,63
831,4,64
832,4,65
833,4,66
834,4,67
835,4,68
836,4,69
837,4,70
838,4,71
839,4,72
840,4,73
841,4,74
842,4,75
843,4,76
844,4,77
845,4,78
846,4,79
847,4,80
848,4,81
849,4,82
850,4,83
851,4,84
852,4,85
853,4,86
854,4,87
855,4,88
856,4,89
857,4,90
858,4,91
859,4,92
860,4,93
861,4,94
862,4,95
ENSG00000185414,4,96
ENSG00000164576,4,97
ENSG00000143373,4,98
ENSG00000126264,4,99
ENSG00000099958,4,100
ENSG00000148841,4,101
ENSG00000129534,4,102
ENSG00000100092,4,103
ENSG00000079257,4,104
ENSG00000198589,4,105
ENSG00000155066,4,106
ENSG00000171492,4,107
ENSG00000133131,4,108
ENSG00000163347,4,109
ENSG00000102890,4,110
ENSG00000232629,4,111
ENSG00000147050,4,112
ENSG00000175879,4,113
ENSG00000132603,4,114
ENSG00000173917,4,115
ENSG00000164818,4,116
ENSG00000125731,4,117
ENSG00000162222,4,118
ENSG00000102763,4,119
ENSG00000006756,4,120
ENSG00000197629,4,121
ENSG00000105369,4,122
ENSG00000100055,4,123
ENSG00000167625,4,124
ENSG00000186806,4,125
ENSG00000179715,4,126
ENSG00000184060,4,127
ENSG00000088882,4,128
ENSG00000110723,4,129
ENSG00000130818,4,130
ENSG00000104081,4,131
ENSG00000115884,4,132
ENSG00000149418,4,133
ENSG00000099810,4,134
ENSG00000179750,4,135
ENSG00000159239,4,136
ENSG00000160190,4,137
ENSG00000183765,4,138
ENSG00000096654,4,139
ENSG00000164099,4,140
ENSG00000100450,4,141
ENSG00000169469,4,142
ENSG00000156535,4,143
ENSG00000100453,4,144
ENSG00000111319,4,145
ENSG00000139117,4,146
ENSG00000131944,4,147
ENSG00000167207,4,148
ENSG00000171522,4,149
ENSG00000165490,4,150
ENSG00000138135,4,151
ENSG00000263639,4,152
ENSG00000145384,4,153
ENSG00000178401,4,154
ENSG00000104814,4,155
ENSG00000163519,4,156
ENSG00000169876,4,157
ENSG00000010704,4,158
ENSG00000166869,4,159
ENSG00000106384,4,160
ENSG00000183813,4,161
ENSG00000136231,4,162
ENSG00000108511,4,163
ENSG00000175463,4,164
ENSG00000104918,4,165
ENSG00000173068,4,166
ENSG00000167768,4,167
ENSG00000197165,4,168
ENSG00000228672,4,169
ENSG00000140284,4,170
ENSG00000178473,4,171
ENSG00000069764,4,172
ENSG00000159871,4,173
ENSG00000162896,4,174
ENSG00000273154,4,175
ENSG00000070526,4,176
ENSG00000112337,4,177
ENSG00000136573,4,178
ENSG00000157766,4,179
ENSG00000134757,4,180
ENSG00000163145,4,181
ENSG00000141655,4,182
ENSG00000196081,4,183
ENSG00000086991,4,184
ENSG00000105967,4,185
ENSG00000145626,4,186
ENSG00000111700,4,187
ENSG00000205420,4,188
ENSG00000167656,4,189
ENSG00000172478,4,190
ENSG00000198829,4,191
ENSG00000160951,4,192
ENSG00000187258,4,193
ENSG00000259120,4,194
ENSG00000136352,4,195
ENSG00000146285,4,196
ENSG00000168621,4,197
ENSG00000188375,4,198
ENSG00000184293,4,199
ENSG00000182687,4,200
ENSG00000229637,4,201
ENSG00000133020,4,202
ENSG00000269242,4,203
ENSG00000169877,4,204
ENSG00000153294,4,205
ENSG00000185467,4,206
ENSG00000170956,4,207
ENSG00000140835,4,208
ENSG00000226690,4,209
ENSG00000269469,4,210
ENSG00000185897,4,211
ENSG00000257138,4,212
ENSG00000110245,4,213
ENSG00000188611,4,214
ENSG00000226784,4,215
ENSG00000186329,4,216
ENSG00000171643,4,217
ENSG00000057149,4,218
ENSG00000170128,4,219
ENSG00000147647,4,220
ENSG00000109163,4,221
ENSG00000116218,4,222
ENSG00000158427,4,223
ENSG00000277775,4,224
ENSG00000174792,4,225
ENSG00000143355,4,226
ENSG00000268279,4,227
ENSG00000236320,4,228
ENSG00000182798,4,229
ENSG00000113302,4,230
ENSG00000206072,4,231
ENSG00000248751,4,232
ENSG00000263353,4,233
ENSG00000135413,4,234
ENSG00000167359,4,235
ENSG00000111536,4,236
ENSG00000182816,4,237
ENSG00000212721,4,238
ENSG00000244355,4,239
ENSG00000214237,4,240
ENSG00000135226,4,241
ENSG00000163982,4,242
ENSG00000249240,4,243
ENSG00000186803,4,244
ENSG00000205846,4,245
ENSG00000256206,4,246
ENSG00000172464,4,247
ENSG00000255307,4,248
ENSG00000198283,4,249
ENSG00000136839,4,250
ENSG00000268173,4,251
ENSG00000204740,4,252
ENSG00000255582,4,253
ENSG00000278085,4,254
ENSG00000135175,4,255
ENSG00000249104,4,256
1024,5,1
1025,5,2
1026,5,3
1027,5,4
1028,5,5
1029,5,6
1030,5,7
1031,5,8
1032,5,9
1033,5,10
1034,5,11
1035,5,12
1036,5,13
1037,5,14
1038,5,15
1039,5,16
1040,5,17
1041,5,18
1042,5,19
1043,5,20
1044,5,21
1045,5,22
1046,5,23
1047,5,24
1048,5,25
1049,5,26
1050,5,27
1051,5,28
1052,5,29
1053,5,30
1054,5,31
1055,5,32
1056,5,33
1057,5,34
1058,5,35
1059,5,36
1060,5,37
1061,5,38
1062,5,39
1063,5,40
1064,5,41
1065,5,42
1066,5,43
1067,5,44
1068,5,45
1069,5,46
1070,5,47
1071,5,48
1072,5,49
1073,5,50
1074,5,51
1075,5,52
1076,5,53
1077,5,54
1078,5,55
1079,5,56
1080,5,57
1081,5,58
1082,5,59
1083,5,60
1084,5,61
1085,5,62
1086,5,63
1087,5,64
1088,5,65
1089,5,66
1090,5,67
1091,5,68
1092,5,69
1093,5,70
1094,5,71
1095,5,72
1096,5,73
1097,5,74
1098,5,75
1099,5,76
1100,5,77
1101,5,78
1102,5,79
1103,5,80
1104,5,81
1105,5,82
1106,5,83
1107,5,84
1108,5,85
1109,5,86
1110,5,87
1111,5,88
1112,5,89
1113,5,90
1114,5,91
1115,5,92
1116,5,93
1117,5,94
1118,5,95
ENSG00000145649,5,96
ENSG00000166716,5,97
ENSG00000136381,5,98
ENSG00000132842,5,99
ENSG00000104312,5,100
ENSG00000187630,5,101
ENSG00000064313,5,102
ENSG00000123739,5,103
ENSG00000108219,5,104
ENSG00000175832,5,105
ENSG00000025293,5,106
ENSG00000105556,5,107
ENSG00000227345,5,108
ENSG00000076554,5,109
ENSG00000138604,5,110
ENSG00000163104,5,111
ENSG00000083857,5,112
ENSG00000049130,5,113
ENSG00000141682,5,114
ENSG00000115750,5,115
ENSG00000148737,5,116
ENSG00000167186,5,117
ENSG00000155545,5,118
ENSG00000196151,5,119
ENSG00000166927,5,120
ENSG00000125347,5,121
ENSG00000066855,5,122
ENSG00000169967,5,123
ENSG00000227507,5,124
ENSG00000179119,5,125
ENSG00000096968,5,126
ENSG00000140836,5,127
ENSG00000140598,5,128
ENSG00000177425,5,129
ENSG00000141579,5,130
ENSG00000167670,5,131
ENSG00000140961,5,132
ENSG00000142512,5,133
ENSG00000135272,5,134
ENSG00000188419,5,135
ENSG00000138615,5,136
ENSG00000184254,5,137
ENSG00000175105,5,138
ENSG00000169118,5,139
ENSG00000075643,5,140
ENSG00000131400,5,141
ENSG00000105855,5,142
ENSG00000104154,5,143
ENSG00000135480,5,144
ENSG00000196664,5,145
ENSG00000140368,5,146
ENSG00000158079,5,147
ENSG00000102743,5,148
ENSG00000160182,5,149
ENSG00000101049,5,150
ENSG00000154127,5,151
ENSG00000049883,5,152
ENSG00000127720,5,153
ENSG00000174175,5,154
ENSG00000064195,5,155
ENSG00000175782,5,156
ENSG00000173391,5,157
ENSG00000140832,5,158
ENSG00000099834,5,159
ENSG00000188295,5,160
ENSG00000181392,5,161
ENSG00000188694,5,162
ENSG00000051180,5,163
ENSG00000001626,5,164
ENSG00000179855,5,165
ENSG00000111432,5,166
ENSG00000086548,5,167
ENSG00000185811,5,168
ENSG00000120471,5,169
ENSG00000137960,5,170
ENSG00000187173,5,171
ENSG00000101916,5,172
ENSG00000106541,5,173
ENSG00000204385,5,174
ENSG00000084110,5,175
ENSG00000263264,5,176
ENSG00000140563,5,177
ENSG00000101003,5,178
ENSG00000171403,5,179
ENSG00000112852,5,180
ENSG00000154920,5,181
ENSG00000143494,5,182
ENSG00000212935,5,183
ENSG00000069188,5,184
ENSG00000143839,5,185
ENSG00000117560,5,186
ENSG00000257921,5,187
ENSG00000185479,5,188
ENSG00000169474,5,189
ENSG00000260458,5,190
ENSG00000130720,5,191
ENSG00000080910,5,192
ENSG00000179826,5,193
ENSG00000164816,5,194
ENSG00000125788,5,195
ENSG00000156413,5,196
ENSG00000214954,5,197
ENSG00000128655,5,198
ENSG00000170367,5,199
ENSG00000170608,5,200
ENSG00000204165,5,201
ENSG00000197870,5,202
ENSG00000256646,5,203
ENSG00000213782,5,204
ENSG00000251655,5,205
ENSG00000169704,5,206
ENSG00000197472,5,207
ENSG00000254598,5,208
ENSG00000187908,5,209
ENSG00000239961,5,210
ENSG00000196565,5,211
ENSG00000259680,5,212
ENSG00000165794,5,213
ENSG00000145321,5,214
ENSG00000000005,5,215
ENSG00000130957,5,216
ENSG00000036473,5,217
ENSG00000198077,5,218
ENSG00000225528,5,219
ENSG00000269855,5,220
ENSG00000102128,5,221
ENSG00000180318,5,222
ENSG00000172940,5,223
ENSG00000149452,5,224
ENSG00000238269,5,225
ENSG00000214336,5,226
ENSG00000275126,5,227
ENSG00000163295,5,228
ENSG00000242515,5,229
ENSG00000260729,5,230
ENSG00000244122,5,231
ENSG00000155269,5,232
ENSG00000178690,5,233
ENSG00000267179,5,234
ENSG00000275674,5,235
ENSG00000171396,5,236
ENSG00000212657,5,237
ENSG00000196156,5,238
ENSG00000161850,5,239
ENSG00000131737,5,240
ENSG00000213417,5,241
ENSG00000204897,5,242
ENSG00000260272,5,243
ENSG00000258691,5,244
ENSG00000280969,5,245
ENSG00000124557,5,246
ENSG00000281883,5,247
ENSG00000141748,5,248
ENSG00000260170,5,249
ENSG00000096264,5,250
ENSG00000270181,5,251
ENSG00000241241,5,252
ENSG00000267335,5,253
ENSG00000258064,5,254
ENSG00000280893,5,255
ENSG00000181927,5,256
1280,6,1
1281,6,2
1282,6,3
1283,6,4
1284,6,5
1285,6,6
1286,6,7
1287,6,8
1288,6,9
1289,6,10
1290,6,11
1291,6,12
1292,6,13
1293,6,14
1294,6,15
1295,6,16
1296,6,17
1297,6,18
1298,6,19
1299,6,20
1300,6,21
1301,6,22
1302,6,23
1303,6,24
1304,6,25
1305,6,26
1306,6,27
1307,6,28
1308,6,29
1309,6,30
1310,6,31
1311,6,32
1312,6,33
1313,6,34
1314,6,35
1315,6,36
1316,6,37
1317,6,38
1318,6,39
1319,6,40
1320,6,41
1321,6,42
1322,6,43
1323,6,44
1324,6,45
1325,6,46
1326,6,47
1327,6,48
1328,6,49
1329,6,50
1330,6,51
1331,6,52
1332,6,53
1333,6,54
1334,6,55
1335,6,56
1336,6,57
1337,6,58
1338,6,59
1339,6,60
1340,6,61
1341,6,62
1342,6,63
1343,6,64
1344,6,65
1345,6,66
1346,6,67
1347,6,68
1348,6,69
1349,6,70
1350,6,71
1351,6,72
1352,6,73
1353,6,74
1354,6,75
1355,6,76
1356,6,77
1357,6,78
1358,6,79
1359,6,80
1360,6,81
1361,6,82
1362,6,83
1363,6,84
1364,6,85
1365,6,86
1366,6,87
1367,6,88
1368,6,89
1369,6,90
1370,6,91
1371,6,92
1372,6,93
1373,6,94
1374,6,95
ENSG00000153485,6,96
ENSG00000066777,6,97
ENSG00000112742,6,98
ENSG00000142751,6,99
ENSG00000177096,6,100
ENSG00000159167,6,101
ENSG00000112592,6,102
ENSG00000160588,6,103
ENSG00000139154,6,104
ENSG00000141627,6,105
ENSG00000126453,6,106
ENSG00000111261,6,107
ENSG00000102575,6,108
ENSG00000154813,6,109
ENSG00000187688,6,110
ENSG00000006534,6,111
ENSG00000101443,6,112
ENSG00000183160,6,113
ENSG00000148943,6,114
ENSG00000143891,6,115
ENSG00000181744,6,116
ENSG00000166557,6,117
ENSG00000112874,6,118
ENSG00000146070,6,119
ENSG00000113638,6,120
ENSG00000181284,6,121
ENSG00000139372,6,122
ENSG00000164654,6,123
ENSG00000177191,6,124
ENSG00000185686,6,125
ENSG00000017483,6,126
ENSG00000069020,6,127
ENSG00000171940,6,128
ENSG00000197147,6,129
ENSG00000104611,6,130
ENSG00000119411,6,131
ENSG00000155962,6,132
ENSG00000135540,6,133
ENSG00000166133,6,134
ENSG00000186818,6,135
ENSG00000107779,6,136
ENSG00000167644,6,137
ENSG00000171365,6,138
ENSG00000169896,6,139
ENSG00000197822,6,140
ENSG00000197969,6,141
ENSG00000276180,6,142
ENSG00000152939,6,143
ENSG00000081237,6,144
ENSG00000197943,6,145
ENSG00000204610,6,146
ENSG00000095970,6,147
ENSG00000182108,6,148
ENSG00000155629,6,149
ENSG00000204611,6,150
ENSG00000148483,6,151
ENSG00000185347,6,152
ENSG00000172927,6,153
ENSG00000108984,6,154
ENSG00000212123,6,155
ENSG00000188312,6,156
ENSG00000213066,6,157
ENSG00000198488,6,158
ENSG00000166446,6,159
ENSG00000108244,6,160
ENSG00000101850,6,161
ENSG00000172382,6,162
ENSG00000180386,6,163
ENSG00000197782,6,164
ENSG00000177675,6,165
ENSG00000188089,6,166
ENSG00000196684,6,167
ENSG00000278637,6,168
ENSG00000240505,6,169
ENSG00000141956,6,170
ENSG00000176153,6,171
ENSG00000168671,6,172
ENSG00000276085,6,173
ENSG00000135925,6,174
ENSG00000196747,6,175
ENSG00000104537,6,176
ENSG00000166143,6,177
ENSG00000189377,6,178
ENSG00000115221,6,179
ENSG00000101323,6,180
ENSG00000086570,6,181
ENSG00000169495,6,182
ENSG00000178175,6,183
ENSG00000065618,6,184
ENSG00000203837,6,185
ENSG00000109265,6,186
ENSG00000170465,6,187
ENSG00000254415,6,188
ENSG00000117090,6,189
ENSG00000186280,6,190
ENSG00000267140,6,191
ENSG00000173239,6,192
ENSG00000168995,6,193
ENSG00000112238,6,194
ENSG00000255974,6,195
ENSG00000110169,6,196
ENSG00000250424,6,197
ENSG00000166959,6,198
ENSG00000155761,6,199
ENSG00000183145,6,200
ENSG00000101076,6,201
ENSG00000227471,6,202
ENSG00000221855,6,203
ENSG00000243710,6,204
ENSG00000181036,6,205
ENSG00000166866,6,206
ENSG00000160185,6,207
ENSG00000089012,6,208
ENSG00000215704,6,209
ENSG00000164749,6,210
ENSG00000164047,6,211
ENSG00000163737,6,212
ENSG00000154165,6,213
ENSG00000123407,6,214
ENSG00000057593,6,215
ENSG00000160181,6,216
ENSG00000021852,6,217
ENSG00000112212,6,218
ENSG00000101441,6,219
ENSG00000021461,6,220
ENSG00000184374,6,221
ENSG00000112499,6,222
ENSG00000077498,6,223
ENSG00000075891,6,224
ENSG00000206549,6,225
ENSG00000274322,6,226
ENSG00000184945,6,227
ENSG00000172238,6,228
ENSG00000112246,6,229
ENSG00000180772,6,230
ENSG00000171711,6,231
ENSG00000126549,6,232
ENSG00000151379,6,233
ENSG00000281593,6,234
ENSG00000258790,6,235
ENSG00000188771,6,236
ENSG00000197683,6,237
ENSG00000212725,6,238
ENSG00000205186,6,239
ENSG00000159450,6,240
ENSG00000144785,6,241
ENSG00000106436,6,242
ENSG00000251357,6,243
ENSG00000251349,6,244
ENSG00000254870,6,245
ENSG00000204511,6,246
ENSG00000243207,6,247
ENSG00000257046,6,248
ENSG00000187545,6,249
ENSG00000129152,6,250
ENSG00000272162,6,251
ENSG00000175514,6,252
ENSG00000198128,6,253
ENSG00000267740,6,254
ENSG00000121381,6,255
ENSG00000259132,6,256
1536,7,1
1537,7,2
1538,7,3
1539,7,4
1540,7,5
1541,7,6
1542,7,7
1543,7,8
1544,7,9
1545,7,10
1546,7,11
1547,7,12
1548,7,13
1549,7,14
1550,7,15
1551,7,16
1552,7,17
1553,7,18
1554,7,19
1555,7,20
1556,7,21
1557,7,22
1558,7,23
1559,7,24
1560,7,25
1561,7,26
1562,7,27
1563,7,28
1564,7,29
1565,7,30
1566,7,31
1567,7,32
1568,7,33
1569,7,34
1570,7,35
1571,7,36
1572,7,37
1573,7,38
1574,7,39
1575,7,40
1576,7,41
1577,7,42
1578,7,43
1579,7,44
1580,7,45
1581,7,46
1582,7,47
1583,7,48
1584,7,49
1585,7,50
1586,7,51
1587,7,52
1588,7,53
1589,7,54
1590,7,55
1591,7,56
1592,7,57
1593,7,58
1594,7,59
1595,7,60
1596,7,61
1597,7,62
1598,7,63
1599,7,64
1600,7,65
1601,7,66
1602,7,67
1603,7,68
1604,7,69
1605,7,70
1606,7,71
1607,7,72
1608,7,73
1609,7,74
1610,7,75
1611,7,76
1612,7,77
1613,7,78
1614,7,79
1615,7,80
1616,7,81
1617,7,82
1618,7,83
1619,7,84
1620,7,85
1621,7,86
1622,7,87
1623,7,88
1624,7,89
1625,7,90
1626,7,91
1627,7,92
1628,7,93
1629,7,94
1630,7,95
ENSG00000181588,7,96
ENSG00000197249,7,97
ENSG00000185022,7,98
ENSG00000146109,7,99
ENSG00000130513,7,100
ENSG00000183696,7,101
ENSG00000233493,7,102
ENSG00000105374,7,103
ENSG00000082213,7,104
ENSG00000102854,7,105
ENSG00000133789,7,106
ENSG00000239900,7,107
ENSG00000129465,7,108
ENSG00000076826,7,109
ENSG00000095739,7,110
ENSG00000213064,7,111
ENSG00000145779,7,112
ENSG00000147044,7,113
ENSG00000130592,7,114
ENSG00000164626,7,115
ENSG00000133195,7,116
ENSG00000171806,7,117
ENSG00000178934,7,118
ENSG00000169047,7,119
ENSG00000114529,7,120
ENSG00000069974,7,121
ENSG00000160447,7,122
ENSG00000111671,7,123
ENSG00000123080,7,124
ENSG00000166851,7,125
ENSG00000176018,7,126
ENSG00000139146,7,127
ENSG00000132549,7,128
ENSG00000196636,7,129
ENSG00000112799,7,130
ENSG00000073350,7,131
ENSG00000198042,7,132
ENSG00000197548,7,133
ENSG00000198131,7,134
ENSG00000154957,7,135
ENSG00000105483,7,136
ENSG00000037965,7,137
ENSG00000102554,7,138
ENSG00000141642,7,139
ENSG00000120158,7,140
ENSG00000137648,7,141
ENSG00000166439,7,142
ENSG00000119685,7,143
ENSG00000100368,7,144
ENSG00000167759,7,145
ENSG00000059377,7,146
ENSG00000171903,7,147
ENSG00000169607,7,148
ENSG00000249471,7,149
ENSG00000103067,7,150
ENSG00000129317,7,151
ENSG00000184032,7,152
ENSG00000236699,7,153
ENSG00000164691,7,154
ENSG00000134321,7,155
ENSG00000196805,7,156
ENSG00000153107,7,157
ENSG00000090376,7,158
ENSG00000165071,7,159
ENSG00000091879,7,160
ENSG00000167332,7,161
ENSG00000006432,7,162
ENSG00000124466,7,163
ENSG00000136689,7,164
ENSG00000254788,7,165
ENSG00000183484,7,166
ENSG00000137875,7,167
ENSG00000144452,7,168
ENSG00000241106,7,169
ENSG00000120519,7,170
ENSG00000133302,7,171
ENSG00000163993,7,172
ENSG00000148600,7,173
ENSG00000129810,7,174
ENSG00000137975,7,175
ENSG00000113088,7,176
ENSG00000147381,7,177
ENSG00000123561,7,178
ENSG00000273259,7,179
ENSG00000005001,7,180
ENSG00000165125,7,181
ENSG00000140093,7,182
ENSG00000126562,7,183
ENSG00000081277,7,184
ENSG00000188910,7,185
ENSG00000221878,7,186
ENSG00000198650,7,187
ENSG00000113946,7,188
ENSG00000140519,7,189
ENSG00000172673,7,190
ENSG00000113073,7,191
ENSG00000157999,7,192
ENSG00000240445,7,193
ENSG00000237988,7,194
ENSG00000187537,7,195
ENSG00000060140,7,196
ENSG00000272305,7,197
ENSG00000125735,7,198
ENSG00000139572,7,199
ENSG00000011052,7,200
ENSG00000102384,7,201
ENSG00000180871,7,202
ENSG00000204140,7,203
ENSG00000164821,7,204
ENSG00000178199,7,205
ENSG00000161634,7,206
ENSG00000147138,7,207
ENSG00000166349,7,208
ENSG00000120332,7,209
ENSG00000171217,7,210
ENSG00000204538,7,211
ENSG00000205045,7,212
ENSG00000269404,7,213
ENSG00000268655,7,214
ENSG00000137251,7,215
ENSG00000169605,7,216
ENSG00000169903,7,217
ENSG00000198099,7,218
ENSG00000159455,7,219
ENSG00000135960,7,220
ENSG00000165556,7,221
ENSG00000189068,7,222
ENSG00000184995,7,223
ENSG00000187054,7,224
ENSG00000186474,7,225
ENSG00000189064,7,226
ENSG00000126890,7,227
ENSG00000016490,7,228
ENSG00000044012,7,229
ENSG00000167165,7,230
ENSG00000184330,7,231
ENSG00000185962,7,232
ENSG00000276302,7,233
ENSG00000257950,7,234
ENSG00000164411,7,235
ENSG00000268163,7,236
ENSG00000270800,7,237
ENSG00000244537,7,238
ENSG00000212901,7,239
ENSG00000135443,7,240
ENSG00000255663,7,241
ENSG00000258881,7,242
ENSG00000249773,7,243
ENSG00000272414,7,244
ENSG00000269955,7,245
ENSG00000255104,7,246
ENSG00000276612,7,247
ENSG00000243501,7,248
ENSG00000243073,7,249
ENSG00000264424,7,250
ENSG00000102539,7,251
ENSG00000262302,7,252
ENSG00000150244,7,253
ENSG00000267228,7,254
ENSG00000197991,7,255
ENSG00000280267,7,256
1792,8,1
1793,8,2
1794,8,3
1795,8,4
1796,8,5
1797,8,6
1798,8,7
1799,8,8
1800,8,9
1801,8,10
1802,8,11
1803,8,12
1804,8,13
1805,8,14
1806,8,15
1807,8,16
1808,8,17
1809,8,18
1810,8,19
1811,8,20
1812,8,21
1813,8,22
1814,8,23
1815,8,24
1816,8,25
1817,8,26
1818,8,27
1819,8,28
1820,8,29
1821,8,30
1822,8,31
1823,8,32
1824,8,33
1825,8,34
1826,8,35
1827,8,36
1828,8,37
1829,8,38
1830,8,39
1831,8,40
1832,8,41
1833,8,42
1834,8,43
1835,8,44
1836,8,45
1837,8,46
1838,8,47
1839,8,48
1840,8,49
1841,8,50
1842,8,51
1843,8,52
1844,8,53
1845,8,54
1846,8,55
1847,8,56
1848,8,57
1849,8,58
1850,8,59
1851,8,60
1852,8,61
1853,8,62
1854,8,63
1855,8,64
1856,8,65
1857,8,66
1858,8,67
1859,8,68
1860,8,69
1861,8,70
1862,8,71
1863,8,72
1864,8,73
1865,8,74
1866,8,75
1867,8,76
1868,8,77
1869,8,78
1870,8,79
1871,8,80
1872,8,81
1873,8,82
1874,8,83
1875,8,84
1876,8,85
1877,8,86
1878,8,87
1879,8,88
1880,8,89
1881,8,90
1882,8,91
1883,8,92
1884,8,93
1885,8,94
1886,8,95
ENSG00000173706,8,96
ENSG00000136159,8,97
ENSG00000133710,8,98
ENSG00000205765,8,99
ENSG00000068878,8,100
ENSG00000198018,8,101
ENSG00000180185,8,102
ENSG00000115129,8,103
ENSG00000139044,8,104
ENSG00000130021,8,105
ENSG00000168569,8,106
ENSG00000242574,8,107
ENSG00000124532,8,108
ENSG00000091164,8,109
ENSG00000119314,8,110
ENSG00000204397,8,111
ENSG00000198642,8,112
ENSG00000143751,8,113
ENSG00000181649,8,114
ENSG00000101311,8,115
ENSG00000138180,8,116
ENSG00000151617,8,117
ENSG00000114331,8,118
ENSG00000119403,8,119
ENSG00000166750,8,120
ENSG00000187257,8,121
ENSG00000130545,8,122
ENSG00000142252,8,123
ENSG00000205808,8,124
ENSG00000122696,8,125
ENSG00000146247,8,126
ENSG00000160336,8,127
ENSG00000134013,8,128
ENSG00000027001,8,129
ENSG00000027075,8,130
ENSG00000070159,8,131
ENSG00000153391,8,132
ENSG00000149636,8,133
ENSG00000122779,8,134
ENSG00000110660,8,135
ENSG00000188522,8,136
ENSG00000111796,8,137
ENSG00000164169,8,138
ENSG00000168646,8,139
ENSG00000029639,8,140
ENSG00000162078,8,141
ENSG00000275302,8,142
ENSG00000168685,8,143
ENSG00000165959,8,144
ENSG00000170962,8,145
ENSG00000154914,8,146
ENSG00000224389,8,147
ENSG00000113739,8,148
ENSG00000165591,8,149
ENSG00000148702,8,150
ENSG00000166451,8,151
ENSG00000188508,8,152
ENSG00000187720,8,153
ENSG00000242366,8,154
ENSG00000166510,8,155
ENSG00000149289,8,156
ENSG00000140030,8,157
ENSG00000132570,8,158
ENSG00000040275,8,159
ENSG00000148735,8,160
ENSG00000126353,8,161
ENSG00000165474,8,162
ENSG00000196754,8,163
ENSG00000105427,8,164
ENSG00000172671,8,165
ENSG00000127533,8,166
ENSG00000115339,8,167
ENSG00000112297,8,168
ENSG00000100558,8,169
ENSG00000261147,8,170
ENSG00000005844,8,171
ENSG00000182795,8,172
ENSG00000143217,8,173
ENSG00000104140,8,174
ENSG00000168970,8,175
ENSG00000234857,8,176
ENSG00000175711,8,177
ENSG00000173890,8,178
ENSG00000132623,8,179
ENSG00000134545,8,180
ENSG00000267467,8,181
ENSG00000124939,8,182
ENSG00000171346,8,183
ENSG00000206075,8,184
ENSG00000137440,8,185
ENSG00000267710,8,186
ENSG00000111816,8,187
ENSG00000109805,8,188
ENSG00000249141,8,189
ENSG00000189120,8,190
ENSG00000188505,8,191
ENSG00000130675,8,192
ENSG00000172578,8,193
ENSG00000103534,8,194
ENSG00000176920,8,195
ENSG00000174946,8,196
ENSG00000148965,8,197
ENSG00000145642,8,198
ENSG00000121797,8,199
ENSG00000115598,8,200
ENSG00000184895,8,201
ENSG00000130487,8,202
ENSG00000266728,8,203
ENSG00000133488,8,204
ENSG00000101188,8,205
ENSG00000105991,8,206
ENSG00000185069,8,207
ENSG00000170509,8,208
ENSG00000186188,8,209
ENSG00000121743,8,210
ENSG00000105352,8,211
ENSG00000234602,8,212
ENSG00000102837,8,213
ENSG00000167749,8,214
ENSG00000100078,8,215
ENSG00000160471,8,216
ENSG00000162365,8,217
ENSG00000184459,8,218
ENSG00000102891,8,219
ENSG00000111713,8,220
ENSG00000100652,8,221
ENSG00000147689,8,222
ENSG00000198807,8,223
ENSG00000143536,8,224
ENSG00000122133,8,225
ENSG00000254732,8,226
ENSG00000276368,8,227
ENSG00000259823,8,228
ENSG00000168955,8,229
ENSG00000172410,8,230
ENSG00000167080,8,231
ENSG00000241186,8,232
ENSG00000229544,8,233
ENSG00000254706,8,234
ENSG00000273291,8,235
ENSG00000255330,8,236
ENSG00000280571,8,237
ENSG00000157654,8,238
ENSG00000239920,8,239
ENSG00000170523,8,240
ENSG00000124157,8,241
ENSG00000277957,8,242
ENSG00000111780,8,243
ENSG00000250264,8,244
ENSG00000277726,8,245
ENSG00000254402,8,246
ENSG00000255835,8,247
ENSG00000267318,8,248
ENSG00000268870,8,249
ENSG00000072315,8,250
ENSG00000256349,8,251
ENSG00000249590,8,252
ENSG00000226430,8,253
ENSG00000268500,8,254
ENSG00000272410,8,255
ENSG00000236334,8,256
2048,9,1
2049,9,2
2050,9,3
2051,9,4
2052,9,5
2053,9,6
2054,9,7
2055,9,8
2056,9,9
2057,9,10
2058,9,11
2059,9,12
2060,9,13
2061,9,14
2062,9,15
2063,9,16
2064,9,17
2065,9,18
2066,9,19
2067,9,20
2068,9,21
2069,9,22
2070,9,23
2071,9,24
2072,9,25
2073,9,26
2074,9,27
2075,9,28
2076,9,29
2077,9,30
2078,9,31
2079,9,32
2080,9,33
2081,9,34
2082,9,35
2083,9,36
2084,9,37
2085,9,38
2086,9,39
2087,9,40
2088,9,41
2089,9,42
2090,9,43
2091,9,44
2092,9,45
2093,9,46
2094,9,47
2095,9,48
2096,9,49
2097,9,50
2098,9,51
2099,9,52
2100,9,53
2101,9,54
2102,9,55
2103,9,56
2104,9,57
2105,9,58
2106,9,59
2107,9,60
2108,9,61
2109,9,62
2110,9,63
2111,9,64
2112,9,65
2113,9,66
2114,9,67
2115,9,68
2116,9,69
2117,9,70
2118,9,71
2119,9,72
2120,9,73
2121,9,74
2122,9,75
2123,9,76
2124,9,77
2125,9,78
2126,9,79
2127,9,80
2128,9,81
2129,9,82
2130,9,83
2131,9,84
2132,9,85
2133,9,86
2134,9,87
2135,9,88
2136,9,89
2137,9,90
2138,9,91
2139,9,92
2140,9,93
2141,9,94
2142,9,95
ENSG00000178691,9,96
ENSG00000088451,9,97
ENSG00000015532,9,98
ENSG00000135048,9,99
ENSG00000240849,9,100
ENSG00000172172,9,101
ENSG00000167112,9,102
ENSG00000112414,9,103
ENSG00000162692,9,104
ENSG00000125821,9,105
ENSG00000101146,9,106
ENSG00000198839,9,107
ENSG00000161813,9,108
ENSG00000177485,9,109
ENSG00000179151,9,110
ENSG00000143952,9,111
ENSG00000112936,9,112
ENSG00000185115,9,113
ENSG00000150347,9,114
ENSG00000110328,9,115
ENSG00000169359,9,116
ENSG00000170776,9,117
ENSG00000156711,9,118
ENSG00000144468,9,119
ENSG00000125810,9,120
ENSG00000205744,9,121
ENSG00000093072,9,122
ENSG00000165219,9,123
ENSG00000107882,9,124
ENSG00000184730,9,125
ENSG00000198081,9,126
ENSG00000129521,9,127
ENSG00000058729,9,128
ENSG00000105810,9,129
ENSG00000134986,9,130
ENSG00000165416,9,131
ENSG00000159110,9,132
ENSG00000166478,9,133
ENSG00000197191,9,134
ENSG00000176390,9,135
ENSG00000170185,9,136
ENSG00000147421,9,137
ENSG00000144120,9,138
ENSG00000164306,9,139
ENSG00000161888,9,140
ENSG00000124782,9,141
ENSG00000136824,9,142
ENSG00000132953,9,143
ENSG00000111247,9,144
ENSG00000103044,9,145
ENSG00000178184,9,146
ENSG00000189007,9,147
ENSG00000156127,9,148
ENSG00000101336,9,149
ENSG00000071539,9,150
ENSG00000105929,9,151
ENSG00000174600,9,152
ENSG00000092140,9,153
ENSG00000198542,9,154
ENSG00000121152,9,155
ENSG00000160233,9,156
ENSG00000064012,9,157
ENSG00000137078,9,158
ENSG00000125998,9,159
ENSG00000146410,9,160
ENSG00000129173,9,161
ENSG00000128422,9,162
ENSG00000186081,9,163
ENSG00000121552,9,164
ENSG00000183421,9,165
ENSG00000137673,9,166
ENSG00000058085,9,167
ENSG00000163814,9,168
ENSG00000164251,9,169
ENSG00000111344,9,170
ENSG00000188277,9,171
ENSG00000062038,9,172
ENSG00000142273,9,173
ENSG00000182742,9,174
ENSG00000127152,9,175
ENSG00000104974,9,176
ENSG00000172322,9,177
ENSG00000167105,9,178
ENSG00000267385,9,179
ENSG00000267281,9,180
ENSG00000121211,9,181
ENSG00000100473,9,182
ENSG00000164362,9,183
ENSG00000131142,9,184
ENSG00000176532,9,185
ENSG00000166961,9,186
ENSG00000213886,9,187
ENSG00000184709,9,188
ENSG00000148848,9,189
ENSG00000117724,9,190
ENSG00000196611,9,191
ENSG00000166803,9,192
ENSG00000068489,9,193
ENSG00000198643,9,194
ENSG00000173467,9,195
ENSG00000137634,9,196
ENSG00000133107,9,197
ENSG00000167261,9,198
ENSG00000134339,9,199
ENSG00000277639,9,200
ENSG00000112175,9,201
ENSG00000134827,9,202
ENSG00000235376,9,203
ENSG00000130045,9,204
ENSG00000186314,9,205
ENSG00000203785,9,206
ENSG00000129988,9,207
ENSG00000006606,9,208
ENSG00000091583,9,209
ENSG00000188710,9,210
ENSG00000136206,9,211
ENSG00000124253,9,212
ENSG00000170426,9,213
ENSG00000108576,9,214
ENSG00000124203,9,215
ENSG00000007952,9,216
ENSG00000106178,9,217
ENSG00000239839,9,218
ENSG00000124564,9,219
ENSG00000275152,9,220
ENSG00000125571,9,221
ENSG00000096006,9,222
ENSG00000142623,9,223
ENSG00000153802,9,224
ENSG00000185966,9,225
ENSG00000189325,9,226
ENSG00000255508,9,227
ENSG00000261408,9,228
ENSG00000269693,9,229
ENSG00000144820,9,230
ENSG00000104321,9,231
ENSG00000103355,9,232
ENSG00000281348,9,233
ENSG00000273155,9,234
ENSG00000273213,9,235
ENSG00000259040,9,236
ENSG00000270757,9,237
ENSG00000259030,9,238
ENSG00000171487,9,239
ENSG00000204010,9,240
ENSG00000276087,9,241
ENSG00000258465,9,242
ENSG00000256029,9,243
ENSG00000274049,9,244
ENSG00000279983,9,245
ENSG00000251246,9,246
ENSG00000270136,9,247
ENSG00000280778,9,248
ENSG00000244115,9,249
ENSG00000271949,9,250
ENSG00000279073,9,251
ENSG00000255054,9,252
ENSG00000221858,9,253
ENSG00000184698,9,254
ENSG00000232268,9,255
ENSG00000233136,9,256
2304,10,1
2305,10,2
2306,10,3
2307,10,4
2308,10,5
2309,10,6
2310,10,7
2311,10,8
2312,10,9
2313,10,10
2314,10,11
2315,10,12
2316,10,13
2317,10,14
2318,10,15
2319,10,16
2320,10,17
2321,10,18
2322,10,19
2323,10,20
2324,10,21
2325,10,22
2326,10,23
2327,10,24
2328,10,25
2329,10,26
2330,10,27
2331,10,28
2332,10,29
2333,10,30
2334,10,31
2335,10,32
2336,10,33
2337,10,34
2338,10,35
2339,10,36
2340,10,37
2341,10,38
2342,10,39
2343,10,40
2344,10,41
2345,10,42
2346,10,43
2347,10,44
2348,10,45
2349,10,46
2350,10,47
2351,10,48
2352,10,49
2353,10,50
2354,10,51
2355,10,52
2356,10,53
2357,10,54
2358,10,55
2359,10,56
2360,10,57
2361,10,58
2362,10,59
2363,10,60
2364,10,61
2365,10,62
2366,10,63
2367,10,64
2368,10,65
2369,10,66
2370,10,67
2371,10,68
2372,10,69
2373,10,70
2374,10,71
2375,10,72
2376,10,73
2377,10,74
2378,10,75
2379,10,76
2380,10,77
2381,10,78
2382,10,79
2383,10,80
2384,10,81
2385,10,82
2386,10,83
2387,10,84
2388,10,85
2389,10,86
2390,10,87
2391,10,88
2392,10,89
2393,10,90
2394,10,91
2395,10,92
2396,10,93
2397,10,94
2398,10,95
ENSG00000101752,10,96
ENSG00000114120,10,97
ENSG00000164695,10,98
ENSG00000039123,10,99
ENSG00000155329,10,100
ENSG00000127191,10,101
ENSG00000146676,10,102
ENSG00000100281,10,103
ENSG00000109917,10,104
ENSG00000103381,10,105
ENSG00000171861,10,106
ENSG00000164244,10,107
ENSG00000141198,10,108
ENSG00000101191,10,109
ENSG00000123066,10,110
ENSG00000160957,10,111
ENSG00000185101,10,112
ENSG00000164252,10,113
ENSG00000179913,10,114
ENSG00000213859,10,115
ENSG00000170832,10,116
ENSG00000118454,10,117
ENSG00000100714,10,118
ENSG00000108352,10,119
ENSG00000108064,10,120
ENSG00000087510,10,121
ENSG00000173193,10,122
ENSG00000123609,10,123
ENSG00000125898,10,124
ENSG00000182197,10,125
ENSG00000132326,10,126
ENSG00000198074,10,127
ENSG00000066697,10,128
ENSG00000135249,10,129
ENSG00000121864,10,130
ENSG00000256269,10,131
ENSG00000114904,10,132
ENSG00000101544,10,133
ENSG00000060069,10,134
ENSG00000182782,10,135
ENSG00000151632,10,136
ENSG00000245848,10,137
ENSG00000048471,10,138
ENSG00000076382,10,139
ENSG00000146587,10,140
ENSG00000139291,10,141
ENSG00000102524,10,142
ENSG00000121542,10,143
ENSG00000010219,10,144
ENSG00000147364,10,145
ENSG00000177464,10,146
ENSG00000112234,10,147
ENSG00000131055,10,148
ENSG00000224578,10,149
ENSG00000102221,10,150
ENSG00000161654,10,151
ENSG00000015285,10,152
ENSG00000198183,10,153
ENSG00000196196,10,154
ENSG00000104714,10,155
ENSG00000106952,10,156
ENSG00000102243,10,157
ENSG00000121897,10,158
ENSG00000141968,10,159
ENSG00000248144,10,160
ENSG00000138193,10,161
ENSG00000119508,10,162
ENSG00000070019,10,163
ENSG00000183876,10,164
ENSG00000128342,10,165
ENSG00000166920,10,166
ENSG00000175707,10,167
ENSG00000253313,10,168
ENSG00000155918,10,169
ENSG00000169583,10,170
ENSG00000131037,10,171
ENSG00000140285,10,172
ENSG00000167916,10,173
ENSG00000182261,10,174
ENSG00000184058,10,175
ENSG00000188092,10,176
ENSG00000129450,10,177
ENSG00000196620,10,178
ENSG00000015413,10,179
ENSG00000100625,10,180
ENSG00000117983,10,181
ENSG00000021488,10,182
ENSG00000205667,10,183
ENSG00000130768,10,184
ENSG00000120756,10,185
ENSG00000134762,10,186
ENSG00000163898,10,187
ENSG00000136305,10,188
ENSG00000075218,10,189
ENSG00000112984,10,190
ENSG00000183856,10,191
ENSG00000189057,10,192
ENSG00000163464,10,193
ENSG00000129514,10,194
ENSG00000116299,10,195
ENSG00000148357,10,196
ENSG00000138271,10,197
ENSG00000138798,10,198
ENSG00000073282,10,199
ENSG00000136943,10,200
ENSG00000039537,10,201
ENSG00000092009,10,202
ENSG00000136492,10,203
ENSG00000140534,10,204
ENSG00000142684,10,205
ENSG00000205426,10,206
ENSG00000163207,10,207
ENSG00000005471,10,208
ENSG00000135697,10,209
ENSG00000124780,10,210
ENSG00000257446,10,211
ENSG00000277157,10,212
ENSG00000167077,10,213
ENSG00000166670,10,214
ENSG00000230358,10,215
ENSG00000142515,10,216
ENSG00000126231,10,217
ENSG00000233041,10,218
ENSG00000250799,10,219
ENSG00000151655,10,220
ENSG00000180316,10,221
ENSG00000115008,10,222
ENSG00000142619,10,223
ENSG00000197273,10,224
ENSG00000134193,10,225
ENSG00000121380,10,226
ENSG00000260238,10,227
ENSG00000259305,10,228
ENSG00000251503,10,229
ENSG00000254806,10,230
ENSG00000162897,10,231
ENSG00000081148,10,232
ENSG00000102195,10,233
ENSG00000259529,10,234
ENSG00000248592,10,235
ENSG00000267645,10,236
ENSG00000271741,10,237
ENSG00000274944,10,238
ENSG00000259316,10,239
ENSG00000101074,10,240
ENSG00000183560,10,241
ENSG00000271810,10,242
ENSG00000264324,10,243
ENSG00000256407,10,244
ENSG00000271793,10,245
ENSG00000256514,10,246
ENSG00000254959,10,247
ENSG00000279686,10,248
ENSG00000273088,10,249
ENSG00000205236,10,250
ENSG00000134183,10,251
ENSG00000281887,10,252
ENSG00000250741,10,253
ENSG00000223569,10,254
ENSG00000251012,10,255
ENSG00000171942,10,256
2560,11,1
2561,11,2
2562,11,3
2563,11,4
2564,11,5
2565,11,6
2566,11,7
2567,11,8
2568,11,9
2569,11,10
2570,11,11
2571,11,12
2572,11,13
2573,11,14
2574,11,15
2575,11,16
2576,11,17
2577,11,18
2578,11,19
2579,11,20
2580,11,21
2581,11,22
2582,11,23
2583,11,24
2584,11,25
2585,11,26
2586,11,27
2587,11,28
2588,11,29
2589,11,30
2590,11,31
2591,11,32
2592,11,33
2593,11,34
2594,11,35
2595,11,36
2596,11,37
2597,11,38
2598,11,39
2599,11,40
2600,11,41
2601,11,42
2602,11,43
2603,11,44
2604,11,45
2605,11,46
2606,11,47
2607,11,48
2608,11,49
2609,11,50
2610,11,51
2611,11,52
2612,11,53
2613,11,54
2614,11,55
2615,11,56
2616,11,57
2617,11,58
2618,11,59
2619,11,60
2620,11,61
2621,11,62
2622,11,63
2623,11,64
2624,11,65
2625,11,66
2626,11,67
2627,11,68
2628,11,69
2629,11,70
2630,11,71
2631,11,72
2632,11,73
2633,11,74
2634,11,75
2635,11,76
2636,11,77
2637,11,78
2638,11,79
2639,11,80
2640,11,81
2641,11,82
2642,11,83
2643,11,84
2644,11,85
2645,11,86
2646,11,87
2647,11,88
2648,11,89
2649,11,90
2650,11,91
2651,11,92
2652,11,93
2653,11,94
2654,11,95
ENSG00000157601,11,96
ENSG00000100031,11,97
ENSG00000119408,11,98
ENSG00000143476,11,99
ENSG00000247077,11,100
ENSG00000244509,11,101
ENSG00000133703,11,102
ENSG00000198722,11,103
ENSG00000176658,11,104
ENSG00000167258,11,105
ENSG00000188493,11,106
ENSG00000204291,11,107
ENSG00000175283,11,108
ENSG00000180329,11,109
ENSG00000104889,11,110
ENSG00000109255,11,111
ENSG00000169499,11,112
ENSG00000189046,11,113
ENSG00000111596,11,114
ENSG00000100290,11,115
ENSG00000052749,11,116
ENSG00000163359,11,117
ENSG00000140455,11,118
ENSG00000107651,11,119
ENSG00000105523,11,120
ENSG00000083520,11,121
ENSG00000104228,11,122
ENSG00000149476,11,123
ENSG00000198001,11,124
ENSG00000009844,11,125
ENSG00000038210,11,126
ENSG00000137462,11,127
ENSG00000148120,11,128
ENSG00000141179,11,129
ENSG00000157240,11,130
ENSG00000025434,11,131
ENSG00000124177,11,132
ENSG00000137842,11,133
ENSG00000056972,11,134
ENSG00000134852,11,135
ENSG00000059769,11,136
ENSG00000174032,11,137
ENSG00000136490,11,138
ENSG00000162714,11,139
ENSG00000169515,11,140
ENSG00000113368,11,141
ENSG00000146842,11,142
ENSG00000103852,11,143
ENSG00000145431,11,144
ENSG00000082212,11,145
ENSG00000148634,11,146
ENSG00000160180,11,147
ENSG00000148187,11,148
ENSG00000177508,11,149
ENSG00000181827,11,150
ENSG00000119979,11,151
ENSG00000106819,11,152
ENSG00000137501,11,153
ENSG00000104447,11,154
ENSG00000171970,11,155
ENSG00000015153,11,156
ENSG00000196705,11,157
ENSG00000106868,11,158
ENSG00000183486,11,159
ENSG00000241598,11,160
ENSG00000117399,11,161
ENSG00000184434,11,162
ENSG00000177721,11,163
ENSG00000107485,11,164
ENSG00000083807,11,165
ENSG00000156968,11,166
ENSG00000165905,11,167
ENSG00000167183,11,168
ENSG00000141738,11,169
ENSG00000167880,11,170
ENSG00000237649,11,171
ENSG00000118620,11,172
ENSG00000169627,11,173
ENSG00000047597,11,174
ENSG00000164087,11,175
ENSG00000146670,11,176
ENSG00000111206,11,177
ENSG00000134864,11,178
ENSG00000175315,11,179
ENSG00000136634,11,180
ENSG00000167476,11,181
ENSG00000279000,11,182
ENSG00000177459,11,183
ENSG00000113600,11,184
ENSG00000152766,11,185
ENSG00000187017,11,186
ENSG00000111701,11,187
ENSG00000124249,11,188
ENSG00000198826,11,189
ENSG00000117650,11,190
ENSG00000143228,11,191
ENSG00000129195,11,192
ENSG00000016402,11,193
ENSG00000026559,11,194
ENSG00000133477,11,195
ENSG00000188959,11,196
ENSG00000178363,11,197
ENSG00000189280,11,198
ENSG00000143556,11,199
ENSG00000135476,11,200
ENSG00000261150,11,201
ENSG00000100122,11,202
ENSG00000183778,11,203
ENSG00000135253,11,204
ENSG00000184661,11,205
ENSG00000241794,11,206
ENSG00000088386,11,207
ENSG00000002726,11,208
ENSG00000100344,11,209
ENSG00000108813,11,210
ENSG00000120068,11,211
ENSG00000256812,11,212
ENSG00000125245,11,213
ENSG00000142484,11,214
ENSG00000198019,11,215
ENSG00000204616,11,216
ENSG00000179674,11,217
ENSG00000143167,11,218
ENSG00000128510,11,219
ENSG00000105398,11,220
ENSG00000166391,11,221
ENSG00000215182,11,222
ENSG00000142405,11,223
ENSG00000173597,11,224
ENSG00000179914,11,225
ENSG00000154252,11,226
ENSG00000255071,11,227
ENSG00000254996,11,228
ENSG00000189195,11,229
ENSG00000257207,11,230
ENSG00000184697,11,231
ENSG00000213759,11,232
ENSG00000185860,11,233
ENSG00000170819,11,234
ENSG00000268750,11,235
ENSG00000270882,11,236
ENSG00000280537,11,237
ENSG00000248993,11,238
ENSG00000177984,11,239
ENSG00000239605,11,240
ENSG00000118702,11,241
ENSG00000071677,11,242
ENSG00000248109,11,243
ENSG00000267561,11,244
ENSG00000196289,11,245
ENSG00000268223,11,246
ENSG00000257184,11,247
ENSG00000270106,11,248
ENSG00000254553,11,249
ENSG00000265818,11,250
ENSG00000204003,11,251
ENSG00000270316,11,252
ENSG00000278139,11,253
ENSG00000232399,11,254
ENSG00000248933,11,255
ENSG00000232948,11,256
2816,12,1
2817,12,2
2818,12,3
2819,12,4
2820,12,5
2821,12,6
2822,12,7
2823,12,8
2824,12,9
2825,12,10
2826,12,11
2827,12,12
2828,12,13
2829,12,14
2830,12,15
2831,12,16
2832,12,17
2833,12,18
2834,12,19
2835,12,20
2836,12,21
2837,12,22
2838,12,23
2839,12,24
2840,12,25
2841,12,26
2842,12,27
2843,12,28
2844,12,29
2845,12,30
2846,12,31
2847,12,32
2848,12,33
2849,12,34
2850,12,35
2851,12,36
2852,12,37
2853,12,38
2854,12,39
2855,12,40
2856,12,41
2857,12,42
2858,12,43
2859,12,44
2860,12,45
2861,12,46
2862,12,47
2863,12,48
2864,12,49
2865,12,50
2866,12,51
2867,12,52
2868,12,53
2869,12,54
2870,12,55
2871,12,56
2872,12,57
2873,12,58
2874,12,59
2875,12,60
2876,12,61
2877,12,62
2878,12,63
2879,12,64
2880,12,65
2881,12,66
2882,12,67
2883,12,68
2884,12,69
2885,12,70
2886,12,71
2887,12,72
2888,12,73
2889,12,74
2890,12,75
2891,12,76
2892,12,77
2893,12,78
2894,12,79
2895,12,80
2896,12,81
2897,12,82
2898,12,83
2899,12,84
2900,12,85
2901,12,86
2902,12,87
2903,12,88
2904,12,89
2905,12,90
2906,12,91
2907,12,92
2908,12,93
2909,12,94
ENSG00000102900,12,95
ENSG00000160255,12,96
ENSG00000183955,12,97
ENSG00000156983,12,98
ENSG00000135686,12,99
ENSG00000134215,12,100
ENSG00000185127,12,101
ENSG00000138160,12,102
ENSG00000125637,12,103
ENSG00000008323,12,104
ENSG00000113360,12,105
ENSG00000164916,12,106
ENSG00000164379,12,107
ENSG00000156970,12,108
ENSG00000107020,12,109
ENSG00000144048,12,110
ENSG00000121316,12,111
ENSG00000139218,12,112
ENSG00000149798,12,113
ENSG00000126249,12,114
ENSG00000198729,12,115
ENSG00000114744,12,116
ENSG00000171681,12,117
ENSG00000048392,12,118
ENSG00000178935,12,119
ENSG00000151806,12,120
ENSG00000150990,12,121
ENSG00000051620,12,122
ENSG00000187866,12,123
ENSG00000076067,12,124
ENSG00000165806,12,125
ENSG00000103042,12,126
ENSG00000091436,12,127
ENSG00000144554,12,128
ENSG00000150961,12,129
ENSG00000124641,12,130
ENSG00000033011,12,131
ENSG00000018510,12,132
ENSG00000145685,12,133
ENSG00000169105,12,134
ENSG00000217128,12,135
ENSG00000102034,12,136
ENSG00000164284,12,137
ENSG00000172869,12,138
ENSG00000164932,12,139
ENSG00000091073,12,140
ENSG00000137720,12,141
ENSG00000123810,12,142
ENSG00000154114,12,143
ENSG00000256525,12,144
ENSG00000180921,12,145
ENSG00000174840,12,146
ENSG00000181894,12,147
ENSG00000125843,12,148
ENSG00000143315,12,149
ENSG00000171448,12,150
ENSG00000140650,12,151
ENSG00000068784,12,152
ENSG00000198455,12,153
ENSG00000169193,12,154
ENSG00000139233,12,155
ENSG00000128965,12,156
ENSG00000027869,12,157
ENSG00000148143,12,158
ENSG00000111729,12,159
ENSG00000142185,12,160
ENSG00000137804,12,161
ENSG00000088325,12,162
ENSG00000013588,12,163
ENSG00000132436,12,164
ENSG00000167208,12,165
ENSG00000120784,12,166
ENSG00000077420,12,167
ENSG00000172728,12,168
ENSG00000088836,12,169
ENSG00000154240,12,170
ENSG00000146233,12,171
ENSG00000253958,12,172
ENSG00000174004,12,173
ENSG00000170312,12,174
ENSG00000105011,12,175
ENSG00000171848,12,176
ENSG00000142945,12,177
ENSG00000187474,12,178
ENSG00000256294,12,179
ENSG00000120054,12,180
ENSG00000136155,12,181
ENSG00000091262,12,182
ENSG00000134389,12,183
ENSG00000101213,12,184
ENSG00000163362,12,185
ENSG00000006555,12,186
ENSG00000167741,12,187
ENSG00000137812,12,188
ENSG00000093009,12,189
ENSG00000164109,12,190
ENSG00000085840,12,191
ENSG00000126787,12,192
ENSG00000169679,12,193
ENSG00000143951,12,194
ENSG00000176402,12,195
ENSG00000132749,12,196
ENSG00000005073,12,197
ENSG00000174564,12,198
ENSG00000188373,12,199
ENSG00000007968,12,200
ENSG00000122592,12,201
ENSG00000182185,12,202
ENSG00000182472,12,203
ENSG00000124143,12,204
ENSG00000172061,12,205
ENSG00000170373,12,206
ENSG00000065328,12,207
ENSG00000174371,12,208
ENSG00000204936,12,209
ENSG00000158125,12,210
ENSG00000161905,12,211
ENSG00000078898,12,212
ENSG00000265190,12,213
ENSG00000035720,12,214
ENSG00000125999,12,215
ENSG00000188761,12,216
ENSG00000198758,12,217
ENSG00000101307,12,218
ENSG00000274641,12,219
ENSG00000086967,12,220
ENSG00000110244,12,221
ENSG00000145692,12,222
ENSG00000164400,12,223
ENSG00000255501,12,224
ENSG00000198670,12,225
ENSG00000007216,12,226
ENSG00000114113,12,227
ENSG00000029559,12,228
ENSG00000270149,12,229
ENSG00000138435,12,230
ENSG00000163283,12,231
ENSG00000243696,12,232
ENSG00000106536,12,233
ENSG00000146276,12,234
ENSG00000102313,12,235
ENSG00000248329,12,236
ENSG00000169856,12,237
ENSG00000196468,12,238
ENSG00000250641,12,239
ENSG00000196228,12,240
ENSG00000203811,12,241
ENSG00000109424,12,242
ENSG00000198398,12,243
ENSG00000174417,12,244
ENSG00000177468,12,245
ENSG00000008197,12,246
ENSG00000205649,12,247
ENSG00000255804,12,248
ENSG00000275663,12,249
ENSG00000275163,12,250
ENSG00000251380,12,251
ENSG00000262461,12,252
ENSG00000268221,12,253
ENSG00000229571,12,254
ENSG00000216649,12,255
ENSG00000278646,12,256
3072,13,1
3073,13,2
3074,13,3
3075,13,4
3076,13,5
3077,13,6
3078,13,7
3079,13,8
3080,13,9
3081,13,10
3082,13,11
3083,13,12
3084,13,13
3085,13,14
3086,13,15
3087,13,16
3088,13,17
3089,13,18
3090,13,19
3091,13,20
3092,13,21
3093,13,22
3094,13,23
3095,13,24
3096,13,25
3097,13,26
3098,13,27
3099,13,28
3100,13,29
3101,13,30
3102,13,31
3103,13,32
3104,13,33
3105,13,34
3106,13,35
3107,13,36
3108,13,37
3109,13,38
3110,13,39
3111,13,40
3112,13,41
3113,13,42
3114,13,43
3115,13,44
3116,13,45
3117,13,46
3118,13,47
3119,13,48
3120,13,49
3121,13,50
3122,13,51
3123,13,52
3124,13,53
3125,13,54
3126,13,55
3127,13,56
3128,13,57
3129,13,58
3130,13,59
3131,13,60
3132,13,61
3133,13,62
3134,13,63
3135,13,64
3136,13,65
3137,13,66
3138,13,67
3139,13,68
3140,13,69
3141,13,70
3142,13,71
3143,13,72
3144,13,73
3145,13,74
3146,13,75
3147,13,76
3148,13,77
3149,13,78
3150,13,79
3151,13,80
3152,13,81
3153,13,82
3154,13,83
3155,13,84
3156,13,85
3157,13,86
3158,13,87
3159,13,88
3160,13,89
3161,13,90
3162,13,91
3163,13,92
3164,13,93
3165,13,94
3166,13,95
ENSG00000051009,13,96
ENSG00000178307,13,97
ENSG00000101384,13,98
ENSG00000184012,13,99
ENSG00000110002,13,100
ENSG00000170421,13,101
ENSG00000124102,13,102
ENSG00000137845,13,103
ENSG00000147168,13,104
ENSG00000147592,13,105
ENSG00000095261,13,106
ENSG00000127870,13,107
ENSG00000163331,13,108
ENSG00000086827,13,109
ENSG00000163510,13,110
ENSG00000181885,13,111
ENSG00000198373,13,112
ENSG00000100372,13,113
ENSG00000120253,13,114
ENSG00000204120,13,115
ENSG00000140443,13,116
ENSG00000181610,13,117
ENSG00000109016,13,118
ENSG00000204070,13,119
ENSG00000050393,13,120
ENSG00000146416,13,121
ENSG00000108510,13,122
ENSG00000172943,13,123
ENSG00000101236,13,124
ENSG00000176974,13,125
ENSG00000122863,13,126
ENSG00000048028,13,127
ENSG00000187049,13,128
ENSG00000099250,13,129
ENSG00000124574,13,130
ENSG00000101407,13,131
ENSG00000168961,13,132
ENSG00000144306,13,133
ENSG00000137496,13,134
ENSG00000033170,13,135
ENSG00000006704,13,136
ENSG00000114450,13,137
ENSG00000121879,13,138
ENSG00000171928,13,139
ENSG00000189050,13,140
ENSG00000085514,13,141
ENSG00000170779,13,142
ENSG00000213341,13,143
ENSG00000080345,13,144
ENSG00000103707,13,145
ENSG00000087995,13,146
ENSG00000012779,13,147
ENSG00000131941,13,148
ENSG00000254685,13,149
ENSG00000147459,13,150
ENSG00000176531,13,151
ENSG00000159640,13,152
ENSG00000196812,13,153
ENSG00000125741,13,154
ENSG00000083093,13,155
ENSG00000171984,13,156
ENSG00000186951,13,157
ENSG00000185567,13,158
ENSG00000184898,13,159
ENSG00000139133,13,160
ENSG00000127564,13,161
ENSG00000163734,13,162
ENSG00000185527,13,163
ENSG00000198482,13,164
ENSG00000129007,13,165
ENSG00000123191,13,166
ENSG00000172986,13,167
ENSG00000155307,13,168
ENSG00000186871,13,169
ENSG00000075275,13,170
ENSG00000167286,13,171
ENSG00000196159,13,172
ENSG00000204482,13,173
ENSG00000107242,13,174
ENSG00000090612,13,175
ENSG00000134690,13,176
ENSG00000144354,13,177
ENSG00000115163,13,178
ENSG00000234068,13,179
ENSG00000173451,13,180
ENSG00000182585,13,181
ENSG00000158488,13,182
ENSG00000152253,13,183
ENSG00000132746,13,184
ENSG00000163535,13,185
ENSG00000069011,13,186
ENSG00000174370,13,187
ENSG00000137434,13,188
ENSG00000137807,13,189
ENSG00000131153,13,190
ENSG00000104147,13,191
ENSG00000080986,13,192
ENSG00000276043,13,193
ENSG00000181652,13,194
ENSG00000183287,13,195
ENSG00000166263,13,196
ENSG00000105131,13,197
ENSG00000158055,13,198
ENSG00000069812,13,199
ENSG00000124429,13,200
ENSG00000120328,13,201
ENSG00000137142,13,202
ENSG00000163209,13,203
ENSG00000171401,13,204
ENSG00000070193,13,205
ENSG00000066279,13,206
ENSG00000024526,13,207
ENSG00000118193,13,208
ENSG00000165891,13,209
ENSG00000159307,13,210
ENSG00000163599,13,211
ENSG00000111837,13,212
ENSG00000117281,13,213
ENSG00000149043,13,214
ENSG00000197353,13,215
ENSG00000197632,13,216
ENSG00000127831,13,217
ENSG00000264230,13,218
ENSG00000145283,13,219
ENSG00000174950,13,220
ENSG00000123364,13,221
ENSG00000166736,13,222
ENSG00000144852,13,223
ENSG00000115718,13,224
ENSG00000168269,13,225
ENSG00000179546,13,226
ENSG00000162723,13,227
ENSG00000187689,13,228
ENSG00000162398,13,229
ENSG00000197061,13,230
ENSG00000184270,13,231
ENSG00000174990,13,232
ENSG00000268902,13,233
ENSG00000268940,13,234
ENSG00000146049,13,235
ENSG00000186458,13,236
ENSG00000168875,13,237
ENSG00000197721,13,238
ENSG00000162594,13,239
ENSG00000168412,13,240
ENSG00000203812,13,241
ENSG00000255872,13,242
ENSG00000125813,13,243
ENSG00000254466,13,244
ENSG00000188784,13,245
ENSG00000205867,13,246
ENSG00000182447,13,247
ENSG00000173612,13,248
ENSG00000170848,13,249
ENSG00000269711,13,250
ENSG00000180708,13,251
ENSG00000274764,13,252
ENSG00000231396,13,253
ENSG00000223417,13,254
ENSG00000178287,13,255
ENSG00000215269,13,256
3328,14,1
3329,14,2
3330,14,3
3331,14,4
3332,14,5
3333,14,6
3334,14,7
3335,14,8
3336,14,9
3337,14,10
3338,14,11
3339,14,12
3340,14,13
3341,14,14
3342,14,15
3343,14,16
3344,14,17
3345,14,18
3346,14,19
3347,14,20
3348,14,21
3349,14,22
3350,14,23
3351,14,24
3352,14,25
3353,14,26
3354,14,27
3355,14,28
3356,14,29
3357,14,30
3358,14,31
3359,14,32
3360,14,33
3361,14,34
3362,14,35
3363,14,36
3364,14,37
3365,14,38
3366,14,39
3367,14,40
3368,14,41
3369,14,42
3370,14,43
3371,14,44
3372,14,45
3373,14,46
3374,14,47
3375,14,48
3376,14,49
3377,14,50
3378,14,51
3379,14,52
3380,14,53
3381,14,54
3382,14,55
3383,14,56
3384,14,57
3385,14,58
3386,14,59
3387,14,60
3388,14,61
3389,14,62
3390,14,63
3391,14,64
3392,14,65
3393,14,66
3394,14,67
3395,14,68
3396,14,69
3397,14,70
3398,14,71
3399,14,72
3400,14,73
3401,14,74
3402,14,75
3403,14,76
3404,14,77
3405,14,78
3406,14,79
3407,14,80
3408,14,81
3409,14,82
3410,14,83
3411,14,84
3412,14,85
3413,14,86
3414,14,87
3415,14,88
3416,14,89
3417,14,90
3418,14,91
3419,14,92
3420,14,93
3421,14,94
ENSG00000167799,14,95
ENSG00000166002,14,96
ENSG00000011105,14,97
ENSG00000121060,14,98
ENSG00000243646,14,99
ENSG00000171345,14,100
ENSG00000111057,14,101
ENSG00000046647,14,102
ENSG00000244462,14,103
ENSG00000053747,14,104
ENSG00000149084,14,105
ENSG00000112249,14,106
ENSG00000168556,14,107
ENSG00000169871,14,108
ENSG00000107937,14,109
ENSG00000136732,14,110
ENSG00000171792,14,111
ENSG00000183527,14,112
ENSG00000148498,14,113
ENSG00000100504,14,114
ENSG00000168005,14,115
ENSG00000129911,14,116
ENSG00000130816,14,117
ENSG00000089234,14,118
ENSG00000167721,14,119
ENSG00000075223,14,120
ENSG00000119596,14,121
ENSG00000124209,14,122
ENSG00000107731,14,123
ENSG00000172663,14,124
ENSG00000139679,14,125
ENSG00000137700,14,126
ENSG00000204104,14,127
ENSG00000168612,14,128
ENSG00000198604,14,129
ENSG00000156253,14,130
ENSG00000105514,14,131
ENSG00000148688,14,132
ENSG00000161277,14,133
ENSG00000072682,14,134
ENSG00000171100,14,135
ENSG00000152242,14,136
ENSG00000047230,14,137
ENSG00000198435,14,138
ENSG00000105939,14,139
ENSG00000120318,14,140
ENSG00000122783,14,141
ENSG00000020922,14,142
ENSG00000254087,14,143
ENSG00000031691,14,144
ENSG00000092208,14,145
ENSG00000131931,14,146
ENSG00000165983,14,147
ENSG00000123104,14,148
ENSG00000112559,14,149
ENSG00000175066,14,150
ENSG00000132465,14,151
ENSG00000134369,14,152
ENSG00000196236,14,153
ENSG00000060558,14,154
ENSG00000075407,14,155
ENSG00000242110,14,156
ENSG00000078237,14,157
ENSG00000171115,14,158
ENSG00000172007,14,159
ENSG00000113722,14,160
ENSG00000050327,14,161
ENSG00000114251,14,162
ENSG00000179772,14,163
ENSG00000187994,14,164
ENSG00000197253,14,165
ENSG00000142528,14,166
ENSG00000101096,14,167
ENSG00000179361,14,168
ENSG00000158406,14,169
ENSG00000198521,14,170
ENSG00000103888,14,171
ENSG00000102786,14,172
ENSG00000113555,14,173
ENSG00000185379,14,174
ENSG00000171659,14,175
ENSG00000100162,14,176
ENSG00000175643,14,177
ENSG00000167513,14,178
ENSG00000203326,14,179
ENSG00000071203,14,180
ENSG00000158402,14,181
ENSG00000089163,14,182
ENSG00000171433,14,183
ENSG00000137203,14,184
ENSG00000121988,14,185
ENSG00000178031,14,186
ENSG00000180914,14,187
ENSG00000167757,14,188
ENSG00000129451,14,189
ENSG00000088002,14,190
ENSG00000160401,14,191
ENSG00000151388,14,192
ENSG00000184635,14,193
ENSG00000007062,14,194
ENSG00000115009,14,195
ENSG00000043039,14,196
ENSG00000163141,14,197
ENSG00000187583,14,198
ENSG00000163293,14,199
ENSG00000150556,14,200
ENSG00000152779,14,201
ENSG00000276070,14,202
ENSG00000170477,14,203
ENSG00000151062,14,204
ENSG00000197506,14,205
ENSG00000123219,14,206
ENSG00000138778,14,207
ENSG00000092853,14,208
ENSG00000171320,14,209
ENSG00000182950,14,210
ENSG00000253598,14,211
ENSG00000161944,14,212
ENSG00000133937,14,213
ENSG00000206069,14,214
ENSG00000203697,14,215
ENSG00000088726,14,216
ENSG00000163586,14,217
ENSG00000159527,14,218
ENSG00000163218,14,219
ENSG00000136688,14,220
ENSG00000163064,14,221
ENSG00000114455,14,222
ENSG00000162460,14,223
ENSG00000131910,14,224
ENSG00000113249,14,225
ENSG00000197520,14,226
ENSG00000204542,14,227
ENSG00000198092,14,228
ENSG00000173212,14,229
ENSG00000170965,14,230
ENSG00000273983,14,231
ENSG00000185155,14,232
ENSG00000221867,14,233
ENSG00000099399,14,234
ENSG00000204941,14,235
ENSG00000174325,14,236
ENSG00000196834,14,237
ENSG00000188822,14,238
ENSG00000163518,14,239
ENSG00000163081,14,240
ENSG00000272196,14,241
ENSG00000115850,14,242
ENSG00000173585,14,243
ENSG00000270188,14,244
ENSG00000167355,14,245
ENSG00000258083,14,246
ENSG00000171481,14,247
ENSG00000165694,14,248
ENSG00000109208,14,249
ENSG00000203757,14,250
ENSG00000185372,14,251
ENSG00000204505,14,252
ENSG00000146385,14,253
ENSG00000187082,14,254
ENSG00000236371,14,255
ENSG00000230031,14,256
3584,15,1
3585,15,2
3586,15,3
3587,15,4
3588,15,5
3589,15,6
3590,15,7
3591,15,8
3592,15,9
3593,15,10
3594,15,11
3595,15,12
3596,15,13
3597,15,14
3598,15,15
3599,15,16
3600,15,17
3601,15,18
3602,15,19
3603,15,20
3604,15,21
3605,15,22
3606,15,23
3607,15,24
3608,15,25
3609,15,26
3610,15,27
3611,15,28
3612,15,29
3613,15,30
3614,15,31
3615,15,32
3616,15,33
3617,15,34
3618,15,35
3619,15,36
3620,15,37
3621,15,38
3622,15,39
3623,15,40
3624,15,41
3625,15,42
3626,15,43
3627,15,44
3628,15,45
3629,15,46
3630,15,47
3631,15,48
3632,15,49
3633,15,50
3634,15,51
3635,15,52
3636,15,53
3637,15,54
3638,15,55
3639,15,56
3640,15,57
3641,15,58
3642,15,59
3643,15,60
3644,15,61
3645,15,62
3646,15,63
3647,15,64
3648,15,65
3649,15,66
3650,15,67
3651,15,68
3652,15,69
3653,15,70
3654,15,71
3655,15,72
3656,15,73
3657,15,74
3658,15,75
3659,15,76
3660,15,77
3661,15,78
3662,15,79
3663,15,80
3664,15,81
3665,15,82
3666,15,83
3667,15,84
3668,15,85
3669,15,86
3670,15,87
3671,15,88
3672,15,89
3673,15,90
3674,15,91
3675,15,92
3676,15,93
3677,15,94
ENSG00000181026,15,95
ENSG00000033100,15,96
ENSG00000124151,15,97
ENSG00000167325,15,98
ENSG00000152240,15,99
ENSG00000186847,15,100
ENSG00000168310,15,101
ENSG00000101109,15,102
ENSG00000173821,15,103
ENSG00000101216,15,104
ENSG00000089356,15,105
ENSG00000112769,15,106
ENSG00000111231,15,107
ENSG00000167600,15,108
ENSG00000163655,15,109
ENSG00000257923,15,110
ENSG00000122643,15,111
ENSG00000168246,15,112
ENSG00000137074,15,113
ENSG00000130479,15,114
ENSG00000103066,15,115
ENSG00000163811,15,116
ENSG00000167291,15,117
ENSG00000164144,15,118
ENSG00000177189,15,119
ENSG00000112655,15,120
ENSG00000076003,15,121
ENSG00000171634,15,122
ENSG00000165671,15,123
ENSG00000057663,15,124
ENSG00000177548,15,125
ENSG00000166169,15,126
ENSG00000148297,15,127
ENSG00000132793,15,128
ENSG00000167107,15,129
ENSG00000136731,15,130
ENSG00000249115,15,131
ENSG00000150457,15,132
ENSG00000087884,15,133
ENSG00000114126,15,134
ENSG00000110446,15,135
ENSG00000152683,15,136
ENSG00000112144,15,137
ENSG00000143079,15,138
ENSG00000185442,15,139
ENSG00000066422,15,140
ENSG00000179387,15,141
ENSG00000126003,15,142
ENSG00000087253,15,143
ENSG00000278619,15,144
ENSG00000204315,15,145
ENSG00000138821,15,146
ENSG00000139410,15,147
ENSG00000006453,15,148
ENSG00000168792,15,149
ENSG00000185499,15,150
ENSG00000157992,15,151
ENSG00000176170,15,152
ENSG00000165879,15,153
ENSG00000197037,15,154
ENSG00000114541,15,155
ENSG00000165669,15,156
ENSG00000155636,15,157
ENSG00000144182,15,158
ENSG00000160949,15,159
ENSG00000104375,15,160
ENSG00000106560,15,161
ENSG00000131061,15,162
ENSG00000139173,15,163
ENSG00000168769,15,164
ENSG00000072818,15,165
ENSG00000165626,15,166
ENSG00000010539,15,167
ENSG00000179588,15,168
ENSG00000125122,15,169
ENSG00000162063,15,170
ENSG00000169245,15,171
ENSG00000095585,15,172
ENSG00000237541,15,173
ENSG00000138755,15,174
ENSG00000103150,15,175
ENSG00000167306,15,176
ENSG00000077943,15,177
ENSG00000160602,15,178
ENSG00000101624,15,179
ENSG00000150477,15,180
ENSG00000183019,15,181
ENSG00000187045,15,182
ENSG00000248643,15,183
ENSG00000182866,15,184
ENSG00000156787,15,185
ENSG00000118690,15,186
ENSG00000138308,15,187
ENSG00000139648,15,188
ENSG00000134323,15,189
ENSG00000119969,15,190
ENSG00000167653,15,191
ENSG00000166578,15,192
ENSG00000139626,15,193
ENSG00000147889,15,194
ENSG00000196172,15,195
ENSG00000149548,15,196
ENSG00000116990,15,197
ENSG00000014257,15,198
ENSG00000142677,15,199
ENSG00000183734,15,200
ENSG00000118513,15,201
ENSG00000161929,15,202
ENSG00000099985,15,203
ENSG00000124343,15,204
ENSG00000070190,15,205
ENSG00000262406,15,206
ENSG00000127423,15,207
ENSG00000131019,15,208
ENSG00000182010,15,209
ENSG00000185245,15,210
ENSG00000136542,15,211
ENSG00000153292,15,212
ENSG00000196188,15,213
ENSG00000130173,15,214
ENSG00000135773,15,215
ENSG00000166535,15,216
ENSG00000169509,15,217
ENSG00000163202,15,218
ENSG00000143631,15,219
ENSG00000189433,15,220
ENSG00000186710,15,221
ENSG00000172367,15,222
ENSG00000138079,15,223
ENSG00000173930,15,224
ENSG00000109511,15,225
ENSG00000101842,15,226
ENSG00000158786,15,227
ENSG00000215853,15,228
ENSG00000185306,15,229
ENSG00000158485,15,230
ENSG00000197587,15,231
ENSG00000229676,15,232
ENSG00000163581,15,233
ENSG00000170516,15,234
ENSG00000256797,15,235
ENSG00000162891,15,236
ENSG00000196427,15,237
ENSG00000196604,15,238
ENSG00000174255,15,239
ENSG00000124900,15,240
ENSG00000249222,15,241
ENSG00000275572,15,242
ENSG00000197454,15,243
ENSG00000177535,15,244
ENSG00000177489,15,245
ENSG00000228198,15,246
ENSG00000177275,15,247
ENSG00000279486,15,248
ENSG00000249139,15,249
ENSG00000164871,15,250
ENSG00000186306,15,251
ENSG00000196240,15,252
ENSG00000187238,15,253
ENSG00000177023,15,254
ENSG00000223591,15,255
ENSG00000230178,15,256
3840,16,1
3841,16,2
3842,16,3
3843,16,4
3844,16,5
3845,16,6
3846,16,7
3847,16,8
3848,16,9
3849,16,10
3850,16,11
3851,16,12
3852,16,13
3853,16,14
3854,16,15
3855,16,16
3856,16,17
3857,16,18
3858,16,19
3859,16,20
3860,16,21
3861,16,22
3862,16,23
3863,16,24
3864,16,25
3865,16,26
3866,16,27
3867,16,28
3868,16,29
3869,16,30
3870,16,31
3871,16,32
3872,16,33
3873,16,34
3874,16,35
3875,16,36
3876,16,37
3877,16,38
3878,16,39
3879,16,40
3880,16,41
3881,16,42
3882,16,43
3883,16,44
3884,16,45
3885,16,46
3886,16,47
3887,16,48
3888,16,49
3889,16,50
3890,16,51
3891,16,52
3892,16,53
3893,16,54
3894,16,55
3895,16,56
3896,16,57
3897,16,58
3898,16,59
3899,16,60
3900,16,61
3901,16,62
3902,16,63
3903,16,64
3904,16,65
3905,16,66
3906,16,67
3907,16,68
3908,16,69
3909,16,70
3910,16,71
3911,16,72
3912,16,73
3913,16,74
3914,16,75
3915,16,76
3916,16,77
3917,16,78
3918,16,79
3919,16,80
3920,16,81
3921,16,82
3922,16,83
3923,16,84
3924,16,85
3925,16,86
3926,16,87
3927,16,88
3928,16,89
3929,16,90
3930,16,91
3931,16,92
3932,16,93
3933,16,94
ENSG00000012211,16,95
ENSG00000165105,16,96
ENSG00000103043,16,97
ENSG00000100814,16,98
ENSG00000167130,16,99
ENSG00000109320,16,100
ENSG00000104413,16,101
ENSG00000124225,16,102
ENSG00000136875,16,103
ENSG00000146242,16,104
ENSG00000080815,16,105
ENSG00000130935,16,106
ENSG00000116791,16,107
ENSG00000164323,16,108
ENSG00000132466,16,109
ENSG00000100209,16,110
ENSG00000154582,16,111
ENSG00000152127,16,112
ENSG00000007376,16,113
ENSG00000131558,16,114
ENSG00000183077,16,115
ENSG00000107929,16,116
ENSG00000165733,16,117
ENSG00000136933,16,118
ENSG00000040531,16,119
ENSG00000036054,16,120
ENSG00000071994,16,121
ENSG00000110066,16,122
ENSG00000168672,16,123
ENSG00000164930,16,124
ENSG00000176410,16,125
ENSG00000197579,16,126
ENSG00000166801,16,127
ENSG00000118503,16,128
ENSG00000146281,16,129
ENSG00000119862,16,130
ENSG00000181104,16,131
ENSG00000101986,16,132
ENSG00000151292,16,133
ENSG00000168040,16,134
ENSG00000198841,16,135
ENSG00000153922,16,136
ENSG00000138794,16,137
ENSG00000157483,16,138
ENSG00000068650,16,139
ENSG00000101493,16,140
ENSG00000172262,16,141
ENSG00000005469,16,142
ENSG00000149503,16,143
ENSG00000101412,16,144
ENSG00000165195,16,145
ENSG00000138061,16,146
ENSG00000164167,16,147
ENSG00000065457,16,148
ENSG00000163694,16,149
ENSG00000117472,16,150
ENSG00000167840,16,151
ENSG00000104883,16,152
ENSG00000128513,16,153
ENSG00000155008,16,154
ENSG00000167196,16,155
ENSG00000139211,16,156
ENSG00000054598,16,157
ENSG00000137413,16,158
ENSG00000164162,16,159
ENSG00000122122,16,160
ENSG00000145545,16,161
ENSG00000134470,16,162
ENSG00000166106,16,163
ENSG00000105048,16,164
ENSG00000197933,16,165
ENSG00000167536,16,166
ENSG00000137834,16,167
ENSG00000105639,16,168
ENSG00000164920,16,169
ENSG00000022976,16,170
ENSG00000117877,16,171
ENSG00000273802,16,172
ENSG00000088727,16,173
ENSG00000079385,16,174
ENSG00000171236,16,175
ENSG00000162069,16,176
ENSG00000135378,16,177
ENSG00000167394,16,178
ENSG00000127324,16,179
ENSG00000140678,16,180
ENSG00000172345,16,181
ENSG00000167851,16,182
ENSG00000121075,16,183
ENSG00000274750,16,184
ENSG00000178752,16,185
ENSG00000257524,16,186
ENSG00000166262,16,187
ENSG00000186198,16,188
ENSG00000214654,16,189
ENSG00000182405,16,190
ENSG00000168447,16,191
ENSG00000163808,16,192
ENSG00000185900,16,193
ENSG00000170476,16,194
ENSG00000137101,16,195
ENSG00000204618,16,196
ENSG00000164266,16,197
ENSG00000196407,16,198
ENSG00000144063,16,199
ENSG00000164142,16,200
ENSG00000204175,16,201
ENSG00000100170,16,202
ENSG00000188883,16,203
ENSG00000039139,16,204
ENSG00000130598,16,205
ENSG00000127129,16,206
ENSG00000275713,16,207
ENSG00000134028,16,208
ENSG00000243566,16,209
ENSG00000146856,16,210
ENSG00000159763,16,211
ENSG00000128218,16,212
ENSG00000160183,16,213
ENSG00000108242,16,214
ENSG00000125798,16,215
ENSG00000103522,16,216
ENSG00000136695,16,217
ENSG00000105141,16,218
ENSG00000139988,16,219
ENSG00000178776,16,220
ENSG00000158477,16,221
ENSG00000159184,16,222
ENSG00000100373,16,223
ENSG00000128714,16,224
ENSG00000047936,16,225
ENSG00000240386,16,226
ENSG00000172155,16,227
ENSG00000131686,16,228
ENSG00000139144,16,229
ENSG00000138315,16,230
ENSG00000256162,16,231
ENSG00000205864,16,232
ENSG00000135903,16,233
ENSG00000134812,16,234
ENSG00000151418,16,235
ENSG00000109684,16,236
ENSG00000266265,16,237
ENSG00000146166,16,238
ENSG00000178084,16,239
ENSG00000163554,16,240
ENSG00000203740,16,241
ENSG00000129744,16,242
ENSG00000187080,16,243
ENSG00000156575,16,244
ENSG00000221937,16,245
ENSG00000279956,16,246
ENSG00000242120,16,247
ENSG00000146618,16,248
ENSG00000279782,16,249
ENSG00000102076,16,250
ENSG00000186509,16,251
ENSG00000183310,16,252
ENSG00000237110,16,253
ENSG00000228083,16,254
ENSG00000187612,16,255
ENSG00000279395,16,256
4096,17,1
4097,17,2
4098,17,3
4099,17,4
4100,17,5
4101,17,6
4102,17,7
4103,17,8
4104,17,9
4105,17,10
4106,17,11
4107,17,12
4108,17,13
4109,17,14
4110,17,15
4111,17,16
4112,17,17
4113,17,18
4114,17,19
4115,17,20
4116,17,21
4117,17,22
4118,17,23
4119,17,24
4120,17,25
4121,17,26
4122,17,27
4123,17,28
4124,17,29
4125,17,30
4126,17,31
4127,17,32
4128,17,33
4129,17,34
4130,17,35
4131,17,36
4132,17,37
4133,17,38
4134,17,39
4135,17,40
4136,17,41
4137,17,42
4138,17,43
4139,17,44
4140,17,45
4141,17,46
4142,17,47
4143,17,48
4144,17,49
4145,17,50
4146,17,51
4147,17,52
4148,17,53
4149,17,54
4150,17,55
4151,17,56
4152,17,57
4153,17,58
4154,17,59
4155,17,60
4156,17,61
4157,17,62
4158,17,63
4159,17,64
4160,17,65
4161,17,66
4162,17,67
4163,17,68
4164,17,69
4165,17,70
4166,17,71
4167,17,72
4168,17,73
4169,17,74
4170,17,75
4171,17,76
4172,17,77
4173,17,78
4174,17,79
4175,17,80
4176,17,81
4177,17,82
4178,17,83
4179,17,84
4180,17,85
4181,17,86
4182,17,87
4183,17,88
4184,17,89
4185,17,90
4186,17,91
4187,17,92
4188,17,93
4189,17,94
ENSG00000158769,17,95
ENSG00000104774,17,96
ENSG00000135211,17,97
ENSG00000106591,17,98
ENSG00000088298,17,99
ENSG00000112685,17,100
ENSG00000105289,17,101
ENSG00000128534,17,102
ENSG00000123297,17,103
ENSG00000168763,17,104
ENSG00000119616,17,105
ENSG00000163110,17,106
ENSG00000157540,17,107
ENSG00000109814,17,108
ENSG00000103490,17,109
ENSG00000172819,17,110
ENSG00000197019,17,111
ENSG00000104320,17,112
ENSG00000102897,17,113
ENSG00000142444,17,114
ENSG00000132478,17,115
ENSG00000130803,17,116
ENSG00000137656,17,117
ENSG00000113658,17,118
ENSG00000001617,17,119
ENSG00000164347,17,120
ENSG00000100596,17,121
ENSG00000211455,17,122
ENSG00000135341,17,123
ENSG00000131269,17,124
ENSG00000135002,17,125
ENSG00000172594,17,126
ENSG00000181830,17,127
ENSG00000196954,17,128
ENSG00000105771,17,129
ENSG00000197892,17,130
ENSG00000172765,17,131
ENSG00000109066,17,132
ENSG00000108587,17,133
ENSG00000132182,17,134
ENSG00000089195,17,135
ENSG00000106443,17,136
ENSG00000006695,17,137
ENSG00000243364,17,138
ENSG00000166387,17,139
ENSG00000011422,17,140
ENSG00000174013,17,141
ENSG00000006757,17,142
ENSG00000167447,17,143
ENSG00000106785,17,144
ENSG00000144455,17,145
ENSG00000064547,17,146
ENSG00000171953,17,147
ENSG00000165272,17,148
ENSG00000117595,17,149
ENSG00000197620,17,150
ENSG00000196878,17,151
ENSG00000175505,17,152
ENSG00000118496,17,153
ENSG00000127586,17,154
ENSG00000064933,17,155
ENSG00000156384,17,156
ENSG00000138092,17,157
ENSG00000169379,17,158
ENSG00000139278,17,159
ENSG00000081386,17,160
ENSG00000157657,17,161
ENSG00000100154,17,162
ENSG00000204839,17,163
ENSG00000176834,17,164
ENSG00000083812,17,165
ENSG00000263002,17,166
ENSG00000137880,17,167
ENSG00000196605,17,168
ENSG00000125089,17,169
ENSG00000205208,17,170
ENSG00000077984,17,171
ENSG00000170545,17,172
ENSG00000135083,17,173
ENSG00000184731,17,174
ENSG00000130762,17,175
ENSG00000115112,17,176
ENSG00000133135,17,177
ENSG00000185670,17,178
ENSG00000101230,17,179
ENSG00000152348,17,180
ENSG00000178229,17,181
ENSG00000116824,17,182
ENSG00000105246,17,183
ENSG00000147443,17,184
ENSG00000149380,17,185
ENSG00000235568,17,186
ENSG00000152439,17,187
ENSG00000133246,17,188
ENSG00000120324,17,189
ENSG00000147041,17,190
ENSG00000160593,17,191
ENSG00000156234,17,192
ENSG00000186891,17,193
ENSG00000100385,17,194
ENSG00000175305,17,195
ENSG00000197757,17,196
ENSG00000189001,17,197
ENSG00000178372,17,198
ENSG00000186212,17,199
ENSG00000112812,17,200
ENSG00000130701,17,201
ENSG00000183971,17,202
ENSG00000149054,17,203
ENSG00000088756,17,204
ENSG00000162552,17,205
ENSG00000134258,17,206
ENSG00000196866,17,207
ENSG00000178750,17,208
ENSG00000187642,17,209
ENSG00000237330,17,210
ENSG00000153237,17,211
ENSG00000227268,17,212
ENSG00000275410,17,213
ENSG00000169174,17,214
ENSG00000188833,17,215
ENSG00000184454,17,216
ENSG00000113494,17,217
ENSG00000016602,17,218
ENSG00000204475,17,219
ENSG00000160654,17,220
ENSG00000011590,17,221
ENSG00000114638,17,222
ENSG00000159182,17,223
ENSG00000180785,17,224
ENSG00000184956,17,225
ENSG00000143520,17,226
ENSG00000186207,17,227
ENSG00000174156,17,228
ENSG00000113905,17,229
ENSG00000241635,17,230
ENSG00000125551,17,231
ENSG00000243135,17,232
ENSG00000232196,17,233
ENSG00000240563,17,234
ENSG00000164007,17,235
ENSG00000174876,17,236
ENSG00000152254,17,237
ENSG00000189099,17,238
ENSG00000056291,17,239
ENSG00000240045,17,240
ENSG00000081248,17,241
ENSG00000101892,17,242
ENSG00000171209,17,243
ENSG00000186645,17,244
ENSG00000152591,17,245
ENSG00000253148,17,246
ENSG00000240224,17,247
ENSG00000111704,17,248
ENSG00000277058,17,249
ENSG00000186971,17,250
ENSG00000135569,17,251
ENSG00000172742,17,252
ENSG00000186572,17,253
ENSG00000203970,17,254
ENSG00000198104,17,255
ENSG00000278803,17,256
4352,18,1
4353,18,2
4354,18,3
4355,18,4
4356,18,5
4357,18,6
4358,18,7
4359,18,8
4360,18,9
4361,18,10
4362,18,11
4363,18,12
4364,18,13
4365,18,14
4366,18,15
4367,18,16
4368,18,17
4369,18,18
4370,18,19
4371,18,20
4372,18,21
4373,18,22
4374,18,23
4375,18,24
4376,18,25
4377,18,26
4378,18,27
4379,18,28
4380,18,29
4381,18,30
4382,18,31
4383,18,32
4384,18,33
4385,18,34
4386,18,35
4387,18,36
4388,18,37
4389,18,38
4390,18,39
4391,18,40
4392,18,41
4393,18,42
4394,18,43
4395,18,44
4396,18,45
4397,18,46
4398,18,47
4399,18,48
4400,18,49
4401,18,50
4402,18,51
4403,18,52
4404,18,53
4405,18,54
4406,18,55
4407,18,56
4408,18,57
4409,18,58
4410,18,59
4411,18,60
4412,18,61
4413,18,62
4414,18,63
4415,18,64
4416,18,65
4417,18,66
4418,18,67
4419,18,68
4420,18,69
4421,18,70
4422,18,71
4423,18,72
4424,18,73
4425,18,74
4426,18,75
4427,18,76
4428,18,77
4429,18,78
4430,18,79
4431,18,80
4432,18,81
4433,18,82
4434,18,83
4435,18,84
4436,18,85
4437,18,86
4438,18,87
4439,18,88
4440,18,89
4441,18,90
4442,18,91
4443,18,92
4444,18,93
4445,18,94
4446,18,95
ENSG00000142552,18,96
ENSG00000177685,18,97
ENSG00000168078,18,98
ENSG00000075856,18,99
ENSG00000131746,18,100
ENSG00000128973,18,101
ENSG00000023041,18,102
ENSG00000104524,18,103
ENSG00000068079,18,104
ENSG00000089060,18,105
ENSG00000126464,18,106
ENSG00000137767,18,107
ENSG00000115539,18,108
ENSG00000272333,18,109
ENSG00000167925,18,110
ENSG00000014123,18,111
ENSG00000132669,18,112
ENSG00000232119,18,113
ENSG00000127554,18,114
ENSG00000160194,18,115
ENSG00000152952,18,116
ENSG00000101189,18,117
ENSG00000105559,18,118
ENSG00000104881,18,119
ENSG00000065057,18,120
ENSG00000120685,18,121
ENSG00000184500,18,122
ENSG00000108094,18,123
ENSG00000074219,18,124
ENSG00000119446,18,125
ENSG00000144560,18,126
ENSG00000004864,18,127
ENSG00000112304,18,128
ENSG00000110442,18,129
ENSG00000183048,18,130
ENSG00000198740,18,131
ENSG00000198087,18,132
ENSG00000153936,18,133
ENSG00000189114,18,134
ENSG00000104856,18,135
ENSG00000151694,18,136
ENSG00000171865,18,137
ENSG00000005175,18,138
ENSG00000170677,18,139
ENSG00000129038,18,140
ENSG00000171469,18,141
ENSG00000052126,18,142
ENSG00000083223,18,143
ENSG00000020426,18,144
ENSG00000180694,18,145
ENSG00000168795,18,146
ENSG00000125779,18,147
ENSG00000130590,18,148
ENSG00000014138,18,149
ENSG00000178078,18,150
ENSG00000002822,18,151
ENSG00000120254,18,152
ENSG00000006576,18,153
ENSG00000104691,18,154
ENSG00000107951,18,155
ENSG00000155868,18,156
ENSG00000197008,18,157
ENSG00000120647,18,158
ENSG00000171791,18,159
ENSG00000123342,18,160
ENSG00000067992,18,161
ENSG00000099953,18,162
ENSG00000144843,18,163
ENSG00000013503,18,164
ENSG00000166813,18,165
ENSG00000172530,18,166
ENSG00000105707,18,167
ENSG00000185947,18,168
ENSG00000188707,18,169
ENSG00000061656,18,170
ENSG00000005189,18,171
ENSG00000275395,18,172
ENSG00000151715,18,173
ENSG00000163545,18,174
ENSG00000134709,18,175
ENSG00000143365,18,176
ENSG00000164078,18,177
ENSG00000086730,18,178
ENSG00000277462,18,179
ENSG00000152749,18,180
ENSG00000165895,18,181
ENSG00000056277,18,182
ENSG00000168350,18,183
ENSG00000133138,18,184
ENSG00000197302,18,185
ENSG00000196967,18,186
ENSG00000186026,18,187
ENSG00000157765,18,188
ENSG00000171462,18,189
ENSG00000118137,18,190
ENSG00000183814,18,191
ENSG00000254709,18,192
ENSG00000020633,18,193
ENSG00000131203,18,194
ENSG00000185669,18,195
ENSG00000262165,18,196
ENSG00000149243,18,197
ENSG00000175591,18,198
ENSG00000145103,18,199
ENSG00000183742,18,200
ENSG00000196209,18,201
ENSG00000151773,18,202
ENSG00000177839,18,203
ENSG00000112218,18,204
ENSG00000169248,18,205
ENSG00000172116,18,206
ENSG00000013725,18,207
ENSG00000165816,18,208
ENSG00000188001,18,209
ENSG00000116031,18,210
ENSG00000158481,18,211
ENSG00000181617,18,212
ENSG00000188487,18,213
ENSG00000183840,18,214
ENSG00000186564,18,215
ENSG00000179023,18,216
ENSG00000170369,18,217
ENSG00000100298,18,218
ENSG00000133063,18,219
ENSG00000122188,18,220
ENSG00000156738,18,221
ENSG00000176083,18,222
ENSG00000273542,18,223
ENSG00000132185,18,224
ENSG00000116748,18,225
ENSG00000134765,18,226
ENSG00000128610,18,227
ENSG00000136881,18,228
ENSG00000157131,18,229
ENSG00000116785,18,230
ENSG00000213512,18,231
ENSG00000073754,18,232
ENSG00000159217,18,233
ENSG00000164325,18,234
ENSG00000198049,18,235
ENSG00000126259,18,236
ENSG00000164049,18,237
ENSG00000137270,18,238
ENSG00000152592,18,239
ENSG00000204174,18,240
ENSG00000157119,18,241
ENSG00000244020,18,242
ENSG00000253831,18,243
ENSG00000124610,18,244
ENSG00000179468,18,245
ENSG00000221933,18,246
ENSG00000197591,18,247
ENSG00000144644,18,248
ENSG00000015568,18,249
ENSG00000232382,18,250
ENSG00000250298,18,251
ENSG00000174339,18,252
ENSG00000182070,18,253
ENSG00000197532,18,254
ENSG00000186579,18,255
ENSG00000271271,18,256
4608,19,1
4609,19,2
4610,19,3
4611,19,4
4612,19,5
4613,19,6
4614,19,7
4615,19,8
4616,19,9
4617,19,10
4618,19,11
4619,19,12
4620,19,13
4621,19,14
4622,19,15
4623,19,16
4624,19,17
4625,19,18
4626,19,19
4627,19,20
4628,19,21
4629,19,22
4630,19,23
4631,19,24
4632,19,25
4633,19,26
4634,19,27
4635,19,28
4636,19,29
4637,19,30
4638,19,31
4639,19,32
4640,19,33
4641,19,34
4642,19,35
4643,19,36
4644,19,37
4645,19,38
4646,19,39
4647,19,40
4648,19,41
4649,19,42
4650,19,43
4651,19,44
4652,19,45
4653,19,46
4654,19,47
4655,19,48
4656,19,49
4657,19,50
4658,19,51
4659,19,52
4660,19,53
4661,19,54
4662,19,55
4663,19,56
4664,19,57
4665,19,58
4666,19,59
4667,19,60
4668,19,61
4669,19,62
4670,19,63
4671,19,64
4672,19,65
4673,19,66
4674,19,67
4675,19,68
4676,19,69
4677,19,70
4678,19,71
4679,19,72
4680,19,73
4681,19,74
4682,19,75
4683,19,76
4684,19,77
4685,19,78
4686,19,79
4687,19,80
4688,19,81
4689,19,82
4690,19,83
4691,19,84
4692,19,85
4693,19,86
4694,19,87
4695,19,88
4696,19,89
4697,19,90
4698,19,91
4699,19,92
4700,19,93
4701,19,94
ENSG00000109586,19,95
ENSG00000125170,19,96
ENSG00000115368,19,97
ENSG00000123485,19,98
ENSG00000206527,19,99
ENSG00000103966,19,100
ENSG00000183751,19,101
ENSG00000090889,19,102
ENSG00000065613,19,103
ENSG00000159921,19,104
ENSG00000095303,19,105
ENSG00000111707,19,106
ENSG00000107949,19,107
ENSG00000156304,19,108
ENSG00000140157,19,109
ENSG00000128791,19,110
ENSG00000151461,19,111
ENSG00000196372,19,112
ENSG00000083312,19,113
ENSG00000101040,19,114
ENSG00000146859,19,115
ENSG00000094880,19,116
ENSG00000177613,19,117
ENSG00000102393,19,118
ENSG00000130147,19,119
ENSG00000137522,19,120
ENSG00000173156,19,121
ENSG00000123684,19,122
ENSG00000115946,19,123
ENSG00000100297,19,124
ENSG00000176102,19,125
ENSG00000167716,19,126
ENSG00000165660,19,127
ENSG00000154978,19,128
ENSG00000196455,19,129
ENSG00000144802,19,130
ENSG00000130158,19,131
ENSG00000141577,19,132
ENSG00000103932,19,133
ENSG00000132964,19,134
ENSG00000121039,19,135
ENSG00000141524,19,136
ENSG00000178718,19,137
ENSG00000162688,19,138
ENSG00000156795,19,139
ENSG00000123415,19,140
ENSG00000070367,19,141
ENSG00000157450,19,142
ENSG00000172292,19,143
ENSG00000157349,19,144
ENSG00000107789,19,145
ENSG00000158711,19,146
ENSG00000158050,19,147
ENSG00000188428,19,148
ENSG00000165140,19,149
ENSG00000167900,19,150
ENSG00000111880,19,151
ENSG00000106603,19,152
ENSG00000196693,19,153
ENSG00000133739,19,154
ENSG00000112893,19,155
ENSG00000185361,19,156
ENSG00000108187,19,157
ENSG00000072736,19,158
ENSG00000123643,19,159
ENSG00000188215,19,160
ENSG00000178105,19,161
ENSG00000144736,19,162
ENSG00000121274,19,163
ENSG00000139194,19,164
ENSG00000167711,19,165
ENSG00000125962,19,166
ENSG00000123213,19,167
ENSG00000196782,19,168
ENSG00000142765,19,169
ENSG00000142675,19,170
ENSG00000197647,19,171
ENSG00000133466,19,172
ENSG00000111424,19,173
ENSG00000109321,19,174
ENSG00000162777,19,175
ENSG00000180758,19,176
ENSG00000156463,19,177
ENSG00000146776,19,178
ENSG00000135077,19,179
ENSG00000123338,19,180
ENSG00000154237,19,181
ENSG00000159259,19,182
ENSG00000099139,19,183
ENSG00000275385,19,184
ENSG00000120217,19,185
ENSG00000140749,19,186
ENSG00000172543,19,187
ENSG00000121236,19,188
ENSG00000137474,19,189
ENSG00000125864,19,190
ENSG00000120149,19,191
ENSG00000133661,19,192
ENSG00000117091,19,193
ENSG00000135114,19,194
ENSG00000120075,19,195
ENSG00000158023,19,196
ENSG00000156869,19,197
ENSG00000113532,19,198
ENSG00000113361,19,199
ENSG00000010671,19,200
ENSG00000138658,19,201
ENSG00000175318,19,202
ENSG00000181778,19,203
ENSG00000185652,19,204
ENSG00000154451,19,205
ENSG00000162739,19,206
ENSG00000197540,19,207
ENSG00000109182,19,208
ENSG00000186197,19,209
ENSG00000111863,19,210
ENSG00000163568,19,211
ENSG00000137265,19,212
ENSG00000198515,19,213
ENSG00000104432,19,214
ENSG00000073737,19,215
ENSG00000144045,19,216
ENSG00000226887,19,217
ENSG00000196787,19,218
ENSG00000079263,19,219
ENSG00000049249,19,220
ENSG00000122223,19,221
ENSG00000145850,19,222
ENSG00000104921,19,223
ENSG00000160856,19,224
ENSG00000186265,19,225
ENSG00000189233,19,226
ENSG00000162391,19,227
ENSG00000168509,19,228
ENSG00000244414,19,229
ENSG00000138075,19,230
ENSG00000073734,19,231
ENSG00000131355,19,232
ENSG00000049247,19,233
ENSG00000186867,19,234
ENSG00000109272,19,235
ENSG00000147160,19,236
ENSG00000147896,19,237
ENSG00000204967,19,238
ENSG00000143595,19,239
ENSG00000178732,19,240
ENSG00000124003,19,241
ENSG00000184022,19,242
ENSG00000180919,19,243
ENSG00000136834,19,244
ENSG00000148215,19,245
ENSG00000214216,19,246
ENSG00000188076,19,247
ENSG00000205097,19,248
ENSG00000172365,19,249
ENSG00000167104,19,250
ENSG00000197364,19,251
ENSG00000184155,19,252
ENSG00000198967,19,253
ENSG00000233412,19,254
ENSG00000205497,19,255
ENSG00000197790,19,256
4864,20,1
4865,20,2
4866,20,3
4867,20,4
4868,20,5
4869,20,6
4870,20,7
4871,20,8
4872,20,9
4873,20,10
4874,20,11
4875,20,12
4876,20,13
4877,20,14
4878,20,15
4879,20,16
4880,20,17
4881,20,18
4882,20,19
4883,20,20
4884,20,21
4885,20,22
4886,20,23
4887,20,24
4888,20,25
4889,20,26
4890,20,27
4891,20,28
4892,20,29
4893,20,30
4894,20,31
4895,20,32
4896,20,33
4897,20,34
4898,20,35
4899,20,36
4900,20,37
4901,20,38
4902,20,39
4903,20,40
4904,20,41
4905,20,42
4906,20,43
4907,20,44
4908,20,45
4909,20,46
4910,20,47
4911,20,48
4912,20,49
4913,20,50
4914,20,51
4915,20,52
4916,20,53
4917,20,54
4918,20,55
4919,20,56
4920,20,57
4921,20,58
4922,20,59
4923,20,60
4924,20,61
4925,20,62
4926,20,63
4927,20,64
4928,20,65
4929,20,66
4930,20,67
4931,20,68
4932,20,69
4933,20,70
4934,20,71
4935,20,72
4936,20,73
4937,20,74
4938,20,75
4939,20,76
4940,20,77
4941,20,78
4942,20,79
4943,20,80
4944,20,81
4945,20,82
4946,20,83
4947,20,84
4948,20,85
4949,20,86
4950,20,87
4951,20,88
4952,20,89
4953,20,90
4954,20,91
4955,20,92
4956,20,93
4957,20,94
4958,20,95
ENSG00000101255,20,96
ENSG00000180573,20,97
ENSG00000167608,20,98
ENSG00000089327,20,99
ENSG00000105732,20,100
ENSG00000160446,20,101
ENSG00000069399,20,102
ENSG00000189091,20,103
ENSG00000196504,20,104
ENSG00000102100,20,105
ENSG00000140743,20,106
ENSG00000164056,20,107
ENSG00000101911,20,108
ENSG00000138614,20,109
ENSG00000136816,20,110
ENSG00000152492,20,111
ENSG00000100888,20,112
ENSG00000221914,20,113
ENSG00000082701,20,114
ENSG00000175567,20,115
ENSG00000008394,20,116
ENSG00000196715,20,117
ENSG00000185085,20,118
ENSG00000169249,20,119
ENSG00000099377,20,120
ENSG00000165661,20,121
ENSG00000134574,20,122
ENSG00000126883,20,123
ENSG00000139687,20,124
ENSG00000109084,20,125
ENSG00000038002,20,126
ENSG00000130349,20,127
ENSG00000156026,20,128
ENSG00000105879,20,129
ENSG00000186063,20,130
ENSG00000165650,20,131
ENSG00000137831,20,132
ENSG00000156521,20,133
ENSG00000242498,20,134
ENSG00000137077,20,135
ENSG00000188559,20,136
ENSG00000115808,20,137
ENSG00000204977,20,138
ENSG00000156232,20,139
ENSG00000181472,20,140
ENSG00000136141,20,141
ENSG00000143324,20,142
ENSG00000129315,20,143
ENSG00000105976,20,144
ENSG00000135678,20,145
ENSG00000168807,20,146
ENSG00000151893,20,147
ENSG00000182552,20,148
ENSG00000197961,20,149
ENSG00000172175,20,150
ENSG00000172164,20,151
ENSG00000129566,20,152
ENSG00000148606,20,153
ENSG00000129474,20,154
ENSG00000106080,20,155
ENSG00000164983,20,156
ENSG00000026103,20,157
ENSG00000271503,20,158
ENSG00000171763,20,159
ENSG00000115956,20,160
ENSG00000166130,20,161
ENSG00000104894,20,162
ENSG00000198464,20,163
ENSG00000100802,20,164
ENSG00000110077,20,165
ENSG00000184903,20,166
ENSG00000129696,20,167
ENSG00000165501,20,168
ENSG00000135763,20,169
ENSG00000174796,20,170
ENSG00000151413,20,171
ENSG00000181938,20,172
ENSG00000104783,20,173
ENSG00000156675,20,174
ENSG00000106789,20,175
ENSG00000123892,20,176
ENSG00000172171,20,177
ENSG00000064763,20,178
ENSG00000070950,20,179
ENSG00000142494,20,180
ENSG00000260027,20,181
ENSG00000198298,20,182
ENSG00000180423,20,183
ENSG00000176225,20,184
ENSG00000102445,20,185
ENSG00000125384,20,186
ENSG00000177873,20,187
ENSG00000187792,20,188
ENSG00000104415,20,189
ENSG00000214226,20,190
ENSG00000179988,20,191
ENSG00000104951,20,192
ENSG00000171004,20,193
ENSG00000100079,20,194
ENSG00000142149,20,195
ENSG00000166828,20,196
ENSG00000100479,20,197
ENSG00000104808,20,198
ENSG00000197409,20,199
ENSG00000176896,20,200
ENSG00000197837,20,201
ENSG00000166148,20,202
ENSG00000078399,20,203
ENSG00000253293,20,204
ENSG00000110448,20,205
ENSG00000244482,20,206
ENSG00000145287,20,207
ENSG00000124935,20,208
ENSG00000177494,20,209
ENSG00000184564,20,210
ENSG00000188389,20,211
ENSG00000162892,20,212
ENSG00000112837,20,213
ENSG00000229314,20,214
ENSG00000204531,20,215
ENSG00000146205,20,216
ENSG00000124875,20,217
ENSG00000181544,20,218
ENSG00000143184,20,219
ENSG00000163564,20,220
ENSG00000177272,20,221
ENSG00000274290,20,222
ENSG00000215784,20,223
ENSG00000198574,20,224
ENSG00000182183,20,225
ENSG00000149435,20,226
ENSG00000081985,20,227
ENSG00000104760,20,228
ENSG00000172482,20,229
ENSG00000132855,20,230
ENSG00000166840,20,231
ENSG00000171102,20,232
ENSG00000173578,20,233
ENSG00000118113,20,234
ENSG00000138039,20,235
ENSG00000183625,20,236
ENSG00000116703,20,237
ENSG00000188107,20,238
ENSG00000162510,20,239
ENSG00000179172,20,240
ENSG00000009709,20,241
ENSG00000188937,20,242
ENSG00000183251,20,243
ENSG00000213892,20,244
ENSG00000171815,20,245
ENSG00000197241,20,246
ENSG00000228836,20,247
ENSG00000253548,20,248
ENSG00000182793,20,249
ENSG00000204479,20,250
ENSG00000186090,20,251
ENSG00000198601,20,252
ENSG00000188340,20,253
ENSG00000177684,20,254
ENSG00000176798,20,255
ENSG00000264813,20,256
5120,21,1
5121,21,2
5122,21,3
5123,21,4
5124,21,5
5125,21,6
5126,21,7
5127,21,8
5128,21,9
5129,21,10
5130,21,11
5131,21,12
5132,21,13
5133,21,14
5134,21,15
5135,21,16
5136,21,17
5137,21,18
5138,21,19
5139,21,20
5140,21,21
5141,21,22
5142,21,23
5143,21,24
5144,21,25
5145,21,26
5146,21,27
5147,21,28
5148,21,29
5149,21,30
5150,21,31
5151,21,32
5152,21,33
5153,21,34
5154,21,35
5155,21,36
5156,21,37
5157,21,38
5158,21,39
5159,21,40
5160,21,41
5161,21,42
5162,21,43
5163,21,44
5164,21,45
5165,21,46
5166,21,47
5167,21,48
5168,21,49
5169,21,50
5170,21,51
5171,21,52
5172,21,53
5173,21,54
5174,21,55
5175,21,56
5176,21,57
5177,21,58
5178,21,59
5179,21,60
5180,21,61
5181,21,62
5182,21,63
5183,21,64
5184,21,65
5185,21,66
5186,21,67
5187,21,68
5188,21,69
5189,21,70
5190,21,71
5191,21,72
5192,21,73
5193,21,74
5194,21,75
5195,21,76
5196,21,77
5197,21,78
5198,21,79
5199,21,80
5200,21,81
5201,21,82
5202,21,83
5203,21,84
5204,21,85
5205,21,86
5206,21,87
5207,21,88
5208,21,89
5209,21,90
5210,21,91
5211,21,92
5212,21,93
5213,21,94
ENSG00000188042,21,95
ENSG00000128309,21,96
ENSG00000108602,21,97
ENSG00000184281,21,98
ENSG00000101052,21,99
ENSG00000105699,21,100
ENSG00000112062,21,101
ENSG00000150712,21,102
ENSG00000141736,21,103
ENSG00000243317,21,104
ENSG00000132394,21,105
ENSG00000167491,21,106
ENSG00000197170,21,107
ENSG00000165476,21,108
ENSG00000124786,21,109
ENSG00000078747,21,110
ENSG00000007384,21,111
ENSG00000110906,21,112
ENSG00000143815,21,113
ENSG00000091947,21,114
ENSG00000133704,21,115
ENSG00000106853,21,116
ENSG00000115594,21,117
ENSG00000186222,21,118
ENSG00000146648,21,119
ENSG00000133422,21,120
ENSG00000065911,21,121
ENSG00000100207,21,122
ENSG00000159131,21,123
ENSG00000145041,21,124
ENSG00000101343,21,125
ENSG00000197696,21,126
ENSG00000130635,21,127
ENSG00000198646,21,128
ENSG00000134758,21,129
ENSG00000173281,21,130
ENSG00000136152,21,131
ENSG00000171823,21,132
ENSG00000188603,21,133
ENSG00000170260,21,134
ENSG00000196116,21,135
ENSG00000163681,21,136
ENSG00000165118,21,137
ENSG00000137713,21,138
ENSG00000165029,21,139
ENSG00000183665,21,140
ENSG00000159314,21,141
ENSG00000111859,21,142
ENSG00000205268,21,143
ENSG00000100296,21,144
ENSG00000165355,21,145
ENSG00000100815,21,146
ENSG00000131323,21,147
ENSG00000111581,21,148
ENSG00000176624,21,149
ENSG00000166788,21,150
ENSG00000129667,21,151
ENSG00000254004,21,152
ENSG00000170571,21,153
ENSG00000155850,21,154
ENSG00000277161,21,155
ENSG00000196735,21,156
ENSG00000169442,21,157
ENSG00000130921,21,158
ENSG00000153487,21,159
ENSG00000170836,21,160
ENSG00000165168,21,161
ENSG00000120539,21,162
ENSG00000135778,21,163
ENSG00000128059,21,164
ENSG00000141378,21,165
ENSG00000127863,21,166
ENSG00000015133,21,167
ENSG00000105085,21,168
ENSG00000175691,21,169
ENSG00000143633,21,170
ENSG00000269335,21,171
ENSG00000152455,21,172
ENSG00000173480,21,173
ENSG00000263528,21,174
ENSG00000159216,21,175
ENSG00000203724,21,176
ENSG00000171208,21,177
ENSG00000213203,21,178
ENSG00000065615,21,179
ENSG00000141570,21,180
ENSG00000162194,21,181
ENSG00000182853,21,182
ENSG00000176125,21,183
ENSG00000082497,21,184
ENSG00000158163,21,185
ENSG00000151611,21,186
ENSG00000139193,21,187
ENSG00000174799,21,188
ENSG00000160352,21,189
ENSG00000029153,21,190
ENSG00000132000,21,191
ENSG00000108786,21,192
ENSG00000180730,21,193
ENSG00000141293,21,194
ENSG00000179593,21,195
ENSG00000170214,21,196
ENSG00000167984,21,197
ENSG00000164045,21,198
ENSG00000139354,21,199
ENSG00000157111,21,200
ENSG00000152056,21,201
ENSG00000095932,21,202
ENSG00000169035,21,203
ENSG00000101282,21,204
ENSG00000214212,21,205
ENSG00000204421,21,206
ENSG00000139187,21,207
ENSG00000140279,21,208
ENSG00000181631,21,209
ENSG00000152213,21,210
ENSG00000153898,21,211
ENSG00000163735,21,212
ENSG00000198203,21,213
ENSG00000232810,21,214
ENSG00000188167,21,215
ENSG00000168878,21,216
ENSG00000164265,21,217
ENSG00000165078,21,218
ENSG00000243709,21,219
ENSG00000074966,21,220
ENSG00000163817,21,221
ENSG00000166589,21,222
ENSG00000188610,21,223
ENSG00000174123,21,224
ENSG00000120949,21,225
ENSG00000163689,21,226
ENSG00000177202,21,227
ENSG00000062096,21,228
ENSG00000171759,21,229
ENSG00000187048,21,230
ENSG00000116882,21,231
ENSG00000154342,21,232
ENSG00000162877,21,233
ENSG00000205639,21,234
ENSG00000127074,21,235
ENSG00000244476,21,236
ENSG00000197915,21,237
ENSG00000184389,21,238
ENSG00000187980,21,239
ENSG00000172014,21,240
ENSG00000157211,21,241
ENSG00000138653,21,242
ENSG00000163394,21,243
ENSG00000182631,21,244
ENSG00000269466,21,245
ENSG00000186723,21,246
ENSG00000134438,21,247
ENSG00000276747,21,248
ENSG00000187033,21,249
ENSG00000279804,21,250
ENSG00000204703,21,251
ENSG00000186092,21,252
ENSG00000176547,21,253
ENSG00000174970,21,254
ENSG00000181752,21,255
ENSG00000172769,21,256
5376,22,1
5377,22,2
5378,22,3
5379,22,4
5380,22,5
5381,22,6
5382,22,7
5383,22,8
5384,22,9
5385,22,10
5386,22,11
5387,22,12
5388,22,13
5389,22,14
5390,22,15
5391,22,16
5392,22,17
5393,22,18
5394,22,19
5395,22,20
5396,22,21
5397,22,22
5398,22,23
5399,22,24
5400,22,25
5401,22,26
5402,22,27
5403,22,28
5404,22,29
5405,22,30
5406,22,31
5407,22,32
5408,22,33
5409,22,34
5410,22,35
5411,22,36
5412,22,37
5413,22,38
5414,22,39
5415,22,40
5416,22,41
5417,22,42
5418,22,43
5419,22,44
5420,22,45
5421,22,46
5422,22,47
5423,22,48
5424,22,49
5425,22,50
5426,22,51
5427,22,52
5428,22,53
5429,22,54
5430,22,55
5431,22,56
5432,22,57
5433,22,58
5434,22,59
5435,22,60
5436,22,61
5437,22,62
5438,22,63
5439,22,64
5440,22,65
5441,22,66
5442,22,67
5443,22,68
5444,22,69
5445,22,70
5446,22,71
5447,22,72
5448,22,73
5449,22,74
5450,22,75
5451,22,76
5452,22,77
5453,22,78
5454,22,79
5455,22,80
5456,22,81
5457,22,82
5458,22,83
5459,22,84
5460,22,85
5461,22,86
5462,22,87
5463,22,88
5464,22,89
5465,22,90
5466,22,91
5467,22,92
5468,22,93
5469,22,94
ENSG00000178695,22,95
ENSG00000025708,22,96
ENSG00000102038,22,97
ENSG00000197070,22,98
ENSG00000124659,22,99
ENSG00000102996,22,100
ENSG00000174720,22,101
ENSG00000183828,22,102
ENSG00000171219,22,103
ENSG00000108061,22,104
ENSG00000169018,22,105
ENSG00000113194,22,106
ENSG00000135372,22,107
ENSG00000142002,22,108
ENSG00000185298,22,109
ENSG00000138802,22,110
ENSG00000136827,22,111
ENSG00000011028,22,112
ENSG00000006042,22,113
ENSG00000183386,22,114
ENSG00000068305,22,115
ENSG00000128641,22,116
ENSG00000156469,22,117
ENSG00000067141,22,118
ENSG00000117682,22,119
ENSG00000141696,22,120
ENSG00000099284,22,121
ENSG00000166949,22,122
ENSG00000140464,22,123
ENSG00000160293,22,124
ENSG00000106799,22,125
ENSG00000133193,22,126
ENSG00000134077,22,127
ENSG00000143771,22,128
ENSG00000169375,22,129
ENSG00000155561,22,130
ENSG00000165282,22,131
ENSG00000157107,22,132
ENSG00000136111,22,133
ENSG00000115255,22,134
ENSG00000144840,22,135
ENSG00000169683,22,136
ENSG00000112282,22,137
ENSG00000254470,22,138
ENSG00000122861,22,139
ENSG00000144231,22,140
ENSG00000156831,22,141
ENSG00000152404,22,142
ENSG00000049323,22,143
ENSG00000135776,22,144
ENSG00000198960,22,145
ENSG00000275342,22,146
ENSG00000105738,22,147
ENSG00000054654,22,148
ENSG00000106268,22,149
ENSG00000161800,22,150
ENSG00000103876,22,151
ENSG00000139350,22,152
ENSG00000172716,22,153
ENSG00000112242,22,154
ENSG00000172409,22,155
ENSG00000107815,22,156
ENSG00000102218,22,157
ENSG00000134463,22,158
ENSG00000100065,22,159
ENSG00000151876,22,160
ENSG00000099337,22,161
ENSG00000126001,22,162
ENSG00000215271,22,163
ENSG00000176473,22,164
ENSG00000082269,22,165
ENSG00000145996,22,166
ENSG00000130962,22,167
ENSG00000131196,22,168
ENSG00000166689,22,169
ENSG00000168826,22,170
ENSG00000185730,22,171
ENSG00000101194,22,172
ENSG00000155621,22,173
ENSG00000140950,22,174
ENSG00000172724,22,175
ENSG00000198814,22,176
ENSG00000148426,22,177
ENSG00000169429,22,178
ENSG00000170191,22,179
ENSG00000122335,22,180
ENSG00000146192,22,181
ENSG00000108375,22,182
ENSG00000158169,22,183
ENSG00000168398,22,184
ENSG00000092295,22,185
ENSG00000105122,22,186
ENSG00000140254,22,187
ENSG00000167065,22,188
ENSG00000239857,22,189
ENSG00000176597,22,190
ENSG00000169252,22,191
ENSG00000196357,22,192
ENSG00000151882,22,193
ENSG00000273045,22,194
ENSG00000178826,22,195
ENSG00000243660,22,196
ENSG00000012048,22,197
ENSG00000085999,22,198
ENSG00000254726,22,199
ENSG00000180938,22,200
ENSG00000113924,22,201
ENSG00000116771,22,202
ENSG00000103460,22,203
ENSG00000169621,22,204
ENSG00000115607,22,205
ENSG00000113205,22,206
ENSG00000170381,22,207
ENSG00000157551,22,208
ENSG00000170577,22,209
ENSG00000171631,22,210
ENSG00000197471,22,211
ENSG00000125538,22,212
ENSG00000173535,22,213
ENSG00000162711,22,214
ENSG00000134256,22,215
ENSG00000124731,22,216
ENSG00000066405,22,217
ENSG00000123838,22,218
ENSG00000181541,22,219
ENSG00000121895,22,220
ENSG00000159387,22,221
ENSG00000171017,22,222
ENSG00000179528,22,223
ENSG00000244067,22,224
ENSG00000188305,22,225
ENSG00000203710,22,226
ENSG00000158764,22,227
ENSG00000244694,22,228
ENSG00000015520,22,229
ENSG00000138823,22,230
ENSG00000175267,22,231
ENSG00000188886,22,232
ENSG00000230667,22,233
ENSG00000179097,22,234
ENSG00000163632,22,235
ENSG00000173610,22,236
ENSG00000196433,22,237
ENSG00000132911,22,238
ENSG00000121764,22,239
ENSG00000204518,22,240
ENSG00000212807,22,241
ENSG00000177462,22,242
ENSG00000158497,22,243
ENSG00000163646,22,244
ENSG00000180090,22,245
ENSG00000173673,22,246
ENSG00000116726,22,247
ENSG00000232423,22,248
ENSG00000164399,22,249
ENSG00000204480,22,250
ENSG00000171053,22,251
ENSG00000206474,22,252
ENSG00000186440,22,253
ENSG00000198674,22,254
ENSG00000172199,22,255
ENSG00000254834,22,256
5632,23,1
5633,23,2
5634,23,3
5635,23,4
5636,23,5
5637,23,6
5638,23,7
5639,23,8
5640,23,9
5641,23,10
5642,23,11
5643,23,12
5644,23,13
5645,23,14
5646,23,15
5647,23,16
5648,23,17
5649,23,18
5650,23,19
5651,23,20
5652,23,21
5653,23,22
5654,23,23
5655,23,24
5656,23,25
5657,23,26
5658,23,27
5659,23,28
5660,23,29
5661,23,30
5662,23,31
5663,23,32
5664,23,33
5665,23,34
5666,23,35
5667,23,36
5668,23,37
5669,23,38
5670,23,39
5671,23,40
5672,23,41
5673,23,42
5674,23,43
5675,23,44
5676,23,45
5677,23,46
5678,23,47
5679,23,48
5680,23,49
5681,23,50
5682,23,51
5683,23,52
5684,23,53
5685,23,54
5686,23,55
5687,23,56
5688,23,57
5689,23,58
5690,23,59
5691,23,60
5692,23,61
5693,23,62
5694,23,63
5695,23,64
5696,23,65
5697,23,66
5698,23,67
5699,23,68
5700,23,69
5701,23,70
5702,23,71
5703,23,72
5704,23,73
5705,23,74
5706,23,75
5707,23,76
5708,23,77
5709,23,78
5710,23,79
5711,23,80
5712,23,81
5713,23,82
5714,23,83
5715,23,84
5716,23,85
5717,23,86
5718,23,87
5719,23,88
5720,23,89
5721,23,90
5722,23,91
5723,23,92
5724,23,93
5725,23,94
ENSG00000163624,23,95
ENSG00000198851,23,96
ENSG00000188917,23,97
ENSG00000104331,23,98
ENSG00000096717,23,99
ENSG00000170619,23,100
ENSG00000153046,23,101
ENSG00000182973,23,102
ENSG00000185187,23,103
ENSG00000134531,23,104
ENSG00000135457,23,105
ENSG00000158290,23,106
ENSG00000213024,23,107
ENSG00000138777,23,108
ENSG00000092068,23,109
ENSG00000138398,23,110
ENSG00000166855,23,111
ENSG00000166477,23,112
ENSG00000134049,23,113
ENSG00000144580,23,114
ENSG00000253729,23,115
ENSG00000160214,23,116
ENSG00000161533,23,117
ENSG00000198363,23,118
ENSG00000136738,23,119
ENSG00000169490,23,120
ENSG00000174276,23,121
ENSG00000138750,23,122
ENSG00000226479,23,123
ENSG00000140332,23,124
ENSG00000198783,23,125
ENSG00000093000,23,126
ENSG00000143499,23,127
ENSG00000112312,23,128
ENSG00000115641,23,129
ENSG00000119953,23,130
ENSG00000101966,23,131
ENSG00000135999,23,132
ENSG00000154727,23,133
ENSG00000160703,23,134
ENSG00000130529,23,135
ENSG00000164307,23,136
ENSG00000112562,23,137
ENSG00000146733,23,138
ENSG00000116750,23,139
ENSG00000156136,23,140
ENSG00000110060,23,141
ENSG00000149781,23,142
ENSG00000158158,23,143
ENSG00000138785,23,144
ENSG00000221829,23,145
ENSG00000156162,23,146
ENSG00000166135,23,147
ENSG00000183337,23,148
ENSG00000038427,23,149
ENSG00000173715,23,150
ENSG00000180233,23,151
ENSG00000111445,23,152
ENSG00000141446,23,153
ENSG00000100426,23,154
ENSG00000115998,23,155
ENSG00000182858,23,156
ENSG00000151503,23,157
ENSG00000173207,23,158
ENSG00000173950,23,159
ENSG00000184220,23,160
ENSG00000107968,23,161
ENSG00000198848,23,162
ENSG00000138439,23,163
ENSG00000174010,23,164
ENSG00000134901,23,165
ENSG00000170584,23,166
ENSG00000114378,23,167
ENSG00000083844,23,168
ENSG00000129680,23,169
ENSG00000171295,23,170
ENSG00000103550,23,171
ENSG00000104626,23,172
ENSG00000140471,23,173
ENSG00000103942,23,174
ENSG00000180340,23,175
ENSG00000167384,23,176
ENSG00000164171,23,177
ENSG00000104689,23,178
ENSG00000163739,23,179
ENSG00000135297,23,180
ENSG00000128604,23,181
ENSG00000184574,23,182
ENSG00000173928,23,183
ENSG00000196436,23,184
ENSG00000043462,23,185
ENSG00000184675,23,186
ENSG00000197594,23,187
ENSG00000161653,23,188
ENSG00000183098,23,189
ENSG00000156265,23,190
ENSG00000183569,23,191
ENSG00000221955,23,192
ENSG00000154102,23,193
ENSG00000174567,23,194
ENSG00000085831,23,195
ENSG00000197279,23,196
ENSG00000123473,23,197
ENSG00000163507,23,198
ENSG00000075702,23,199
ENSG00000154274,23,200
ENSG00000157399,23,201
ENSG00000156510,23,202
ENSG00000180818,23,203
ENSG00000146197,23,204
ENSG00000185697,23,205
ENSG00000179639,23,206
ENSG00000120055,23,207
ENSG00000130234,23,208
ENSG00000213967,23,209
ENSG00000185664,23,210
ENSG00000167850,23,211
ENSG00000150337,23,212
ENSG00000121807,23,213
ENSG00000150681,23,214
ENSG00000162676,23,215
ENSG00000162747,23,216
ENSG00000139547,23,217
ENSG00000123405,23,218
ENSG00000110665,23,219
ENSG00000174827,23,220
ENSG00000186684,23,221
ENSG00000135374,23,222
ENSG00000198225,23,223
ENSG00000131969,23,224
ENSG00000186160,23,225
ENSG00000174226,23,226
ENSG00000183598,23,227
ENSG00000181092,23,228
ENSG00000134962,23,229
ENSG00000135638,23,230
ENSG00000134216,23,231
ENSG00000133055,23,232
ENSG00000180251,23,233
ENSG00000117400,23,234
ENSG00000091181,23,235
ENSG00000117501,23,236
ENSG00000271079,23,237
ENSG00000185038,23,238
ENSG00000185304,23,239
ENSG00000179930,23,240
ENSG00000186146,23,241
ENSG00000179270,23,242
ENSG00000203909,23,243
ENSG00000130182,23,244
ENSG00000181965,23,245
ENSG00000214513,23,246
ENSG00000136487,23,247
ENSG00000180053,23,248
ENSG00000188558,23,249
ENSG00000172320,23,250
ENSG00000279301,23,251
ENSG00000187701,23,252
ENSG00000187754,23,253
ENSG00000214643,23,254
ENSG00000215115,23,255
ENSG00000234560,23,256
5888,24,1
5889,24,2
5890,24,3
5891,24,4
5892,24,5
5893,24,6
5894,24,7
5895,24,8
5896,24,9
5897,24,10
5898,24,11
5899,24,12
5900,24,13
5901,24,14
5902,24,15
5903,24,16
5904,24,17
5905,24,18
5906,24,19
5907,24,20
5908,24,21
5909,24,22
5910,24,23
5911,24,24
5912,24,25
5913,24,26
5914,24,27
5915,24,28
5916,24,29
5917,24,30
5918,24,31
5919,24,32
5920,24,33
5921,24,34
5922,24,35
5923,24,36
5924,24,37
5925,24,38
5926,24,39
5927,24,40
5928,24,41
5929,24,42
5930,24,43
5931,24,44
5932,24,45
5933,24,46
5934,24,47
5935,24,48
5936,24,49
5937,24,50
5938,24,51
5939,24,52
5940,24,53
5941,24,54
5942,24,55
5943,24,56
5944,24,57
5945,24,58
5946,24,59
5947,24,60
5948,24,61
5949,24,62
5950,24,63
5951,24,64
5952,24,65
5953,24,66
5954,24,67
5955,24,68
5956,24,69
5957,24,70
5958,24,71
5959,24,72
5960,24,73
5961,24,74
5962,24,75
5963,24,76
5964,24,77
5965,24,78
5966,24,79
5967,24,80
5968,24,81
5969,24,82
5970,24,83
5971,24,84
5972,24,85
5973,24,86
5974,24,87
5975,24,88
5976,24,89
5977,24,90
5978,24,91
5979,24,92
5980,24,93
5981,24,94
5982,24,95
ENSG00000126460,24,96
ENSG00000164611,24,97
ENSG00000071537,24,98
ENSG00000111845,24,99
ENSG00000110057,24,100
ENSG00000166825,24,101
ENSG00000108883,24,102
ENSG00000131747,24,103
ENSG00000157778,24,104
ENSG00000175854,24,105
ENSG00000214026,24,106
ENSG00000176845,24,107
ENSG00000141867,24,108
ENSG00000176108,24,109
ENSG00000131013,24,110
ENSG00000073008,24,111
ENSG00000138074,24,112
ENSG00000096060,24,113
ENSG00000101346,24,114
ENSG00000119523,24,115
ENSG00000187079,24,116
ENSG00000114554,24,117
ENSG00000198369,24,118
ENSG00000108010,24,119
ENSG00000123689,24,120
ENSG00000096401,24,121
ENSG00000130669,24,122
ENSG00000103671,24,123
ENSG00000204520,24,124
ENSG00000124571,24,125
ENSG00000136868,24,126
ENSG00000010292,24,127
ENSG00000175792,24,128
ENSG00000173011,24,129
ENSG00000154001,24,130
ENSG00000164190,24,131
ENSG00000073849,24,132
ENSG00000165156,24,133
ENSG00000174718,24,134
ENSG00000115107,24,135
ENSG00000121749,24,136
ENSG00000217555,24,137
ENSG00000197818,24,138
ENSG00000080371,24,139
ENSG00000133574,24,140
ENSG00000127399,24,141
ENSG00000132965,24,142
ENSG00000169410,24,143
ENSG00000198382,24,144
ENSG00000156697,24,145
ENSG00000153714,24,146
ENSG00000185305,24,147
ENSG00000011114,24,148
ENSG00000100522,24,149
ENSG00000137393,24,150
ENSG00000119522,24,151
ENSG00000113615,24,152
ENSG00000168411,24,153
ENSG00000184508,24,154
ENSG00000073111,24,155
ENSG00000176890,24,156
ENSG00000203760,24,157
ENSG00000130348,24,158
ENSG00000125630,24,159
ENSG00000075188,24,160
ENSG00000140511,24,161
ENSG00000104998,24,162
ENSG00000180979,24,163
ENSG00000168303,24,164
ENSG00000101825,24,165
ENSG00000140006,24,166
ENSG00000163521,24,167
ENSG00000132334,24,168
ENSG00000105708,24,169
ENSG00000180263,24,170
ENSG00000095951,24,171
ENSG00000122877,24,172
ENSG00000132530,24,173
ENSG00000145703,24,174
ENSG00000151657,24,175
ENSG00000116127,24,176
ENSG00000057657,24,177
ENSG00000173218,24,178
ENSG00000151131,24,179
ENSG00000062282,24,180
ENSG00000269343,24,181
ENSG00000146950,24,182
ENSG00000109881,24,183
ENSG00000113448,24,184
ENSG00000145331,24,185
ENSG00000099974,24,186
ENSG00000163823,24,187
ENSG00000082074,24,188
ENSG00000182318,24,189
ENSG00000153563,24,190
ENSG00000250312,24,191
ENSG00000066427,24,192
ENSG00000243955,24,193
ENSG00000186204,24,194
ENSG00000276644,24,195
ENSG00000205710,24,196
ENSG00000138182,24,197
ENSG00000000460,24,198
ENSG00000184260,24,199
ENSG00000054219,24,200
ENSG00000004468,24,201
ENSG00000188211,24,202
ENSG00000165568,24,203
ENSG00000118308,24,204
ENSG00000138769,24,205
ENSG00000131015,24,206
ENSG00000186638,24,207
ENSG00000127507,24,208
ENSG00000105880,24,209
ENSG00000148935,24,210
ENSG00000096088,24,211
ENSG00000169385,24,212
ENSG00000158517,24,213
ENSG00000267041,24,214
ENSG00000116690,24,215
ENSG00000133962,24,216
ENSG00000116833,24,217
ENSG00000163121,24,218
ENSG00000154269,24,219
ENSG00000196890,24,220
ENSG00000109193,24,221
ENSG00000114771,24,222
ENSG00000143257,24,223
ENSG00000196420,24,224
ENSG00000254126,24,225
ENSG00000128645,24,226
ENSG00000120337,24,227
ENSG00000198691,24,228
ENSG00000144229,24,229
ENSG00000104371,24,230
ENSG00000188649,24,231
ENSG00000183091,24,232
ENSG00000186919,24,233
ENSG00000213931,24,234
ENSG00000226321,24,235
ENSG00000197446,24,236
ENSG00000274386,24,237
ENSG00000261456,24,238
ENSG00000135517,24,239
ENSG00000042781,24,240
ENSG00000162624,24,241
ENSG00000167634,24,242
ENSG00000179059,24,243
ENSG00000096395,24,244
ENSG00000186103,24,245
ENSG00000106410,24,246
ENSG00000203926,24,247
ENSG00000109851,24,248
ENSG00000196589,24,249
ENSG00000196578,24,250
ENSG00000183632,24,251
ENSG00000241476,24,252
ENSG00000268651,24,253
ENSG00000268009,24,254
ENSG00000172289,24,255
ENSG00000262628,24,256
6144,25,1
6145,25,2
6146,25,3
6147,25,4
6148,25,5
6149,25,6
6150,25,7
6151,25,8
6152,25,9
6153,25,10
6154,25,11
6155,25,12
6156,25,13
6157,25,14
6158,25,15
6159,25,16
6160,25,17
6161,25,18
6162,25,19
6163,25,20
6164,25,21
6165,25,22
6166,25,23
6167,25,24
6168,25,25
6169,25,26
6170,25,27
6171,25,28
6172,25,29
6173,25,30
6174,25,31
6175,25,32
6176,25,33
6177,25,34
6178,25,35
6179,25,36
6180,25,37
6181,25,38
6182,25,39
6183,25,40
6184,25,41
6185,25,42
6186,25,43
6187,25,44
6188,25,45
6189,25,46
6190,25,47
6191,25,48
6192,25,49
6193,25,50
6194,25,51
6195,25,52
6196,25,53
6197,25,54
6198,25,55
6199,25,56
6200,25,57
6201,25,58
6202,25,59
6203,25,60
6204,25,61
6205,25,62
6206,25,63
6207,25,64
6208,25,65
6209,25,66
6210,25,67
6211,25,68
6212,25,69
6213,25,70
6214,25,71
6215,25,72
6216,25,73
6217,25,74
6218,25,75
6219,25,76
6220,25,77
6221,25,78
6222,25,79
6223,25,80
6224,25,81
6225,25,82
6226,25,83
6227,25,84
6228,25,85
6229,25,86
6230,25,87
6231,25,88
6232,25,89
6233,25,90
6234,25,91
6235,25,92
6236,25,93
6237,25,94
ENSG00000165506,25,95
ENSG00000160563,25,96
ENSG00000101782,25,97
ENSG00000146904,25,98
ENSG00000118849,25,99
ENSG00000163932,25,100
ENSG00000114316,25,101
ENSG00000150768,25,102
ENSG00000101997,25,103
ENSG00000272398,25,104
ENSG00000130165,25,105
ENSG00000138663,25,106
ENSG00000170266,25,107
ENSG00000188706,25,108
ENSG00000162819,25,109
ENSG00000110090,25,110
ENSG00000119392,25,111
ENSG00000178685,25,112
ENSG00000175727,25,113
ENSG00000044090,25,114
ENSG00000104368,25,115
ENSG00000196586,25,116
ENSG00000136783,25,117
ENSG00000123146,25,118
ENSG00000133316,25,119
ENSG00000225973,25,120
ENSG00000105472,25,121
ENSG00000001167,25,122
ENSG00000124688,25,123
ENSG00000139620,25,124
ENSG00000107290,25,125
ENSG00000205213,25,126
ENSG00000196943,25,127
ENSG00000101413,25,128
ENSG00000106638,25,129
ENSG00000159579,25,130
ENSG00000111799,25,131
ENSG00000072401,25,132
ENSG00000140396,25,133
ENSG00000171150,25,134
ENSG00000074370,25,135
ENSG00000100744,25,136
ENSG00000168724,25,137
ENSG00000161513,25,138
ENSG00000168743,25,139
ENSG00000158792,25,140
ENSG00000163964,25,141
ENSG00000128340,25,142
ENSG00000177575,25,143
ENSG00000090104,25,144
ENSG00000165832,25,145
ENSG00000140044,25,146
ENSG00000135750,25,147
ENSG00000033178,25,148
ENSG00000172059,25,149
ENSG00000139926,25,150
ENSG00000148344,25,151
ENSG00000158122,25,152
ENSG00000123427,25,153
ENSG00000073536,25,154
ENSG00000047621,25,155
ENSG00000077152,25,156
ENSG00000134057,25,157
ENSG00000162702,25,158
ENSG00000147804,25,159
ENSG00000011426,25,160
ENSG00000114999,25,161
ENSG00000126814,25,162
ENSG00000198113,25,163
ENSG00000186130,25,164
ENSG00000100060,25,165
ENSG00000149308,25,166
ENSG00000267534,25,167
ENSG00000275993,25,168
ENSG00000116701,25,169
ENSG00000135655,25,170
ENSG00000118600,25,171
ENSG00000151665,25,172
ENSG00000073331,25,173
ENSG00000125454,25,174
ENSG00000000457,25,175
ENSG00000165714,25,176
ENSG00000163235,25,177
ENSG00000205413,25,178
ENSG00000175164,25,179
ENSG00000058673,25,180
ENSG00000180596,25,181
ENSG00000214013,25,182
ENSG00000148429,25,183
ENSG00000111224,25,184
ENSG00000165171,25,185
ENSG00000152256,25,186
ENSG00000176371,25,187
ENSG00000128709,25,188
ENSG00000110848,25,189
ENSG00000174327,25,190
ENSG00000162894,25,191
ENSG00000180884,25,192
ENSG00000163322,25,193
ENSG00000089692,25,194
ENSG00000203780,25,195
ENSG00000170561,25,196
ENSG00000088305,25,197
ENSG00000120334,25,198
ENSG00000177842,25,199
ENSG00000198353,25,200
ENSG00000115085,25,201
ENSG00000143851,25,202
ENSG00000042980,25,203
ENSG00000263961,25,204
ENSG00000100156,25,205
ENSG00000087494,25,206
ENSG00000110944,25,207
ENSG00000175984,25,208
ENSG00000171517,25,209
ENSG00000100739,25,210
ENSG00000166523,25,211
ENSG00000241484,25,212
ENSG00000112299,25,213
ENSG00000163221,25,214
ENSG00000128710,25,215
ENSG00000138336,25,216
ENSG00000117834,25,217
ENSG00000106526,25,218
ENSG00000169962,25,219
ENSG00000214872,25,220
ENSG00000185668,25,221
ENSG00000119457,25,222
ENSG00000180767,25,223
ENSG00000213996,25,224
ENSG00000173253,25,225
ENSG00000107014,25,226
ENSG00000196711,25,227
ENSG00000173567,25,228
ENSG00000115474,25,229
ENSG00000187889,25,230
ENSG00000159339,25,231
ENSG00000277893,25,232
ENSG00000137976,25,233
ENSG00000171126,25,234
ENSG00000139304,25,235
ENSG00000175262,25,236
ENSG00000157703,25,237
ENSG00000162761,25,238
ENSG00000187475,25,239
ENSG00000114349,25,240
ENSG00000131050,25,241
ENSG00000131914,25,242
ENSG00000163530,25,243
ENSG00000176979,25,244
ENSG00000214324,25,245
ENSG00000106331,25,246
ENSG00000224659,25,247
ENSG00000183185,25,248
ENSG00000116721,25,249
ENSG00000130385,25,250
ENSG00000205884,25,251
ENSG00000181518,25,252
ENSG00000274226,25,253
ENSG00000279111,25,254
ENSG00000279169,25,255
ENSG00000215113,25,256
6400,26,1
6401,26,2
6402,26,3
6403,26,4
6404,26,5
6405,26,6
6406,26,7
6407,26,8
6408,26,9
6409,26,10
6410,26,11
6411,26,12
6412,26,13
6413,26,14
6414,26,15
6415,26,16
6416,26,17
6417,26,18
6418,26,19
6419,26,20
6420,26,21
6421,26,22
6422,26,23
6423,26,24
6424,26,25
6425,26,26
6426,26,27
6427,26,28
6428,26,29
6429,26,30
6430,26,31
6431,26,32
6432,26,33
6433,26,34
6434,26,35
6435,26,36
6436,26,37
6437,26,38
6438,26,39
6439,26,40
6440,26,41
6441,26,42
6442,26,43
6443,26,44
6444,26,45
6445,26,46
6446,26,47
6447,26,48
6448,26,49
6449,26,50
6450,26,51
6451,26,52
6452,26,53
6453,26,54
6454,26,55
6455,26,56
6456,26,57
6457,26,58
6458,26,59
6459,26,60
6460,26,61
6461,26,62
6462,26,63
6463,26,64
6464,26,65
6465,26,66
6466,26,67
6467,26,68
6468,26,69
6469,26,70
6470,26,71
6471,26,72
6472,26,73
6473,26,74
6474,26,75
6475,26,76
6476,26,77
6477,26,78
6478,26,79
6479,26,80
6480,26,81
6481,26,82
6482,26,83
6483,26,84
6484,26,85
6485,26,86
6486,26,87
6487,26,88
6488,26,89
6489,26,90
6490,26,91
6491,26,92
6492,26,93
6493,26,94
ENSG00000148484,26,95
ENSG00000171497,26,96
ENSG00000196937,26,97
ENSG00000110195,26,98
ENSG00000184203,26,99
ENSG00000186625,26,100
ENSG00000145354,26,101
ENSG00000147883,26,102
ENSG00000104324,26,103
ENSG00000132286,26,104
ENSG00000152601,26,105
ENSG00000090776,26,106
ENSG00000011451,26,107
ENSG00000136859,26,108
ENSG00000185619,26,109
ENSG00000167565,26,110
ENSG00000148719,26,111
ENSG00000118689,26,112
ENSG00000005483,26,113
ENSG00000139722,26,114
ENSG00000134058,26,115
ENSG00000041802,26,116
ENSG00000171307,26,117
ENSG00000197930,26,118
ENSG00000103326,26,119
ENSG00000066654,26,120
ENSG00000114416,26,121
ENSG00000018610,26,122
ENSG00000156603,26,123
ENSG00000134597,26,124
ENSG00000130749,26,125
ENSG00000124784,26,126
ENSG00000106144,26,127
ENSG00000103319,26,128
ENSG00000136021,26,129
ENSG00000214357,26,130
ENSG00000123130,26,131
ENSG00000053254,26,132
ENSG00000163602,26,133
ENSG00000111670,26,134
ENSG00000169925,26,135
ENSG00000154447,26,136
ENSG00000134285,26,137
ENSG00000149260,26,138
ENSG00000162623,26,139
ENSG00000110031,26,140
ENSG00000175213,26,141
ENSG00000180353,26,142
ENSG00000081870,26,143
ENSG00000112996,26,144
ENSG00000140406,26,145
ENSG00000168061,26,146
ENSG00000139083,26,147
ENSG00000136891,26,148
ENSG00000091009,26,149
ENSG00000109685,26,150
ENSG00000005889,26,151
ENSG00000166881,26,152
ENSG00000154370,26,153
ENSG00000177663,26,154
ENSG00000122952,26,155
ENSG00000077514,26,156
ENSG00000166575,26,157
ENSG00000101417,26,158
ENSG00000160193,26,159
ENSG00000139263,26,160
ENSG00000116191,26,161
ENSG00000143036,26,162
ENSG00000151287,26,163
ENSG00000081923,26,164
ENSG00000124496,26,165
ENSG00000197405,26,166
ENSG00000168918,26,167
ENSG00000198901,26,168
ENSG00000154642,26,169
ENSG00000124787,26,170
ENSG00000168237,26,171
ENSG00000177409,26,172
ENSG00000151117,26,173
ENSG00000141499,26,174
ENSG00000172236,26,175
ENSG00000163751,26,176
ENSG00000087303,26,177
ENSG00000140525,26,178
ENSG00000235109,26,179
ENSG00000247626,26,180
ENSG00000134955,26,181
ENSG00000105793,26,182
ENSG00000183655,26,183
ENSG00000196233,26,184
ENSG00000185482,26,185
ENSG00000166321,26,186
ENSG00000167895,26,187
ENSG00000106004,26,188
ENSG00000277632,26,189
ENSG00000168062,26,190
ENSG00000115165,26,191
ENSG00000115523,26,192
ENSG00000115363,26,193
ENSG00000154760,26,194
ENSG00000131781,26,195
ENSG00000155034,26,196
ENSG00000221916,26,197
ENSG00000189366,26,198
ENSG00000186666,26,199
ENSG00000116039,26,200
ENSG00000141506,26,201
ENSG00000066294,26,202
ENSG00000188060,26,203
ENSG00000158473,26,204
ENSG00000149968,26,205
ENSG00000060718,26,206
ENSG00000108839,26,207
ENSG00000129437,26,208
ENSG00000186973,26,209
ENSG00000078900,26,210
ENSG00000115507,26,211
ENSG00000204335,26,212
ENSG00000163106,26,213
ENSG00000151650,26,214
ENSG00000253626,26,215
ENSG00000168298,26,216
ENSG00000178460,26,217
ENSG00000203782,26,218
ENSG00000134443,26,219
ENSG00000157017,26,220
ENSG00000163508,26,221
ENSG00000204420,26,222
ENSG00000187288,26,223
ENSG00000159173,26,224
ENSG00000109205,26,225
ENSG00000184305,26,226
ENSG00000170498,26,227
ENSG00000144395,26,228
ENSG00000187010,26,229
ENSG00000115263,26,230
ENSG00000163421,26,231
ENSG00000169397,26,232
ENSG00000203985,26,233
ENSG00000126838,26,234
ENSG00000183439,26,235
ENSG00000165702,26,236
ENSG00000168148,26,237
ENSG00000132915,26,238
ENSG00000107593,26,239
ENSG00000197826,26,240
ENSG00000154485,26,241
ENSG00000183434,26,242
ENSG00000206260,26,243
ENSG00000186790,26,244
ENSG00000205777,26,245
ENSG00000163254,26,246
ENSG00000268799,26,247
ENSG00000120952,26,248
ENSG00000215203,26,249
ENSG00000101890,26,250
ENSG00000213215,26,251
ENSG00000237763,26,252
ENSG00000277932,26,253
ENSG00000279263,26,254
ENSG00000226941,26,255
ENSG00000274102,26,256
6656,27,1
6657,27,2
6658,27,3
6659,27,4
6660,27,5
6661,27,6
6662,27,7
6663,27,8
6664,27,9
6665,27,10
6666,27,11
6667,27,12
6668,27,13
6669,27,14
6670,27,15
6671,27,16
6672,27,17
6673,27,18
6674,27,19
6675,27,20
6676,27,21
6677,27,22
6678,27,23
6679,27,24
6680,27,25
6681,27,26
6682,27,27
6683,27,28
6684,27,29
6685,27,30
6686,27,31
6687,27,32
6688,27,33
6689,27,34
6690,27,35
6691,27,36
6692,27,37
6693,27,38
6694,27,39
6695,27,40
6696,27,41
6697,27,42
6698,27,43
6699,27,44
6700,27,45
6701,27,46
6702,27,47
6703,27,48
6704,27,49
6705,27,50
6706,27,51
6707,27,52
6708,27,53
6709,27,54
6710,27,55
6711,27,56
6712,27,57
6713,27,58
6714,27,59
6715,27,60
6716,27,61
6717,27,62
6718,27,63
6719,27,64
6720,27,65
6721,27,66
6722,27,67
6723,27,68
6724,27,69
6725,27,70
6726,27,71
6727,27,72
6728,27,73
6729,27,74
6730,27,75
6731,27,76
6732,27,77
6733,27,78
6734,27,79
6735,27,80
6736,27,81
6737,27,82
6738,27,83
6739,27,84
6740,27,85
6741,27,86
6742,27,87
6743,27,88
6744,27,89
6745,27,90
6746,27,91
6747,27,92
6748,27,93
6749,27,94
ENSG00000130640,27,95
ENSG00000173141,27,96
ENSG00000089048,27,97
ENSG00000111358,27,98
ENSG00000070770,27,99
ENSG00000001036,27,100
ENSG00000175895,27,101
ENSG00000149809,27,102
ENSG00000117523,27,103
ENSG00000088038,27,104
ENSG00000183605,27,105
ENSG00000039650,27,106
ENSG00000134046,27,107
ENSG00000146112,27,108
ENSG00000167747,27,109
ENSG00000106366,27,110
ENSG00000136826,27,111
ENSG00000240065,27,112
ENSG00000110104,27,113
ENSG00000149782,27,114
ENSG00000082153,27,115
ENSG00000132388,27,116
ENSG00000166471,27,117
ENSG00000114209,27,118
ENSG00000166797,27,119
ENSG00000099385,27,120
ENSG00000114302,27,121
ENSG00000111530,27,122
ENSG00000166452,27,123
ENSG00000111885,27,124
ENSG00000158623,27,125
ENSG00000030110,27,126
ENSG00000148843,27,127
ENSG00000101181,27,128
ENSG00000169188,27,129
ENSG00000122644,27,130
ENSG00000224470,27,131
ENSG00000256537,27,132
ENSG00000161021,27,133
ENSG00000091039,27,134
ENSG00000105357,27,135
ENSG00000147548,27,136
ENSG00000106355,27,137
ENSG00000174579,27,138
ENSG00000106399,27,139
ENSG00000213551,27,140
ENSG00000150403,27,141
ENSG00000204922,27,142
ENSG00000148153,27,143
ENSG00000170222,27,144
ENSG00000182578,27,145
ENSG00000130508,27,146
ENSG00000147905,27,147
ENSG00000147324,27,148
ENSG00000198142,27,149
ENSG00000160179,27,150
ENSG00000166483,27,151
ENSG00000119401,27,152
ENSG00000085415,27,153
ENSG00000118960,27,154
ENSG00000164649,27,155
ENSG00000174165,27,156
ENSG00000159055,27,157
ENSG00000145388,27,158
ENSG00000113838,27,159
ENSG00000085274,27,160
ENSG00000142197,27,161
ENSG00000196652,27,162
ENSG00000151576,27,163
ENSG00000079387,27,164
ENSG00000165060,27,165
ENSG00000175073,27,166
ENSG00000120278,27,167
ENSG00000112419,27,168
ENSG00000117122,27,169
ENSG00000100365,27,170
ENSG00000119514,27,171
ENSG00000126953,27,172
ENSG00000145365,27,173
ENSG00000137628,27,174
ENSG00000183801,27,175
ENSG00000106100,27,176
ENSG00000187626,27,177
ENSG00000176542,27,178
ENSG00000180953,27,179
ENSG00000080839,27,180
ENSG00000276600,27,181
ENSG00000196678,27,182
ENSG00000136883,27,183
ENSG00000071282,27,184
ENSG00000181896,27,185
ENSG00000182150,27,186
ENSG00000102362,27,187
ENSG00000197557,27,188
ENSG00000169570,27,189
ENSG00000140379,27,190
ENSG00000135604,27,191
ENSG00000186827,27,192
ENSG00000105997,27,193
ENSG00000204516,27,194
ENSG00000134240,27,195
ENSG00000182463,27,196
ENSG00000078098,27,197
ENSG00000158315,27,198
ENSG00000173083,27,199
ENSG00000161055,27,200
ENSG00000115232,27,201
ENSG00000090659,27,202
ENSG00000170961,27,203
ENSG00000172244,27,204
ENSG00000137135,27,205
ENSG00000117586,27,206
ENSG00000105750,27,207
ENSG00000125430,27,208
ENSG00000146700,27,209
ENSG00000175106,27,210
ENSG00000225556,27,211
ENSG00000143001,27,212
ENSG00000075884,27,213
ENSG00000276231,27,214
ENSG00000183479,27,215
ENSG00000152380,27,216
ENSG00000186007,27,217
ENSG00000162267,27,218
ENSG00000251493,27,219
ENSG00000211452,27,220
ENSG00000112394,27,221
ENSG00000145681,27,222
ENSG00000131668,27,223
ENSG00000187140,27,224
ENSG00000203995,27,225
ENSG00000139219,27,226
ENSG00000150722,27,227
ENSG00000175294,27,228
ENSG00000172016,27,229
ENSG00000162438,27,230
ENSG00000183914,27,231
ENSG00000150873,27,232
ENSG00000243910,27,233
ENSG00000112195,27,234
ENSG00000185972,27,235
ENSG00000188306,27,236
ENSG00000205111,27,237
ENSG00000131233,27,238
ENSG00000158816,27,239
ENSG00000203963,27,240
ENSG00000204193,27,241
ENSG00000239620,27,242
ENSG00000176746,27,243
ENSG00000189023,27,244
ENSG00000184814,27,245
ENSG00000101812,27,246
ENSG00000197437,27,247
ENSG00000239810,27,248
ENSG00000134640,27,249
ENSG00000170953,27,250
ENSG00000119614,27,251
ENSG00000179709,27,252
ENSG00000177174,27,253
ENSG00000152093,27,254
ENSG00000260596,27,255
ENSG00000129873,27,256
6912,28,1
6913,28,2
6914,28,3
6915,28,4
6916,28,5
6917,28,6
6918,28,7
6919,28,8
6920,28,9
6921,28,10
6922,28,11
6923,28,12
6924,28,13
6925,28,14
6926,28,15
6927,28,16
6928,28,17
6929,28,18
6930,28,19
6931,28,20
6932,28,21
6933,28,22
6934,28,23
6935,28,24
6936,28,25
6937,28,26
6938,28,27
6939,28,28
6940,28,29
6941,28,30
6942,28,31
6943,28,32
6944,28,33
6945,28,34
6946,28,35
6947,28,36
6948,28,37
6949,28,38
6950,28,39
6951,28,40
6952,28,41
6953,28,42
6954,28,43
6955,28,44
6956,28,45
6957,28,46
6958,28,47
6959,28,48
6960,28,49
6961,28,50
6962,28,51
6963,28,52
6964,28,53
6965,28,54
6966,28,55
6967,28,56
6968,28,57
6969,28,58
6970,28,59
6971,28,60
6972,28,61
6973,28,62
6974,28,63
6975,28,64
6976,28,65
6977,28,66
6978,28,67
6979,28,68
6980,28,69
6981,28,70
6982,28,71
6983,28,72
6984,28,73
6985,28,74
6986,28,75
6987,28,76
6988,28,77
6989,28,78
6990,28,79
6991,28,80
6992,28,81
6993,28,82
6994,28,83
6995,28,84
6996,28,85
6997,28,86
6998,28,87
6999,28,88
7000,28,89
7001,28,90
7002,28,91
7003,28,92
7004,28,93
7005,28,94
7006,28,95
ENSG00000141429,28,96
ENSG00000151923,28,97
ENSG00000204713,28,98
ENSG00000076108,28,99
ENSG00000137288,28,100
ENSG00000154589,28,101
ENSG00000146072,28,102
ENSG00000129515,28,103
ENSG00000167962,28,104
ENSG00000125755,28,105
ENSG00000158373,28,106
ENSG00000153048,28,107
ENSG00000012963,28,108
ENSG00000066044,28,109
ENSG00000125352,28,110
ENSG00000108784,28,111
ENSG00000176907,28,112
ENSG00000085377,28,113
ENSG00000047932,28,114
ENSG00000118515,28,115
ENSG00000153879,28,116
ENSG00000174807,28,117
ENSG00000164305,28,118
ENSG00000127526,28,119
ENSG00000185504,28,120
ENSG00000077150,28,121
ENSG00000102871,28,122
ENSG00000198700,28,123
ENSG00000170430,28,124
ENSG00000125450,28,125
ENSG00000163659,28,126
ENSG00000168434,28,127
ENSG00000173548,28,128
ENSG00000117899,28,129
ENSG00000104738,28,130
ENSG00000139163,28,131
ENSG00000120159,28,132
ENSG00000189180,28,133
ENSG00000176209,28,134
ENSG00000090382,28,135
ENSG00000170270,28,136
ENSG00000115159,28,137
ENSG00000164151,28,138
ENSG00000064102,28,139
ENSG00000162738,28,140
ENSG00000026950,28,141
ENSG00000128052,28,142
ENSG00000123737,28,143
ENSG00000169750,28,144
ENSG00000114021,28,145
ENSG00000213965,28,146
ENSG00000163960,28,147
ENSG00000114107,28,148
ENSG00000182511,28,149
ENSG00000151116,28,150
ENSG00000119041,28,151
ENSG00000117036,28,152
ENSG00000162437,28,153
ENSG00000102189,28,154
ENSG00000151065,28,155
ENSG00000003249,28,156
ENSG00000150782,28,157
ENSG00000163083,28,158
ENSG00000105829,28,159
ENSG00000183340,28,160
ENSG00000256060,28,161
ENSG00000221909,28,162
ENSG00000157303,28,163
ENSG00000156853,28,164
ENSG00000134602,28,165
ENSG00000003436,28,166
ENSG00000180917,28,167
ENSG00000104497,28,168
ENSG00000114346,28,169
ENSG00000198924,28,170
ENSG00000102802,28,171
ENSG00000141664,28,172
ENSG00000196388,28,173
ENSG00000156170,28,174
ENSG00000126218,28,175
ENSG00000100599,28,176
ENSG00000064655,28,177
ENSG00000151725,28,178
ENSG00000138678,28,179
ENSG00000180822,28,180
ENSG00000167157,28,181
ENSG00000164120,28,182
ENSG00000142973,28,183
ENSG00000176422,28,184
ENSG00000168904,28,185
ENSG00000105173,28,186
ENSG00000137460,28,187
ENSG00000140968,28,188
ENSG00000169403,28,189
ENSG00000188404,28,190
ENSG00000134326,28,191
ENSG00000007312,28,192
ENSG00000155158,28,193
ENSG00000160883,28,194
ENSG00000019169,28,195
ENSG00000164694,28,196
ENSG00000137809,28,197
ENSG00000162757,28,198
ENSG00000138134,28,199
ENSG00000172167,28,200
ENSG00000197646,28,201
ENSG00000072694,28,202
ENSG00000107984,28,203
ENSG00000213186,28,204
ENSG00000144426,28,205
ENSG00000158164,28,206
ENSG00000111012,28,207
ENSG00000197299,28,208
ENSG00000122483,28,209
ENSG00000137968,28,210
ENSG00000120457,28,211
ENSG00000153064,28,212
ENSG00000164136,28,213
ENSG00000203722,28,214
ENSG00000166183,28,215
ENSG00000128573,28,216
ENSG00000138669,28,217
ENSG00000150893,28,218
ENSG00000183671,28,219
ENSG00000132854,28,220
ENSG00000239388,28,221
ENSG00000169218,28,222
ENSG00000163467,28,223
ENSG00000127743,28,224
ENSG00000153404,28,225
ENSG00000162782,28,226
ENSG00000111981,28,227
ENSG00000163357,28,228
ENSG00000143452,28,229
ENSG00000119121,28,230
ENSG00000157856,28,231
ENSG00000163263,28,232
ENSG00000164287,28,233
ENSG00000086288,28,234
ENSG00000142700,28,235
ENSG00000117148,28,236
ENSG00000188133,28,237
ENSG00000171872,28,238
ENSG00000179008,28,239
ENSG00000005981,28,240
ENSG00000144130,28,241
ENSG00000164508,28,242
ENSG00000185888,28,243
ENSG00000185177,28,244
ENSG00000196242,28,245
ENSG00000169214,28,246
ENSG00000203870,28,247
ENSG00000042304,28,248
ENSG00000184911,28,249
ENSG00000127412,28,250
ENSG00000120235,28,251
ENSG00000125533,28,252
ENSG00000141194,28,253
ENSG00000196248,28,254
ENSG00000184140,28,255
ENSG00000180205,28,256
7168,29,1
7169,29,2
7170,29,3
7171,29,4
7172,29,5
7173,29,6
7174,29,7
7175,29,8
7176,29,9
7177,29,10
7178,29,11
7179,29,12
7180,29,13
7181,29,14
7182,29,15
7183,29,16
7184,29,17
7185,29,18
7186,29,19
7187,29,20
7188,29,21
7189,29,22
7190,29,23
7191,29,24
7192,29,25
7193,29,26
7194,29,27
7195,29,28
7196,29,29
7197,29,30
7198,29,31
7199,29,32
7200,29,33
7201,29,34
7202,29,35
7203,29,36
7204,29,37
7205,29,38
7206,29,39
7207,29,40
7208,29,41
7209,29,42
7210,29,43
7211,29,44
7212,29,45
7213,29,46
7214,29,47
7215,29,48
7216,29,49
7217,29,50
7218,29,51
7219,29,52
7220,29,53
7221,29,54
7222,29,55
7223,29,56
7224,29,57
7225,29,58
7226,29,59
7227,29,60
7228,29,61
7229,29,62
7230,29,63
7231,29,64
7232,29,65
7233,29,66
7234,29,67
7235,29,68
7236,29,69
7237,29,70
7238,29,71
7239,29,72
7240,29,73
7241,29,74
7242,29,75
7243,29,76
7244,29,77
7245,29,78
7246,29,79
7247,29,80
7248,29,81
7249,29,82
7250,29,83
7251,29,84
7252,29,85
7253,29,86
7254,29,87
7255,29,88
7256,29,89
7257,29,90
7258,29,91
7259,29,92
7260,29,93
7261,29,94
ENSG00000183010,29,95
ENSG00000105248,29,96
ENSG00000100139,29,97
ENSG00000058799,29,98
ENSG00000124783,29,99
ENSG00000086589,29,100
ENSG00000069956,29,101
ENSG00000107262,29,102
ENSG00000189159,29,103
ENSG00000160767,29,104
ENSG00000109787,29,105
ENSG00000273749,29,106
ENSG00000168175,29,107
ENSG00000108826,29,108
ENSG00000176783,29,109
ENSG00000079462,29,110
ENSG00000133895,29,111
ENSG00000154640,29,112
ENSG00000170265,29,113
ENSG00000107854,29,114
ENSG00000101972,29,115
ENSG00000197321,29,116
ENSG00000235173,29,117
ENSG00000132356,29,118
ENSG00000167601,29,119
ENSG00000111641,29,120
ENSG00000177106,29,121
ENSG00000185507,29,122
ENSG00000137364,29,123
ENSG00000170632,29,124
ENSG00000178537,29,125
ENSG00000106305,29,126
ENSG00000185049,29,127
ENSG00000132109,29,128
ENSG00000102921,29,129
ENSG00000240972,29,130
ENSG00000115652,29,131
ENSG00000161980,29,132
ENSG00000137055,29,133
ENSG00000137404,29,134
ENSG00000123374,29,135
ENSG00000133110,29,136
ENSG00000108439,29,137
ENSG00000136379,29,138
ENSG00000157224,29,139
ENSG00000230124,29,140
ENSG00000135040,29,141
ENSG00000159147,29,142
ENSG00000131471,29,143
ENSG00000166997,29,144
ENSG00000177854,29,145
ENSG00000117697,29,146
ENSG00000186665,29,147
ENSG00000178074,29,148
ENSG00000135679,29,149
ENSG00000196730,29,150
ENSG00000120594,29,151
ENSG00000155903,29,152
ENSG00000142207,29,153
ENSG00000089639,29,154
ENSG00000120526,29,155
ENSG00000149262,29,156
ENSG00000147394,29,157
ENSG00000196839,29,158
ENSG00000127334,29,159
ENSG00000173085,29,160
ENSG00000170734,29,161
ENSG00000147679,29,162
ENSG00000161249,29,163
ENSG00000163026,29,164
ENSG00000186104,29,165
ENSG00000148158,29,166
ENSG00000183161,29,167
ENSG00000106392,29,168
ENSG00000145386,29,169
ENSG00000101974,29,170
ENSG00000103047,29,171
ENSG00000151304,29,172
ENSG00000108384,29,173
ENSG00000033867,29,174
ENSG00000204954,29,175
ENSG00000037749,29,176
ENSG00000171466,29,177
ENSG00000106462,29,178
ENSG00000183508,29,179
ENSG00000120875,29,180
ENSG00000151651,29,181
ENSG00000003400,29,182
ENSG00000130940,29,183
ENSG00000124217,29,184
ENSG00000187210,29,185
ENSG00000069869,29,186
ENSG00000175538,29,187
ENSG00000150455,29,188
ENSG00000163154,29,189
ENSG00000127084,29,190
ENSG00000107099,29,191
ENSG00000064886,29,192
ENSG00000131042,29,193
ENSG00000160298,29,194
ENSG00000144645,29,195
ENSG00000143882,29,196
ENSG00000131187,29,197
ENSG00000174951,29,198
ENSG00000113389,29,199
ENSG00000109452,29,200
ENSG00000129595,29,201
ENSG00000007908,29,202
ENSG00000172828,29,203
ENSG00000166126,29,204
ENSG00000162929,29,205
ENSG00000185483,29,206
ENSG00000186603,29,207
ENSG00000105464,29,208
ENSG00000184378,29,209
ENSG00000006611,29,210
ENSG00000204923,29,211
ENSG00000271383,29,212
ENSG00000164241,29,213
ENSG00000270629,29,214
ENSG00000204540,29,215
ENSG00000100448,29,216
ENSG00000081479,29,217
ENSG00000158014,29,218
ENSG00000134668,29,219
ENSG00000196460,29,220
ENSG00000173198,29,221
ENSG00000149534,29,222
ENSG00000241962,29,223
ENSG00000240891,29,224
ENSG00000145777,29,225
ENSG00000142606,29,226
ENSG00000142621,29,227
ENSG00000143512,29,228
ENSG00000189409,29,229
ENSG00000140009,29,230
ENSG00000163885,29,231
ENSG00000157330,29,232
ENSG00000162598,29,233
ENSG00000177483,29,234
ENSG00000186451,29,235
ENSG00000155754,29,236
ENSG00000203910,29,237
ENSG00000131379,29,238
ENSG00000214866,29,239
ENSG00000143199,29,240
ENSG00000164304,29,241
ENSG00000244234,29,242
ENSG00000236761,29,243
ENSG00000218819,29,244
ENSG00000188585,29,245
ENSG00000239395,29,246
ENSG00000138068,29,247
ENSG00000235608,29,248
ENSG00000250821,29,249
ENSG00000162621,29,250
ENSG00000231213,29,251
ENSG00000121853,29,252
ENSG00000182521,29,253
ENSG00000158901,29,254
ENSG00000225781,29,255
ENSG00000173976,29,256
7424,30,1
7425,30,2
7426,30,3
7427,30,4
7428,30,5
7429,30,6
7430,30,7
7431,30,8
7432,30,9
7433,30,10
7434,30,11
7435,30,12
7436,30,13
7437,30,14
7438,30,15
7439,30,16
7440,30,17
7441,30,18
7442,30,19
7443,30,20
7444,30,21
7445,30,22
7446,30,23
7447,30,24
7448,30,25
7449,30,26
7450,30,27
7451,30,28
7452,30,29
7453,30,30
7454,30,31
7455,30,32
7456,30,33
7457,30,34
7458,30,35
7459,30,36
7460,30,37
7461,30,38
7462,30,39
7463,30,40
7464,30,41
7465,30,42
7466,30,43
7467,30,44
7468,30,45
7469,30,46
7470,30,47
7471,30,48
7472,30,49
7473,30,50
7474,30,51
7475,30,52
7476,30,53
7477,30,54
7478,30,55
7479,30,56
7480,30,57
7481,30,58
7482,30,59
7483,30,60
7484,30,61
7485,30,62
7486,30,63
7487,30,64
7488,30,65
7489,30,66
7490,30,67
7491,30,68
7492,30,69
7493,30,70
7494,30,71
7495,30,72
7496,30,73
7497,30,74
7498,30,75
7499,30,76
7500,30,77
7501,30,78
7502,30,79
7503,30,80
7504,30,81
7505,30,82
7506,30,83
7507,30,84
7508,30,85
7509,30,86
7510,30,87
7511,30,88
7512,30,89
7513,30,90
7514,30,91
7515,30,92
7516,30,93
7517,30,94
ENSG00000148346,30,95
ENSG00000095485,30,96
ENSG00000124201,30,97
ENSG00000164687,30,98
ENSG00000135317,30,99
ENSG00000163956,30,100
ENSG00000175216,30,101
ENSG00000122884,30,102
ENSG00000029363,30,103
ENSG00000064115,30,104
ENSG00000092148,30,105
ENSG00000100393,30,106
ENSG00000161638,30,107
ENSG00000088356,30,108
ENSG00000205138,30,109
ENSG00000100647,30,110
ENSG00000178896,30,111
ENSG00000171425,30,112
ENSG00000153406,30,113
ENSG00000071564,30,114
ENSG00000102910,30,115
ENSG00000102753,30,116
ENSG00000114520,30,117
ENSG00000172493,30,118
ENSG00000102471,30,119
ENSG00000165655,30,120
ENSG00000140931,30,121
ENSG00000124789,30,122
ENSG00000137692,30,123
ENSG00000166200,30,124
ENSG00000102738,30,125
ENSG00000035928,30,126
ENSG00000125266,30,127
ENSG00000159063,30,128
ENSG00000186184,30,129
ENSG00000125871,30,130
ENSG00000164830,30,131
ENSG00000134815,30,132
ENSG00000146833,30,133
ENSG00000123728,30,134
ENSG00000147010,30,135
ENSG00000138035,30,136
ENSG00000089050,30,137
ENSG00000113300,30,138
ENSG00000163428,30,139
ENSG00000174839,30,140
ENSG00000108479,30,141
ENSG00000119574,30,142
ENSG00000101017,30,143
ENSG00000132004,30,144
ENSG00000125449,30,145
ENSG00000130755,30,146
ENSG00000152382,30,147
ENSG00000164934,30,148
ENSG00000137513,30,149
ENSG00000163918,30,150
ENSG00000125686,30,151
ENSG00000113441,30,152
ENSG00000166024,30,153
ENSG00000077713,30,154
ENSG00000023608,30,155
ENSG00000137814,30,156
ENSG00000174989,30,157
ENSG00000156017,30,158
ENSG00000275074,30,159
ENSG00000100749,30,160
ENSG00000169155,30,161
ENSG00000174891,30,162
ENSG00000139826,30,163
ENSG00000165813,30,164
ENSG00000089127,30,165
ENSG00000132003,30,166
ENSG00000167264,30,167
ENSG00000048405,30,168
ENSG00000148803,30,169
ENSG00000132256,30,170
ENSG00000104064,30,171
ENSG00000083635,30,172
ENSG00000124459,30,173
ENSG00000182986,30,174
ENSG00000108306,30,175
ENSG00000168234,30,176
ENSG00000113790,30,177
ENSG00000146918,30,178
ENSG00000012223,30,179
ENSG00000133106,30,180
ENSG00000156966,30,181
ENSG00000085276,30,182
ENSG00000019102,30,183
ENSG00000198538,30,184
ENSG00000180257,30,185
ENSG00000139629,30,186
ENSG00000134899,30,187
ENSG00000137959,30,188
ENSG00000135838,30,189
ENSG00000198771,30,190
ENSG00000163219,30,191
ENSG00000271605,30,192
ENSG00000181381,30,193
ENSG00000156876,30,194
ENSG00000183763,30,195
ENSG00000196371,30,196
ENSG00000196549,30,197
ENSG00000124813,30,198
ENSG00000133216,30,199
ENSG00000103569,30,200
ENSG00000143674,30,201
ENSG00000102048,30,202
ENSG00000188158,30,203
ENSG00000158089,30,204
ENSG00000109667,30,205
ENSG00000178177,30,206
ENSG00000093217,30,207
ENSG00000117407,30,208
ENSG00000176928,30,209
ENSG00000197261,30,210
ENSG00000172156,30,211
ENSG00000010932,30,212
ENSG00000092607,30,213
ENSG00000197406,30,214
ENSG00000174502,30,215
ENSG00000170166,30,216
ENSG00000269113,30,217
ENSG00000151365,30,218
ENSG00000148488,30,219
ENSG00000144648,30,220
ENSG00000169432,30,221
ENSG00000171596,30,222
ENSG00000152785,30,223
ENSG00000159374,30,224
ENSG00000221843,30,225
ENSG00000129214,30,226
ENSG00000064218,30,227
ENSG00000262209,30,228
ENSG00000271425,30,229
ENSG00000115423,30,230
ENSG00000123977,30,231
ENSG00000162571,30,232
ENSG00000197057,30,233
ENSG00000234511,30,234
ENSG00000114547,30,235
ENSG00000185523,30,236
ENSG00000162620,30,237
ENSG00000133863,30,238
ENSG00000260286,30,239
ENSG00000151962,30,240
ENSG00000185662,30,241
ENSG00000196184,30,242
ENSG00000121634,30,243
ENSG00000261739,30,244
ENSG00000198471,30,245
ENSG00000171201,30,246
ENSG00000187533,30,247
ENSG00000143107,30,248
ENSG00000249581,30,249
ENSG00000169836,30,250
ENSG00000204640,30,251
ENSG00000260734,30,252
ENSG00000123584,30,253
ENSG00000105198,30,254
ENSG00000197233,30,255
ENSG00000255012,30,256
7680,31,1
7681,31,2
7682,31,3
7683,31,4
7684,31,5
7685,31,6
7686,31,7
7687,31,8
7688,31,9
7689,31,10
7690,31,11
7691,31,12
7692,31,13
7693,31,14
7694,31,15
7695,31,16
7696,31,17
7697,31,18
7698,31,19
7699,31,20
7700,31,21
7701,31,22
7702,31,23
7703,31,24
7704,31,25
7705,31,26
7706,31,27
7707,31,28
7708,31,29
7709,31,30
7710,31,31
7711,31,32
7712,31,33
7713,31,34
7714,31,35
7715,31,36
7716,31,37
7717,31,38
7718,31,39
7719,31,40
7720,31,41
7721,31,42
7722,31,43
7723,31,44
7724,31,45
7725,31,46
7726,31,47
7727,31,48
7728,31,49
7729,31,50
7730,31,51
7731,31,52
7732,31,53
7733,31,54
7734,31,55
7735,31,56
7736,31,57
7737,31,58
7738,31,59
7739,31,60
7740,31,61
7741,31,62
7742,31,63
7743,31,64
7744,31,65
7745,31,66
7746,31,67
7747,31,68
7748,31,69
7749,31,70
7750,31,71
7751,31,72
7752,31,73
7753,31,74
7754,31,75
7755,31,76
7756,31,77
7757,31,78
7758,31,79
7759,31,80
7760,31,81
7761,31,82
7762,31,83
7763,31,84
7764,31,85
7765,31,86
7766,31,87
7767,31,88
7768,31,89
7769,31,90
7770,31,91
7771,31,92
7772,31,93
7773,31,94
7774,31,95
ENSG00000110075,31,96
ENSG00000105221,31,97
ENSG00000107625,31,98
ENSG00000138381,31,99
ENSG00000119917,31,100
ENSG00000164022,31,101
ENSG00000143401,31,102
ENSG00000085117,31,103
ENSG00000137815,31,104
ENSG00000173473,31,105
ENSG00000148450,31,106
ENSG00000108091,31,107
ENSG00000204237,31,108
ENSG00000101310,31,109
ENSG00000077348,31,110
ENSG00000106077,31,111
ENSG00000080503,31,112
ENSG00000137801,31,113
ENSG00000103429,31,114
ENSG00000141582,31,115
ENSG00000070214,31,116
ENSG00000100342,31,117
ENSG00000104518,31,118
ENSG00000148154,31,119
ENSG00000144674,31,120
ENSG00000161091,31,121
ENSG00000140299,31,122
ENSG00000165724,31,123
ENSG00000173653,31,124
ENSG00000176105,31,125
ENSG00000139645,31,126
ENSG00000171475,31,127
ENSG00000176894,31,128
ENSG00000188342,31,129
ENSG00000128274,31,130
ENSG00000276045,31,131
ENSG00000125834,31,132
ENSG00000198746,31,133
ENSG00000145740,31,134
ENSG00000168393,31,135
ENSG00000198682,31,136
ENSG00000168887,31,137
ENSG00000154079,31,138
ENSG00000196591,31,139
ENSG00000181274,31,140
ENSG00000152894,31,141
ENSG00000136147,31,142
ENSG00000139567,31,143
ENSG00000138600,31,144
ENSG00000187522,31,145
ENSG00000171262,31,146
ENSG00000163947,31,147
ENSG00000168876,31,148
ENSG00000059378,31,149
ENSG00000197077,31,150
ENSG00000163755,31,151
ENSG00000105821,31,152
ENSG00000018699,31,153
ENSG00000137573,31,154
ENSG00000021776,31,155
ENSG00000141934,31,156
ENSG00000135127,31,157
ENSG00000117593,31,158
ENSG00000079691,31,159
ENSG00000173432,31,160
ENSG00000132275,31,161
ENSG00000111615,31,162
ENSG00000089123,31,163
ENSG00000084093,31,164
ENSG00000179178,31,165
ENSG00000165929,31,166
ENSG00000170190,31,167
ENSG00000053770,31,168
ENSG00000107201,31,169
ENSG00000028116,31,170
ENSG00000110324,31,171
ENSG00000132825,31,172
ENSG00000128298,31,173
ENSG00000113083,31,174
ENSG00000087116,31,175
ENSG00000073711,31,176
ENSG00000164308,31,177
ENSG00000179627,31,178
ENSG00000124839,31,179
ENSG00000163251,31,180
ENSG00000185404,31,181
ENSG00000164674,31,182
ENSG00000159212,31,183
ENSG00000233608,31,184
ENSG00000169071,31,185
ENSG00000186193,31,186
ENSG00000180611,31,187
ENSG00000184445,31,188
ENSG00000144837,31,189
ENSG00000173110,31,190
ENSG00000119686,31,191
ENSG00000162482,31,192
ENSG00000214756,31,193
ENSG00000123610,31,194
ENSG00000145911,31,195
ENSG00000164283,31,196
ENSG00000138792,31,197
ENSG00000152782,31,198
ENSG00000185436,31,199
ENSG00000138670,31,200
ENSG00000007933,31,201
ENSG00000130544,31,202
ENSG00000174788,31,203
ENSG00000111644,31,204
ENSG00000178882,31,205
ENSG00000140025,31,206
ENSG00000172339,31,207
ENSG00000162849,31,208
ENSG00000259803,31,209
ENSG00000196391,31,210
ENSG00000050628,31,211
ENSG00000122420,31,212
ENSG00000122121,31,213
ENSG00000213901,31,214
ENSG00000097096,31,215
ENSG00000187942,31,216
ENSG00000133019,31,217
ENSG00000135917,31,218
ENSG00000162746,31,219
ENSG00000254535,31,220
ENSG00000171502,31,221
ENSG00000163623,31,222
ENSG00000168427,31,223
ENSG00000232040,31,224
ENSG00000164037,31,225
ENSG00000161040,31,226
ENSG00000163395,31,227
ENSG00000233757,31,228
ENSG00000264343,31,229
ENSG00000080293,31,230
ENSG00000177994,31,231
ENSG00000174776,31,232
ENSG00000182329,31,233
ENSG00000163958,31,234
ENSG00000171722,31,235
ENSG00000173662,31,236
ENSG00000157884,31,237
ENSG00000143552,31,238
ENSG00000229894,31,239
ENSG00000154997,31,240
ENSG00000189132,31,241
ENSG00000138813,31,242
ENSG00000163012,31,243
ENSG00000124818,31,244
ENSG00000196862,31,245
ENSG00000218305,31,246
ENSG00000162456,31,247
ENSG00000061492,31,248
ENSG00000159495,31,249
ENSG00000173250,31,250
ENSG00000171540,31,251
ENSG00000182083,31,252
ENSG00000164458,31,253
ENSG00000233701,31,254
ENSG00000188655,31,255
ENSG00000205883,31,256
7936,32,1
7937,32,2
7938,32,3
7939,32,4
7940,32,5
7941,32,6
7942,32,7
7943,32,8
7944,32,9
7945,32,10
7946,32,11
7947,32,12
7948,32,13
7949,32,14
7950,32,15
7951,32,16
7952,32,17
7953,32,18
7954,32,19
7955,32,20
7956,32,21
7957,32,22
7958,32,23
7959,32,24
7960,32,25
7961,32,26
7962,32,27
7963,32,28
7964,32,29
7965,32,30
7966,32,31
7967,32,32
7968,32,33
7969,32,34
7970,32,35
7971,32,36
7972,32,37
7973,32,38
7974,32,39
7975,32,40
7976,32,41
7977,32,42
7978,32,43
7979,32,44
7980,32,45
7981,32,46
7982,32,47
7983,32,48
7984,32,49
7985,32,50
7986,32,51
7987,32,52
7988,32,53
7989,32,54
7990,32,55
7991,32,56
7992,32,57
7993,32,58
7994,32,59
7995,32,60
7996,32,61
7997,32,62
7998,32,63
7999,32,64
8000,32,65
8001,32,66
8002,32,67
8003,32,68
8004,32,69
8005,32,70
8006,32,71
8007,32,72
8008,32,73
8009,32,74
8010,32,75
8011,32,76
8012,32,77
8013,32,78
8014,32,79
8015,32,80
8016,32,81
8017,32,82
8018,32,83
8019,32,84
8020,32,85
8021,32,86
8022,32,87
8023,32,88
8024,32,89
8025,32,90
8026,32,91
8027,32,92
8028,32,93
8029,32,94
8030,32,95
ENSG00000163349,32,96
ENSG00000179041,32,97
ENSG00000070061,32,98
ENSG00000172432,32,99
ENSG00000163166,32,100
ENSG00000149657,32,101
ENSG00000077235,32,102
ENSG00000263465,32,103
ENSG00000074201,32,104
ENSG00000083896,32,105
ENSG00000184584,32,106
ENSG00000111605,32,107
ENSG00000142327,32,108
ENSG00000105197,32,109
ENSG00000165886,32,110
ENSG00000197345,32,111
ENSG00000177830,32,112
ENSG00000074181,32,113
ENSG00000103855,32,114
ENSG00000213626,32,115
ENSG00000005884,32,116
ENSG00000137166,32,117
ENSG00000110330,32,118
ENSG00000185728,32,119
ENSG00000134452,32,120
ENSG00000116455,32,121
ENSG00000132510,32,122
ENSG00000120690,32,123
ENSG00000085449,32,124
ENSG00000155363,32,125
ENSG00000184831,32,126
ENSG00000174109,32,127
ENSG00000100116,32,128
ENSG00000100294,32,129
ENSG00000204160,32,130
ENSG00000108559,32,131
ENSG00000196187,32,132
ENSG00000141510,32,133
ENSG00000169857,32,134
ENSG00000062650,32,135
ENSG00000148840,32,136
ENSG00000198793,32,137
ENSG00000164466,32,138
ENSG00000113522,32,139
ENSG00000122376,32,140
ENSG00000163131,32,141
ENSG00000083168,32,142
ENSG00000124802,32,143
ENSG00000119820,32,144
ENSG00000196313,32,145
ENSG00000198146,32,146
ENSG00000179144,32,147
ENSG00000162073,32,148
ENSG00000139131,32,149
ENSG00000172315,32,150
ENSG00000158201,32,151
ENSG00000140830,32,152
ENSG00000101773,32,153
ENSG00000159399,32,154
ENSG00000177302,32,155
ENSG00000076716,32,156
ENSG00000197093,32,157
ENSG00000183943,32,158
ENSG00000124120,32,159
ENSG00000278053,32,160
ENSG00000158825,32,161
ENSG00000183530,32,162
ENSG00000163933,32,163
ENSG00000170468,32,164
ENSG00000143375,32,165
ENSG00000115648,32,166
ENSG00000142632,32,167
ENSG00000166821,32,168
ENSG00000162654,32,169
ENSG00000073792,32,170
ENSG00000053918,32,171
ENSG00000187955,32,172
ENSG00000106483,32,173
ENSG00000144810,32,174
ENSG00000102359,32,175
ENSG00000146909,32,176
ENSG00000023445,32,177
ENSG00000070731,32,178
ENSG00000198056,32,179
ENSG00000153044,32,180
ENSG00000138646,32,181
ENSG00000141448,32,182
ENSG00000136514,32,183
ENSG00000057294,32,184
ENSG00000146143,32,185
ENSG00000136982,32,186
ENSG00000118655,32,187
ENSG00000172840,32,188
ENSG00000100336,32,189
ENSG00000176641,32,190
ENSG00000145088,32,191
ENSG00000124602,32,192
ENSG00000188015,32,193
ENSG00000158483,32,194
ENSG00000073756,32,195
ENSG00000213047,32,196
ENSG00000162927,32,197
ENSG00000171428,32,198
ENSG00000172296,32,199
ENSG00000101695,32,200
ENSG00000137819,32,201
ENSG00000179299,32,202
ENSG00000148019,32,203
ENSG00000108932,32,204
ENSG00000169994,32,205
ENSG00000184163,32,206
ENSG00000187123,32,207
ENSG00000163633,32,208
ENSG00000221994,32,209
ENSG00000126759,32,210
ENSG00000154040,32,211
ENSG00000180875,32,212
ENSG00000164488,32,213
ENSG00000203814,32,214
ENSG00000138759,32,215
ENSG00000171819,32,216
ENSG00000205002,32,217
ENSG00000163376,32,218
ENSG00000176771,32,219
ENSG00000156140,32,220
ENSG00000166928,32,221
ENSG00000224982,32,222
ENSG00000142661,32,223
ENSG00000188672,32,224
ENSG00000179397,32,225
ENSG00000163806,32,226
ENSG00000122432,32,227
ENSG00000169629,32,228
ENSG00000178015,32,229
ENSG00000147145,32,230
ENSG00000116183,32,231
ENSG00000187944,32,232
ENSG00000203859,32,233
ENSG00000169297,32,234
ENSG00000249715,32,235
ENSG00000102387,32,236
ENSG00000162779,32,237
ENSG00000132681,32,238
ENSG00000122145,32,239
ENSG00000154438,32,240
ENSG00000187833,32,241
ENSG00000184108,32,242
ENSG00000268480,32,243
ENSG00000130561,32,244
ENSG00000221888,32,245
ENSG00000069206,32,246
ENSG00000187026,32,247
ENSG00000184611,32,248
ENSG00000172680,32,249
ENSG00000204962,32,250
ENSG00000274419,32,251
ENSG00000171402,32,252
ENSG00000120094,32,253
ENSG00000167612,32,254
ENSG00000204702,32,255
ENSG00000255378,32,256
8192,33,1
8193,33,2
8194,33,3
8195,33,4
8196,33,5
8197,33,6
8198,33,7
8199,33,8
8200,33,9
8201,33,10
8202,33,11
8203,33,12
8204,33,13
8205,33,14
8206,33,15
8207,33,16
8208,33,17
8209,33,18
8210,33,19
8211,33,20
8212,33,21
8213,33,22
8214,33,23
8215,33,24
8216,33,25
8217,33,26
8218,33,27
8219,33,28
8220,33,29
8221,33,30
8222,33,31
8223,33,32
8224,33,33
8225,33,34
8226,33,35
8227,33,36
8228,33,37
8229,33,38
8230,33,39
8231,33,40
8232,33,41
8233,33,42
8234,33,43
8235,33,44
8236,33,45
8237,33,46
8238,33,47
8239,33,48
8240,33,49
8241,33,50
8242,33,51
8243,33,52
8244,33,53
8245,33,54
8246,33,55
8247,33,56
8248,33,57
8249,33,58
8250,33,59
8251,33,60
8252,33,61
8253,33,62
8254,33,63
8255,33,64
8256,33,65
8257,33,66
8258,33,67
8259,33,68
8260,33,69
8261,33,70
8262,33,71
8263,33,72
8264,33,73
8265,33,74
8266,33,75
8267,33,76
8268,33,77
8269,33,78
8270,33,79
8271,33,80
8272,33,81
8273,33,82
8274,33,83
8275,33,84
8276,33,85
8277,33,86
8278,33,87
8279,33,88
8280,33,89
8281,33,90
8282,33,91
8283,33,92
8284,33,93
8285,33,94
ENSG00000004897,33,95
ENSG00000106028,33,96
ENSG00000134755,33,97
ENSG00000118640,33,98
ENSG00000124107,33,99
ENSG00000140350,33,100
ENSG00000112651,33,101
ENSG00000196976,33,102
ENSG00000198431,33,103
ENSG00000136819,33,104
ENSG00000128335,33,105
ENSG00000148908,33,106
ENSG00000100949,33,107
ENSG00000138080,33,108
ENSG00000145632,33,109
ENSG00000119977,33,110
ENSG00000130734,33,111
ENSG00000188725,33,112
ENSG00000102580,33,113
ENSG00000134882,33,114
ENSG00000141971,33,115
ENSG00000166741,33,116
ENSG00000161920,33,117
ENSG00000125457,33,118
ENSG00000158669,33,119
ENSG00000010244,33,120
ENSG00000136518,33,121
ENSG00000175906,33,122
ENSG00000122692,33,123
ENSG00000005339,33,124
ENSG00000109854,33,125
ENSG00000167693,33,126
ENSG00000124198,33,127
ENSG00000165233,33,128
ENSG00000134109,33,129
ENSG00000182158,33,130
ENSG00000099940,33,131
ENSG00000139192,33,132
ENSG00000164808,33,133
ENSG00000135245,33,134
ENSG00000168496,33,135
ENSG00000115761,33,136
ENSG00000100335,33,137
ENSG00000196792,33,138
ENSG00000145781,33,139
ENSG00000137714,33,140
ENSG00000152942,33,141
ENSG00000180357,33,142
ENSG00000106484,33,143
ENSG00000178996,33,144
ENSG00000112699,33,145
ENSG00000120549,33,146
ENSG00000124608,33,147
ENSG00000128829,33,148
ENSG00000109861,33,149
ENSG00000169413,33,150
ENSG00000111412,33,151
ENSG00000214274,33,152
ENSG00000123908,33,153
ENSG00000134283,33,154
ENSG00000179409,33,155
ENSG00000237172,33,156
ENSG00000183309,33,157
ENSG00000144228,33,158
ENSG00000107036,33,159
ENSG00000092439,33,160
ENSG00000164294,33,161
ENSG00000156802,33,162
ENSG00000221963,33,163
ENSG00000137752,33,164
ENSG00000169612,33,165
ENSG00000110628,33,166
ENSG00000131620,33,167
ENSG00000176387,33,168
ENSG00000130119,33,169
ENSG00000090924,33,170
ENSG00000095015,33,171
ENSG00000151881,33,172
ENSG00000110079,33,173
ENSG00000185862,33,174
ENSG00000204252,33,175
ENSG00000122507,33,176
ENSG00000150977,33,177
ENSG00000079931,33,178
ENSG00000163701,33,179
ENSG00000088035,33,180
ENSG00000170439,33,181
ENSG00000181135,33,182
ENSG00000102805,33,183
ENSG00000162639,33,184
ENSG00000142856,33,185
ENSG00000138376,33,186
ENSG00000168282,33,187
ENSG00000189308,33,188
ENSG00000143942,33,189
ENSG00000154814,33,190
ENSG00000107821,33,191
ENSG00000185220,33,192
ENSG00000196639,33,193
ENSG00000173559,33,194
ENSG00000163071,33,195
ENSG00000196505,33,196
ENSG00000164342,33,197
ENSG00000172456,33,198
ENSG00000005187,33,199
ENSG00000050555,33,200
ENSG00000142794,33,201
ENSG00000121690,33,202
ENSG00000113356,33,203
ENSG00000151136,33,204
ENSG00000196542,33,205
ENSG00000146054,33,206
ENSG00000111405,33,207
ENSG00000149922,33,208
ENSG00000185477,33,209
ENSG00000178665,33,210
ENSG00000156427,33,211
ENSG00000197779,33,212
ENSG00000121903,33,213
ENSG00000162946,33,214
ENSG00000140470,33,215
ENSG00000196503,33,216
ENSG00000176732,33,217
ENSG00000217442,33,218
ENSG00000053328,33,219
ENSG00000174332,33,220
ENSG00000206559,33,221
ENSG00000115705,33,222
ENSG00000162722,33,223
ENSG00000145244,33,224
ENSG00000184599,33,225
ENSG00000215912,33,226
ENSG00000222046,33,227
ENSG00000186777,33,228
ENSG00000250673,33,229
ENSG00000162825,33,230
ENSG00000232237,33,231
ENSG00000169224,33,232
ENSG00000163792,33,233
ENSG00000135898,33,234
ENSG00000185674,33,235
ENSG00000270806,33,236
ENSG00000185013,33,237
ENSG00000065371,33,238
ENSG00000178021,33,239
ENSG00000177414,33,240
ENSG00000162592,33,241
ENSG00000204006,33,242
ENSG00000185056,33,243
ENSG00000187144,33,244
ENSG00000185823,33,245
ENSG00000140798,33,246
ENSG00000154611,33,247
ENSG00000112038,33,248
ENSG00000235710,33,249
ENSG00000121570,33,250
ENSG00000177689,33,251
ENSG00000196131,33,252
ENSG00000278599,33,253
ENSG00000108702,33,254
ENSG00000172468,33,255
ENSG00000159961,33,256
8448,34,1
8449,34,2
8450,34,3
8451,34,4
8452,34,5
8453,34,6
8454,34,7
8455,34,8
8456,34,9
8457,34,10
8458,34,11
8459,34,12
8460,34,13
8461,34,14
8462,34,15
8463,34,16
8464,34,17
8465,34,18
8466,34,19
8467,34,20
8468,34,21
8469,34,22
8470,34,23
8471,34,24
8472,34,25
8473,34,26
8474,34,27
8475,34,28
8476,34,29
8477,34,30
8478,34,31
8479,34,32
8480,34,33
8481,34,34
8482,34,35
8483,34,36
8484,34,37
8485,34,38
8486,34,39
8487,34,40
8488,34,41
8489,34,42
8490,34,43
8491,34,44
8492,34,45
8493,34,46
8494,34,47
8495,34,48
8496,34,49
8497,34,50
8498,34,51
8499,34,52
8500,34,53
8501,34,54
8502,34,55
8503,34,56
8504,34,57
8505,34,58
8506,34,59
8507,34,60
8508,34,61
8509,34,62
8510,34,63
8511,34,64
8512,34,65
8513,34,66
8514,34,67
8515,34,68
8516,34,69
8517,34,70
8518,34,71
8519,34,72
8520,34,73
8521,34,74
8522,34,75
8523,34,76
8524,34,77
8525,34,78
8526,34,79
8527,34,80
8528,34,81
8529,34,82
8530,34,83
8531,34,84
8532,34,85
8533,34,86
8534,34,87
8535,34,88
8536,34,89
8537,34,90
8538,34,91
8539,34,92
8540,34,93
8541,34,94
ENSG00000126903,34,95
ENSG00000008513,34,96
ENSG00000080819,34,97
ENSG00000112378,34,98
ENSG00000118363,34,99
ENSG00000103495,34,100
ENSG00000106052,34,101
ENSG00000107263,34,102
ENSG00000133321,34,103
ENSG00000117411,34,104
ENSG00000009954,34,105
ENSG00000198189,34,106
ENSG00000116473,34,107
ENSG00000143398,34,108
ENSG00000136451,34,109
ENSG00000104825,34,110
ENSG00000111371,34,111
ENSG00000070047,34,112
ENSG00000236104,34,113
ENSG00000139343,34,114
ENSG00000040633,34,115
ENSG00000171161,34,116
ENSG00000113504,34,117
ENSG00000185033,34,118
ENSG00000136279,34,119
ENSG00000117360,34,120
ENSG00000122126,34,121
ENSG00000129009,34,122
ENSG00000165609,34,123
ENSG00000137124,34,124
ENSG00000153395,34,125
ENSG00000085760,34,126
ENSG00000178974,34,127
ENSG00000175938,34,128
ENSG00000137054,34,129
ENSG00000136167,34,130
ENSG00000068366,34,131
ENSG00000160131,34,132
ENSG00000100105,34,133
ENSG00000175029,34,134
ENSG00000140320,34,135
ENSG00000104231,34,136
ENSG00000197498,34,137
ENSG00000145220,34,138
ENSG00000028203,34,139
ENSG00000164543,34,140
ENSG00000164751,34,141
ENSG00000115760,34,142
ENSG00000104133,34,143
ENSG00000114439,34,144
ENSG00000108854,34,145
ENSG00000100461,34,146
ENSG00000163297,34,147
ENSG00000178202,34,148
ENSG00000265808,34,149
ENSG00000103356,34,150
ENSG00000132950,34,151
ENSG00000101138,34,152
ENSG00000173875,34,153
ENSG00000163848,34,154
ENSG00000118707,34,155
ENSG00000112357,34,156
ENSG00000107554,34,157
ENSG00000074410,34,158
ENSG00000114861,34,159
ENSG00000182580,34,160
ENSG00000163472,34,161
ENSG00000134909,34,162
ENSG00000091490,34,163
ENSG00000133119,34,164
ENSG00000160606,34,165
ENSG00000154639,34,166
ENSG00000114737,34,167
ENSG00000166278,34,168
ENSG00000149089,34,169
ENSG00000163082,34,170
ENSG00000175592,34,171
ENSG00000183808,34,172
ENSG00000186517,34,173
ENSG00000143226,34,174
ENSG00000130775,34,175
ENSG00000133561,34,176
ENSG00000165392,34,177
ENSG00000150054,34,178
ENSG00000174292,34,179
ENSG00000047457,34,180
ENSG00000115425,34,181
ENSG00000151532,34,182
ENSG00000162396,34,183
ENSG00000180346,34,184
ENSG00000097046,34,185
ENSG00000116830,34,186
ENSG00000197614,34,187
ENSG00000170469,34,188
ENSG00000170425,34,189
ENSG00000104450,34,190
ENSG00000092978,34,191
ENSG00000143498,34,192
ENSG00000196659,34,193
ENSG00000143479,34,194
ENSG00000125618,34,195
ENSG00000231767,34,196
ENSG00000206538,34,197
ENSG00000112782,34,198
ENSG00000162881,34,199
ENSG00000153531,34,200
ENSG00000181450,34,201
ENSG00000132031,34,202
ENSG00000151012,34,203
ENSG00000121742,34,204
ENSG00000119866,34,205
ENSG00000180479,34,206
ENSG00000115386,34,207
ENSG00000139908,34,208
ENSG00000237489,34,209
ENSG00000103742,34,210
ENSG00000005102,34,211
ENSG00000178917,34,212
ENSG00000253846,34,213
ENSG00000187801,34,214
ENSG00000183682,34,215
ENSG00000226124,34,216
ENSG00000183474,34,217
ENSG00000167646,34,218
ENSG00000186523,34,219
ENSG00000196369,34,220
ENSG00000075886,34,221
ENSG00000143450,34,222
ENSG00000154479,34,223
ENSG00000111834,34,224
ENSG00000143869,34,225
ENSG00000197993,34,226
ENSG00000197181,34,227
ENSG00000006377,34,228
ENSG00000155966,34,229
ENSG00000213171,34,230
ENSG00000236782,34,231
ENSG00000057468,34,232
ENSG00000172554,34,233
ENSG00000197992,34,234
ENSG00000244411,34,235
ENSG00000140623,34,236
ENSG00000188050,34,237
ENSG00000180999,34,238
ENSG00000214107,34,239
ENSG00000164299,34,240
ENSG00000250803,34,241
ENSG00000215910,34,242
ENSG00000142698,34,243
ENSG00000163046,34,244
ENSG00000214819,34,245
ENSG00000155875,34,246
ENSG00000180336,34,247
ENSG00000256762,34,248
ENSG00000270339,34,249
ENSG00000160505,34,250
ENSG00000130383,34,251
ENSG00000140478,34,252
ENSG00000185040,34,253
ENSG00000147596,34,254
ENSG00000236424,34,255
ENSG00000172489,34,256
8704,35,1
8705,35,2
8706,35,3
8707,35,4
8708,35,5
8709,35,6
8710,35,7
8711,35,8
8712,35,9
8713,35,10
8714,35,11
8715,35,12
8716,35,13
8717,35,14
8718,35,15
8719,35,16
8720,35,17
8721,35,18
8722,35,19
8723,35,20
8724,35,21
8725,35,22
8726,35,23
8727,35,24
8728,35,25
8729,35,26
8730,35,27
8731,35,28
8732,35,29
8733,35,30
8734,35,31
8735,35,32
8736,35,33
8737,35,34
8738,35,35
8739,35,36
8740,35,37
8741,35,38
8742,35,39
8743,35,40
8744,35,41
8745,35,42
8746,35,43
8747,35,44
8748,35,45
8749,35,46
8750,35,47
8751,35,48
8752,35,49
8753,35,50
8754,35,51
8755,35,52
8756,35,53
8757,35,54
8758,35,55
8759,35,56
8760,35,57
8761,35,58
8762,35,59
8763,35,60
8764,35,61
8765,35,62
8766,35,63
8767,35,64
8768,35,65
8769,35,66
8770,35,67
8771,35,68
8772,35,69
8773,35,70
8774,35,71
8775,35,72
8776,35,73
8777,35,74
8778,35,75
8779,35,76
8780,35,77
8781,35,78
8782,35,79
8783,35,80
8784,35,81
8785,35,82
8786,35,83
8787,35,84
8788,35,85
8789,35,86
8790,35,87
8791,35,88
8792,35,89
8793,35,90
8794,35,91
8795,35,92
8796,35,93
8797,35,94
8798,35,95
ENSG00000171813,35,96
ENSG00000135185,35,97
ENSG00000173801,35,98
ENSG00000138430,35,99
ENSG00000066455,35,100
ENSG00000131724,35,101
ENSG00000135929,35,102
ENSG00000123983,35,103
ENSG00000103152,35,104
ENSG00000128590,35,105
ENSG00000156709,35,106
ENSG00000147224,35,107
ENSG00000198898,35,108
ENSG00000196743,35,109
ENSG00000125107,35,110
ENSG00000113282,35,111
ENSG00000106330,35,112
ENSG00000132661,35,113
ENSG00000106261,35,114
ENSG00000148296,35,115
ENSG00000114738,35,116
ENSG00000204228,35,117
ENSG00000034677,35,118
ENSG00000158793,35,119
ENSG00000170017,35,120
ENSG00000090054,35,121
ENSG00000197122,35,122
ENSG00000103591,35,123
ENSG00000135503,35,124
ENSG00000137075,35,125
ENSG00000141401,35,126
ENSG00000256235,35,127
ENSG00000014919,35,128
ENSG00000169019,35,129
ENSG00000139289,35,130
ENSG00000150687,35,131
ENSG00000135698,35,132
ENSG00000125386,35,133
ENSG00000177556,35,134
ENSG00000132274,35,135
ENSG00000198742,35,136
ENSG00000105229,35,137
ENSG00000131626,35,138
ENSG00000115170,35,139
ENSG00000120802,35,140
ENSG00000155792,35,141
ENSG00000165417,35,142
ENSG00000185515,35,143
ENSG00000149573,35,144
ENSG00000087008,35,145
ENSG00000178726,35,146
ENSG00000130713,35,147
ENSG00000101442,35,148
ENSG00000106266,35,149
ENSG00000114115,35,150
ENSG00000198964,35,151
ENSG00000136940,35,152
ENSG00000180182,35,153
ENSG00000131023,35,154
ENSG00000111907,35,155
ENSG00000100196,35,156
ENSG00000070018,35,157
ENSG00000182240,35,158
ENSG00000205730,35,159
ENSG00000127951,35,160
ENSG00000023892,35,161
ENSG00000128284,35,162
ENSG00000137563,35,163
ENSG00000013810,35,164
ENSG00000128039,35,165
ENSG00000197496,35,166
ENSG00000124491,35,167
ENSG00000171227,35,168
ENSG00000102287,35,169
ENSG00000113272,35,170
ENSG00000005059,35,171
ENSG00000121289,35,172
ENSG00000101945,35,173
ENSG00000169508,35,174
ENSG00000000938,35,175
ENSG00000064989,35,176
ENSG00000079150,35,177
ENSG00000127954,35,178
ENSG00000162144,35,179
ENSG00000134363,35,180
ENSG00000214193,35,181
ENSG00000197635,35,182
ENSG00000117597,35,183
ENSG00000135953,35,184
ENSG00000060982,35,185
ENSG00000197763,35,186
ENSG00000114268,35,187
ENSG00000155542,35,188
ENSG00000132763,35,189
ENSG00000076258,35,190
ENSG00000054277,35,191
ENSG00000196247,35,192
ENSG00000187566,35,193
ENSG00000174808,35,194
ENSG00000135094,35,195
ENSG00000111846,35,196
ENSG00000054392,35,197
ENSG00000146555,35,198
ENSG00000181873,35,199
ENSG00000116205,35,200
ENSG00000144366,35,201
ENSG00000204406,35,202
ENSG00000122778,35,203
ENSG00000178773,35,204
ENSG00000115841,35,205
ENSG00000204983,35,206
ENSG00000148200,35,207
ENSG00000168038,35,208
ENSG00000223658,35,209
ENSG00000196511,35,210
ENSG00000204815,35,211
ENSG00000021826,35,212
ENSG00000258102,35,213
ENSG00000172031,35,214
ENSG00000117069,35,215
ENSG00000203943,35,216
ENSG00000152763,35,217
ENSG00000151687,35,218
ENSG00000142959,35,219
ENSG00000147996,35,220
ENSG00000162383,35,221
ENSG00000168491,35,222
ENSG00000183831,35,223
ENSG00000186510,35,224
ENSG00000152672,35,225
ENSG00000106336,35,226
ENSG00000171790,35,227
ENSG00000146453,35,228
ENSG00000230453,35,229
ENSG00000143340,35,230
ENSG00000171195,35,231
ENSG00000155428,35,232
ENSG00000172901,35,233
ENSG00000115665,35,234
ENSG00000204930,35,235
ENSG00000198570,35,236
ENSG00000027644,35,237
ENSG00000227868,35,238
ENSG00000137948,35,239
ENSG00000204296,35,240
ENSG00000151475,35,241
ENSG00000152430,35,242
ENSG00000171495,35,243
ENSG00000163793,35,244
ENSG00000164123,35,245
ENSG00000159723,35,246
ENSG00000176294,35,247
ENSG00000179142,35,248
ENSG00000163914,35,249
ENSG00000238210,35,250
ENSG00000124812,35,251
ENSG00000126856,35,252
ENSG00000171794,35,253
ENSG00000176231,35,254
ENSG00000224902,35,255
ENSG00000226372,35,256
8960,36,1
8961,36,2
8962,36,3
8963,36,4
8964,36,5
8965,36,6
8966,36,7
8967,36,8
8968,36,9
8969,36,10
8970,36,11
8971,36,12
8972,36,13
8973,36,14
8974,36,15
8975,36,16
8976,36,17
8977,36,18
8978,36,19
8979,36,20
8980,36,21
8981,36,22
8982,36,23
8983,36,24
8984,36,25
8985,36,26
8986,36,27
8987,36,28
8988,36,29
8989,36,30
8990,36,31
8991,36,32
8992,36,33
8993,36,34
8994,36,35
8995,36,36
8996,36,37
8997,36,38
8998,36,39
8999,36,40
9000,36,41
9001,36,42
9002,36,43
9003,36,44
9004,36,45
9005,36,46
9006,36,47
9007,36,48
9008,36,49
9009,36,50
9010,36,51
9011,36,52
9012,36,53
9013,36,54
9014,36,55
9015,36,56
9016,36,57
9017,36,58
9018,36,59
9019,36,60
9020,36,61
9021,36,62
9022,36,63
9023,36,64
9024,36,65
9025,36,66
9026,36,67
9027,36,68
9028,36,69
9029,36,70
9030,36,71
9031,36,72
9032,36,73
9033,36,74
9034,36,75
9035,36,76
9036,36,77
9037,36,78
9038,36,79
9039,36,80
9040,36,81
9041,36,82
9042,36,83
9043,36,84
9044,36,85
9045,36,86
9046,36,87
9047,36,88
9048,36,89
9049,36,90
9050,36,91
9051,36,92
9052,36,93
9053,36,94
ENSG00000139517,36,95
ENSG00000089154,36,96
ENSG00000197905,36,97
ENSG00000205629,36,98
ENSG00000182173,36,99
ENSG00000168286,36,100
ENSG00000086666,36,101
ENSG00000125877,36,102
ENSG00000100410,36,103
ENSG00000204209,36,104
ENSG00000196562,36,105
ENSG00000079432,36,106
ENSG00000140259,36,107
ENSG00000184575,36,108
ENSG00000100528,36,109
ENSG00000137168,36,110
ENSG00000135148,36,111
ENSG00000132382,36,112
ENSG00000157837,36,113
ENSG00000110422,36,114
ENSG00000095906,36,115
ENSG00000183779,36,116
ENSG00000113407,36,117
ENSG00000204673,36,118
ENSG00000085871,36,119
ENSG00000146433,36,120
ENSG00000171067,36,121
ENSG00000135269,36,122
ENSG00000171456,36,123
ENSG00000186340,36,124
ENSG00000169895,36,125
ENSG00000165271,36,126
ENSG00000142409,36,127
ENSG00000072501,36,128
ENSG00000169288,36,129
ENSG00000127666,36,130
ENSG00000099968,36,131
ENSG00000134086,36,132
ENSG00000177119,36,133
ENSG00000122882,36,134
ENSG00000177732,36,135
ENSG00000137337,36,136
ENSG00000126858,36,137
ENSG00000092531,36,138
ENSG00000063601,36,139
ENSG00000087263,36,140
ENSG00000215251,36,141
ENSG00000204262,36,142
ENSG00000181704,36,143
ENSG00000065361,36,144
ENSG00000138764,36,145
ENSG00000124275,36,146
ENSG00000137040,36,147
ENSG00000108443,36,148
ENSG00000152464,36,149
ENSG00000198874,36,150
ENSG00000166147,36,151
ENSG00000011376,36,152
ENSG00000101811,36,153
ENSG00000076944,36,154
ENSG00000117676,36,155
ENSG00000065485,36,156
ENSG00000177426,36,157
ENSG00000142867,36,158
ENSG00000181467,36,159
ENSG00000165025,36,160
ENSG00000153551,36,161
ENSG00000145604,36,162
ENSG00000058804,36,163
ENSG00000137310,36,164
ENSG00000243649,36,165
ENSG00000110852,36,166
ENSG00000165457,36,167
ENSG00000184428,36,168
ENSG00000150630,36,169
ENSG00000153094,36,170
ENSG00000065135,36,171
ENSG00000170745,36,172
ENSG00000107371,36,173
ENSG00000081041,36,174
ENSG00000160712,36,175
ENSG00000152804,36,176
ENSG00000178860,36,177
ENSG00000114127,36,178
ENSG00000051596,36,179
ENSG00000152104,36,180
ENSG00000187605,36,181
ENSG00000114859,36,182
ENSG00000162419,36,183
ENSG00000162775,36,184
ENSG00000134070,36,185
ENSG00000163975,36,186
ENSG00000187134,36,187
ENSG00000146094,36,188
ENSG00000143067,36,189
ENSG00000172954,36,190
ENSG00000104356,36,191
ENSG00000186767,36,192
ENSG00000235169,36,193
ENSG00000171174,36,194
ENSG00000177707,36,195
ENSG00000186205,36,196
ENSG00000275111,36,197
ENSG00000250565,36,198
ENSG00000189362,36,199
ENSG00000119042,36,200
ENSG00000030419,36,201
ENSG00000002587,36,202
ENSG00000185761,36,203
ENSG00000115290,36,204
ENSG00000163687,36,205
ENSG00000123453,36,206
ENSG00000162390,36,207
ENSG00000204147,36,208
ENSG00000144152,36,209
ENSG00000162999,36,210
ENSG00000019991,36,211
ENSG00000082684,36,212
ENSG00000213085,36,213
ENSG00000213937,36,214
ENSG00000179071,36,215
ENSG00000123496,36,216
ENSG00000186409,36,217
ENSG00000171551,36,218
ENSG00000121454,36,219
ENSG00000278224,36,220
ENSG00000235034,36,221
ENSG00000152705,36,222
ENSG00000185955,36,223
ENSG00000143994,36,224
ENSG00000244607,36,225
ENSG00000188163,36,226
ENSG00000143125,36,227
ENSG00000242441,36,228
ENSG00000177551,36,229
ENSG00000196660,36,230
ENSG00000187550,36,231
ENSG00000113196,36,232
ENSG00000068781,36,233
ENSG00000163157,36,234
ENSG00000082126,36,235
ENSG00000109132,36,236
ENSG00000105679,36,237
ENSG00000186150,36,238
ENSG00000143006,36,239
ENSG00000176988,36,240
ENSG00000198765,36,241
ENSG00000169194,36,242
ENSG00000240021,36,243
ENSG00000187753,36,244
ENSG00000221900,36,245
ENSG00000223510,36,246
ENSG00000168582,36,247
ENSG00000170262,36,248
ENSG00000204548,36,249
ENSG00000188162,36,250
ENSG00000204961,36,251
ENSG00000188676,36,252
ENSG00000167531,36,253
ENSG00000185775,36,254
ENSG00000139610,36,255
ENSG00000173626,36,256
9216,37,1
9217,37,2
9218,37,3
9219,37,4
9220,37,5
9221,37,6
9222,37,7
9223,37,8
9224,37,9
9225,37,10
9226,37,11
9227,37,12
9228,37,13
9229,37,14
9230,37,15
9231,37,16
9232,37,17
9233,37,18
9234,37,19
9235,37,20
9236,37,21
9237,37,22
9238,37,23
9239,37,24
9240,37,25
9241,37,26
9242,37,27
9243,37,28
9244,37,29
9245,37,30
9246,37,31
9247,37,32
9248,37,33
9249,37,34
9250,37,35
9251,37,36
9252,37,37
9253,37,38
9254,37,39
9255,37,40
9256,37,41
9257,37,42
9258,37,43
9259,37,44
9260,37,45
9261,37,46
9262,37,47
9263,37,48
9264,37,49
9265,37,50
9266,37,51
9267,37,52
9268,37,53
9269,37,54
9270,37,55
9271,37,56
9272,37,57
9273,37,58
9274,37,59
9275,37,60
9276,37,61
9277,37,62
9278,37,63
9279,37,64
9280,37,65
9281,37,66
9282,37,67
9283,37,68
9284,37,69
9285,37,70
9286,37,71
9287,37,72
9288,37,73
9289,37,74
9290,37,75
9291,37,76
9292,37,77
9293,37,78
9294,37,79
9295,37,80
9296,37,81
9297,37,82
9298,37,83
9299,37,84
9300,37,85
9301,37,86
9302,37,87
9303,37,88
9304,37,89
9305,37,90
9306,37,91
9307,37,92
9308,37,93
9309,37,94
9310,37,95
ENSG00000173992,37,96
ENSG00000161671,37,97
ENSG00000173120,37,98
ENSG00000204257,37,99
ENSG00000156599,37,100
ENSG00000137693,37,101
ENSG00000186834,37,102
ENSG00000101457,37,103
ENSG00000277972,37,104
ENSG00000105281,37,105
ENSG00000066117,37,106
ENSG00000076248,37,107
ENSG00000162076,37,108
ENSG00000119414,37,109
ENSG00000180228,37,110
ENSG00000163320,37,111
ENSG00000074696,37,112
ENSG00000167700,37,113
ENSG00000009335,37,114
ENSG00000132017,37,115
ENSG00000080603,37,116
ENSG00000167645,37,117
ENSG00000049541,37,118
ENSG00000037241,37,119
ENSG00000182544,37,120
ENSG00000068438,37,121
ENSG00000176619,37,122
ENSG00000146282,37,123
ENSG00000197136,37,124
ENSG00000109220,37,125
ENSG00000166170,37,126
ENSG00000105856,37,127
ENSG00000167977,37,128
ENSG00000137210,37,129
ENSG00000105287,37,130
ENSG00000023697,37,131
ENSG00000183520,37,132
ENSG00000276023,37,133
ENSG00000105676,37,134
ENSG00000000003,37,135
ENSG00000197081,37,136
ENSG00000182704,37,137
ENSG00000103111,37,138
ENSG00000131389,37,139
ENSG00000173065,37,140
ENSG00000176853,37,141
ENSG00000166526,37,142
ENSG00000162980,37,143
ENSG00000084774,37,144
ENSG00000151332,37,145
ENSG00000004700,37,146
ENSG00000174106,37,147
ENSG00000066926,37,148
ENSG00000174348,37,149
ENSG00000143196,37,150
ENSG00000141219,37,151
ENSG00000181481,37,152
ENSG00000075420,37,153
ENSG00000177989,37,154
ENSG00000197142,37,155
ENSG00000128294,37,156
ENSG00000162542,37,157
ENSG00000235162,37,158
ENSG00000164051,37,159
ENSG00000085491,37,160
ENSG00000172197,37,161
ENSG00000164647,37,162
ENSG00000143179,37,163
ENSG00000050344,37,164
ENSG00000113810,37,165
ENSG00000181458,37,166
ENSG00000188641,37,167
ENSG00000112343,37,168
ENSG00000081320,37,169
ENSG00000113569,37,170
ENSG00000070882,37,171
ENSG00000112039,37,172
ENSG00000125740,37,173
ENSG00000143382,37,174
ENSG00000145246,37,175
ENSG00000130363,37,176
ENSG00000228716,37,177
ENSG00000117151,37,178
ENSG00000067533,37,179
ENSG00000144824,37,180
ENSG00000170522,37,181
ENSG00000138621,37,182
ENSG00000163607,37,183
ENSG00000173614,37,184
ENSG00000162769,37,185
ENSG00000189190,37,186
ENSG00000164338,37,187
ENSG00000180096,37,188
ENSG00000104903,37,189
ENSG00000261652,37,190
ENSG00000164002,37,191
ENSG00000089682,37,192
ENSG00000244731,37,193
ENSG00000163762,37,194
ENSG00000141384,37,195
ENSG00000143919,37,196
ENSG00000189298,37,197
ENSG00000116985,37,198
ENSG00000204060,37,199
ENSG00000127124,37,200
ENSG00000213906,37,201
ENSG00000162924,37,202
ENSG00000178821,37,203
ENSG00000173376,37,204
ENSG00000118004,37,205
ENSG00000117010,37,206
ENSG00000213397,37,207
ENSG00000138378,37,208
ENSG00000181773,37,209
ENSG00000155085,37,210
ENSG00000138738,37,211
ENSG00000116035,37,212
ENSG00000092850,37,213
ENSG00000139714,37,214
ENSG00000159588,37,215
ENSG00000119125,37,216
ENSG00000183317,37,217
ENSG00000163631,37,218
ENSG00000274897,37,219
ENSG00000188687,37,220
ENSG00000161649,37,221
ENSG00000187595,37,222
ENSG00000053108,37,223
ENSG00000132554,37,224
ENSG00000154764,37,225
ENSG00000183273,37,226
ENSG00000143768,37,227
ENSG00000182264,37,228
ENSG00000101405,37,229
ENSG00000214097,37,230
ENSG00000221986,37,231
ENSG00000115593,37,232
ENSG00000086159,37,233
ENSG00000162494,37,234
ENSG00000116981,37,235
ENSG00000184492,37,236
ENSG00000238205,37,237
ENSG00000186118,37,238
ENSG00000138483,37,239
ENSG00000227234,37,240
ENSG00000178395,37,241
ENSG00000042813,37,242
ENSG00000154007,37,243
ENSG00000183035,37,244
ENSG00000122375,37,245
ENSG00000235118,37,246
ENSG00000273540,37,247
ENSG00000179813,37,248
ENSG00000188817,37,249
ENSG00000198573,37,250
ENSG00000177398,37,251
ENSG00000197838,37,252
ENSG00000258992,37,253
ENSG00000147432,37,254
ENSG00000267631,37,255
ENSG00000186191,37,256
9472,38,1
9473,38,2
9474,38,3
9475,38,4
9476,38,5
9477,38,6
9478,38,7
9479,38,8
9480,38,9
9481,38,10
9482,38,11
9483,38,12
9484,38,13
9485,38,14
9486,38,15
9487,38,16
9488,38,17
9489,38,18
9490,38,19
9491,38,20
9492,38,21
9493,38,22
9494,38,23
9495,38,24
9496,38,25
9497,38,26
9498,38,27
9499,38,28
9500,38,29
9501,38,30
9502,38,31
9503,38,32
9504,38,33
9505,38,34
9506,38,35
9507,38,36
9508,38,37
9509,38,38
9510,38,39
9511,38,40
9512,38,41
9513,38,42
9514,38,43
9515,38,44
9516,38,45
9517,38,46
9518,38,47
9519,38,48
9520,38,49
9521,38,50
9522,38,51
9523,38,52
9524,38,53
9525,38,54
9526,38,55
9527,38,56
9528,38,57
9529,38,58
9530,38,59
9531,38,60
9532,38,61
9533,38,62
9534,38,63
9535,38,64
9536,38,65
9537,38,66
9538,38,67
9539,38,68
9540,38,69
9541,38,70
9542,38,71
9543,38,72
9544,38,73
9545,38,74
9546,38,75
9547,38,76
9548,38,77
9549,38,78
9550,38,79
9551,38,80
9552,38,81
9553,38,82
ENSG00000164692,38,83
ENSG00000168542,38,84
9556,38,85
9557,38,86
9558,38,87
9559,38,88
9560,38,89
9561,38,90
9562,38,91
9563,38,92
9564,38,93
9565,38,94
9566,38,95
ENSG00000158435,38,96
ENSG00000088766,38,97
ENSG00000109133,38,98
ENSG00000135956,38,99
ENSG00000214530,38,100
ENSG00000136235,38,101
ENSG00000116717,38,102
ENSG00000124228,38,103
ENSG00000048544,38,104
ENSG00000167114,38,105
ENSG00000065268,38,106
ENSG00000134575,38,107
ENSG00000144867,38,108
ENSG00000146223,38,109
ENSG00000086475,38,110
ENSG00000165732,38,111
ENSG00000100439,38,112
ENSG00000132128,38,113
ENSG00000162613,38,114
ENSG00000130826,38,115
ENSG00000181019,38,116
ENSG00000103335,38,117
ENSG00000168214,38,118
ENSG00000073050,38,119
ENSG00000126005,38,120
ENSG00000133315,38,121
ENSG00000113716,38,122
ENSG00000085721,38,123
ENSG00000107960,38,124
ENSG00000137275,38,125
ENSG00000198876,38,126
ENSG00000108256,38,127
ENSG00000100425,38,128
ENSG00000008382,38,129
ENSG00000099330,38,130
ENSG00000105321,38,131
ENSG00000196850,38,132
ENSG00000111266,38,133
ENSG00000123395,38,134
ENSG00000178096,38,135
ENSG00000136937,38,136
ENSG00000103222,38,137
ENSG00000113070,38,138
ENSG00000054611,38,139
ENSG00000107185,38,140
ENSG00000174705,38,141
ENSG00000196367,38,142
ENSG00000167461,38,143
ENSG00000108106,38,144
ENSG00000131263,38,145
ENSG00000144747,38,146
ENSG00000167695,38,147
ENSG00000087053,38,148
ENSG00000168386,38,149
ENSG00000127922,38,150
ENSG00000170801,38,151
ENSG00000183155,38,152
ENSG00000179562,38,153
ENSG00000117228,38,154
ENSG00000117226,38,155
ENSG00000143578,38,156
ENSG00000173846,38,157
ENSG00000039560,38,158
ENSG00000162745,38,159
ENSG00000167244,38,160
ENSG00000157613,38,161
ENSG00000073614,38,162
ENSG00000019549,38,163
ENSG00000158006,38,164
ENSG00000131979,38,165
ENSG00000163923,38,166
ENSG00000185585,38,167
ENSG00000162695,38,168
ENSG00000143493,38,169
ENSG00000065183,38,170
ENSG00000143507,38,171
ENSG00000185338,38,172
ENSG00000113645,38,173
ENSG00000136874,38,174
ENSG00000162591,38,175
ENSG00000099994,38,176
ENSG00000144791,38,177
ENSG00000115970,38,178
ENSG00000119004,38,179
ENSG00000138442,38,180
ENSG00000120820,38,181
ENSG00000171812,38,182
ENSG00000196981,38,183
ENSG00000169981,38,184
ENSG00000239887,38,185
ENSG00000197056,38,186
ENSG00000204444,38,187
ENSG00000116761,38,188
ENSG00000178700,38,189
ENSG00000198945,38,190
ENSG00000123600,38,191
ENSG00000178694,38,192
ENSG00000079335,38,193
ENSG00000142748,38,194
ENSG00000174749,38,195
ENSG00000177058,38,196
ENSG00000151470,38,197
ENSG00000187815,38,198
ENSG00000163577,38,199
ENSG00000169860,38,200
ENSG00000261609,38,201
ENSG00000143178,38,202
ENSG00000251247,38,203
ENSG00000204947,38,204
ENSG00000135324,38,205
ENSG00000175920,38,206
ENSG00000215915,38,207
ENSG00000162959,38,208
ENSG00000188739,38,209
ENSG00000152953,38,210
ENSG00000149256,38,211
ENSG00000158423,38,212
ENSG00000114805,38,213
ENSG00000214491,38,214
ENSG00000168329,38,215
ENSG00000143786,38,216
ENSG00000175426,38,217
ENSG00000113396,38,218
ENSG00000150051,38,219
ENSG00000253485,38,220
ENSG00000196421,38,221
ENSG00000205869,38,222
ENSG00000163449,38,223
ENSG00000090534,38,224
ENSG00000184949,38,225
ENSG00000172023,38,226
ENSG00000124701,38,227
ENSG00000174611,38,228
ENSG00000138379,38,229
ENSG00000198842,38,230
ENSG00000185028,38,231
ENSG00000065325,38,232
ENSG00000171094,38,233
ENSG00000197410,38,234
ENSG00000106113,38,235
ENSG00000144460,38,236
ENSG00000198033,38,237
ENSG00000176256,38,238
ENSG00000169717,38,239
ENSG00000164113,38,240
ENSG00000173699,38,241
ENSG00000162771,38,242
ENSG00000185294,38,243
ENSG00000182050,38,244
ENSG00000100341,38,245
ENSG00000203737,38,246
ENSG00000145975,38,247
ENSG00000233436,38,248
ENSG00000205301,38,249
ENSG00000123165,38,250
ENSG00000186788,38,251
ENSG00000162843,38,252
ENSG00000153093,38,253
ENSG00000214511,38,254
ENSG00000175344,38,255
ENSG00000221977,38,256
9728,39,1
9729,39,2
9730,39,3
9731,39,4
9732,39,5
9733,39,6
9734,39,7
9735,39,8
9736,39,9
9737,39,10
9738,39,11
9739,39,12
9740,39,13
9741,39,14
9742,39,15
9743,39,16
9744,39,17
9745,39,18
9746,39,19
9747,39,20
9748,39,21
9749,39,22
9750,39,23
9751,39,24
9752,39,25
9753,39,26
9754,39,27
9755,39,28
9756,39,29
9757,39,30
9758,39,31
9759,39,32
9760,39,33
9761,39,34
9762,39,35
9763,39,36
9764,39,37
9765,39,38
9766,39,39
9767,39,40
9768,39,41
9769,39,42
9770,39,43
9771,39,44
9772,39,45
9773,39,46
9774,39,47
9775,39,48
9776,39,49
9777,39,50
9778,39,51
9779,39,52
9780,39,53
9781,39,54
9782,39,55
9783,39,56
9784,39,57
9785,39,58
9786,39,59
9787,39,60
9788,39,61
9789,39,62
9790,39,63
9791,39,64
9792,39,65
9793,39,66
9794,39,67
9795,39,68
9796,39,69
9797,39,70
9798,39,71
9799,39,72
9800,39,73
9801,39,74
9802,39,75
9803,39,76
9804,39,77
9805,39,78
9806,39,79
9807,39,80
9808,39,81
9809,39,82
9810,39,83
ENSG00000108821,39,84
9812,39,85
9813,39,86
9814,39,87
9815,39,88
9816,39,89
9817,39,90
9818,39,91
9819,39,92
9820,39,93
9821,39,94
9822,39,95
ENSG00000136261,39,96
ENSG00000131634,39,97
ENSG00000135521,39,98
ENSG00000087245,39,99
ENSG00000130733,39,100
ENSG00000035403,39,101
ENSG00000171490,39,102
ENSG00000148110,39,103
ENSG00000174780,39,104
ENSG00000113643,39,105
ENSG00000158796,39,106
ENSG00000164978,39,107
ENSG00000103811,39,108
ENSG00000116698,39,109
ENSG00000132383,39,110
ENSG00000128626,39,111
ENSG00000184117,39,112
ENSG00000132463,39,113
ENSG00000104976,39,114
ENSG00000119541,39,115
ENSG00000034152,39,116
ENSG00000111711,39,117
ENSG00000146083,39,118
ENSG00000161395,39,119
ENSG00000160570,39,120
ENSG00000064932,39,121
ENSG00000170852,39,122
ENSG00000147457,39,123
ENSG00000103274,39,124
ENSG00000090615,39,125
ENSG00000112763,39,126
ENSG00000066583,39,127
ENSG00000161179,39,128
ENSG00000120697,39,129
ENSG00000197702,39,130
ENSG00000198060,39,131
ENSG00000102699,39,132
ENSG00000154473,39,133
ENSG00000095319,39,134
ENSG00000088812,39,135
ENSG00000101000,39,136
ENSG00000136840,39,137
ENSG00000136811,39,138
ENSG00000254986,39,139
ENSG00000165312,39,140
ENSG00000141076,39,141
ENSG00000160746,39,142
ENSG00000160208,39,143
ENSG00000034693,39,144
ENSG00000162458,39,145
ENSG00000128602,39,146
ENSG00000164164,39,147
ENSG00000109436,39,148
ENSG00000177051,39,149
ENSG00000125482,39,150
ENSG00000164715,39,151
ENSG00000181396,39,152
ENSG00000174640,39,153
ENSG00000235750,39,154
ENSG00000116815,39,155
ENSG00000065308,39,156
ENSG00000183853,39,157
ENSG00000160862,39,158
ENSG00000110876,39,159
ENSG00000146376,39,160
ENSG00000253276,39,161
ENSG00000137269,39,162
ENSG00000136153,39,163
ENSG00000162928,39,164
ENSG00000143412,39,165
ENSG00000140263,39,166
ENSG00000121481,39,167
ENSG00000091127,39,168
ENSG00000151458,39,169
ENSG00000163249,39,170
ENSG00000153767,39,171
ENSG00000117620,39,172
ENSG00000117602,39,173
ENSG00000128833,39,174
ENSG00000114270,39,175
ENSG00000132170,39,176
ENSG00000145014,39,177
ENSG00000177888,39,178
ENSG00000124279,39,179
ENSG00000164023,39,180
ENSG00000116711,39,181
ENSG00000162882,39,182
ENSG00000153029,39,183
ENSG00000135828,39,184
ENSG00000165240,39,185
ENSG00000081014,39,186
ENSG00000179388,39,187
ENSG00000080200,39,188
ENSG00000119778,39,189
ENSG00000147316,39,190
ENSG00000144362,39,191
ENSG00000162885,39,192
ENSG00000106086,39,193
ENSG00000153246,39,194
ENSG00000173926,39,195
ENSG00000171488,39,196
ENSG00000143816,39,197
ENSG00000104369,39,198
ENSG00000144214,39,199
ENSG00000164761,39,200
ENSG00000187634,39,201
ENSG00000160062,39,202
ENSG00000166669,39,203
ENSG00000105852,39,204
ENSG00000086205,39,205
ENSG00000125650,39,206
ENSG00000221883,39,207
ENSG00000055732,39,208
ENSG00000123685,39,209
ENSG00000205464,39,210
ENSG00000116151,39,211
ENSG00000109072,39,212
ENSG00000196074,39,213
ENSG00000067646,39,214
ENSG00000158220,39,215
ENSG00000221818,39,216
ENSG00000102383,39,217
ENSG00000250486,39,218
ENSG00000162687,39,219
ENSG00000152760,39,220
ENSG00000169507,39,221
ENSG00000169885,39,222
ENSG00000175518,39,223
ENSG00000165194,39,224
ENSG00000091704,39,225
ENSG00000142789,39,226
ENSG00000224712,39,227
ENSG00000239732,39,228
ENSG00000198812,39,229
ENSG00000158022,39,230
ENSG00000189350,39,231
ENSG00000175093,39,232
ENSG00000197584,39,233
ENSG00000171509,39,234
ENSG00000188981,39,235
ENSG00000163673,39,236
ENSG00000204970,39,237
ENSG00000147081,39,238
ENSG00000165588,39,239
ENSG00000157060,39,240
ENSG00000151033,39,241
ENSG00000269058,39,242
ENSG00000180219,39,243
ENSG00000153303,39,244
ENSG00000151005,39,245
ENSG00000198028,39,246
ENSG00000258223,39,247
ENSG00000196570,39,248
ENSG00000204669,39,249
ENSG00000181408,39,250
ENSG00000214842,39,251
ENSG00000256045,39,252
ENSG00000223601,39,253
ENSG00000270672,39,254
ENSG00000215356,39,255
ENSG00000227059,39,256
9984,40,1
9985,40,2
9986,40,3
9987,40,4
9988,40,5
9989,40,6
9990,40,7
9991,40,8
9992,40,9
9993,40,10
9994,40,11
9995,40,12
9996,40,13
9997,40,14
9998,40,15
9999,40,16
10000,40,17
10001,40,18
10002,40,19
10003,40,20
10004,40,21
10005,40,22
10006,40,23
10007,40,24
10008,40,25
10009,40,26
10010,40,27
10011,40,28
10012,40,29
10013,40,30
10014,40,31
10015,40,32
10016,40,33
10017,40,34
10018,40,35
10019,40,36
10020,40,37
10021,40,38
10022,40,39
10023,40,40
10024,40,41
10025,40,42
10026,40,43
10027,40,44
10028,40,45
10029,40,46
10030,40,47
10031,40,48
10032,40,49
10033,40,50
10034,40,51
10035,40,52
10036,40,53
10037,40,54
10038,40,55
10039,40,56
10040,40,57
10041,40,58
10042,40,59
10043,40,60
10044,40,61
10045,40,62
10046,40,63
10047,40,64
10048,40,65
10049,40,66
10050,40,67
10051,40,68
10052,40,69
10053,40,70
10054,40,71
10055,40,72
10056,40,73
10057,40,74
10058,40,75
10059,40,76
10060,40,77
10061,40,78
10062,40,79
10063,40,80
10064,40,81
10065,40,82
10066,40,83
10067,40,84
10068,40,85
10069,40,86
10070,40,87
10071,40,88
10072,40,89
10073,40,90
10074,40,91
10075,40,92
10076,40,93
10077,40,94
ENSG00000131669,40,95
ENSG00000005020,40,96
ENSG00000035141,40,97
ENSG00000084463,40,98
ENSG00000007202,40,99
ENSG00000165030,40,100
ENSG00000136754,40,101
ENSG00000144566,40,102
ENSG00000087088,40,103
ENSG00000198176,40,104
ENSG00000162511,40,105
ENSG00000154719,40,106
ENSG00000169439,40,107
ENSG00000181924,40,108
ENSG00000166908,40,109
ENSG00000089006,40,110
ENSG00000119487,40,111
ENSG00000188021,40,112
ENSG00000155508,40,113
ENSG00000138449,40,114
ENSG00000109606,40,115
ENSG00000173456,40,116
ENSG00000196182,40,117
ENSG00000172534,40,118
ENSG00000115207,40,119
ENSG00000132581,40,120
ENSG00000107164,40,121
ENSG00000124486,40,122
ENSG00000170473,40,123
ENSG00000162522,40,124
ENSG00000121858,40,125
ENSG00000213853,40,126
ENSG00000175274,40,127
ENSG00000115520,40,128
ENSG00000167987,40,129
ENSG00000198055,40,130
ENSG00000130958,40,131
ENSG00000213445,40,132
ENSG00000121644,40,133
ENSG00000110713,40,134
ENSG00000156110,40,135
ENSG00000121966,40,136
ENSG00000163558,40,137
ENSG00000122687,40,138
ENSG00000081721,40,139
ENSG00000104142,40,140
ENSG00000172845,40,141
ENSG00000118898,40,142
ENSG00000067596,40,143
ENSG00000167088,40,144
ENSG00000167842,40,145
ENSG00000131873,40,146
ENSG00000041982,40,147
ENSG00000090263,40,148
ENSG00000030066,40,149
ENSG00000136897,40,150
ENSG00000117308,40,151
ENSG00000151353,40,152
ENSG00000167617,40,153
ENSG00000171729,40,154
ENSG00000169756,40,155
ENSG00000176142,40,156
ENSG00000203747,40,157
ENSG00000155659,40,158
ENSG00000138231,40,159
ENSG00000105486,40,160
ENSG00000116157,40,161
ENSG00000163781,40,162
ENSG00000143061,40,163
ENSG00000197312,40,164
ENSG00000132849,40,165
ENSG00000158246,40,166
ENSG00000072864,40,167
ENSG00000023909,40,168
ENSG00000121578,40,169
ENSG00000136273,40,170
ENSG00000169905,40,171
ENSG00000165209,40,172
ENSG00000138642,40,173
ENSG00000013573,40,174
ENSG00000177054,40,175
ENSG00000125485,40,176
ENSG00000090530,40,177
ENSG00000175087,40,178
ENSG00000073803,40,179
ENSG00000147202,40,180
ENSG00000135074,40,181
ENSG00000171056,40,182
ENSG00000184349,40,183
ENSG00000187098,40,184
ENSG00000106571,40,185
ENSG00000111817,40,186
ENSG00000145506,40,187
ENSG00000146373,40,188
ENSG00000197121,40,189
ENSG00000168228,40,190
ENSG00000116668,40,191
ENSG00000148835,40,192
ENSG00000214944,40,193
ENSG00000111877,40,194
ENSG00000128606,40,195
ENSG00000001460,40,196
ENSG00000164764,40,197
ENSG00000166435,40,198
ENSG00000189283,40,199
ENSG00000124713,40,200
ENSG00000115590,40,201
ENSG00000150048,40,202
ENSG00000114654,40,203
ENSG00000114739,40,204
ENSG00000173611,40,205
ENSG00000155846,40,206
ENSG00000162994,40,207
ENSG00000102057,40,208
ENSG00000215883,40,209
ENSG00000115602,40,210
ENSG00000114374,40,211
ENSG00000009724,40,212
ENSG00000034971,40,213
ENSG00000064692,40,214
ENSG00000174501,40,215
ENSG00000205221,40,216
ENSG00000274286,40,217
ENSG00000169213,40,218
ENSG00000144868,40,219
ENSG00000183798,40,220
ENSG00000189157,40,221
ENSG00000112293,40,222
ENSG00000169752,40,223
ENSG00000180113,40,224
ENSG00000138161,40,225
ENSG00000138100,40,226
ENSG00000198400,40,227
ENSG00000162669,40,228
ENSG00000213714,40,229
ENSG00000120937,40,230
ENSG00000179564,40,231
ENSG00000204176,40,232
ENSG00000171786,40,233
ENSG00000174482,40,234
ENSG00000144191,40,235
ENSG00000178403,40,236
ENSG00000151812,40,237
ENSG00000274588,40,238
ENSG00000070886,40,239
ENSG00000126266,40,240
ENSG00000189127,40,241
ENSG00000158748,40,242
ENSG00000136929,40,243
ENSG00000176160,40,244
ENSG00000174225,40,245
ENSG00000198889,40,246
ENSG00000104941,40,247
ENSG00000139985,40,248
ENSG00000172717,40,249
ENSG00000204086,40,250
ENSG00000112486,40,251
ENSG00000130656,40,252
ENSG00000158553,40,253
ENSG00000173302,40,254
ENSG00000215148,40,255
ENSG00000268738,40,256
10240,41,1
10241,41,2
10242,41,3
10243,41,4
10244,41,5
10245,41,6
10246,41,7
10247,41,8
10248,41,9
10249,41,10
10250,41,11
10251,41,12
10252,41,13
10253,41,14
10254,41,15
10255,41,16
10256,41,17
10257,41,18
10258,41,19
10259,41,20
10260,41,21
10261,41,22
10262,41,23
10263,41,24
10264,41,25
10265,41,26
10266,41,27
10267,41,28
10268,41,29
10269,41,30
10270,41,31
10271,41,32
10272,41,33
10273,41,34
10274,41,35
10275,41,36
10276,41,37
10277,41,38
10278,41,39
10279,41,40
10280,41,41
10281,41,42
10282,41,43
10283,41,44
10284,41,45
10285,41,46
10286,41,47
10287,41,48
10288,41,49
10289,41,50
10290,41,51
10291,41,52
10292,41,53
10293,41,54
10294,41,55
10295,41,56
10296,41,57
10297,41,58
10298,41,59
10299,41,60
10300,41,61
10301,41,62
10302,41,63
10303,41,64
10304,41,65
10305,41,66
10306,41,67
10307,41,68
10308,41,69
10309,41,70
10310,41,71
10311,41,72
10312,41,73
10313,41,74
10314,41,75
10315,41,76
10316,41,77
10317,41,78
10318,41,79
10319,41,80
10320,41,81
10321,41,82
10322,41,83
10323,41,84
10324,41,85
10325,41,86
10326,41,87
10327,41,88
10328,41,89
10329,41,90
10330,41,91
10331,41,92
10332,41,93
10333,41,94
ENSG00000005007,41,95
ENSG00000161618,41,96
ENSG00000168883,41,97
ENSG00000068120,41,98
ENSG00000140374,41,99
ENSG00000067064,41,100
ENSG00000145860,41,101
ENSG00000154174,41,102
ENSG00000197256,41,103
ENSG00000151176,41,104
ENSG00000105819,41,105
ENSG00000176046,41,106
ENSG00000172086,41,107
ENSG00000100029,41,108
ENSG00000136485,41,109
ENSG00000274523,41,110
ENSG00000253719,41,111
ENSG00000160877,41,112
ENSG00000128311,41,113
ENSG00000166734,41,114
ENSG00000138448,41,115
ENSG00000171302,41,116
ENSG00000108578,41,117
ENSG00000121390,41,118
ENSG00000103257,41,119
ENSG00000237190,41,120
ENSG00000114019,41,121
ENSG00000064545,41,122
ENSG00000215845,41,123
ENSG00000148358,41,124
ENSG00000085872,41,125
ENSG00000105127,41,126
ENSG00000140521,41,127
ENSG00000172081,41,128
ENSG00000123124,41,129
ENSG00000121892,41,130
ENSG00000198951,41,131
ENSG00000168140,41,132
ENSG00000196588,41,133
ENSG00000152944,41,134
ENSG00000175606,41,135
ENSG00000179344,41,136
ENSG00000168487,41,137
ENSG00000153179,41,138
ENSG00000137509,41,139
ENSG00000247315,41,140
ENSG00000119203,41,141
ENSG00000142627,41,142
ENSG00000119899,41,143
ENSG00000170385,41,144
ENSG00000108582,41,145
ENSG00000164933,41,146
ENSG00000128908,41,147
ENSG00000125863,41,148
ENSG00000171988,41,149
ENSG00000087502,41,150
ENSG00000100889,41,151
ENSG00000157326,41,152
ENSG00000163874,41,153
ENSG00000180448,41,154
ENSG00000115084,41,155
ENSG00000123268,41,156
ENSG00000143119,41,157
ENSG00000213654,41,158
ENSG00000171700,41,159
ENSG00000145982,41,160
ENSG00000111801,41,161
ENSG00000117505,41,162
ENSG00000119912,41,163
ENSG00000119285,41,164
ENSG00000049618,41,165
ENSG00000164134,41,166
ENSG00000143971,41,167
ENSG00000162600,41,168
ENSG00000116874,41,169
ENSG00000120942,41,170
ENSG00000125611,41,171
ENSG00000118242,41,172
ENSG00000130347,41,173
ENSG00000149177,41,174
ENSG00000143970,41,175
ENSG00000064703,41,176
ENSG00000117481,41,177
ENSG00000162981,41,178
ENSG00000197429,41,179
ENSG00000082438,41,180
ENSG00000082512,41,181
ENSG00000181826,41,182
ENSG00000113273,41,183
ENSG00000168679,41,184
ENSG00000106823,41,185
ENSG00000186377,41,186
ENSG00000169372,41,187
ENSG00000135899,41,188
ENSG00000136213,41,189
ENSG00000155275,41,190
ENSG00000162836,41,191
ENSG00000186792,41,192
ENSG00000172062,41,193
ENSG00000010318,41,194
ENSG00000119535,41,195
ENSG00000162543,41,196
ENSG00000152078,41,197
ENSG00000134198,41,198
ENSG00000171827,41,199
ENSG00000153790,41,200
ENSG00000131080,41,201
ENSG00000134259,41,202
ENSG00000197245,41,203
ENSG00000169291,41,204
ENSG00000142583,41,205
ENSG00000113209,41,206
ENSG00000145358,41,207
ENSG00000116396,41,208
ENSG00000273136,41,209
ENSG00000174326,41,210
ENSG00000143028,41,211
ENSG00000072133,41,212
ENSG00000167525,41,213
ENSG00000244219,41,214
ENSG00000147174,41,215
ENSG00000187922,41,216
ENSG00000186281,41,217
ENSG00000149300,41,218
ENSG00000198780,41,219
ENSG00000188051,41,220
ENSG00000165046,41,221
ENSG00000171811,41,222
ENSG00000095464,41,223
ENSG00000137392,41,224
ENSG00000153002,41,225
ENSG00000185739,41,226
ENSG00000145248,41,227
ENSG00000214694,41,228
ENSG00000259384,41,229
ENSG00000117971,41,230
ENSG00000165186,41,231
ENSG00000183888,41,232
ENSG00000162490,41,233
ENSG00000179455,41,234
ENSG00000118245,41,235
ENSG00000143473,41,236
ENSG00000146910,41,237
ENSG00000164438,41,238
ENSG00000119973,41,239
ENSG00000165509,41,240
ENSG00000118231,41,241
ENSG00000174473,41,242
ENSG00000180613,41,243
ENSG00000186075,41,244
ENSG00000124237,41,245
ENSG00000102055,41,246
ENSG00000120563,41,247
ENSG00000179133,41,248
ENSG00000231989,41,249
ENSG00000174948,41,250
ENSG00000254636,41,251
ENSG00000204022,41,252
ENSG00000205835,41,253
ENSG00000165970,41,254
ENSG00000126952,41,255
ENSG00000255524,41,256
10496,42,1
10497,42,2
10498,42,3
10499,42,4
10500,42,5
10501,42,6
10502,42,7
10503,42,8
10504,42,9
10505,42,10
10506,42,11
10507,42,12
10508,42,13
10509,42,14
10510,42,15
10511,42,16
10512,42,17
10513,42,18
10514,42,19
10515,42,20
10516,42,21
10517,42,22
10518,42,23
10519,42,24
10520,42,25
10521,42,26
10522,42,27
10523,42,28
10524,42,29
10525,42,30
10526,42,31
10527,42,32
10528,42,33
10529,42,34
10530,42,35
10531,42,36
10532,42,37
10533,42,38
10534,42,39
10535,42,40
10536,42,41
10537,42,42
10538,42,43
10539,42,44
10540,42,45
10541,42,46
10542,42,47
10543,42,48
10544,42,49
10545,42,50
10546,42,51
10547,42,52
10548,42,53
10549,42,54
10550,42,55
10551,42,56
10552,42,57
10553,42,58
10554,42,59
10555,42,60
10556,42,61
10557,42,62
10558,42,63
10559,42,64
10560,42,65
10561,42,66
10562,42,67
10563,42,68
10564,42,69
10565,42,70
10566,42,71
10567,42,72
10568,42,73
10569,42,74
10570,42,75
10571,42,76
10572,42,77
10573,42,78
10574,42,79
10575,42,80
10576,42,81
10577,42,82
10578,42,83
10579,42,84
10580,42,85
10581,42,86
10582,42,87
10583,42,88
10584,42,89
10585,42,90
10586,42,91
10587,42,92
10588,42,93
10589,42,94
ENSG00000137200,42,95
ENSG00000102572,42,96
ENSG00000119471,42,97
ENSG00000090487,42,98
ENSG00000167969,42,99
ENSG00000162298,42,100
ENSG00000177889,42,101
ENSG00000128928,42,102
ENSG00000109079,42,103
ENSG00000157227,42,104
ENSG00000138757,42,105
ENSG00000136436,42,106
ENSG00000239306,42,107
ENSG00000174744,42,108
ENSG00000275700,42,109
ENSG00000139579,42,110
ENSG00000169189,42,111
ENSG00000130204,42,112
ENSG00000158042,42,113
ENSG00000124535,42,114
ENSG00000130723,42,115
ENSG00000141380,42,116
ENSG00000119705,42,117
ENSG00000153827,42,118
ENSG00000013583,42,119
ENSG00000169136,42,120
ENSG00000172830,42,121
ENSG00000162302,42,122
ENSG00000107833,42,123
ENSG00000131652,42,124
ENSG00000068001,42,125
ENSG00000129235,42,126
ENSG00000145824,42,127
ENSG00000104517,42,128
ENSG00000123353,42,129
ENSG00000162337,42,130
ENSG00000137947,42,131
ENSG00000132792,42,132
ENSG00000181523,42,133
ENSG00000171105,42,134
ENSG00000120889,42,135
ENSG00000214046,42,136
ENSG00000110851,42,137
ENSG00000094916,42,138
ENSG00000148926,42,139
ENSG00000196141,42,140
ENSG00000037757,42,141
ENSG00000178573,42,142
ENSG00000134900,42,143
ENSG00000108691,42,144
ENSG00000076604,42,145
ENSG00000127337,42,146
ENSG00000065833,42,147
ENSG00000146476,42,148
ENSG00000167173,42,149
ENSG00000114062,42,150
ENSG00000160796,42,151
ENSG00000164823,42,152
ENSG00000067066,42,153
ENSG00000066336,42,154
ENSG00000186470,42,155
ENSG00000058063,42,156
ENSG00000010327,42,157
ENSG00000091986,42,158
ENSG00000037897,42,159
ENSG00000130772,42,160
ENSG00000057252,42,161
ENSG00000116062,42,162
ENSG00000115935,42,163
ENSG00000011198,42,164
ENSG00000163961,42,165
ENSG00000115828,42,166
ENSG00000116704,42,167
ENSG00000169814,42,168
ENSG00000183615,42,169
ENSG00000115325,42,170
ENSG00000153140,42,171
ENSG00000116922,42,172
ENSG00000131732,42,173
ENSG00000094841,42,174
ENSG00000118961,42,175
ENSG00000163002,42,176
ENSG00000164010,42,177
ENSG00000126106,42,178
ENSG00000137992,42,179
ENSG00000134255,42,180
ENSG00000075391,42,181
ENSG00000188786,42,182
ENSG00000081026,42,183
ENSG00000163626,42,184
ENSG00000160999,42,185
ENSG00000189184,42,186
ENSG00000116117,42,187
ENSG00000222009,42,188
ENSG00000169087,42,189
ENSG00000135637,42,190
ENSG00000133740,42,191
ENSG00000122591,42,192
ENSG00000115687,42,193
ENSG00000085465,42,194
ENSG00000162241,42,195
ENSG00000172349,42,196
ENSG00000186907,42,197
ENSG00000274070,42,198
ENSG00000178075,42,199
ENSG00000163406,42,200
ENSG00000116678,42,201
ENSG00000164318,42,202
ENSG00000050767,42,203
ENSG00000127249,42,204
ENSG00000138411,42,205
ENSG00000164236,42,206
ENSG00000188613,42,207
ENSG00000153012,42,208
ENSG00000134245,42,209
ENSG00000174944,42,210
ENSG00000182263,42,211
ENSG00000178343,42,212
ENSG00000213420,42,213
ENSG00000198520,42,214
ENSG00000110693,42,215
ENSG00000165269,42,216
ENSG00000171757,42,217
ENSG00000120341,42,218
ENSG00000117477,42,219
ENSG00000160963,42,220
ENSG00000007174,42,221
ENSG00000148677,42,222
ENSG00000231852,42,223
ENSG00000223609,42,224
ENSG00000130055,42,225
ENSG00000143195,42,226
ENSG00000173258,42,227
ENSG00000198064,42,228
ENSG00000215045,42,229
ENSG00000050030,42,230
ENSG00000146250,42,231
ENSG00000121904,42,232
ENSG00000123612,42,233
ENSG00000184388,42,234
ENSG00000007001,42,235
ENSG00000119283,42,236
ENSG00000106341,42,237
ENSG00000143032,42,238
ENSG00000260903,42,239
ENSG00000155052,42,240
ENSG00000116329,42,241
ENSG00000197753,42,242
ENSG00000144227,42,243
ENSG00000136698,42,244
ENSG00000183395,42,245
ENSG00000133665,42,246
ENSG00000175697,42,247
ENSG00000170627,42,248
ENSG00000180697,42,249
ENSG00000104901,42,250
ENSG00000178997,42,251
ENSG00000248746,42,252
ENSG00000132297,42,253
ENSG00000187510,42,254
ENSG00000280314,42,255
ENSG00000132671,42,256
10752,43,1
10753,43,2
10754,43,3
10755,43,4
10756,43,5
10757,43,6
10758,43,7
10759,43,8
10760,43,9
10761,43,10
10762,43,11
10763,43,12
10764,43,13
10765,43,14
10766,43,15
10767,43,16
10768,43,17
10769,43,18
10770,43,19
10771,43,20
10772,43,21
10773,43,22
10774,43,23
10775,43,24
10776,43,25
10777,43,26
10778,43,27
10779,43,28
10780,43,29
10781,43,30
10782,43,31
10783,43,32
10784,43,33
10785,43,34
10786,43,35
10787,43,36
10788,43,37
10789,43,38
10790,43,39
10791,43,40
10792,43,41
10793,43,42
10794,43,43
10795,43,44
10796,43,45
10797,43,46
10798,43,47
10799,43,48
10800,43,49
10801,43,50
10802,43,51
10803,43,52
10804,43,53
10805,43,54
10806,43,55
10807,43,56
10808,43,57
10809,43,58
10810,43,59
10811,43,60
10812,43,61
10813,43,62
10814,43,63
10815,43,64
10816,43,65
10817,43,66
10818,43,67
10819,43,68
10820,43,69
10821,43,70
10822,43,71
10823,43,72
10824,43,73
10825,43,74
10826,43,75
10827,43,76
10828,43,77
10829,43,78
10830,43,79
10831,43,80
10832,43,81
10833,43,82
10834,43,83
10835,43,84
10836,43,85
10837,43,86
10838,43,87
10839,43,88
10840,43,89
10841,43,90
10842,43,91
10843,43,92
10844,43,93
10845,43,94
ENSG00000152684,43,95
ENSG00000108829,43,96
ENSG00000141994,43,97
ENSG00000172057,43,98
ENSG00000104872,43,99
ENSG00000130300,43,100
ENSG00000114503,43,101
ENSG00000132361,43,102
ENSG00000139329,43,103
ENSG00000115762,43,104
ENSG00000174695,43,105
ENSG00000010017,43,106
ENSG00000159692,43,107
ENSG00000143799,43,108
ENSG00000196396,43,109
ENSG00000131467,43,110
ENSG00000141101,43,111
ENSG00000117862,43,112
ENSG00000198736,43,113
ENSG00000214717,43,114
ENSG00000136295,43,115
ENSG00000147471,43,116
ENSG00000136536,43,117
ENSG00000149187,43,118
ENSG00000103978,43,119
ENSG00000167272,43,120
ENSG00000123179,43,121
ENSG00000164182,43,122
ENSG00000023318,43,123
ENSG00000011638,43,124
ENSG00000204439,43,125
ENSG00000172269,43,126
ENSG00000156504,43,127
ENSG00000131759,43,128
ENSG00000103353,43,129
ENSG00000176953,43,130
ENSG00000134001,43,131
ENSG00000136100,43,132
ENSG00000109686,43,133
ENSG00000112237,43,134
ENSG00000067955,43,135
ENSG00000147535,43,136
ENSG00000137996,43,137
ENSG00000197771,43,138
ENSG00000139178,43,139
ENSG00000141569,43,140
ENSG00000167553,43,141
ENSG00000010165,43,142
ENSG00000184162,43,143
ENSG00000080608,43,144
ENSG00000141568,43,145
ENSG00000196453,43,146
ENSG00000072849,43,147
ENSG00000000971,43,148
ENSG00000119681,43,149
ENSG00000156453,43,150
ENSG00000143367,43,151
ENSG00000198887,43,152
ENSG00000163820,43,153
ENSG00000205403,43,154
ENSG00000204267,43,155
ENSG00000188257,43,156
ENSG00000135842,43,157
ENSG00000188483,43,158
ENSG00000102096,43,159
ENSG00000198890,43,160
ENSG00000087338,43,161
ENSG00000164574,43,162
ENSG00000105849,43,163
ENSG00000198160,43,164
ENSG00000158292,43,165
ENSG00000178425,43,166
ENSG00000165997,43,167
ENSG00000116132,43,168
ENSG00000196189,43,169
ENSG00000182118,43,170
ENSG00000144959,43,171
ENSG00000169131,43,172
ENSG00000118197,43,173
ENSG00000116138,43,174
ENSG00000172113,43,175
ENSG00000120370,43,176
ENSG00000197024,43,177
ENSG00000116641,43,178
ENSG00000158715,43,179
ENSG00000179152,43,180
ENSG00000145414,43,181
ENSG00000115421,43,182
ENSG00000067208,43,183
ENSG00000118965,43,184
ENSG00000171612,43,185
ENSG00000160050,43,186
ENSG00000160051,43,187
ENSG00000143669,43,188
ENSG00000168071,43,189
ENSG00000184160,43,190
ENSG00000196653,43,191
ENSG00000151422,43,192
ENSG00000163864,43,193
ENSG00000007341,43,194
ENSG00000114735,43,195
ENSG00000136383,43,196
ENSG00000188542,43,197
ENSG00000122484,43,198
ENSG00000158691,43,199
ENSG00000153832,43,200
ENSG00000144730,43,201
ENSG00000162520,43,202
ENSG00000154188,43,203
ENSG00000196345,43,204
ENSG00000206530,43,205
ENSG00000165185,43,206
ENSG00000204186,43,207
ENSG00000215790,43,208
ENSG00000109063,43,209
ENSG00000162367,43,210
ENSG00000146013,43,211
ENSG00000166819,43,212
ENSG00000120057,43,213
ENSG00000167992,43,214
ENSG00000144031,43,215
ENSG00000163827,43,216
ENSG00000112619,43,217
ENSG00000135976,43,218
ENSG00000215217,43,219
ENSG00000187775,43,220
ENSG00000150628,43,221
ENSG00000171847,43,222
ENSG00000184937,43,223
ENSG00000141086,43,224
ENSG00000164532,43,225
ENSG00000151789,43,226
ENSG00000214338,43,227
ENSG00000180720,43,228
ENSG00000056487,43,229
ENSG00000178568,43,230
ENSG00000144893,43,231
ENSG00000166105,43,232
ENSG00000112232,43,233
ENSG00000156097,43,234
ENSG00000180287,43,235
ENSG00000156564,43,236
ENSG00000164600,43,237
ENSG00000164112,43,238
ENSG00000124134,43,239
ENSG00000116745,43,240
ENSG00000163377,43,241
ENSG00000189181,43,242
ENSG00000174145,43,243
ENSG00000203942,43,244
ENSG00000101435,43,245
ENSG00000181781,43,246
ENSG00000135436,43,247
ENSG00000141255,43,248
ENSG00000170613,43,249
ENSG00000166329,43,250
ENSG00000175513,43,251
ENSG00000205693,43,252
ENSG00000268988,43,253
ENSG00000184471,43,254
ENSG00000279270,43,255
ENSG00000187569,43,256
11008,44,1
11009,44,2
11010,44,3
11011,44,4
11012,44,5
11013,44,6
11014,44,7
11015,44,8
11016,44,9
11017,44,10
11018,44,11
11019,44,12
11020,44,13
11021,44,14
11022,44,15
11023,44,16
11024,44,17
11025,44,18
11026,44,19
11027,44,20
11028,44,21
11029,44,22
11030,44,23
11031,44,24
11032,44,25
11033,44,26
11034,44,27
11035,44,28
11036,44,29
11037,44,30
11038,44,31
11039,44,32
11040,44,33
11041,44,34
11042,44,35
11043,44,36
11044,44,37
11045,44,38
11046,44,39
11047,44,40
11048,44,41
11049,44,42
11050,44,43
11051,44,44
11052,44,45
11053,44,46
11054,44,47
11055,44,48
11056,44,49
11057,44,50
11058,44,51
11059,44,52
11060,44,53
11061,44,54
11062,44,55
11063,44,56
11064,44,57
11065,44,58
11066,44,59
11067,44,60
11068,44,61
11069,44,62
11070,44,63
11071,44,64
11072,44,65
11073,44,66
11074,44,67
11075,44,68
11076,44,69
11077,44,70
11078,44,71
11079,44,72
11080,44,73
11081,44,74
11082,44,75
11083,44,76
11084,44,77
11085,44,78
11086,44,79
11087,44,80
11088,44,81
11089,44,82
11090,44,83
11091,44,84
11092,44,85
11093,44,86
11094,44,87
11095,44,88
11096,44,89
11097,44,90
11098,44,91
11099,44,92
11100,44,93
11101,44,94
11102,44,95
ENSG00000088256,44,96
ENSG00000174307,44,97
ENSG00000141564,44,98
ENSG00000134352,44,99
ENSG00000163513,44,100
ENSG00000105671,44,101
ENSG00000169919,44,102
ENSG00000149658,44,103
ENSG00000100221,44,104
ENSG00000159140,44,105
ENSG00000165704,44,106
ENSG00000166272,44,107
ENSG00000074319,44,108
ENSG00000161999,44,109
ENSG00000135316,44,110
ENSG00000116260,44,111
ENSG00000167775,44,112
ENSG00000158850,44,113
ENSG00000164967,44,114
ENSG00000141560,44,115
ENSG00000055208,44,116
ENSG00000112079,44,117
ENSG00000105176,44,118
ENSG00000171443,44,119
ENSG00000060339,44,120
ENSG00000008283,44,121
ENSG00000163481,44,122
ENSG00000175324,44,123
ENSG00000178951,44,124
ENSG00000155827,44,125
ENSG00000184557,44,126
ENSG00000090661,44,127
ENSG00000131844,44,128
ENSG00000139318,44,129
ENSG00000169093,44,130
ENSG00000078246,44,131
ENSG00000166889,44,132
ENSG00000116691,44,133
ENSG00000089876,44,134
ENSG00000213563,44,135
ENSG00000160256,44,136
ENSG00000163520,44,137
ENSG00000167182,44,138
ENSG00000185009,44,139
ENSG00000075234,44,140
ENSG00000138166,44,141
ENSG00000008517,44,142
ENSG00000158092,44,143
ENSG00000153574,44,144
ENSG00000124766,44,145
ENSG00000029993,44,146
ENSG00000180198,44,147
ENSG00000130164,44,148
ENSG00000134802,44,149
ENSG00000135525,44,150
ENSG00000169299,44,151
ENSG00000095383,44,152
ENSG00000156804,44,153
ENSG00000157184,44,154
ENSG00000136603,44,155
ENSG00000160124,44,156
ENSG00000087842,44,157
ENSG00000106066,44,158
ENSG00000146232,44,159
ENSG00000135845,44,160
ENSG00000117222,44,161
ENSG00000165097,44,162
ENSG00000171793,44,163
ENSG00000052723,44,164
ENSG00000082516,44,165
ENSG00000135801,44,166
ENSG00000138463,44,167
ENSG00000162493,44,168
ENSG00000117174,44,169
ENSG00000144320,44,170
ENSG00000162408,44,171
ENSG00000043093,44,172
ENSG00000116903,44,173
ENSG00000143322,44,174
ENSG00000173960,44,175
ENSG00000072756,44,176
ENSG00000125459,44,177
ENSG00000163935,44,178
ENSG00000070759,44,179
ENSG00000152061,44,180
ENSG00000058056,44,181
ENSG00000065060,44,182
ENSG00000122417,44,183
ENSG00000128694,44,184
ENSG00000132881,44,185
ENSG00000047365,44,186
ENSG00000096093,44,187
ENSG00000198799,44,188
ENSG00000144559,44,189
ENSG00000131188,44,190
ENSG00000143147,44,191
ENSG00000134253,44,192
ENSG00000173588,44,193
ENSG00000181004,44,194
ENSG00000156049,44,195
ENSG00000172572,44,196
ENSG00000126070,44,197
ENSG00000176055,44,198
ENSG00000176714,44,199
ENSG00000170264,44,200
ENSG00000139174,44,201
ENSG00000120327,44,202
ENSG00000237289,44,203
ENSG00000006638,44,204
ENSG00000066185,44,205
ENSG00000173947,44,206
ENSG00000066735,44,207
ENSG00000162461,44,208
ENSG00000163239,44,209
ENSG00000166455,44,210
ENSG00000178445,44,211
ENSG00000214050,44,212
ENSG00000128918,44,213
ENSG00000142611,44,214
ENSG00000144057,44,215
ENSG00000258484,44,216
ENSG00000118997,44,217
ENSG00000135119,44,218
ENSG00000179902,44,219
ENSG00000129654,44,220
ENSG00000165887,44,221
ENSG00000213413,44,222
ENSG00000144596,44,223
ENSG00000160321,44,224
ENSG00000156219,44,225
ENSG00000141433,44,226
ENSG00000154080,44,227
ENSG00000169900,44,228
ENSG00000177627,44,229
ENSG00000260456,44,230
ENSG00000007372,44,231
ENSG00000183654,44,232
ENSG00000143858,44,233
ENSG00000033122,44,234
ENSG00000115194,44,235
ENSG00000198673,44,236
ENSG00000136535,44,237
ENSG00000205279,44,238
ENSG00000115155,44,239
ENSG00000231824,44,240
ENSG00000169306,44,241
ENSG00000145451,44,242
ENSG00000186094,44,243
ENSG00000185933,44,244
ENSG00000034239,44,245
ENSG00000166596,44,246
ENSG00000167139,44,247
ENSG00000188523,44,248
ENSG00000165496,44,249
ENSG00000173093,44,250
ENSG00000142513,44,251
ENSG00000173809,44,252
ENSG00000165805,44,253
ENSG00000131721,44,254
ENSG00000170289,44,255
ENSG00000178804,44,256
11264,45,1
11265,45,2
11266,45,3
11267,45,4
11268,45,5
11269,45,6
11270,45,7
11271,45,8
11272,45,9
11273,45,10
11274,45,11
11275,45,12
11276,45,13
11277,45,14
11278,45,15
11279,45,16
11280,45,17
11281,45,18
11282,45,19
11283,45,20
11284,45,21
11285,45,22
11286,45,23
11287,45,24
11288,45,25
11289,45,26
11290,45,27
11291,45,28
11292,45,29
11293,45,30
11294,45,31
11295,45,32
11296,45,33
11297,45,34
11298,45,35
11299,45,36
11300,45,37
11301,45,38
11302,45,39
11303,45,40
11304,45,41
11305,45,42
11306,45,43
11307,45,44
11308,45,45
11309,45,46
11310,45,47
11311,45,48
11312,45,49
11313,45,50
11314,45,51
11315,45,52
11316,45,53
11317,45,54
11318,45,55
11319,45,56
11320,45,57
11321,45,58
11322,45,59
11323,45,60
11324,45,61
11325,45,62
11326,45,63
11327,45,64
11328,45,65
11329,45,66
11330,45,67
11331,45,68
11332,45,69
11333,45,70
11334,45,71
11335,45,72
11336,45,73
11337,45,74
11338,45,75
11339,45,76
11340,45,77
11341,45,78
11342,45,79
11343,45,80
11344,45,81
11345,45,82
11346,45,83
11347,45,84
11348,45,85
11349,45,86
11350,45,87
11351,45,88
11352,45,89
11353,45,90
11354,45,91
11355,45,92
11356,45,93
11357,45,94
ENSG00000141574,45,95
ENSG00000197903,45,96
ENSG00000163605,45,97
ENSG00000143294,45,98
ENSG00000131475,45,99
ENSG00000101337,45,100
ENSG00000139641,45,101
ENSG00000160714,45,102
ENSG00000104131,45,103
ENSG00000104522,45,104
ENSG00000107862,45,105
ENSG00000047315,45,106
ENSG00000089159,45,107
ENSG00000136522,45,108
ENSG00000006831,45,109
ENSG00000153066,45,110
ENSG00000139726,45,111
ENSG00000136045,45,112
ENSG00000167642,45,113
ENSG00000136997,45,114
ENSG00000149100,45,115
ENSG00000130208,45,116
ENSG00000108055,45,117
ENSG00000100462,45,118
ENSG00000106554,45,119
ENSG00000140367,45,120
ENSG00000050405,45,121
ENSG00000072518,45,122
ENSG00000101294,45,123
ENSG00000131043,45,124
ENSG00000238227,45,125
ENSG00000246705,45,126
ENSG00000155957,45,127
ENSG00000147383,45,128
ENSG00000140526,45,129
ENSG00000140694,45,130
ENSG00000142039,45,131
ENSG00000198805,45,132
ENSG00000164961,45,133
ENSG00000151491,45,134
ENSG00000120992,45,135
ENSG00000185551,45,136
ENSG00000099849,45,137
ENSG00000166025,45,138
ENSG00000103126,45,139
ENSG00000174173,45,140
ENSG00000147872,45,141
ENSG00000090339,45,142
ENSG00000106546,45,143
ENSG00000163840,45,144
ENSG00000186283,45,145
ENSG00000095380,45,146
ENSG00000163584,45,147
ENSG00000096063,45,148
ENSG00000143319,45,149
ENSG00000117139,45,150
ENSG00000089902,45,151
ENSG00000179833,45,152
ENSG00000115364,45,153
ENSG00000115514,45,154
ENSG00000148985,45,155
ENSG00000105971,45,156
ENSG00000110841,45,157
ENSG00000023572,45,158
ENSG00000112167,45,159
ENSG00000115289,45,160
ENSG00000162377,45,161
ENSG00000138018,45,162
ENSG00000198498,45,163
ENSG00000077232,45,164
ENSG00000184178,45,165
ENSG00000036549,45,166
ENSG00000137936,45,167
ENSG00000078401,45,168
ENSG00000068654,45,169
ENSG00000113456,45,170
ENSG00000163877,45,171
ENSG00000096872,45,172
ENSG00000060749,45,173
ENSG00000081019,45,174
ENSG00000065600,45,175
ENSG00000143443,45,176
ENSG00000137185,45,177
ENSG00000054179,45,178
ENSG00000118495,45,179
ENSG00000205189,45,180
ENSG00000061337,45,181
ENSG00000157212,45,182
ENSG00000214367,45,183
ENSG00000204822,45,184
ENSG00000151247,45,185
ENSG00000143190,45,186
ENSG00000265107,45,187
ENSG00000150594,45,188
ENSG00000169598,45,189
ENSG00000172878,45,190
ENSG00000178163,45,191
ENSG00000064225,45,192
ENSG00000185420,45,193
ENSG00000077092,45,194
ENSG00000163661,45,195
ENSG00000188177,45,196
ENSG00000154358,45,197
ENSG00000219481,45,198
ENSG00000203965,45,199
ENSG00000177932,45,200
ENSG00000092969,45,201
ENSG00000129151,45,202
ENSG00000167755,45,203
ENSG00000172794,45,204
ENSG00000117707,45,205
ENSG00000269028,45,206
ENSG00000185290,45,207
ENSG00000114841,45,208
ENSG00000204311,45,209
ENSG00000117245,45,210
ENSG00000204052,45,211
ENSG00000173166,45,212
ENSG00000261115,45,213
ENSG00000128536,45,214
ENSG00000119737,45,215
ENSG00000082482,45,216
ENSG00000178222,45,217
ENSG00000183150,45,218
ENSG00000183336,45,219
ENSG00000239474,45,220
ENSG00000132429,45,221
ENSG00000170681,45,222
ENSG00000105509,45,223
ENSG00000197561,45,224
ENSG00000116783,45,225
ENSG00000029534,45,226
ENSG00000139890,45,227
ENSG00000182566,45,228
ENSG00000173406,45,229
ENSG00000164199,45,230
ENSG00000140506,45,231
ENSG00000142609,45,232
ENSG00000170396,45,233
ENSG00000181656,45,234
ENSG00000101204,45,235
ENSG00000048545,45,236
ENSG00000196071,45,237
ENSG00000217236,45,238
ENSG00000138083,45,239
ENSG00000101327,45,240
ENSG00000214946,45,241
ENSG00000129910,45,242
ENSG00000168348,45,243
ENSG00000183770,45,244
ENSG00000124196,45,245
ENSG00000178125,45,246
ENSG00000160838,45,247
ENSG00000080224,45,248
ENSG00000183977,45,249
ENSG00000104804,45,250
ENSG00000139797,45,251
ENSG00000165120,45,252
ENSG00000257987,45,253
ENSG00000213973,45,254
ENSG00000178928,45,255
ENSG00000204952,45,256
11520,46,1
11521,46,2
11522,46,3
11523,46,4
11524,46,5
11525,46,6
11526,46,7
11527,46,8
11528,46,9
11529,46,10
11530,46,11
11531,46,12
11532,46,13
11533,46,14
11534,46,15
11535,46,16
11536,46,17
11537,46,18
11538,46,19
11539,46,20
11540,46,21
11541,46,22
11542,46,23
11543,46,24
11544,46,25
11545,46,26
11546,46,27
11547,46,28
11548,46,29
11549,46,30
11550,46,31
11551,46,32
11552,46,33
11553,46,34
11554,46,35
11555,46,36
11556,46,37
11557,46,38
11558,46,39
11559,46,40
11560,46,41
11561,46,42
11562,46,43
11563,46,44
11564,46,45
11565,46,46
11566,46,47
11567,46,48
11568,46,49
11569,46,50
11570,46,51
11571,46,52
11572,46,53
11573,46,54
11574,46,55
11575,46,56
11576,46,57
11577,46,58
11578,46,59
11579,46,60
11580,46,61
11581,46,62
11582,46,63
11583,46,64
11584,46,65
11585,46,66
11586,46,67
11587,46,68
11588,46,69
11589,46,70
11590,46,71
11591,46,72
11592,46,73
11593,46,74
11594,46,75
11595,46,76
11596,46,77
11597,46,78
11598,46,79
11599,46,80
11600,46,81
11601,46,82
11602,46,83
11603,46,84
11604,46,85
11605,46,86
11606,46,87
11607,46,88
11608,46,89
11609,46,90
11610,46,91
11611,46,92
11612,46,93
11613,46,94
ENSG00000111328,46,95
ENSG00000103365,46,96
ENSG00000165689,46,97
ENSG00000198900,46,98
ENSG00000100982,46,99
ENSG00000148229,46,100
ENSG00000138867,46,101
ENSG00000112759,46,102
ENSG00000105974,46,103
ENSG00000049656,46,104
ENSG00000166181,46,105
ENSG00000135334,46,106
ENSG00000120686,46,107
ENSG00000065150,46,108
ENSG00000125733,46,109
ENSG00000186480,46,110
ENSG00000198833,46,111
ENSG00000026508,46,112
ENSG00000064666,46,113
ENSG00000086062,46,114
ENSG00000087302,46,115
ENSG00000099901,46,116
ENSG00000101266,46,117
ENSG00000102974,46,118
ENSG00000129255,46,119
ENSG00000017260,46,120
ENSG00000162923,46,121
ENSG00000136521,46,122
ENSG00000172831,46,123
ENSG00000214706,46,124
ENSG00000124831,46,125
ENSG00000160410,46,126
ENSG00000184967,46,127
ENSG00000100325,46,128
ENSG00000120708,46,129
ENSG00000144476,46,130
ENSG00000132470,46,131
ENSG00000126391,46,132
ENSG00000143546,46,133
ENSG00000161217,46,134
ENSG00000139842,46,135
ENSG00000145817,46,136
ENSG00000139921,46,137
ENSG00000080189,46,138
ENSG00000096433,46,139
ENSG00000188313,46,140
ENSG00000139832,46,141
ENSG00000049239,46,142
ENSG00000162976,46,143
ENSG00000186866,46,144
ENSG00000160688,46,145
ENSG00000104472,46,146
ENSG00000134697,46,147
ENSG00000139514,46,148
ENSG00000162851,46,149
ENSG00000060688,46,150
ENSG00000164300,46,151
ENSG00000204138,46,152
ENSG00000131378,46,153
ENSG00000070081,46,154
ENSG00000135587,46,155
ENSG00000110400,46,156
ENSG00000138772,46,157
ENSG00000117475,46,158
ENSG00000173171,46,159
ENSG00000121775,46,160
ENSG00000142892,46,161
ENSG00000124356,46,162
ENSG00000168495,46,163
ENSG00000164815,46,164
ENSG00000150540,46,165
ENSG00000213516,46,166
ENSG00000138767,46,167
ENSG00000054282,46,168
ENSG00000135912,46,169
ENSG00000116747,46,170
ENSG00000136999,46,171
ENSG00000180098,46,172
ENSG00000135870,46,173
ENSG00000035115,46,174
ENSG00000143845,46,175
ENSG00000254093,46,176
ENSG00000169016,46,177
ENSG00000117155,46,178
ENSG00000152926,46,179
ENSG00000106692,46,180
ENSG00000152049,46,181
ENSG00000213160,46,182
ENSG00000124508,46,183
ENSG00000136932,46,184
ENSG00000182372,46,185
ENSG00000273820,46,186
ENSG00000173041,46,187
ENSG00000138030,46,188
ENSG00000138207,46,189
ENSG00000131470,46,190
ENSG00000233954,46,191
ENSG00000144451,46,192
ENSG00000118922,46,193
ENSG00000116095,46,194
ENSG00000164330,46,195
ENSG00000268043,46,196
ENSG00000155858,46,197
ENSG00000198879,46,198
ENSG00000280670,46,199
ENSG00000162409,46,200
ENSG00000118946,46,201
ENSG00000203797,46,202
ENSG00000152689,46,203
ENSG00000123552,46,204
ENSG00000170011,46,205
ENSG00000135835,46,206
ENSG00000198939,46,207
ENSG00000164849,46,208
ENSG00000162148,46,209
ENSG00000189292,46,210
ENSG00000164972,46,211
ENSG00000258659,46,212
ENSG00000187391,46,213
ENSG00000168772,46,214
ENSG00000173705,46,215
ENSG00000079156,46,216
ENSG00000132837,46,217
ENSG00000164344,46,218
ENSG00000205085,46,219
ENSG00000169271,46,220
ENSG00000198156,46,221
ENSG00000104953,46,222
ENSG00000242220,46,223
ENSG00000147127,46,224
ENSG00000186628,46,225
ENSG00000166317,46,226
ENSG00000179542,46,227
ENSG00000162631,46,228
ENSG00000130032,46,229
ENSG00000168702,46,230
ENSG00000182230,46,231
ENSG00000112053,46,232
ENSG00000178965,46,233
ENSG00000164100,46,234
ENSG00000152208,46,235
ENSG00000214688,46,236
ENSG00000147571,46,237
ENSG00000162992,46,238
ENSG00000124493,46,239
ENSG00000122012,46,240
ENSG00000164778,46,241
ENSG00000168959,46,242
ENSG00000121318,46,243
ENSG00000239389,46,244
ENSG00000132026,46,245
ENSG00000182308,46,246
ENSG00000115297,46,247
ENSG00000129673,46,248
ENSG00000185264,46,249
ENSG00000181867,46,250
ENSG00000164744,46,251
ENSG00000205832,46,252
ENSG00000205784,46,253
ENSG00000181609,46,254
ENSG00000274183,46,255
ENSG00000206043,46,256
11776,47,1
11777,47,2
11778,47,3
11779,47,4
11780,47,5
11781,47,6
11782,47,7
11783,47,8
11784,47,9
11785,47,10
11786,47,11
11787,47,12
11788,47,13
11789,47,14
11790,47,15
11791,47,16
11792,47,17
11793,47,18
11794,47,19
11795,47,20
11796,47,21
11797,47,22
11798,47,23
11799,47,24
11800,47,25
11801,47,26
11802,47,27
11803,47,28
11804,47,29
11805,47,30
11806,47,31
11807,47,32
11808,47,33
11809,47,34
11810,47,35
11811,47,36
11812,47,37
11813,47,38
11814,47,39
11815,47,40
11816,47,41
11817,47,42
11818,47,43
11819,47,44
11820,47,45
11821,47,46
11822,47,47
11823,47,48
11824,47,49
11825,47,50
11826,47,51
11827,47,52
11828,47,53
11829,47,54
11830,47,55
11831,47,56
11832,47,57
11833,47,58
11834,47,59
11835,47,60
11836,47,61
11837,47,62
11838,47,63
11839,47,64
11840,47,65
11841,47,66
11842,47,67
11843,47,68
11844,47,69
11845,47,70
11846,47,71
11847,47,72
11848,47,73
11849,47,74
11850,47,75
11851,47,76
11852,47,77
11853,47,78
11854,47,79
11855,47,80
11856,47,81
11857,47,82
11858,47,83
11859,47,84
11860,47,85
11861,47,86
11862,47,87
11863,47,88
11864,47,89
11865,47,90
11866,47,91
11867,47,92
11868,47,93
11869,47,94
ENSG00000095002,47,95
ENSG00000173039,47,96
ENSG00000128228,47,97
ENSG00000165475,47,98
ENSG00000196365,47,99
ENSG00000149115,47,100
ENSG00000131462,47,101
ENSG00000187778,47,102
ENSG00000149541,47,103
ENSG00000105618,47,104
ENSG00000078061,47,105
ENSG00000148337,47,106
ENSG00000011465,47,107
ENSG00000197766,47,108
ENSG00000187555,47,109
ENSG00000111142,47,110
ENSG00000103051,47,111
ENSG00000006625,47,112
ENSG00000140575,47,113
ENSG00000125912,47,114
ENSG00000105755,47,115
ENSG00000143977,47,116
ENSG00000013374,47,117
ENSG00000136986,47,118
ENSG00000100304,47,119
ENSG00000130227,47,120
ENSG00000100796,47,121
ENSG00000165102,47,122
ENSG00000181788,47,123
ENSG00000129347,47,124
ENSG00000261371,47,125
ENSG00000155254,47,126
ENSG00000123064,47,127
ENSG00000170604,47,128
ENSG00000006327,47,129
ENSG00000151135,47,130
ENSG00000181038,47,131
ENSG00000123595,47,132
ENSG00000107672,47,133
ENSG00000048140,47,134
ENSG00000088888,47,135
ENSG00000148572,47,136
ENSG00000164949,47,137
ENSG00000168476,47,138
ENSG00000138119,47,139
ENSG00000162645,47,140
ENSG00000171621,47,141
ENSG00000115963,47,142
ENSG00000197712,47,143
ENSG00000111145,47,144
ENSG00000177352,47,145
ENSG00000084092,47,146
ENSG00000170340,47,147
ENSG00000145623,47,148
ENSG00000162783,47,149
ENSG00000067334,47,150
ENSG00000099219,47,151
ENSG00000175376,47,152
ENSG00000155906,47,153
ENSG00000157600,47,154
ENSG00000171617,47,155
ENSG00000106003,47,156
ENSG00000131149,47,157
ENSG00000110063,47,158
ENSG00000178814,47,159
ENSG00000182749,47,160
ENSG00000152778,47,161
ENSG00000060642,47,162
ENSG00000115486,47,163
ENSG00000163866,47,164
ENSG00000151093,47,165
ENSG00000172071,47,166
ENSG00000118260,47,167
ENSG00000143748,47,168
ENSG00000143033,47,169
ENSG00000135837,47,170
ENSG00000196428,47,171
ENSG00000163635,47,172
ENSG00000196865,47,173
ENSG00000137266,47,174
ENSG00000143110,47,175
ENSG00000100577,47,176
ENSG00000112130,47,177
ENSG00000174842,47,178
ENSG00000119599,47,179
ENSG00000157426,47,180
ENSG00000115827,47,181
ENSG00000145241,47,182
ENSG00000179348,47,183
ENSG00000149292,47,184
ENSG00000164181,47,185
ENSG00000081181,47,186
ENSG00000182134,47,187
ENSG00000185090,47,188
ENSG00000126016,47,189
ENSG00000116793,47,190
ENSG00000132122,47,191
ENSG00000114670,47,192
ENSG00000186364,47,193
ENSG00000143867,47,194
ENSG00000158887,47,195
ENSG00000163393,47,196
ENSG00000126882,47,197
ENSG00000065413,47,198
ENSG00000153162,47,199
ENSG00000175928,47,200
ENSG00000104047,47,201
ENSG00000170946,47,202
ENSG00000203666,47,203
ENSG00000167554,47,204
ENSG00000142920,47,205
ENSG00000198075,47,206
ENSG00000144649,47,207
ENSG00000127241,47,208
ENSG00000132321,47,209
ENSG00000168060,47,210
ENSG00000138400,47,211
ENSG00000135314,47,212
ENSG00000196218,47,213
ENSG00000134873,47,214
ENSG00000169031,47,215
ENSG00000182218,47,216
ENSG00000010379,47,217
ENSG00000188338,47,218
ENSG00000112183,47,219
ENSG00000188396,47,220
ENSG00000153157,47,221
ENSG00000253731,47,222
ENSG00000139549,47,223
ENSG00000183780,47,224
ENSG00000100191,47,225
ENSG00000173261,47,226
ENSG00000188039,47,227
ENSG00000144355,47,228
ENSG00000196581,47,229
ENSG00000175497,47,230
ENSG00000174945,47,231
ENSG00000178796,47,232
ENSG00000179083,47,233
ENSG00000155897,47,234
ENSG00000204624,47,235
ENSG00000215612,47,236
ENSG00000198010,47,237
ENSG00000173452,47,238
ENSG00000139973,47,239
ENSG00000149295,47,240
ENSG00000183423,47,241
ENSG00000129167,47,242
ENSG00000185261,47,243
ENSG00000256980,47,244
ENSG00000250120,47,245
ENSG00000204963,47,246
ENSG00000187166,47,247
ENSG00000164512,47,248
ENSG00000177143,47,249
ENSG00000073146,47,250
ENSG00000182035,47,251
ENSG00000178404,47,252
ENSG00000176177,47,253
ENSG00000205442,47,254
ENSG00000275793,47,255
ENSG00000196341,47,256
12032,48,1
12033,48,2
12034,48,3
12035,48,4
12036,48,5
12037,48,6
12038,48,7
12039,48,8
12040,48,9
12041,48,10
12042,48,11
12043,48,12
12044,48,13
12045,48,14
12046,48,15
12047,48,16
12048,48,17
12049,48,18
12050,48,19
12051,48,20
12052,48,21
12053,48,22
12054,48,23
12055,48,24
12056,48,25
12057,48,26
12058,48,27
12059,48,28
12060,48,29
12061,48,30
12062,48,31
12063,48,32
12064,48,33
12065,48,34
12066,48,35
12067,48,36
12068,48,37
12069,48,38
12070,48,39
12071,48,40
12072,48,41
12073,48,42
12074,48,43
12075,48,44
12076,48,45
12077,48,46
12078,48,47
12079,48,48
12080,48,49
12081,48,50
12082,48,51
12083,48,52
12084,48,53
12085,48,54
12086,48,55
12087,48,56
12088,48,57
12089,48,58
12090,48,59
12091,48,60
12092,48,61
12093,48,62
12094,48,63
12095,48,64
12096,48,65
12097,48,66
12098,48,67
12099,48,68
12100,48,69
12101,48,70
12102,48,71
12103,48,72
12104,48,73
12105,48,74
12106,48,75
12107,48,76
12108,48,77
12109,48,78
12110,48,79
12111,48,80
12112,48,81
12113,48,82
12114,48,83
12115,48,84
12116,48,85
12117,48,86
12118,48,87
12119,48,88
12120,48,89
12121,48,90
12122,48,91
12123,48,92
12124,48,93
12125,48,94
12126,48,95
ENSG00000166887,48,96
ENSG00000167881,48,97
ENSG00000155463,48,98
ENSG00000166888,48,99
ENSG00000109919,48,100
ENSG00000114779,48,101
ENSG00000138674,48,102
ENSG00000025772,48,103
ENSG00000124299,48,104
ENSG00000106245,48,105
ENSG00000155096,48,106
ENSG00000091140,48,107
ENSG00000146425,48,108
ENSG00000003056,48,109
ENSG00000127947,48,110
ENSG00000077942,48,111
ENSG00000177951,48,112
ENSG00000148308,48,113
ENSG00000173369,48,114
ENSG00000171135,48,115
ENSG00000162385,48,116
ENSG00000125870,48,117
ENSG00000016864,48,118
ENSG00000099246,48,119
ENSG00000168092,48,120
ENSG00000101557,48,121
ENSG00000017797,48,122
ENSG00000187735,48,123
ENSG00000099282,48,124
ENSG00000144655,48,125
ENSG00000100726,48,126
ENSG00000114767,48,127
ENSG00000189306,48,128
ENSG00000173334,48,129
ENSG00000105552,48,130
ENSG00000159792,48,131
ENSG00000142166,48,132
ENSG00000091409,48,133
ENSG00000143320,48,134
ENSG00000142798,48,135
ENSG00000133678,48,136
ENSG00000122176,48,137
ENSG00000116774,48,138
ENSG00000171453,48,139
ENSG00000028137,48,140
ENSG00000139405,48,141
ENSG00000165644,48,142
ENSG00000143924,48,143
ENSG00000164938,48,144
ENSG00000162813,48,145
ENSG00000186141,48,146
ENSG00000137965,48,147
ENSG00000184371,48,148
ENSG00000048162,48,149
ENSG00000114395,48,150
ENSG00000134371,48,151
ENSG00000154380,48,152
ENSG00000117500,48,153
ENSG00000158457,48,154
ENSG00000125629,48,155
ENSG00000111912,48,156
ENSG00000135823,48,157
ENSG00000107338,48,158
ENSG00000185112,48,159
ENSG00000198324,48,160
ENSG00000169991,48,161
ENSG00000132773,48,162
ENSG00000138375,48,163
ENSG00000164011,48,164
ENSG00000101844,48,165
ENSG00000143797,48,166
ENSG00000117000,48,167
ENSG00000159023,48,168
ENSG00000143643,48,169
ENSG00000121931,48,170
ENSG00000235863,48,171
ENSG00000155100,48,172
ENSG00000116525,48,173
ENSG00000119772,48,174
ENSG00000086300,48,175
ENSG00000130695,48,176
ENSG00000188807,48,177
ENSG00000138356,48,178
ENSG00000170631,48,179
ENSG00000121989,48,180
ENSG00000123607,48,181
ENSG00000143458,48,182
ENSG00000157741,48,183
ENSG00000108239,48,184
ENSG00000102595,48,185
ENSG00000163132,48,186
ENSG00000174928,48,187
ENSG00000112379,48,188
ENSG00000160678,48,189
ENSG00000076641,48,190
ENSG00000106809,48,191
ENSG00000135547,48,192
ENSG00000113966,48,193
ENSG00000175764,48,194
ENSG00000088179,48,195
ENSG00000157193,48,196
ENSG00000182504,48,197
ENSG00000121964,48,198
ENSG00000198908,48,199
ENSG00000104290,48,200
ENSG00000196208,48,201
ENSG00000171943,48,202
ENSG00000162595,48,203
ENSG00000143127,48,204
ENSG00000197124,48,205
ENSG00000158258,48,206
ENSG00000081818,48,207
ENSG00000178385,48,208
ENSG00000153896,48,209
ENSG00000117013,48,210
ENSG00000075073,48,211
ENSG00000162931,48,212
ENSG00000008300,48,213
ENSG00000163462,48,214
ENSG00000197565,48,215
ENSG00000146469,48,216
ENSG00000147231,48,217
ENSG00000185267,48,218
ENSG00000120729,48,219
ENSG00000198626,48,220
ENSG00000156414,48,221
ENSG00000166206,48,222
ENSG00000186648,48,223
ENSG00000147509,48,224
ENSG00000198929,48,225
ENSG00000084628,48,226
ENSG00000174469,48,227
ENSG00000196353,48,228
ENSG00000173208,48,229
ENSG00000242419,48,230
ENSG00000172318,48,231
ENSG00000102271,48,232
ENSG00000011677,48,233
ENSG00000144285,48,234
ENSG00000117598,48,235
ENSG00000134207,48,236
ENSG00000145832,48,237
ENSG00000177182,48,238
ENSG00000140795,48,239
ENSG00000249853,48,240
ENSG00000147036,48,241
ENSG00000172782,48,242
ENSG00000150667,48,243
ENSG00000204767,48,244
ENSG00000188778,48,245
ENSG00000149972,48,246
ENSG00000254656,48,247
ENSG00000131044,48,248
ENSG00000132259,48,249
ENSG00000181323,48,250
ENSG00000172073,48,251
ENSG00000170959,48,252
ENSG00000205330,48,253
ENSG00000197706,48,254
ENSG00000186513,48,255
ENSG00000214897,48,256
12288,49,1
12289,49,2
12290,49,3
12291,49,4
12292,49,5
12293,49,6
12294,49,7
12295,49,8
12296,49,9
12297,49,10
12298,49,11
12299,49,12
12300,49,13
12301,49,14
12302,49,15
12303,49,16
12304,49,17
12305,49,18
12306,49,19
12307,49,20
12308,49,21
12309,49,22
12310,49,23
12311,49,24
12312,49,25
12313,49,26
12314,49,27
12315,49,28
12316,49,29
12317,49,30
12318,49,31
12319,49,32
12320,49,33
12321,49,34
12322,49,35
12323,49,36
12324,49,37
12325,49,38
12326,49,39
12327,49,40
12328,49,41
12329,49,42
12330,49,43
12331,49,44
12332,49,45
12333,49,46
12334,49,47
12335,49,48
12336,49,49
12337,49,50
12338,49,51
12339,49,52
12340,49,53
12341,49,54
12342,49,55
12343,49,56
12344,49,57
12345,49,58
12346,49,59
12347,49,60
12348,49,61
12349,49,62
12350,49,63
12351,49,64
12352,49,65
12353,49,66
12354,49,67
12355,49,68
12356,49,69
12357,49,70
12358,49,71
12359,49,72
12360,49,73
12361,49,74
12362,49,75
12363,49,76
12364,49,77
12365,49,78
12366,49,79
12367,49,80
12368,49,81
12369,49,82
12370,49,83
12371,49,84
12372,49,85
12373,49,86
12374,49,87
12375,49,88
12376,49,89
12377,49,90
12378,49,91
ENSG00000107438,49,92
12380,49,93
12381,49,94
ENSG00000121058,49,95
ENSG00000093010,49,96
ENSG00000168256,49,97
ENSG00000184216,49,98
ENSG00000107341,49,99
ENSG00000064961,49,100
ENSG00000055917,49,101
ENSG00000133265,49,102
ENSG00000135046,49,103
ENSG00000165458,49,104
ENSG00000064995,49,105
ENSG00000131446,49,106
ENSG00000131779,49,107
ENSG00000108312,49,108
ENSG00000142227,49,109
ENSG00000167005,49,110
ENSG00000153786,49,111
ENSG00000223865,49,112
ENSG00000111737,49,113
ENSG00000113719,49,114
ENSG00000011600,49,115
ENSG00000162961,49,116
ENSG00000204394,49,117
ENSG00000038274,49,118
ENSG00000165389,49,119
ENSG00000128789,49,120
ENSG00000149218,49,121
ENSG00000126768,49,122
ENSG00000025796,49,123
ENSG00000168615,49,124
ENSG00000143155,49,125
ENSG00000108592,49,126
ENSG00000165912,49,127
ENSG00000172893,49,128
ENSG00000136720,49,129
ENSG00000135632,49,130
ENSG00000112739,49,131
ENSG00000185215,49,132
ENSG00000137193,49,133
ENSG00000086544,49,134
ENSG00000007866,49,135
ENSG00000070540,49,136
ENSG00000145423,49,137
ENSG00000184743,49,138
ENSG00000196975,49,139
ENSG00000142694,49,140
ENSG00000120725,49,141
ENSG00000143369,49,142
ENSG00000104549,49,143
ENSG00000164081,49,144
ENSG00000166347,49,145
ENSG00000164237,49,146
ENSG00000066135,49,147
ENSG00000162772,49,148
ENSG00000159674,49,149
ENSG00000143622,49,150
ENSG00000118217,49,151
ENSG00000065243,49,152
ENSG00000116406,49,153
ENSG00000185088,49,154
ENSG00000117280,49,155
ENSG00000164168,49,156
ENSG00000055332,49,157
ENSG00000013375,49,158
ENSG00000124370,49,159
ENSG00000143353,49,160
ENSG00000272886,49,161
ENSG00000051382,49,162
ENSG00000171103,49,163
ENSG00000066557,49,164
ENSG00000021574,49,165
ENSG00000076321,49,166
ENSG00000169641,49,167
ENSG00000133056,49,168
ENSG00000037637,49,169
ENSG00000072786,49,170
ENSG00000174606,49,171
ENSG00000064652,49,172
ENSG00000170802,49,173
ENSG00000115525,49,174
ENSG00000140718,49,175
ENSG00000171608,49,176
ENSG00000104221,49,177
ENSG00000171444,49,178
ENSG00000151612,49,179
ENSG00000169026,49,180
ENSG00000163312,49,181
ENSG00000081377,49,182
ENSG00000163684,49,183
ENSG00000196387,49,184
ENSG00000163072,49,185
ENSG00000103248,49,186
ENSG00000134716,49,187
ENSG00000169562,49,188
ENSG00000137273,49,189
ENSG00000168781,49,190
ENSG00000116194,49,191
ENSG00000165449,49,192
ENSG00000164638,49,193
ENSG00000151835,49,194
ENSG00000119661,49,195
ENSG00000135749,49,196
ENSG00000174607,49,197
ENSG00000171132,49,198
ENSG00000007402,49,199
ENSG00000118777,49,200
ENSG00000077063,49,201
ENSG00000197852,49,202
ENSG00000138380,49,203
ENSG00000105792,49,204
ENSG00000115138,49,205
ENSG00000110900,49,206
ENSG00000174599,49,207
ENSG00000143603,49,208
ENSG00000150551,49,209
ENSG00000134627,49,210
ENSG00000099954,49,211
ENSG00000204248,49,212
ENSG00000177181,49,213
ENSG00000170231,49,214
ENSG00000124749,49,215
ENSG00000182600,49,216
ENSG00000161664,49,217
ENSG00000159882,49,218
ENSG00000127366,49,219
ENSG00000130037,49,220
ENSG00000175535,49,221
ENSG00000009694,49,222
ENSG00000079689,49,223
ENSG00000180537,49,224
ENSG00000197921,49,225
ENSG00000145428,49,226
ENSG00000144339,49,227
ENSG00000175229,49,228
ENSG00000162630,49,229
ENSG00000183230,49,230
ENSG00000205116,49,231
ENSG00000164303,49,232
ENSG00000179399,49,233
ENSG00000170419,49,234
ENSG00000147481,49,235
ENSG00000008226,49,236
ENSG00000198883,49,237
ENSG00000105808,49,238
ENSG00000174576,49,239
ENSG00000137225,49,240
ENSG00000205678,49,241
ENSG00000198796,49,242
ENSG00000261794,49,243
ENSG00000187682,49,244
ENSG00000078579,49,245
ENSG00000273706,49,246
ENSG00000147117,49,247
ENSG00000184984,49,248
ENSG00000153347,49,249
ENSG00000181786,49,250
ENSG00000159625,49,251
ENSG00000258817,49,252
ENSG00000101448,49,253
ENSG00000232113,49,254
ENSG00000178522,49,255
ENSG00000104499,49,256
12544,50,1
12545,50,2
12546,50,3
12547,50,4
12548,50,5
12549,50,6
12550,50,7
12551,50,8
12552,50,9
12553,50,10
12554,50,11
12555,50,12
12556,50,13
12557,50,14
12558,50,15
12559,50,16
12560,50,17
12561,50,18
12562,50,19
12563,50,20
12564,50,21
12565,50,22
12566,50,23
12567,50,24
12568,50,25
12569,50,26
12570,50,27
12571,50,28
12572,50,29
12573,50,30
12574,50,31
12575,50,32
12576,50,33
12577,50,34
12578,50,35
12579,50,36
12580,50,37
12581,50,38
12582,50,39
12583,50,40
12584,50,41
12585,50,42
12586,50,43
12587,50,44
12588,50,45
12589,50,46
12590,50,47
12591,50,48
12592,50,49
12593,50,50
12594,50,51
12595,50,52
12596,50,53
12597,50,54
12598,50,55
12599,50,56
12600,50,57
12601,50,58
12602,50,59
12603,50,60
12604,50,61
12605,50,62
12606,50,63
12607,50,64
12608,50,65
12609,50,66
12610,50,67
12611,50,68
12612,50,69
12613,50,70
12614,50,71
12615,50,72
12616,50,73
12617,50,74
12618,50,75
12619,50,76
12620,50,77
12621,50,78
12622,50,79
12623,50,80
12624,50,81
12625,50,82
12626,50,83
12627,50,84
12628,50,85
12629,50,86
12630,50,87
12631,50,88
12632,50,89
12633,50,90
12634,50,91
ENSG00000196154,50,92
ENSG00000102007,50,93
12637,50,94
ENSG00000100600,50,95
ENSG00000166197,50,96
ENSG00000099800,50,97
ENSG00000130520,50,98
ENSG00000104341,50,99
ENSG00000149600,50,100
ENSG00000187109,50,101
ENSG00000117419,50,102
ENSG00000145901,50,103
ENSG00000134970,50,104
ENSG00000198959,50,105
ENSG00000079805,50,106
ENSG00000105612,50,107
ENSG00000163938,50,108
ENSG00000157637,50,109
ENSG00000205336,50,110
ENSG00000007255,50,111
ENSG00000091317,50,112
ENSG00000104687,50,113
ENSG00000167930,50,114
ENSG00000122642,50,115
ENSG00000064490,50,116
ENSG00000128951,50,117
ENSG00000141699,50,118
ENSG00000103653,50,119
ENSG00000261236,50,120
ENSG00000211460,50,121
ENSG00000116120,50,122
ENSG00000134644,50,123
ENSG00000132294,50,124
ENSG00000168137,50,125
ENSG00000182827,50,126
ENSG00000172239,50,127
ENSG00000164163,50,128
ENSG00000071462,50,129
ENSG00000188938,50,130
ENSG00000116962,50,131
ENSG00000079616,50,132
ENSG00000160685,50,133
ENSG00000196411,50,134
ENSG00000155090,50,135
ENSG00000204642,50,136
ENSG00000182179,50,137
ENSG00000186522,50,138
ENSG00000198715,50,139
ENSG00000177628,50,140
ENSG00000171155,50,141
ENSG00000134851,50,142
ENSG00000213281,50,143
ENSG00000169446,50,144
ENSG00000126522,50,145
ENSG00000117305,50,146
ENSG00000176022,50,147
ENSG00000162627,50,148
ENSG00000109171,50,149
ENSG00000214114,50,150
ENSG00000117528,50,151
ENSG00000157181,50,152
ENSG00000154305,50,153
ENSG00000117543,50,154
ENSG00000153989,50,155
ENSG00000143756,50,156
ENSG00000094975,50,157
ENSG00000163946,50,158
ENSG00000152818,50,159
ENSG00000215114,50,160
ENSG00000115145,50,161
ENSG00000064651,50,162
ENSG00000116198,50,163
ENSG00000121486,50,164
ENSG00000116991,50,165
ENSG00000115825,50,166
ENSG00000213949,50,167
ENSG00000059728,50,168
ENSG00000142961,50,169
ENSG00000170542,50,170
ENSG00000125703,50,171
ENSG00000112339,50,172
ENSG00000115947,50,173
ENSG00000163214,50,174
ENSG00000172667,50,175
ENSG00000100503,50,176
ENSG00000204084,50,177
ENSG00000136059,50,178
ENSG00000132196,50,179
ENSG00000145819,50,180
ENSG00000137962,50,181
ENSG00000181804,50,182
ENSG00000135205,50,183
ENSG00000164116,50,184
ENSG00000169418,50,185
ENSG00000158859,50,186
ENSG00000081665,50,187
ENSG00000103489,50,188
ENSG00000151892,50,189
ENSG00000117569,50,190
ENSG00000137338,50,191
ENSG00000157036,50,192
ENSG00000198846,50,193
ENSG00000244617,50,194
ENSG00000142530,50,195
ENSG00000138028,50,196
ENSG00000112796,50,197
ENSG00000135299,50,198
ENSG00000164114,50,199
ENSG00000167771,50,200
ENSG00000196220,50,201
ENSG00000196440,50,202
ENSG00000171357,50,203
ENSG00000196724,50,204
ENSG00000135407,50,205
ENSG00000151746,50,206
ENSG00000187486,50,207
ENSG00000196268,50,208
ENSG00000117425,50,209
ENSG00000165548,50,210
ENSG00000169302,50,211
ENSG00000144331,50,212
ENSG00000080854,50,213
ENSG00000250305,50,214
ENSG00000197016,50,215
ENSG00000118194,50,216
ENSG00000152402,50,217
ENSG00000172179,50,218
ENSG00000143318,50,219
ENSG00000188779,50,220
ENSG00000189056,50,221
ENSG00000135333,50,222
ENSG00000188859,50,223
ENSG00000150627,50,224
ENSG00000182389,50,225
ENSG00000188803,50,226
ENSG00000151948,50,227
ENSG00000162951,50,228
ENSG00000121871,50,229
ENSG00000146215,50,230
ENSG00000103184,50,231
ENSG00000188011,50,232
ENSG00000198216,50,233
ENSG00000175874,50,234
ENSG00000013293,50,235
ENSG00000153820,50,236
ENSG00000152822,50,237
ENSG00000134376,50,238
ENSG00000140986,50,239
ENSG00000148604,50,240
ENSG00000185666,50,241
ENSG00000163092,50,242
ENSG00000175766,50,243
ENSG00000175985,50,244
ENSG00000177688,50,245
ENSG00000178394,50,246
ENSG00000164591,50,247
ENSG00000115844,50,248
ENSG00000188828,50,249
ENSG00000187003,50,250
ENSG00000224586,50,251
ENSG00000249961,50,252
ENSG00000125207,50,253
ENSG00000265203,50,254
ENSG00000131864,50,255
ENSG00000130950,50,256
12800,51,1
12801,51,2
12802,51,3
12803,51,4
12804,51,5
12805,51,6
12806,51,7
12807,51,8
12808,51,9
12809,51,10
12810,51,11
12811,51,12
12812,51,13
12813,51,14
12814,51,15
12815,51,16
12816,51,17
12817,51,18
12818,51,19
12819,51,20
12820,51,21
12821,51,22
12822,51,23
12823,51,24
12824,51,25
12825,51,26
12826,51,27
12827,51,28
12828,51,29
12829,51,30
12830,51,31
12831,51,32
12832,51,33
12833,51,34
12834,51,35
12835,51,36
12836,51,37
12837,51,38
12838,51,39
12839,51,40
12840,51,41
12841,51,42
12842,51,43
12843,51,44
12844,51,45
12845,51,46
12846,51,47
12847,51,48
12848,51,49
12849,51,50
12850,51,51
12851,51,52
12852,51,53
12853,51,54
12854,51,55
12855,51,56
12856,51,57
12857,51,58
12858,51,59
12859,51,60
12860,51,61
12861,51,62
12862,51,63
12863,51,64
12864,51,65
12865,51,66
12866,51,67
12867,51,68
12868,51,69
12869,51,70
12870,51,71
12871,51,72
12872,51,73
12873,51,74
12874,51,75
12875,51,76
12876,51,77
12877,51,78
12878,51,79
12879,51,80
12880,51,81
12881,51,82
12882,51,83
12883,51,84
12884,51,85
12885,51,86
12886,51,87
12887,51,88
12888,51,89
12889,51,90
12890,51,91
ENSG00000182718,51,92
12892,51,93
12893,51,94
12894,51,95
ENSG00000111726,51,96
ENSG00000114988,51,97
ENSG00000198858,51,98
ENSG00000115806,51,99
ENSG00000124570,51,100
ENSG00000140105,51,101
ENSG00000136026,51,102
ENSG00000144043,51,103
ENSG00000102178,51,104
ENSG00000124207,51,105
ENSG00000182180,51,106
ENSG00000171298,51,107
ENSG00000184640,51,108
ENSG00000167635,51,109
ENSG00000109113,51,110
ENSG00000136068,51,111
ENSG00000206053,51,112
ENSG00000082781,51,113
ENSG00000100284,51,114
ENSG00000072210,51,115
ENSG00000159189,51,116
ENSG00000146457,51,117
ENSG00000108671,51,118
ENSG00000278845,51,119
ENSG00000167862,51,120
ENSG00000136877,51,121
ENSG00000136146,51,122
ENSG00000100811,51,123
ENSG00000102158,51,124
ENSG00000133393,51,125
ENSG00000035687,51,126
ENSG00000182446,51,127
ENSG00000259330,51,128
ENSG00000224877,51,129
ENSG00000182541,51,130
ENSG00000106333,51,131
ENSG00000163565,51,132
ENSG00000177674,51,133
ENSG00000196352,51,134
ENSG00000168938,51,135
ENSG00000170892,51,136
ENSG00000164889,51,137
ENSG00000172936,51,138
ENSG00000163162,51,139
ENSG00000184232,51,140
ENSG00000198380,51,141
ENSG00000180776,51,142
ENSG00000162607,51,143
ENSG00000169251,51,144
ENSG00000196290,51,145
ENSG00000162972,51,146
ENSG00000155380,51,147
ENSG00000133657,51,148
ENSG00000134250,51,149
ENSG00000134748,51,150
ENSG00000116273,51,151
ENSG00000133048,51,152
ENSG00000144233,51,153
ENSG00000143842,51,154
ENSG00000143252,51,155
ENSG00000127463,51,156
ENSG00000115392,51,157
ENSG00000163939,51,158
ENSG00000082458,51,159
ENSG00000143889,51,160
ENSG00000198162,51,161
ENSG00000158161,51,162
ENSG00000008083,51,163
ENSG00000106459,51,164
ENSG00000162618,51,165
ENSG00000115942,51,166
ENSG00000032389,51,167
ENSG00000175455,51,168
ENSG00000205978,51,169
ENSG00000264522,51,170
ENSG00000186132,51,171
ENSG00000203705,51,172
ENSG00000186416,51,173
ENSG00000198420,51,174
ENSG00000144724,51,175
ENSG00000168389,51,176
ENSG00000164080,51,177
ENSG00000187961,51,178
ENSG00000144535,51,179
ENSG00000147789,51,180
ENSG00000117594,51,181
ENSG00000266338,51,182
ENSG00000133121,51,183
ENSG00000253304,51,184
ENSG00000010319,51,185
ENSG00000168874,51,186
ENSG00000143630,51,187
ENSG00000139946,51,188
ENSG00000123636,51,189
ENSG00000089916,51,190
ENSG00000180787,51,191
ENSG00000154822,51,192
ENSG00000114812,51,193
ENSG00000198483,51,194
ENSG00000155367,51,195
ENSG00000169258,51,196
ENSG00000163794,51,197
ENSG00000161682,51,198
ENSG00000153558,51,199
ENSG00000157833,51,200
ENSG00000108947,51,201
ENSG00000171303,51,202
ENSG00000115252,51,203
ENSG00000106125,51,204
ENSG00000111452,51,205
ENSG00000213999,51,206
ENSG00000182141,51,207
ENSG00000172687,51,208
ENSG00000125246,51,209
ENSG00000131730,51,210
ENSG00000183023,51,211
ENSG00000206561,51,212
ENSG00000204131,51,213
ENSG00000089091,51,214
ENSG00000176383,51,215
ENSG00000113749,51,216
ENSG00000111245,51,217
ENSG00000081853,51,218
ENSG00000114279,51,219
ENSG00000074706,51,220
ENSG00000181195,51,221
ENSG00000137463,51,222
ENSG00000146938,51,223
ENSG00000184156,51,224
ENSG00000178662,51,225
ENSG00000185352,51,226
ENSG00000189410,51,227
ENSG00000162670,51,228
ENSG00000140323,51,229
ENSG00000146090,51,230
ENSG00000145087,51,231
ENSG00000179796,51,232
ENSG00000136750,51,233
ENSG00000118733,51,234
ENSG00000184261,51,235
ENSG00000101638,51,236
ENSG00000254221,51,237
ENSG00000154099,51,238
ENSG00000182993,51,239
ENSG00000041515,51,240
ENSG00000100346,51,241
ENSG00000134115,51,242
ENSG00000196632,51,243
ENSG00000138347,51,244
ENSG00000205838,51,245
ENSG00000205022,51,246
ENSG00000196109,51,247
ENSG00000102290,51,248
ENSG00000223953,51,249
ENSG00000138395,51,250
ENSG00000188000,51,251
ENSG00000230549,51,252
ENSG00000152670,51,253
ENSG00000171136,51,254
ENSG00000172377,51,255
ENSG00000170925,51,256
13056,52,1
13057,52,2
13058,52,3
13059,52,4
13060,52,5
13061,52,6
13062,52,7
13063,52,8
13064,52,9
13065,52,10
13066,52,11
13067,52,12
13068,52,13
13069,52,14
13070,52,15
13071,52,16
13072,52,17
13073,52,18
13074,52,19
13075,52,20
13076,52,21
13077,52,22
13078,52,23
13079,52,24
13080,52,25
13081,52,26
13082,52,27
13083,52,28
13084,52,29
13085,52,30
13086,52,31
13087,52,32
13088,52,33
13089,52,34
13090,52,35
13091,52,36
13092,52,37
13093,52,38
13094,52,39
13095,52,40
13096,52,41
13097,52,42
13098,52,43
13099,52,44
13100,52,45
13101,52,46
13102,52,47
13103,52,48
13104,52,49
13105,52,50
13106,52,51
13107,52,52
13108,52,53
13109,52,54
13110,52,55
13111,52,56
13112,52,57
13113,52,58
13114,52,59
13115,52,60
13116,52,61
13117,52,62
13118,52,63
13119,52,64
13120,52,65
13121,52,66
13122,52,67
13123,52,68
13124,52,69
13125,52,70
13126,52,71
13127,52,72
13128,52,73
13129,52,74
13130,52,75
13131,52,76
13132,52,77
13133,52,78
13134,52,79
13135,52,80
13136,52,81
13137,52,82
13138,52,83
13139,52,84
13140,52,85
13141,52,86
13142,52,87
13143,52,88
13144,52,89
13145,52,90
13146,52,91
13147,52,92
13148,52,93
13149,52,94
ENSG00000070761,52,95
ENSG00000183617,52,96
ENSG00000077147,52,97
ENSG00000168002,52,98
ENSG00000048828,52,99
ENSG00000079459,52,100
ENSG00000132823,52,101
ENSG00000148730,52,102
ENSG00000134996,52,103
ENSG00000100644,52,104
ENSG00000176087,52,105
ENSG00000161057,52,106
ENSG00000091136,52,107
ENSG00000125970,52,108
ENSG00000205339,52,109
ENSG00000130202,52,110
ENSG00000204569,52,111
ENSG00000137331,52,112
ENSG00000099942,52,113
ENSG00000121057,52,114
ENSG00000160113,52,115
ENSG00000170525,52,116
ENSG00000204386,52,117
ENSG00000141424,52,118
ENSG00000231389,52,119
ENSG00000182512,52,120
ENSG00000167118,52,121
ENSG00000051523,52,122
ENSG00000170458,52,123
ENSG00000158470,52,124
ENSG00000069329,52,125
ENSG00000124333,52,126
ENSG00000103187,52,127
ENSG00000047410,52,128
ENSG00000170291,52,129
ENSG00000128050,52,130
ENSG00000105329,52,131
ENSG00000100292,52,132
ENSG00000169241,52,133
ENSG00000134247,52,134
ENSG00000136770,52,135
ENSG00000146386,52,136
ENSG00000118508,52,137
ENSG00000075240,52,138
ENSG00000166747,52,139
ENSG00000143457,52,140
ENSG00000166224,52,141
ENSG00000109534,52,142
ENSG00000116212,52,143
ENSG00000101464,52,144
ENSG00000159596,52,145
ENSG00000004961,52,146
ENSG00000176407,52,147
ENSG00000120656,52,148
ENSG00000171109,52,149
ENSG00000163156,52,150
ENSG00000177868,52,151
ENSG00000136715,52,152
ENSG00000065491,52,153
ENSG00000135966,52,154
ENSG00000070785,52,155
ENSG00000130766,52,156
ENSG00000136560,52,157
ENSG00000196670,52,158
ENSG00000114054,52,159
ENSG00000116128,52,160
ENSG00000125945,52,161
ENSG00000057019,52,162
ENSG00000176261,52,163
ENSG00000143793,52,164
ENSG00000162551,52,165
ENSG00000198315,52,166
ENSG00000228594,52,167
ENSG00000173221,52,168
ENSG00000132781,52,169
ENSG00000168273,52,170
ENSG00000158156,52,171
ENSG00000163155,52,172
ENSG00000118263,52,173
ENSG00000135968,52,174
ENSG00000104219,52,175
ENSG00000196517,52,176
ENSG00000122435,52,177
ENSG00000009780,52,178
ENSG00000188735,52,179
ENSG00000174791,52,180
ENSG00000188315,52,181
ENSG00000158286,52,182
ENSG00000112208,52,183
ENSG00000172985,52,184
ENSG00000187800,52,185
ENSG00000094963,52,186
ENSG00000176428,52,187
ENSG00000137822,52,188
ENSG00000155744,52,189
ENSG00000163945,52,190
ENSG00000166377,52,191
ENSG00000131115,52,192
ENSG00000164366,52,193
ENSG00000182983,52,194
ENSG00000158987,52,195
ENSG00000164070,52,196
ENSG00000129993,52,197
ENSG00000278129,52,198
ENSG00000198125,52,199
ENSG00000170382,52,200
ENSG00000170775,52,201
ENSG00000188906,52,202
ENSG00000144218,52,203
ENSG00000124257,52,204
ENSG00000187736,52,205
ENSG00000162526,52,206
ENSG00000204514,52,207
ENSG00000155666,52,208
ENSG00000143632,52,209
ENSG00000160808,52,210
ENSG00000172748,52,211
ENSG00000122477,52,212
ENSG00000175206,52,213
ENSG00000077522,52,214
ENSG00000185519,52,215
ENSG00000177614,52,216
ENSG00000121410,52,217
ENSG00000253910,52,218
ENSG00000182168,52,219
ENSG00000179698,52,220
ENSG00000162989,52,221
ENSG00000183114,52,222
ENSG00000144847,52,223
ENSG00000117600,52,224
ENSG00000163873,52,225
ENSG00000171189,52,226
ENSG00000172350,52,227
ENSG00000152503,52,228
ENSG00000183783,52,229
ENSG00000176406,52,230
ENSG00000053524,52,231
ENSG00000177301,52,232
ENSG00000079841,52,233
ENSG00000186487,52,234
ENSG00000144550,52,235
ENSG00000145526,52,236
ENSG00000166862,52,237
ENSG00000101746,52,238
ENSG00000166246,52,239
ENSG00000176769,52,240
ENSG00000187715,52,241
ENSG00000229453,52,242
ENSG00000140955,52,243
ENSG00000161594,52,244
ENSG00000183662,52,245
ENSG00000145863,52,246
ENSG00000152936,52,247
ENSG00000183281,52,248
ENSG00000206536,52,249
ENSG00000188596,52,250
ENSG00000123307,52,251
ENSG00000173714,52,252
ENSG00000157423,52,253
ENSG00000268994,52,254
ENSG00000112273,52,255
ENSG00000260371,52,256
13312,53,1
13313,53,2
13314,53,3
13315,53,4
13316,53,5
13317,53,6
13318,53,7
13319,53,8
13320,53,9
13321,53,10
13322,53,11
13323,53,12
13324,53,13
13325,53,14
13326,53,15
13327,53,16
13328,53,17
13329,53,18
13330,53,19
13331,53,20
13332,53,21
13333,53,22
13334,53,23
13335,53,24
13336,53,25
13337,53,26
13338,53,27
13339,53,28
13340,53,29
13341,53,30
13342,53,31
13343,53,32
13344,53,33
13345,53,34
13346,53,35
13347,53,36
13348,53,37
13349,53,38
13350,53,39
13351,53,40
13352,53,41
13353,53,42
13354,53,43
13355,53,44
13356,53,45
13357,53,46
13358,53,47
13359,53,48
13360,53,49
13361,53,50
13362,53,51
13363,53,52
13364,53,53
13365,53,54
13366,53,55
13367,53,56
13368,53,57
13369,53,58
13370,53,59
13371,53,60
13372,53,61
13373,53,62
13374,53,63
13375,53,64
13376,53,65
13377,53,66
13378,53,67
13379,53,68
13380,53,69
13381,53,70
13382,53,71
13383,53,72
13384,53,73
13385,53,74
13386,53,75
13387,53,76
13388,53,77
13389,53,78
13390,53,79
13391,53,80
13392,53,81
13393,53,82
13394,53,83
13395,53,84
13396,53,85
13397,53,86
13398,53,87
13399,53,88
13400,53,89
13401,53,90
13402,53,91
13403,53,92
13404,53,93
13405,53,94
ENSG00000163430,53,95
ENSG00000125652,53,96
ENSG00000101152,53,97
ENSG00000158604,53,98
ENSG00000090013,53,99
ENSG00000183684,53,100
ENSG00000005075,53,101
ENSG00000106538,53,102
ENSG00000135387,53,103
ENSG00000139433,53,104
ENSG00000131473,53,105
ENSG00000183207,53,106
ENSG00000147164,53,107
ENSG00000173418,53,108
ENSG00000072310,53,109
ENSG00000138385,53,110
ENSG00000182307,53,111
ENSG00000173153,53,112
ENSG00000092201,53,113
ENSG00000086758,53,114
ENSG00000117868,53,115
ENSG00000169908,53,116
ENSG00000124155,53,117
ENSG00000127125,53,118
ENSG00000173372,53,119
ENSG00000120805,53,120
ENSG00000124541,53,121
ENSG00000101126,53,122
ENSG00000158869,53,123
ENSG00000172992,53,124
ENSG00000111802,53,125
ENSG00000172586,53,126
ENSG00000163041,53,127
ENSG00000168275,53,128
ENSG00000154845,53,129
ENSG00000123975,53,130
ENSG00000262919,53,131
ENSG00000159210,53,132
ENSG00000143183,53,133
ENSG00000143641,53,134
ENSG00000168884,53,135
ENSG00000142910,53,136
ENSG00000077238,53,137
ENSG00000204219,53,138
ENSG00000087269,53,139
ENSG00000145907,53,140
ENSG00000115816,53,141
ENSG00000132768,53,142
ENSG00000196449,53,143
ENSG00000144034,53,144
ENSG00000170860,53,145
ENSG00000197785,53,146
ENSG00000122068,53,147
ENSG00000076242,53,148
ENSG00000173744,53,149
ENSG00000152904,53,150
ENSG00000134717,53,151
ENSG00000162441,53,152
ENSG00000164086,53,153
ENSG00000167632,53,154
ENSG00000084693,53,155
ENSG00000168564,53,156
ENSG00000143801,53,157
ENSG00000114480,53,158
ENSG00000123545,53,159
ENSG00000206560,53,160
ENSG00000197323,53,161
ENSG00000145391,53,162
ENSG00000106733,53,163
ENSG00000277203,53,164
ENSG00000180447,53,165
ENSG00000118257,53,166
ENSG00000163629,53,167
ENSG00000152990,53,168
ENSG00000198130,53,169
ENSG00000162585,53,170
ENSG00000113119,53,171
ENSG00000138036,53,172
ENSG00000109762,53,173
ENSG00000115020,53,174
ENSG00000187231,53,175
ENSG00000266028,53,176
ENSG00000116497,53,177
ENSG00000113761,53,178
ENSG00000163818,53,179
ENSG00000116885,53,180
ENSG00000119227,53,181
ENSG00000118369,53,182
ENSG00000213366,53,183
ENSG00000163637,53,184
ENSG00000120913,53,185
ENSG00000197859,53,186
ENSG00000162650,53,187
ENSG00000174529,53,188
ENSG00000136682,53,189
ENSG00000131697,53,190
ENSG00000130653,53,191
ENSG00000089041,53,192
ENSG00000168917,53,193
ENSG00000147912,53,194
ENSG00000136828,53,195
ENSG00000174514,53,196
ENSG00000166426,53,197
ENSG00000213533,53,198
ENSG00000147650,53,199
ENSG00000019485,53,200
ENSG00000087903,53,201
ENSG00000161328,53,202
ENSG00000100478,53,203
ENSG00000214456,53,204
ENSG00000115239,53,205
ENSG00000163126,53,206
ENSG00000198835,53,207
ENSG00000168517,53,208
ENSG00000168152,53,209
ENSG00000159251,53,210
ENSG00000135740,53,211
ENSG00000185345,53,212
ENSG00000206172,53,213
ENSG00000166343,53,214
ENSG00000103449,53,215
ENSG00000185774,53,216
ENSG00000137843,53,217
ENSG00000180044,53,218
ENSG00000180828,53,219
ENSG00000103494,53,220
ENSG00000175471,53,221
ENSG00000105376,53,222
ENSG00000158008,53,223
ENSG00000143171,53,224
ENSG00000185985,53,225
ENSG00000183878,53,226
ENSG00000172733,53,227
ENSG00000179841,53,228
ENSG00000129951,53,229
ENSG00000184486,53,230
ENSG00000172461,53,231
ENSG00000152495,53,232
ENSG00000136531,53,233
ENSG00000183166,53,234
ENSG00000181291,53,235
ENSG00000171532,53,236
ENSG00000165300,53,237
ENSG00000170890,53,238
ENSG00000144583,53,239
ENSG00000256463,53,240
ENSG00000168081,53,241
ENSG00000100678,53,242
ENSG00000238243,53,243
ENSG00000170807,53,244
ENSG00000129170,53,245
ENSG00000225327,53,246
ENSG00000215372,53,247
ENSG00000229972,53,248
ENSG00000196119,53,249
ENSG00000255408,53,250
ENSG00000179412,53,251
ENSG00000168658,53,252
ENSG00000270601,53,253
ENSG00000268696,53,254
ENSG00000182634,53,255
ENSG00000173679,53,256
13568,54,1
13569,54,2
13570,54,3
13571,54,4
13572,54,5
13573,54,6
13574,54,7
13575,54,8
13576,54,9
13577,54,10
13578,54,11
13579,54,12
13580,54,13
13581,54,14
13582,54,15
13583,54,16
13584,54,17
13585,54,18
13586,54,19
13587,54,20
13588,54,21
13589,54,22
13590,54,23
13591,54,24
13592,54,25
13593,54,26
13594,54,27
13595,54,28
13596,54,29
13597,54,30
13598,54,31
13599,54,32
13600,54,33
13601,54,34
13602,54,35
13603,54,36
13604,54,37
13605,54,38
13606,54,39
13607,54,40
13608,54,41
13609,54,42
13610,54,43
13611,54,44
13612,54,45
13613,54,46
13614,54,47
13615,54,48
13616,54,49
13617,54,50
13618,54,51
13619,54,52
13620,54,53
13621,54,54
13622,54,55
13623,54,56
13624,54,57
13625,54,58
13626,54,59
13627,54,60
13628,54,61
13629,54,62
13630,54,63
13631,54,64
13632,54,65
13633,54,66
13634,54,67
13635,54,68
13636,54,69
13637,54,70
13638,54,71
13639,54,72
13640,54,73
13641,54,74
13642,54,75
13643,54,76
13644,54,77
13645,54,78
13646,54,79
13647,54,80
13648,54,81
13649,54,82
13650,54,83
13651,54,84
13652,54,85
13653,54,86
13654,54,87
13655,54,88
13656,54,89
13657,54,90
13658,54,91
13659,54,92
13660,54,93
13661,54,94
13662,54,95
ENSG00000131653,54,96
ENSG00000126457,54,97
ENSG00000068912,54,98
ENSG00000158716,54,99
ENSG00000132591,54,100
ENSG00000065054,54,101
ENSG00000106367,54,102
ENSG00000143549,54,103
ENSG00000103769,54,104
ENSG00000055130,54,105
ENSG00000129083,54,106
ENSG00000061794,54,107
ENSG00000125818,54,108
ENSG00000125734,54,109
ENSG00000182149,54,110
ENSG00000124098,54,111
ENSG00000114315,54,112
ENSG00000167193,54,113
ENSG00000166482,54,114
ENSG00000115457,54,115
ENSG00000110492,54,116
ENSG00000101347,54,117
ENSG00000179889,54,118
ENSG00000198502,54,119
ENSG00000134825,54,120
ENSG00000124160,54,121
ENSG00000177733,54,122
ENSG00000083937,54,123
ENSG00000079332,54,124
ENSG00000082898,54,125
ENSG00000177565,54,126
ENSG00000110719,54,127
ENSG00000138433,54,128
ENSG00000180370,54,129
ENSG00000151348,54,130
ENSG00000182481,54,131
ENSG00000179403,54,132
ENSG00000151239,54,133
ENSG00000161921,54,134
ENSG00000213699,54,135
ENSG00000171960,54,136
ENSG00000143106,54,137
ENSG00000179862,54,138
ENSG00000116514,54,139
ENSG00000164024,54,140
ENSG00000156171,54,141
ENSG00000143207,54,142
ENSG00000011007,54,143
ENSG00000143390,54,144
ENSG00000160325,54,145
ENSG00000130305,54,146
ENSG00000197713,54,147
ENSG00000067248,54,148
ENSG00000157500,54,149
ENSG00000146463,54,150
ENSG00000104660,54,151
ENSG00000184924,54,152
ENSG00000013288,54,153
ENSG00000163125,54,154
ENSG00000040487,54,155
ENSG00000204438,54,156
ENSG00000036257,54,157
ENSG00000198586,54,158
ENSG00000145780,54,159
ENSG00000155760,54,160
ENSG00000153207,54,161
ENSG00000060656,54,162
ENSG00000204634,54,163
ENSG00000139428,54,164
ENSG00000020181,54,165
ENSG00000184677,54,166
ENSG00000174669,54,167
ENSG00000102032,54,168
ENSG00000081692,54,169
ENSG00000044446,54,170
ENSG00000132906,54,171
ENSG00000158234,54,172
ENSG00000198198,54,173
ENSG00000151693,54,174
ENSG00000152409,54,175
ENSG00000168301,54,176
ENSG00000106829,54,177
ENSG00000188153,54,178
ENSG00000106415,54,179
ENSG00000147121,54,180
ENSG00000168306,54,181
ENSG00000169914,54,182
ENSG00000065320,54,183
ENSG00000185019,54,184
ENSG00000092421,54,185
ENSG00000117643,54,186
ENSG00000241644,54,187
ENSG00000244242,54,188
ENSG00000134184,54,189
ENSG00000069667,54,190
ENSG00000158636,54,191
ENSG00000143502,54,192
ENSG00000116141,54,193
ENSG00000162373,54,194
ENSG00000151623,54,195
ENSG00000066248,54,196
ENSG00000177082,54,197
ENSG00000118804,54,198
ENSG00000100890,54,199
ENSG00000118729,54,200
ENSG00000167434,54,201
ENSG00000048342,54,202
ENSG00000042062,54,203
ENSG00000147437,54,204
ENSG00000134201,54,205
ENSG00000274512,54,206
ENSG00000115896,54,207
ENSG00000116819,54,208
ENSG00000182224,54,209
ENSG00000197937,54,210
ENSG00000055955,54,211
ENSG00000171714,54,212
ENSG00000198576,54,213
ENSG00000043591,54,214
ENSG00000134548,54,215
ENSG00000148842,54,216
ENSG00000235961,54,217
ENSG00000171016,54,218
ENSG00000162004,54,219
ENSG00000166707,54,220
ENSG00000164188,54,221
ENSG00000241563,54,222
ENSG00000214402,54,223
ENSG00000100276,54,224
ENSG00000259417,54,225
ENSG00000154928,54,226
ENSG00000170290,54,227
ENSG00000150773,54,228
ENSG00000105251,54,229
ENSG00000204099,54,230
ENSG00000164326,54,231
ENSG00000160716,54,232
ENSG00000185518,54,233
ENSG00000268182,54,234
ENSG00000152214,54,235
ENSG00000157680,54,236
ENSG00000142233,54,237
ENSG00000167178,54,238
ENSG00000109758,54,239
ENSG00000165807,54,240
ENSG00000242852,54,241
ENSG00000165643,54,242
ENSG00000126467,54,243
ENSG00000188659,54,244
ENSG00000168334,54,245
ENSG00000263201,54,246
ENSG00000258713,54,247
ENSG00000198547,54,248
ENSG00000114487,54,249
ENSG00000094661,54,250
ENSG00000228049,54,251
ENSG00000176495,54,252
ENSG00000165182,54,253
ENSG00000179580,54,254
ENSG00000169807,54,255
ENSG00000255713,54,256
13824,55,1
13825,55,2
13826,55,3
13827,55,4
13828,55,5
13829,55,6
13830,55,7
13831,55,8
13832,55,9
13833,55,10
13834,55,11
13835,55,12
13836,55,13
13837,55,14
13838,55,15
13839,55,16
13840,55,17
13841,55,18
13842,55,19
13843,55,20
13844,55,21
13845,55,22
13846,55,23
13847,55,24
13848,55,25
13849,55,26
13850,55,27
13851,55,28
13852,55,29
13853,55,30
13854,55,31
13855,55,32
13856,55,33
13857,55,34
13858,55,35
13859,55,36
13860,55,37
13861,55,38
13862,55,39
13863,55,40
13864,55,41
13865,55,42
13866,55,43
13867,55,44
13868,55,45
13869,55,46
13870,55,47
13871,55,48
13872,55,49
13873,55,50
13874,55,51
13875,55,52
13876,55,53
13877,55,54
13878,55,55
13879,55,56
13880,55,57
13881,55,58
13882,55,59
13883,55,60
13884,55,61
13885,55,62
13886,55,63
13887,55,64
13888,55,65
13889,55,66
13890,55,67
13891,55,68
13892,55,69
13893,55,70
13894,55,71
13895,55,72
13896,55,73
13897,55,74
13898,55,75
13899,55,76
13900,55,77
13901,55,78
13902,55,79
13903,55,80
13904,55,81
13905,55,82
13906,55,83
13907,55,84
13908,55,85
13909,55,86
13910,55,87
13911,55,88
13912,55,89
13913,55,90
13914,55,91
13915,55,92
13916,55,93
13917,55,94
13918,55,95
ENSG00000163220,55,96
ENSG00000173457,55,97
ENSG00000181222,55,98
ENSG00000128283,55,99
ENSG00000013364,55,100
ENSG00000000419,55,101
ENSG00000185475,55,102
ENSG00000159202,55,103
ENSG00000159228,55,104
ENSG00000166295,55,105
ENSG00000149792,55,106
ENSG00000100266,55,107
ENSG00000108588,55,108
ENSG00000156587,55,109
ENSG00000130309,55,110
ENSG00000179604,55,111
ENSG00000024422,55,112
ENSG00000172725,55,113
ENSG00000177963,55,114
ENSG00000187837,55,115
ENSG00000122958,55,116
ENSG00000179958,55,117
ENSG00000130340,55,118
ENSG00000147649,55,119
ENSG00000161204,55,120
ENSG00000242247,55,121
ENSG00000041357,55,122
ENSG00000173848,55,123
ENSG00000100575,55,124
ENSG00000101193,55,125
ENSG00000103194,55,126
ENSG00000064419,55,127
ENSG00000179163,55,128
ENSG00000156471,55,129
ENSG00000103479,55,130
ENSG00000049449,55,131
ENSG00000107521,55,132
ENSG00000214160,55,133
ENSG00000132467,55,134
ENSG00000053372,55,135
ENSG00000174547,55,136
ENSG00000171421,55,137
ENSG00000127952,55,138
ENSG00000134684,55,139
ENSG00000152332,55,140
ENSG00000275052,55,141
ENSG00000104635,55,142
ENSG00000137944,55,143
ENSG00000198730,55,144
ENSG00000113161,55,145
ENSG00000186432,55,146
ENSG00000204178,55,147
ENSG00000093144,55,148
ENSG00000069248,55,149
ENSG00000143157,55,150
ENSG00000117385,55,151
ENSG00000116663,55,152
ENSG00000120437,55,153
ENSG00000175137,55,154
ENSG00000143614,55,155
ENSG00000204536,55,156
ENSG00000151779,55,157
ENSG00000007923,55,158
ENSG00000114030,55,159
ENSG00000133874,55,160
ENSG00000038382,55,161
ENSG00000162444,55,162
ENSG00000109323,55,163
ENSG00000070476,55,164
ENSG00000173137,55,165
ENSG00000163900,55,166
ENSG00000003147,55,167
ENSG00000115271,55,168
ENSG00000215712,55,169
ENSG00000177000,55,170
ENSG00000153208,55,171
ENSG00000123836,55,172
ENSG00000114648,55,173
ENSG00000183891,55,174
ENSG00000131370,55,175
ENSG00000115109,55,176
ENSG00000161048,55,177
ENSG00000235098,55,178
ENSG00000168067,55,179
ENSG00000040933,55,180
ENSG00000182923,55,181
ENSG00000106688,55,182
ENSG00000115977,55,183
ENSG00000145687,55,184
ENSG00000168916,55,185
ENSG00000243244,55,186
ENSG00000122008,55,187
ENSG00000140043,55,188
ENSG00000163590,55,189
ENSG00000145990,55,190
ENSG00000108176,55,191
ENSG00000188760,55,192
ENSG00000203667,55,193
ENSG00000156050,55,194
ENSG00000133401,55,195
ENSG00000176222,55,196
ENSG00000122574,55,197
ENSG00000140945,55,198
ENSG00000184792,55,199
ENSG00000144712,55,200
ENSG00000138756,55,201
ENSG00000248485,55,202
ENSG00000103061,55,203
ENSG00000242252,55,204
ENSG00000167968,55,205
ENSG00000198133,55,206
ENSG00000123999,55,207
ENSG00000137872,55,208
ENSG00000167377,55,209
ENSG00000138587,55,210
ENSG00000115604,55,211
ENSG00000164053,55,212
ENSG00000187024,55,213
ENSG00000130307,55,214
ENSG00000196118,55,215
ENSG00000184619,55,216
ENSG00000178386,55,217
ENSG00000257594,55,218
ENSG00000187607,55,219
ENSG00000247746,55,220
ENSG00000165197,55,221
ENSG00000172803,55,222
ENSG00000149927,55,223
ENSG00000110675,55,224
ENSG00000077616,55,225
ENSG00000101222,55,226
ENSG00000146426,55,227
ENSG00000158815,55,228
ENSG00000152977,55,229
ENSG00000144278,55,230
ENSG00000162374,55,231
ENSG00000152932,55,232
ENSG00000196132,55,233
ENSG00000108231,55,234
ENSG00000070182,55,235
ENSG00000129749,55,236
ENSG00000101438,55,237
ENSG00000139800,55,238
ENSG00000219435,55,239
ENSG00000083067,55,240
ENSG00000099338,55,241
ENSG00000170667,55,242
ENSG00000196767,55,243
ENSG00000213648,55,244
ENSG00000165061,55,245
ENSG00000167094,55,246
ENSG00000248483,55,247
ENSG00000281613,55,248
ENSG00000204779,55,249
ENSG00000160200,55,250
ENSG00000214414,55,251
ENSG00000256436,55,252
ENSG00000109991,55,253
ENSG00000181001,55,254
ENSG00000155890,55,255
ENSG00000205857,55,256
14080,56,1
14081,56,2
14082,56,3
14083,56,4
14084,56,5
14085,56,6
14086,56,7
14087,56,8
14088,56,9
14089,56,10
14090,56,11
14091,56,12
14092,56,13
14093,56,14
14094,56,15
14095,56,16
14096,56,17
14097,56,18
14098,56,19
14099,56,20
14100,56,21
14101,56,22
14102,56,23
14103,56,24
14104,56,25
14105,56,26
14106,56,27
14107,56,28
14108,56,29
14109,56,30
14110,56,31
14111,56,32
14112,56,33
14113,56,34
14114,56,35
14115,56,36
14116,56,37
14117,56,38
14118,56,39
14119,56,40
14120,56,41
14121,56,42
14122,56,43
14123,56,44
14124,56,45
14125,56,46
14126,56,47
14127,56,48
14128,56,49
14129,56,50
14130,56,51
14131,56,52
14132,56,53
14133,56,54
14134,56,55
14135,56,56
14136,56,57
14137,56,58
14138,56,59
14139,56,60
14140,56,61
14141,56,62
14142,56,63
14143,56,64
14144,56,65
14145,56,66
14146,56,67
14147,56,68
14148,56,69
14149,56,70
14150,56,71
14151,56,72
14152,56,73
14153,56,74
14154,56,75
14155,56,76
14156,56,77
14157,56,78
14158,56,79
14159,56,80
14160,56,81
14161,56,82
14162,56,83
14163,56,84
14164,56,85
14165,56,86
14166,56,87
14167,56,88
14168,56,89
14169,56,90
14170,56,91
14171,56,92
14172,56,93
14173,56,94
ENSG00000062716,56,95
ENSG00000089685,56,96
ENSG00000177885,56,97
ENSG00000119801,56,98
ENSG00000185262,56,99
ENSG00000129559,56,100
ENSG00000134809,56,101
ENSG00000138629,56,102
ENSG00000141543,56,103
ENSG00000105185,56,104
ENSG00000121064,56,105
ENSG00000162909,56,106
ENSG00000111321,56,107
ENSG00000072042,56,108
ENSG00000156639,56,109
ENSG00000149257,56,110
ENSG00000042493,56,111
ENSG00000175467,56,112
ENSG00000168701,56,113
ENSG00000136448,56,114
ENSG00000126261,56,115
ENSG00000114573,56,116
ENSG00000100883,56,117
ENSG00000176014,56,118
ENSG00000110048,56,119
ENSG00000105355,56,120
ENSG00000006007,56,121
ENSG00000138363,56,122
ENSG00000111361,56,123
ENSG00000196363,56,124
ENSG00000159479,56,125
ENSG00000125952,56,126
ENSG00000100030,56,127
ENSG00000134910,56,128
ENSG00000059573,56,129
ENSG00000033050,56,130
ENSG00000239672,56,131
ENSG00000105835,56,132
ENSG00000118855,56,133
ENSG00000170855,56,134
ENSG00000155438,56,135
ENSG00000185591,56,136
ENSG00000029364,56,137
ENSG00000169604,56,138
ENSG00000144136,56,139
ENSG00000163683,56,140
ENSG00000241258,56,141
ENSG00000259956,56,142
ENSG00000014164,56,143
ENSG00000163812,56,144
ENSG00000186350,56,145
ENSG00000114446,56,146
ENSG00000137942,56,147
ENSG00000043514,56,148
ENSG00000132694,56,149
ENSG00000147130,56,150
ENSG00000070814,56,151
ENSG00000163528,56,152
ENSG00000175701,56,153
ENSG00000157978,56,154
ENSG00000115282,56,155
ENSG00000143379,56,156
ENSG00000115540,56,157
ENSG00000169220,56,158
ENSG00000118246,56,159
ENSG00000187678,56,160
ENSG00000117114,56,161
ENSG00000166592,56,162
ENSG00000082805,56,163
ENSG00000008869,56,164
ENSG00000135597,56,165
ENSG00000158411,56,166
ENSG00000162604,56,167
ENSG00000143850,56,168
ENSG00000196950,56,169
ENSG00000178053,56,170
ENSG00000106012,56,171
ENSG00000173542,56,172
ENSG00000155755,56,173
ENSG00000009413,56,174
ENSG00000182568,56,175
ENSG00000134744,56,176
ENSG00000047634,56,177
ENSG00000119630,56,178
ENSG00000162636,56,179
ENSG00000138686,56,180
ENSG00000175279,56,181
ENSG00000113296,56,182
ENSG00000163412,56,183
ENSG00000180488,56,184
ENSG00000111785,56,185
ENSG00000119927,56,186
ENSG00000126860,56,187
ENSG00000119943,56,188
ENSG00000163328,56,189
ENSG00000110844,56,190
ENSG00000159873,56,191
ENSG00000067221,56,192
ENSG00000175048,56,193
ENSG00000079435,56,194
ENSG00000163704,56,195
ENSG00000007516,56,196
ENSG00000171316,56,197
ENSG00000158528,56,198
ENSG00000185158,56,199
ENSG00000112425,56,200
ENSG00000170153,56,201
ENSG00000090554,56,202
ENSG00000142544,56,203
ENSG00000214290,56,204
ENSG00000091157,56,205
ENSG00000129028,56,206
ENSG00000108381,56,207
ENSG00000204271,56,208
ENSG00000214435,56,209
ENSG00000110318,56,210
ENSG00000187699,56,211
ENSG00000184313,56,212
ENSG00000036448,56,213
ENSG00000112276,56,214
ENSG00000106069,56,215
ENSG00000164197,56,216
ENSG00000188818,56,217
ENSG00000131480,56,218
ENSG00000092054,56,219
ENSG00000112530,56,220
ENSG00000198692,56,221
ENSG00000017427,56,222
ENSG00000179242,56,223
ENSG00000214575,56,224
ENSG00000103740,56,225
ENSG00000021645,56,226
ENSG00000169246,56,227
ENSG00000204442,56,228
ENSG00000176049,56,229
ENSG00000198797,56,230
ENSG00000155816,56,231
ENSG00000146216,56,232
ENSG00000139220,56,233
ENSG00000132932,56,234
ENSG00000168539,56,235
ENSG00000104313,56,236
ENSG00000130876,56,237
ENSG00000110148,56,238
ENSG00000164082,56,239
ENSG00000183691,56,240
ENSG00000204347,56,241
ENSG00000189420,56,242
ENSG00000128253,56,243
ENSG00000132446,56,244
ENSG00000113262,56,245
ENSG00000141668,56,246
ENSG00000255192,56,247
ENSG00000265303,56,248
ENSG00000269437,56,249
ENSG00000183476,56,250
ENSG00000182674,56,251
ENSG00000225396,56,252
ENSG00000163576,56,253
ENSG00000187791,56,254
ENSG00000173769,56,255
ENSG00000182415,56,256
14336,57,1
14337,57,2
14338,57,3
14339,57,4
14340,57,5
14341,57,6
14342,57,7
14343,57,8
14344,57,9
14345,57,10
14346,57,11
14347,57,12
14348,57,13
14349,57,14
14350,57,15
14351,57,16
14352,57,17
14353,57,18
14354,57,19
14355,57,20
14356,57,21
14357,57,22
14358,57,23
14359,57,24
14360,57,25
14361,57,26
14362,57,27
14363,57,28
14364,57,29
14365,57,30
14366,57,31
14367,57,32
14368,57,33
14369,57,34
14370,57,35
14371,57,36
14372,57,37
14373,57,38
14374,57,39
14375,57,40
14376,57,41
14377,57,42
14378,57,43
14379,57,44
14380,57,45
14381,57,46
14382,57,47
14383,57,48
14384,57,49
14385,57,50
14386,57,51
14387,57,52
14388,57,53
14389,57,54
14390,57,55
14391,57,56
14392,57,57
14393,57,58
14394,57,59
14395,57,60
14396,57,61
14397,57,62
14398,57,63
14399,57,64
14400,57,65
14401,57,66
14402,57,67
14403,57,68
14404,57,69
14405,57,70
14406,57,71
14407,57,72
14408,57,73
14409,57,74
14410,57,75
14411,57,76
14412,57,77
14413,57,78
14414,57,79
14415,57,80
14416,57,81
14417,57,82
14418,57,83
14419,57,84
14420,57,85
14421,57,86
14422,57,87
14423,57,88
14424,57,89
14425,57,90
14426,57,91
14427,57,92
14428,57,93
14429,57,94
ENSG00000117448,57,95
ENSG00000006712,57,96
ENSG00000129351,57,97
ENSG00000135677,57,98
ENSG00000120742,57,99
ENSG00000119383,57,100
ENSG00000144895,57,101
ENSG00000086232,57,102
ENSG00000130707,57,103
ENSG00000225921,57,104
ENSG00000103035,57,105
ENSG00000137876,57,106
ENSG00000142864,57,107
ENSG00000171530,57,108
ENSG00000099995,57,109
ENSG00000141858,57,110
ENSG00000140545,57,111
ENSG00000166986,57,112
ENSG00000135446,57,113
ENSG00000197879,57,114
ENSG00000157593,57,115
ENSG00000101361,57,116
ENSG00000103507,57,117
ENSG00000114125,57,118
ENSG00000090006,57,119
ENSG00000116906,57,120
ENSG00000129518,57,121
ENSG00000112972,57,122
ENSG00000143387,57,123
ENSG00000090520,57,124
ENSG00000101166,57,125
ENSG00000228300,57,126
ENSG00000185803,57,127
ENSG00000106537,57,128
ENSG00000172340,57,129
ENSG00000006451,57,130
ENSG00000121579,57,131
ENSG00000158615,57,132
ENSG00000159592,57,133
ENSG00000162704,57,134
ENSG00000179933,57,135
ENSG00000173442,57,136
ENSG00000150938,57,137
ENSG00000145247,57,138
ENSG00000148300,57,139
ENSG00000256043,57,140
ENSG00000133597,57,141
ENSG00000143363,57,142
ENSG00000090020,57,143
ENSG00000007944,57,144
ENSG00000172939,57,145
ENSG00000153201,57,146
ENSG00000125398,57,147
ENSG00000157110,57,148
ENSG00000068137,57,149
ENSG00000131435,57,150
ENSG00000182325,57,151
ENSG00000026297,57,152
ENSG00000163832,57,153
ENSG00000154781,57,154
ENSG00000143554,57,155
ENSG00000168538,57,156
ENSG00000162402,57,157
ENSG00000169972,57,158
ENSG00000198912,57,159
ENSG00000164209,57,160
ENSG00000174953,57,161
ENSG00000173540,57,162
ENSG00000116984,57,163
ENSG00000048707,57,164
ENSG00000134698,57,165
ENSG00000198625,57,166
ENSG00000014914,57,167
ENSG00000147854,57,168
ENSG00000136643,57,169
ENSG00000001461,57,170
ENSG00000133059,57,171
ENSG00000011523,57,172
ENSG00000144036,57,173
ENSG00000249242,57,174
ENSG00000131725,57,175
ENSG00000204946,57,176
ENSG00000115459,57,177
ENSG00000049089,57,178
ENSG00000189369,57,179
ENSG00000164211,57,180
ENSG00000072121,57,181
ENSG00000158966,57,182
ENSG00000133619,57,183
ENSG00000178104,57,184
ENSG00000155016,57,185
ENSG00000184588,57,186
ENSG00000128512,57,187
ENSG00000269556,57,188
ENSG00000166432,57,189
ENSG00000277494,57,190
ENSG00000131097,57,191
ENSG00000151702,57,192
ENSG00000205795,57,193
ENSG00000042317,57,194
ENSG00000203772,57,195
ENSG00000142235,57,196
ENSG00000073150,57,197
ENSG00000137871,57,198
ENSG00000151150,57,199
ENSG00000174628,57,200
ENSG00000161692,57,201
ENSG00000164659,57,202
ENSG00000196793,57,203
ENSG00000196284,57,204
ENSG00000185621,57,205
ENSG00000164124,57,206
ENSG00000148541,57,207
ENSG00000130224,57,208
ENSG00000144504,57,209
ENSG00000124243,57,210
ENSG00000179909,57,211
ENSG00000197372,57,212
ENSG00000256229,57,213
ENSG00000154736,57,214
ENSG00000106034,57,215
ENSG00000148814,57,216
ENSG00000101134,57,217
ENSG00000102230,57,218
ENSG00000164879,57,219
ENSG00000156885,57,220
ENSG00000187773,57,221
ENSG00000220008,57,222
ENSG00000102683,57,223
ENSG00000158458,57,224
ENSG00000151572,57,225
ENSG00000044459,57,226
ENSG00000177151,57,227
ENSG00000125820,57,228
ENSG00000166676,57,229
ENSG00000196990,57,230
ENSG00000277531,57,231
ENSG00000144792,57,232
ENSG00000072182,57,233
ENSG00000236279,57,234
ENSG00000132938,57,235
ENSG00000144681,57,236
ENSG00000106631,57,237
ENSG00000137766,57,238
ENSG00000256061,57,239
ENSG00000228486,57,240
ENSG00000172421,57,241
ENSG00000205409,57,242
ENSG00000123572,57,243
ENSG00000227151,57,244
ENSG00000183775,57,245
ENSG00000214700,57,246
ENSG00000260691,57,247
ENSG00000002746,57,248
ENSG00000249437,57,249
ENSG00000156920,57,250
ENSG00000171459,57,251
ENSG00000189252,57,252
ENSG00000273003,57,253
ENSG00000276203,57,254
ENSG00000204382,57,255
ENSG00000165202,57,256
14592,58,1
14593,58,2
14594,58,3
14595,58,4
14596,58,5
14597,58,6
14598,58,7
14599,58,8
14600,58,9
14601,58,10
14602,58,11
14603,58,12
14604,58,13
14605,58,14
14606,58,15
14607,58,16
14608,58,17
14609,58,18
14610,58,19
14611,58,20
14612,58,21
14613,58,22
14614,58,23
14615,58,24
14616,58,25
14617,58,26
14618,58,27
14619,58,28
14620,58,29
14621,58,30
14622,58,31
14623,58,32
14624,58,33
14625,58,34
14626,58,35
14627,58,36
14628,58,37
14629,58,38
14630,58,39
14631,58,40
14632,58,41
14633,58,42
14634,58,43
14635,58,44
14636,58,45
14637,58,46
14638,58,47
14639,58,48
14640,58,49
14641,58,50
14642,58,51
14643,58,52
14644,58,53
14645,58,54
14646,58,55
14647,58,56
14648,58,57
14649,58,58
14650,58,59
14651,58,60
14652,58,61
14653,58,62
14654,58,63
14655,58,64
14656,58,65
14657,58,66
14658,58,67
14659,58,68
14660,58,69
14661,58,70
14662,58,71
14663,58,72
14664,58,73
14665,58,74
14666,58,75
14667,58,76
14668,58,77
14669,58,78
14670,58,79
14671,58,80
14672,58,81
14673,58,82
14674,58,83
14675,58,84
14676,58,85
14677,58,86
14678,58,87
14679,58,88
14680,58,89
14681,58,90
14682,58,91
14683,58,92
14684,58,93
14685,58,94
14686,58,95
ENSG00000002933,58,96
ENSG00000177731,58,97
ENSG00000165006,58,98
ENSG00000205581,58,99
ENSG00000149480,58,100
ENSG00000177383,58,101
ENSG00000113328,58,102
ENSG00000143753,58,103
ENSG00000162736,58,104
ENSG00000160752,58,105
ENSG00000197448,58,106
ENSG00000137547,58,107
ENSG00000114686,58,108
ENSG00000174243,58,109
ENSG00000140497,58,110
ENSG00000012660,58,111
ENSG00000112245,58,112
ENSG00000159128,58,113
ENSG00000179820,58,114
ENSG00000187498,58,115
ENSG00000169242,58,116
ENSG00000144021,58,117
ENSG00000146834,58,118
ENSG00000196923,58,119
ENSG00000255112,58,120
ENSG00000136758,58,121
ENSG00000141756,58,122
ENSG00000172380,58,123
ENSG00000021355,58,124
ENSG00000114978,58,125
ENSG00000142949,58,126
ENSG00000117133,58,127
ENSG00000227057,58,128
ENSG00000116096,58,129
ENSG00000147155,58,130
ENSG00000072274,58,131
ENSG00000085719,58,132
ENSG00000148396,58,133
ENSG00000107798,58,134
ENSG00000120063,58,135
ENSG00000110799,58,136
ENSG00000028528,58,137
ENSG00000119431,58,138
ENSG00000133027,58,139
ENSG00000143374,58,140
ENSG00000157870,58,141
ENSG00000143303,58,142
ENSG00000135930,58,143
ENSG00000063978,58,144
ENSG00000143437,58,145
ENSG00000144677,58,146
ENSG00000163785,58,147
ENSG00000018408,58,148
ENSG00000196843,58,149
ENSG00000153250,58,150
ENSG00000197329,58,151
ENSG00000168890,58,152
ENSG00000135631,58,153
ENSG00000154222,58,154
ENSG00000166199,58,155
ENSG00000113163,58,156
ENSG00000116539,58,157
ENSG00000117479,58,158
ENSG00000144597,58,159
ENSG00000131374,58,160
ENSG00000068078,58,161
ENSG00000085982,58,162
ENSG00000162433,58,163
ENSG00000116667,58,164
ENSG00000117461,58,165
ENSG00000144589,58,166
ENSG00000166816,58,167
ENSG00000204599,58,168
ENSG00000147439,58,169
ENSG00000003989,58,170
ENSG00000156931,58,171
ENSG00000137449,58,172
ENSG00000164048,58,173
ENSG00000162998,58,174
ENSG00000135636,58,175
ENSG00000068885,58,176
ENSG00000168096,58,177
ENSG00000100731,58,178
ENSG00000205060,58,179
ENSG00000152133,58,180
ENSG00000179943,58,181
ENSG00000056736,58,182
ENSG00000147852,58,183
ENSG00000189337,58,184
ENSG00000119147,58,185
ENSG00000006468,58,186
ENSG00000135414,58,187
ENSG00000173517,58,188
ENSG00000144134,58,189
ENSG00000149527,58,190
ENSG00000144668,58,191
ENSG00000164736,58,192
ENSG00000124212,58,193
ENSG00000115041,58,194
ENSG00000198732,58,195
ENSG00000163013,58,196
ENSG00000109738,58,197
ENSG00000080823,58,198
ENSG00000167232,58,199
ENSG00000188130,58,200
ENSG00000105072,58,201
ENSG00000184083,58,202
ENSG00000213347,58,203
ENSG00000103089,58,204
ENSG00000152413,58,205
ENSG00000120658,58,206
ENSG00000177519,58,207
ENSG00000111404,58,208
ENSG00000198270,58,209
ENSG00000186017,58,210
ENSG00000165338,58,211
ENSG00000008086,58,212
ENSG00000187260,58,213
ENSG00000167588,58,214
ENSG00000177791,58,215
ENSG00000125355,58,216
ENSG00000204428,58,217
ENSG00000151067,58,218
ENSG00000141519,58,219
ENSG00000197467,58,220
ENSG00000276547,58,221
ENSG00000231861,58,222
ENSG00000075035,58,223
ENSG00000127578,58,224
ENSG00000137825,58,225
ENSG00000204920,58,226
ENSG00000273274,58,227
ENSG00000254206,58,228
ENSG00000147465,58,229
ENSG00000205329,58,230
ENSG00000265763,58,231
ENSG00000133980,58,232
ENSG00000100095,58,233
ENSG00000125522,58,234
ENSG00000109927,58,235
ENSG00000112462,58,236
ENSG00000171014,58,237
ENSG00000188199,58,238
ENSG00000277322,58,239
ENSG00000080572,58,240
ENSG00000075429,58,241
ENSG00000164334,58,242
ENSG00000163217,58,243
ENSG00000137674,58,244
ENSG00000204688,58,245
ENSG00000278848,58,246
ENSG00000171956,58,247
ENSG00000171873,58,248
ENSG00000258989,58,249
ENSG00000186399,58,250
ENSG00000277745,58,251
ENSG00000130700,58,252
ENSG00000156194,58,253
ENSG00000135222,58,254
ENSG00000125965,58,255
ENSG00000138136,58,256
14848,59,1
14849,59,2
14850,59,3
14851,59,4
14852,59,5
14853,59,6
14854,59,7
14855,59,8
14856,59,9
14857,59,10
14858,59,11
14859,59,12
14860,59,13
14861,59,14
14862,59,15
14863,59,16
14864,59,17
14865,59,18
14866,59,19
14867,59,20
14868,59,21
14869,59,22
14870,59,23
14871,59,24
14872,59,25
14873,59,26
14874,59,27
14875,59,28
14876,59,29
14877,59,30
14878,59,31
14879,59,32
14880,59,33
14881,59,34
14882,59,35
14883,59,36
14884,59,37
14885,59,38
14886,59,39
14887,59,40
14888,59,41
14889,59,42
14890,59,43
14891,59,44
14892,59,45
14893,59,46
14894,59,47
14895,59,48
14896,59,49
14897,59,50
14898,59,51
14899,59,52
14900,59,53
14901,59,54
14902,59,55
14903,59,56
14904,59,57
14905,59,58
14906,59,59
14907,59,60
14908,59,61
14909,59,62
14910,59,63
14911,59,64
14912,59,65
14913,59,66
14914,59,67
14915,59,68
14916,59,69
14917,59,70
14918,59,71
14919,59,72
14920,59,73
14921,59,74
14922,59,75
14923,59,76
14924,59,77
14925,59,78
14926,59,79
14927,59,80
14928,59,81
14929,59,82
14930,59,83
14931,59,84
14932,59,85
14933,59,86
14934,59,87
14935,59,88
14936,59,89
14937,59,90
14938,59,91
14939,59,92
14940,59,93
14941,59,94
14942,59,95
ENSG00000142230,59,96
ENSG00000125968,59,97
ENSG00000166228,59,98
ENSG00000134108,59,99
ENSG00000132646,59,100
ENSG00000104763,59,101
ENSG00000125651,59,102
ENSG00000113845,59,103
ENSG00000106636,59,104
ENSG00000115738,59,105
ENSG00000116489,59,106
ENSG00000169692,59,107
ENSG00000120705,59,108
ENSG00000106049,59,109
ENSG00000114850,59,110
ENSG00000088930,59,111
ENSG00000106605,59,112
ENSG00000092330,59,113
ENSG00000146674,59,114
ENSG00000204574,59,115
ENSG00000134871,59,116
ENSG00000168802,59,117
ENSG00000112096,59,118
ENSG00000177105,59,119
ENSG00000113721,59,120
ENSG00000106397,59,121
ENSG00000104812,59,122
ENSG00000131504,59,123
ENSG00000168394,59,124
ENSG00000074695,59,125
ENSG00000197965,59,126
ENSG00000138413,59,127
ENSG00000160211,59,128
ENSG00000198937,59,129
ENSG00000122140,59,130
ENSG00000138796,59,131
ENSG00000196305,59,132
ENSG00000084073,59,133
ENSG00000173905,59,134
ENSG00000112078,59,135
ENSG00000131069,59,136
ENSG00000126107,59,137
ENSG00000117713,59,138
ENSG00000182095,59,139
ENSG00000146576,59,140
ENSG00000163870,59,141
ENSG00000173163,59,142
ENSG00000113648,59,143
ENSG00000072364,59,144
ENSG00000108039,59,145
ENSG00000198815,59,146
ENSG00000116670,59,147
ENSG00000142733,59,148
ENSG00000127481,59,149
ENSG00000065526,59,150
ENSG00000168300,59,151
ENSG00000047644,59,152
ENSG00000126603,59,153
ENSG00000169231,59,154
ENSG00000110619,59,155
ENSG00000146828,59,156
ENSG00000197386,59,157
ENSG00000138031,59,158
ENSG00000160785,59,159
ENSG00000162852,59,160
ENSG00000240344,59,161
ENSG00000157881,59,162
ENSG00000163170,59,163
ENSG00000197568,59,164
ENSG00000168765,59,165
ENSG00000003509,59,166
ENSG00000065357,59,167
ENSG00000189376,59,168
ENSG00000225697,59,169
ENSG00000162601,59,170
ENSG00000135775,59,171
ENSG00000132405,59,172
ENSG00000162694,59,173
ENSG00000099260,59,174
ENSG00000163909,59,175
ENSG00000196968,59,176
ENSG00000163319,59,177
ENSG00000249992,59,178
ENSG00000136237,59,179
ENSG00000145743,59,180
ENSG00000074590,59,181
ENSG00000197363,59,182
ENSG00000154429,59,183
ENSG00000129194,59,184
ENSG00000154310,59,185
ENSG00000198105,59,186
ENSG00000171388,59,187
ENSG00000163281,59,188
ENSG00000225828,59,189
ENSG00000136002,59,190
ENSG00000167528,59,191
ENSG00000166292,59,192
ENSG00000127080,59,193
ENSG00000067048,59,194
ENSG00000151474,59,195
ENSG00000214413,59,196
ENSG00000170954,59,197
ENSG00000188322,59,198
ENSG00000163291,59,199
ENSG00000082196,59,200
ENSG00000198039,59,201
ENSG00000165617,59,202
ENSG00000144161,59,203
ENSG00000049167,59,204
ENSG00000115556,59,205
ENSG00000152784,59,206
ENSG00000156113,59,207
ENSG00000136378,59,208
ENSG00000213139,59,209
ENSG00000136197,59,210
ENSG00000206190,59,211
ENSG00000055813,59,212
ENSG00000125851,59,213
ENSG00000162415,59,214
ENSG00000138675,59,215
ENSG00000275004,59,216
ENSG00000112214,59,217
ENSG00000155592,59,218
ENSG00000133256,59,219
ENSG00000135549,59,220
ENSG00000112137,59,221
ENSG00000118526,59,222
ENSG00000218336,59,223
ENSG00000163288,59,224
ENSG00000262560,59,225
ENSG00000178297,59,226
ENSG00000130433,59,227
ENSG00000249967,59,228
ENSG00000170920,59,229
ENSG00000136297,59,230
ENSG00000188580,59,231
ENSG00000165566,59,232
ENSG00000135346,59,233
ENSG00000280433,59,234
ENSG00000237521,59,235
ENSG00000230778,59,236
ENSG00000005381,59,237
ENSG00000241149,59,238
ENSG00000006116,59,239
ENSG00000102021,59,240
ENSG00000139053,59,241
ENSG00000251184,59,242
ENSG00000182759,59,243
ENSG00000169347,59,244
ENSG00000166407,59,245
ENSG00000274559,59,246
ENSG00000112539,59,247
ENSG00000186583,59,248
ENSG00000206026,59,249
ENSG00000132518,59,250
ENSG00000155657,59,251
ENSG00000173464,59,252
ENSG00000186943,59,253
ENSG00000135973,59,254
ENSG00000151615,59,255
ENSG00000124721,59,256
15104,60,1
15105,60,2
15106,60,3
15107,60,4
15108,60,5
15109,60,6
15110,60,7
15111,60,8
15112,60,9
15113,60,10
15114,60,11
15115,60,12
15116,60,13
15117,60,14
15118,60,15
15119,60,16
15120,60,17
15121,60,18
15122,60,19
15123,60,20
15124,60,21
15125,60,22
15126,60,23
15127,60,24
15128,60,25
15129,60,26
15130,60,27
15131,60,28
15132,60,29
15133,60,30
15134,60,31
15135,60,32
15136,60,33
15137,60,34
15138,60,35
15139,60,36
15140,60,37
15141,60,38
15142,60,39
15143,60,40
15144,60,41
15145,60,42
15146,60,43
15147,60,44
15148,60,45
15149,60,46
15150,60,47
15151,60,48
15152,60,49
15153,60,50
15154,60,51
15155,60,52
15156,60,53
15157,60,54
15158,60,55
15159,60,56
15160,60,57
15161,60,58
15162,60,59
15163,60,60
15164,60,61
15165,60,62
15166,60,63
15167,60,64
15168,60,65
15169,60,66
15170,60,67
15171,60,68
15172,60,69
15173,60,70
15174,60,71
15175,60,72
15176,60,73
15177,60,74
15178,60,75
15179,60,76
15180,60,77
15181,60,78
15182,60,79
15183,60,80
15184,60,81
15185,60,82
15186,60,83
15187,60,84
15188,60,85
15189,60,86
15190,60,87
15191,60,88
15192,60,89
15193,60,90
15194,60,91
15195,60,92
15196,60,93
15197,60,94
ENSG00000145293,60,95
ENSG00000170638,60,96
ENSG00000159403,60,97
ENSG00000197157,60,98
ENSG00000131508,60,99
ENSG00000150459,60,100
ENSG00000182871,60,101
ENSG00000188986,60,102
ENSG00000111652,60,103
ENSG00000179526,60,104
ENSG00000179115,60,105
ENSG00000182004,60,106
ENSG00000174851,60,107
ENSG00000204392,60,108
ENSG00000102024,60,109
ENSG00000141985,60,110
ENSG00000124226,60,111
ENSG00000187244,60,112
ENSG00000122359,60,113
ENSG00000130429,60,114
ENSG00000179051,60,115
ENSG00000165527,60,116
ENSG00000135862,60,117
ENSG00000189067,60,118
ENSG00000133606,60,119
ENSG00000162236,60,120
ENSG00000167779,60,121
ENSG00000173674,60,122
ENSG00000176393,60,123
ENSG00000131871,60,124
ENSG00000103342,60,125
ENSG00000136628,60,126
ENSG00000198492,60,127
ENSG00000102390,60,128
ENSG00000126067,60,129
ENSG00000117395,60,130
ENSG00000197780,60,131
ENSG00000117751,60,132
ENSG00000134375,60,133
ENSG00000170881,60,134
ENSG00000136636,60,135
ENSG00000204560,60,136
ENSG00000008130,60,137
ENSG00000198522,60,138
ENSG00000136699,60,139
ENSG00000160094,60,140
ENSG00000113552,60,141
ENSG00000116199,60,142
ENSG00000115839,60,143
ENSG00000138386,60,144
ENSG00000188529,60,145
ENSG00000154767,60,146
ENSG00000198301,60,147
ENSG00000124383,60,148
ENSG00000119844,60,149
ENSG00000116977,60,150
ENSG00000128708,60,151
ENSG00000127603,60,152
ENSG00000003402,60,153
ENSG00000104365,60,154
ENSG00000164758,60,155
ENSG00000168827,60,156
ENSG00000188290,60,157
ENSG00000125351,60,158
ENSG00000047579,60,159
ENSG00000171503,60,160
ENSG00000134480,60,161
ENSG00000105875,60,162
ENSG00000158882,60,163
ENSG00000157911,60,164
ENSG00000174177,60,165
ENSG00000164008,60,166
ENSG00000173621,60,167
ENSG00000160072,60,168
ENSG00000041988,60,169
ENSG00000272047,60,170
ENSG00000122085,60,171
ENSG00000028839,60,172
ENSG00000196616,60,173
ENSG00000184347,60,174
ENSG00000071205,60,175
ENSG00000180035,60,176
ENSG00000134222,60,177
ENSG00000148057,60,178
ENSG00000163686,60,179
ENSG00000011347,60,180
ENSG00000215375,60,181
ENSG00000067606,60,182
ENSG00000181751,60,183
ENSG00000092445,60,184
ENSG00000082397,60,185
ENSG00000143702,60,186
ENSG00000170634,60,187
ENSG00000009950,60,188
ENSG00000152443,60,189
ENSG00000164530,60,190
ENSG00000167785,60,191
ENSG00000144935,60,192
ENSG00000185100,60,193
ENSG00000165810,60,194
ENSG00000177946,60,195
ENSG00000186376,60,196
ENSG00000256223,60,197
ENSG00000104218,60,198
ENSG00000115137,60,199
ENSG00000160188,60,200
ENSG00000104177,60,201
ENSG00000068976,60,202
ENSG00000127472,60,203
ENSG00000138639,60,204
ENSG00000166405,60,205
ENSG00000177990,60,206
ENSG00000172260,60,207
ENSG00000138944,60,208
ENSG00000177374,60,209
ENSG00000263956,60,210
ENSG00000162944,60,211
ENSG00000118473,60,212
ENSG00000164663,60,213
ENSG00000167523,60,214
ENSG00000187240,60,215
ENSG00000269179,60,216
ENSG00000188227,60,217
ENSG00000106852,60,218
ENSG00000203908,60,219
ENSG00000183346,60,220
ENSG00000112541,60,221
ENSG00000111879,60,222
ENSG00000161509,60,223
ENSG00000152270,60,224
ENSG00000148482,60,225
ENSG00000011332,60,226
ENSG00000106689,60,227
ENSG00000167889,60,228
ENSG00000177108,60,229
ENSG00000116147,60,230
ENSG00000152954,60,231
ENSG00000111783,60,232
ENSG00000213809,60,233
ENSG00000236032,60,234
ENSG00000111218,60,235
ENSG00000172967,60,236
ENSG00000183454,60,237
ENSG00000101680,60,238
ENSG00000145700,60,239
ENSG00000251537,60,240
ENSG00000261594,60,241
ENSG00000281106,60,242
ENSG00000183542,60,243
ENSG00000187969,60,244
ENSG00000129204,60,245
ENSG00000276240,60,246
ENSG00000161807,60,247
ENSG00000101203,60,248
ENSG00000232125,60,249
ENSG00000119913,60,250
ENSG00000275895,60,251
ENSG00000243130,60,252
ENSG00000155087,60,253
ENSG00000183024,60,254
ENSG00000274391,60,255
ENSG00000169484,60,256
15360,61,1
15361,61,2
15362,61,3
15363,61,4
15364,61,5
15365,61,6
15366,61,7
15367,61,8
15368,61,9
15369,61,10
15370,61,11
15371,61,12
15372,61,13
15373,61,14
15374,61,15
15375,61,16
15376,61,17
15377,61,18
15378,61,19
15379,61,20
15380,61,21
15381,61,22
15382,61,23
15383,61,24
15384,61,25
15385,61,26
15386,61,27
15387,61,28
15388,61,29
15389,61,30
15390,61,31
15391,61,32
15392,61,33
15393,61,34
15394,61,35
15395,61,36
15396,61,37
15397,61,38
15398,61,39
15399,61,40
15400,61,41
15401,61,42
15402,61,43
15403,61,44
15404,61,45
15405,61,46
15406,61,47
15407,61,48
15408,61,49
15409,61,50
15410,61,51
15411,61,52
15412,61,53
15413,61,54
15414,61,55
15415,61,56
15416,61,57
15417,61,58
15418,61,59
15419,61,60
15420,61,61
15421,61,62
15422,61,63
15423,61,64
15424,61,65
15425,61,66
15426,61,67
15427,61,68
15428,61,69
15429,61,70
15430,61,71
15431,61,72
15432,61,73
15433,61,74
15434,61,75
15435,61,76
15436,61,77
15437,61,78
15438,61,79
15439,61,80
15440,61,81
15441,61,82
15442,61,83
15443,61,84
15444,61,85
15445,61,86
15446,61,87
15447,61,88
15448,61,89
15449,61,90
15450,61,91
15451,61,92
15452,61,93
15453,61,94
ENSG00000174238,61,95
ENSG00000119318,61,96
ENSG00000089289,61,97
ENSG00000168488,61,98
ENSG00000134153,61,99
ENSG00000170759,61,100
ENSG00000143862,61,101
ENSG00000179271,61,102
ENSG00000115875,61,103
ENSG00000187446,61,104
ENSG00000170876,61,105
ENSG00000116044,61,106
ENSG00000165949,61,107
ENSG00000143545,61,108
ENSG00000140564,61,109
ENSG00000104870,61,110
ENSG00000100603,61,111
ENSG00000167470,61,112
ENSG00000182952,61,113
ENSG00000187840,61,114
ENSG00000110092,61,115
ENSG00000149428,61,116
ENSG00000125753,61,117
ENSG00000170035,61,118
ENSG00000186298,61,119
ENSG00000164897,61,120
ENSG00000145050,61,121
ENSG00000116285,61,122
ENSG00000205302,61,123
ENSG00000129187,61,124
ENSG00000004455,61,125
ENSG00000115091,61,126
ENSG00000132676,61,127
ENSG00000182199,61,128
ENSG00000183431,61,129
ENSG00000133935,61,130
ENSG00000265241,61,131
ENSG00000125944,61,132
ENSG00000196776,61,133
ENSG00000120256,61,134
ENSG00000097033,61,135
ENSG00000153147,61,136
ENSG00000025800,61,137
ENSG00000088205,61,138
ENSG00000105325,61,139
ENSG00000160813,61,140
ENSG00000008324,61,141
ENSG00000117153,61,142
ENSG00000137414,61,143
ENSG00000144591,61,144
ENSG00000066136,61,145
ENSG00000175970,61,146
ENSG00000129691,61,147
ENSG00000137955,61,148
ENSG00000151690,61,149
ENSG00000085978,61,150
ENSG00000189339,61,151
ENSG00000271601,61,152
ENSG00000041880,61,153
ENSG00000169116,61,154
ENSG00000176435,61,155
ENSG00000156990,61,156
ENSG00000066084,61,157
ENSG00000162817,61,158
ENSG00000148339,61,159
ENSG00000121940,61,160
ENSG00000265491,61,161
ENSG00000130023,61,162
ENSG00000158106,61,163
ENSG00000145945,61,164
ENSG00000114098,61,165
ENSG00000047056,61,166
ENSG00000144485,61,167
ENSG00000143224,61,168
ENSG00000205356,61,169
ENSG00000058453,61,170
ENSG00000170949,61,171
ENSG00000122481,61,172
ENSG00000163512,61,173
ENSG00000161267,61,174
ENSG00000173641,61,175
ENSG00000172403,61,176
ENSG00000164176,61,177
ENSG00000171735,61,178
ENSG00000165152,61,179
ENSG00000109189,61,180
ENSG00000134569,61,181
ENSG00000205133,61,182
ENSG00000241058,61,183
ENSG00000168172,61,184
ENSG00000243335,61,185
ENSG00000174456,61,186
ENSG00000144040,61,187
ENSG00000169122,61,188
ENSG00000138111,61,189
ENSG00000160801,61,190
ENSG00000154889,61,191
ENSG00000179859,61,192
ENSG00000144908,61,193
ENSG00000166250,61,194
ENSG00000128346,61,195
ENSG00000198844,61,196
ENSG00000154783,61,197
ENSG00000103199,61,198
ENSG00000171291,61,199
ENSG00000168116,61,200
ENSG00000128000,61,201
ENSG00000234616,61,202
ENSG00000196263,61,203
ENSG00000189227,61,204
ENSG00000163596,61,205
ENSG00000088538,61,206
ENSG00000154319,61,207
ENSG00000181856,61,208
ENSG00000144230,61,209
ENSG00000122986,61,210
ENSG00000023171,61,211
ENSG00000198756,61,212
ENSG00000084710,61,213
ENSG00000153982,61,214
ENSG00000246922,61,215
ENSG00000169340,61,216
ENSG00000111058,61,217
ENSG00000262660,61,218
ENSG00000172404,61,219
ENSG00000083454,61,220
ENSG00000115361,61,221
ENSG00000118307,61,222
ENSG00000175619,61,223
ENSG00000176020,61,224
ENSG00000176253,61,225
ENSG00000182103,61,226
ENSG00000176244,61,227
ENSG00000197106,61,228
ENSG00000187094,61,229
ENSG00000205927,61,230
ENSG00000198822,61,231
ENSG00000155886,61,232
ENSG00000106327,61,233
ENSG00000186105,61,234
ENSG00000172519,61,235
ENSG00000180016,61,236
ENSG00000257057,61,237
ENSG00000169575,61,238
ENSG00000255837,61,239
ENSG00000170074,61,240
ENSG00000165731,61,241
ENSG00000156486,61,242
ENSG00000278570,61,243
ENSG00000276410,61,244
ENSG00000131951,61,245
ENSG00000170324,61,246
ENSG00000171496,61,247
ENSG00000178115,61,248
ENSG00000261130,61,249
ENSG00000198633,61,250
ENSG00000172324,61,251
ENSG00000197168,61,252
ENSG00000182676,61,253
ENSG00000181961,61,254
ENSG00000227877,61,255
ENSG00000167210,61,256
15616,62,1
15617,62,2
15618,62,3
15619,62,4
15620,62,5
15621,62,6
15622,62,7
15623,62,8
15624,62,9
15625,62,10
15626,62,11
15627,62,12
15628,62,13
15629,62,14
15630,62,15
15631,62,16
15632,62,17
15633,62,18
15634,62,19
15635,62,20
15636,62,21
15637,62,22
15638,62,23
15639,62,24
15640,62,25
15641,62,26
15642,62,27
15643,62,28
15644,62,29
15645,62,30
15646,62,31
15647,62,32
15648,62,33
15649,62,34
15650,62,35
15651,62,36
15652,62,37
15653,62,38
15654,62,39
15655,62,40
15656,62,41
15657,62,42
15658,62,43
ENSG00000163191,62,44
15660,62,45
15661,62,46
15662,62,47
15663,62,48
15664,62,49
15665,62,50
15666,62,51
15667,62,52
15668,62,53
15669,62,54
15670,62,55
15671,62,56
15672,62,57
15673,62,58
15674,62,59
15675,62,60
15676,62,61
15677,62,62
15678,62,63
15679,62,64
15680,62,65
15681,62,66
15682,62,67
15683,62,68
15684,62,69
15685,62,70
15686,62,71
15687,62,72
15688,62,73
15689,62,74
15690,62,75
15691,62,76
15692,62,77
15693,62,78
15694,62,79
15695,62,80
15696,62,81
15697,62,82
15698,62,83
15699,62,84
15700,62,85
15701,62,86
15702,62,87
15703,62,88
15704,62,89
15705,62,90
15706,62,91
15707,62,92
15708,62,93
ENSG00000101474,62,94
ENSG00000111602,62,95
ENSG00000134056,62,96
ENSG00000204388,62,97
ENSG00000150753,62,98
ENSG00000112110,62,99
ENSG00000150093,62,100
ENSG00000022277,62,101
ENSG00000172216,62,102
ENSG00000077312,62,103
ENSG00000131495,62,104
ENSG00000185651,62,105
ENSG00000147274,62,106
ENSG00000204264,62,107
ENSG00000086065,62,108
ENSG00000002834,62,109
ENSG00000119777,62,110
ENSG00000051108,62,111
ENSG00000100216,62,112
ENSG00000163527,62,113
ENSG00000083444,62,114
ENSG00000108424,62,115
ENSG00000067082,62,116
ENSG00000170606,62,117
ENSG00000160691,62,118
ENSG00000113583,62,119
ENSG00000188157,62,120
ENSG00000112118,62,121
ENSG00000186395,62,122
ENSG00000204580,62,123
ENSG00000109610,62,124
ENSG00000153113,62,125
ENSG00000134291,62,126
ENSG00000116237,62,127
ENSG00000116863,62,128
ENSG00000123136,62,129
ENSG00000234127,62,130
ENSG00000011260,62,131
ENSG00000131778,62,132
ENSG00000078140,62,133
ENSG00000115944,62,134
ENSG00000116171,62,135
ENSG00000178585,62,136
ENSG00000117525,62,137
ENSG00000119787,62,138
ENSG00000177646,62,139
ENSG00000160087,62,140
ENSG00000115350,62,141
ENSG00000010803,62,142
ENSG00000142102,62,143
ENSG00000167543,62,144
ENSG00000142655,62,145
ENSG00000050820,62,146
ENSG00000104267,62,147
ENSG00000114993,62,148
ENSG00000107562,62,149
ENSG00000113460,62,150
ENSG00000163719,62,151
ENSG00000116266,62,152
ENSG00000162869,62,153
ENSG00000198478,62,154
ENSG00000164904,62,155
ENSG00000169139,62,156
ENSG00000253368,62,157
ENSG00000136243,62,158
ENSG00000106351,62,159
ENSG00000143515,62,160
ENSG00000185722,62,161
ENSG00000059588,62,162
ENSG00000006530,62,163
ENSG00000136161,62,164
ENSG00000162378,62,165
ENSG00000182287,62,166
ENSG00000048991,62,167
ENSG00000237765,62,168
ENSG00000126215,62,169
ENSG00000177595,62,170
ENSG00000132359,62,171
ENSG00000169762,62,172
ENSG00000133641,62,173
ENSG00000069424,62,174
ENSG00000161996,62,175
ENSG00000166831,62,176
ENSG00000104490,62,177
ENSG00000170915,62,178
ENSG00000131089,62,179
ENSG00000197885,62,180
ENSG00000131437,62,181
ENSG00000162755,62,182
ENSG00000162174,62,183
ENSG00000167676,62,184
ENSG00000143434,62,185
ENSG00000111752,62,186
ENSG00000106236,62,187
ENSG00000105419,62,188
ENSG00000081189,62,189
ENSG00000102931,62,190
ENSG00000275835,62,191
ENSG00000177045,62,192
ENSG00000142303,62,193
ENSG00000160539,62,194
ENSG00000140386,62,195
ENSG00000260428,62,196
ENSG00000099840,62,197
ENSG00000101871,62,198
ENSG00000188785,62,199
ENSG00000120662,62,200
ENSG00000133114,62,201
ENSG00000165113,62,202
ENSG00000137494,62,203
ENSG00000073464,62,204
ENSG00000160097,62,205
ENSG00000171385,62,206
ENSG00000058866,62,207
ENSG00000134121,62,208
ENSG00000101463,62,209
ENSG00000169851,62,210
ENSG00000130856,62,211
ENSG00000152128,62,212
ENSG00000197959,62,213
ENSG00000153707,62,214
ENSG00000119720,62,215
ENSG00000150510,62,216
ENSG00000102466,62,217
ENSG00000128805,62,218
ENSG00000164309,62,219
ENSG00000214967,62,220
ENSG00000102904,62,221
ENSG00000196475,62,222
ENSG00000156925,62,223
ENSG00000182256,62,224
ENSG00000125675,62,225
ENSG00000124479,62,226
ENSG00000145721,62,227
ENSG00000008118,62,228
ENSG00000129990,62,229
ENSG00000110786,62,230
ENSG00000242389,62,231
ENSG00000182601,62,232
ENSG00000070915,62,233
ENSG00000187416,62,234
ENSG00000198881,62,235
ENSG00000187122,62,236
ENSG00000250374,62,237
ENSG00000187616,62,238
ENSG00000176358,62,239
ENSG00000135406,62,240
ENSG00000189357,62,241
ENSG00000179057,62,242
ENSG00000155714,62,243
ENSG00000099715,62,244
ENSG00000158077,62,245
ENSG00000261796,62,246
ENSG00000172139,62,247
ENSG00000272514,62,248
ENSG00000264717,62,249
ENSG00000120329,62,250
ENSG00000233816,62,251
ENSG00000177138,62,252
ENSG00000255346,62,253
ENSG00000204583,62,254
ENSG00000272297,62,255
ENSG00000179240,62,256
15872,63,1
15873,63,2
15874,63,3
15875,63,4
15876,63,5
15877,63,6
15878,63,7
15879,63,8
15880,63,9
15881,63,10
15882,63,11
15883,63,12
15884,63,13
15885,63,14
15886,63,15
15887,63,16
15888,63,17
15889,63,18
15890,63,19
15891,63,20
15892,63,21
15893,63,22
15894,63,23
15895,63,24
15896,63,25
15897,63,26
15898,63,27
15899,63,28
15900,63,29
15901,63,30
15902,63,31
15903,63,32
15904,63,33
15905,63,34
15906,63,35
15907,63,36
15908,63,37
15909,63,38
15910,63,39
15911,63,40
15912,63,41
15913,63,42
15914,63,43
15915,63,44
15916,63,45
15917,63,46
15918,63,47
15919,63,48
15920,63,49
15921,63,50
15922,63,51
15923,63,52
15924,63,53
15925,63,54
15926,63,55
15927,63,56
15928,63,57
15929,63,58
15930,63,59
15931,63,60
15932,63,61
15933,63,62
15934,63,63
15935,63,64
15936,63,65
15937,63,66
15938,63,67
15939,63,68
15940,63,69
15941,63,70
15942,63,71
15943,63,72
15944,63,73
15945,63,74
15946,63,75
15947,63,76
15948,63,77
15949,63,78
15950,63,79
15951,63,80
15952,63,81
15953,63,82
15954,63,83
15955,63,84
15956,63,85
15957,63,86
15958,63,87
15959,63,88
15960,63,89
15961,63,90
15962,63,91
15963,63,92
15964,63,93
15965,63,94
ENSG00000108561,63,95
ENSG00000120438,63,96
ENSG00000277443,63,97
ENSG00000132432,63,98
ENSG00000152291,63,99
ENSG00000123131,63,100
ENSG00000070413,63,101
ENSG00000175220,63,102
ENSG00000178209,63,103
ENSG00000104388,63,104
ENSG00000221869,63,105
ENSG00000155506,63,106
ENSG00000147400,63,107
ENSG00000197324,63,108
ENSG00000135052,63,109
ENSG00000100983,63,110
ENSG00000172336,63,111
ENSG00000111348,63,112
ENSG00000253352,63,113
ENSG00000106565,63,114
ENSG00000159461,63,115
ENSG00000075426,63,116
ENSG00000187608,63,117
ENSG00000164442,63,118
ENSG00000049860,63,119
ENSG00000055070,63,120
ENSG00000110880,63,121
ENSG00000114354,63,122
ENSG00000141030,63,123
ENSG00000162576,63,124
ENSG00000129116,63,125
ENSG00000116898,63,126
ENSG00000173545,63,127
ENSG00000129925,63,128
ENSG00000164713,63,129
ENSG00000116005,63,130
ENSG00000106299,63,131
ENSG00000117614,63,132
ENSG00000115446,63,133
ENSG00000127838,63,134
ENSG00000204272,63,135
ENSG00000161642,63,136
ENSG00000173230,63,137
ENSG00000131788,63,138
ENSG00000130193,63,139
ENSG00000140307,63,140
ENSG00000204220,63,141
ENSG00000169599,63,142
ENSG00000163444,63,143
ENSG00000075151,63,144
ENSG00000023287,63,145
ENSG00000143013,63,146
ENSG00000132313,63,147
ENSG00000122873,63,148
ENSG00000163017,63,149
ENSG00000065809,63,150
ENSG00000065882,63,151
ENSG00000127955,63,152
ENSG00000075711,63,153
ENSG00000146409,63,154
ENSG00000109654,63,155
ENSG00000119878,63,156
ENSG00000104723,63,157
ENSG00000121741,63,158
ENSG00000183018,63,159
ENSG00000151468,63,160
ENSG00000181218,63,161
ENSG00000162599,63,162
ENSG00000114770,63,163
ENSG00000178567,63,164
ENSG00000117533,63,165
ENSG00000118292,63,166
ENSG00000057935,63,167
ENSG00000197062,63,168
ENSG00000122035,63,169
ENSG00000215788,63,170
ENSG00000124615,63,171
ENSG00000145476,63,172
ENSG00000134278,63,173
ENSG00000224531,63,174
ENSG00000129675,63,175
ENSG00000109670,63,176
ENSG00000114790,63,177
ENSG00000160055,63,178
ENSG00000157796,63,179
ENSG00000169255,63,180
ENSG00000163536,63,181
ENSG00000119782,63,182
ENSG00000083544,63,183
ENSG00000004660,63,184
ENSG00000163093,63,185
ENSG00000243156,63,186
ENSG00000255690,63,187
ENSG00000131773,63,188
ENSG00000076650,63,189
ENSG00000198089,63,190
ENSG00000059145,63,191
ENSG00000144857,63,192
ENSG00000186088,63,193
ENSG00000186994,63,194
ENSG00000122707,63,195
ENSG00000164118,63,196
ENSG00000162572,63,197
ENSG00000070269,63,198
ENSG00000186448,63,199
ENSG00000125434,63,200
ENSG00000245680,63,201
ENSG00000101574,63,202
ENSG00000214113,63,203
ENSG00000163485,63,204
ENSG00000087085,63,205
ENSG00000205090,63,206
ENSG00000162426,63,207
ENSG00000123360,63,208
ENSG00000196368,63,209
ENSG00000215218,63,210
ENSG00000141750,63,211
ENSG00000078053,63,212
ENSG00000187730,63,213
ENSG00000135905,63,214
ENSG00000008277,63,215
ENSG00000159885,63,216
ENSG00000156076,63,217
ENSG00000146221,63,218
ENSG00000102935,63,219
ENSG00000128578,63,220
ENSG00000111728,63,221
ENSG00000126251,63,222
ENSG00000145416,63,223
ENSG00000189367,63,224
ENSG00000164418,63,225
ENSG00000162975,63,226
ENSG00000154027,63,227
ENSG00000066032,63,228
ENSG00000205704,63,229
ENSG00000078328,63,230
ENSG00000112280,63,231
ENSG00000197430,63,232
ENSG00000161681,63,233
ENSG00000125931,63,234
ENSG00000167194,63,235
ENSG00000159556,63,236
ENSG00000164256,63,237
ENSG00000188152,63,238
ENSG00000213822,63,239
ENSG00000168267,63,240
ENSG00000102053,63,241
ENSG00000188991,63,242
ENSG00000077279,63,243
ENSG00000099866,63,244
ENSG00000180071,63,245
ENSG00000124215,63,246
ENSG00000233670,63,247
ENSG00000078795,63,248
ENSG00000187747,63,249
ENSG00000141371,63,250
ENSG00000196277,63,251
ENSG00000248383,63,252
ENSG00000274276,63,253
ENSG00000182187,63,254
ENSG00000179873,63,255
ENSG00000167791,63,256
16128,64,1
16129,64,2
16130,64,3
16131,64,4
16132,64,5
16133,64,6
16134,64,7
16135,64,8
16136,64,9
16137,64,10
16138,64,11
16139,64,12
16140,64,13
16141,64,14
16142,64,15
16143,64,16
16144,64,17
16145,64,18
16146,64,19
16147,64,20
16148,64,21
16149,64,22
16150,64,23
16151,64,24
16152,64,25
16153,64,26
16154,64,27
16155,64,28
16156,64,29
16157,64,30
16158,64,31
16159,64,32
16160,64,33
16161,64,34
16162,64,35
16163,64,36
16164,64,37
16165,64,38
16166,64,39
16167,64,40
16168,64,41
16169,64,42
16170,64,43
16171,64,44
16172,64,45
16173,64,46
16174,64,47
16175,64,48
16176,64,49
16177,64,50
16178,64,51
16179,64,52
16180,64,53
16181,64,54
16182,64,55
16183,64,56
16184,64,57
16185,64,58
16186,64,59
16187,64,60
16188,64,61
16189,64,62
16190,64,63
16191,64,64
16192,64,65
16193,64,66
16194,64,67
16195,64,68
16196,64,69
16197,64,70
16198,64,71
16199,64,72
16200,64,73
16201,64,74
16202,64,75
16203,64,76
16204,64,77
16205,64,78
16206,64,79
16207,64,80
16208,64,81
16209,64,82
16210,64,83
16211,64,84
16212,64,85
16213,64,86
16214,64,87
16215,64,88
16216,64,89
16217,64,90
16218,64,91
16219,64,92
16220,64,93
16221,64,94
ENSG00000105583,64,95
ENSG00000185627,64,96
ENSG00000161011,64,97
ENSG00000138668,64,98
ENSG00000266412,64,99
ENSG00000147677,64,100
ENSG00000113312,64,101
ENSG00000099875,64,102
ENSG00000125730,64,103
ENSG00000023191,64,104
ENSG00000126698,64,105
ENSG00000137309,64,106
ENSG00000204619,64,107
ENSG00000111667,64,108
ENSG00000243147,64,109
ENSG00000106609,64,110
ENSG00000067182,64,111
ENSG00000143570,64,112
ENSG00000144579,64,113
ENSG00000125520,64,114
ENSG00000121900,64,115
ENSG00000122565,64,116
ENSG00000115415,64,117
ENSG00000184432,64,118
ENSG00000138768,64,119
ENSG00000143569,64,120
ENSG00000173402,64,121
ENSG00000115275,64,122
ENSG00000157916,64,123
ENSG00000071967,64,124
ENSG00000175348,64,125
ENSG00000128654,64,126
ENSG00000066027,64,127
ENSG00000042445,64,128
ENSG00000164040,64,129
ENSG00000117143,64,130
ENSG00000037474,64,131
ENSG00000054116,64,132
ENSG00000135900,64,133
ENSG00000181817,64,134
ENSG00000068394,64,135
ENSG00000156052,64,136
ENSG00000120733,64,137
ENSG00000145495,64,138
ENSG00000176986,64,139
ENSG00000170955,64,140
ENSG00000143198,64,141
ENSG00000198860,64,142
ENSG00000151414,64,143
ENSG00000120333,64,144
ENSG00000014824,64,145
ENSG00000077585,64,146
ENSG00000143514,64,147
ENSG00000127920,64,148
ENSG00000137507,64,149
ENSG00000168924,64,150
ENSG00000143409,64,151
ENSG00000086189,64,152
ENSG00000115966,64,153
ENSG00000075945,64,154
ENSG00000181915,64,155
ENSG00000182247,64,156
ENSG00000005448,64,157
ENSG00000171853,64,158
ENSG00000187091,64,159
ENSG00000153885,64,160
ENSG00000145214,64,161
ENSG00000155324,64,162
ENSG00000117625,64,163
ENSG00000119900,64,164
ENSG00000157077,64,165
ENSG00000085433,64,166
ENSG00000187535,64,167
ENSG00000049246,64,168
ENSG00000163697,64,169
ENSG00000165757,64,170
ENSG00000112294,64,171
ENSG00000168785,64,172
ENSG00000186260,64,173
ENSG00000013016,64,174
ENSG00000175182,64,175
ENSG00000159208,64,176
ENSG00000157693,64,177
ENSG00000197375,64,178
ENSG00000059691,64,179
ENSG00000155093,64,180
ENSG00000198720,64,181
ENSG00000115526,64,182
ENSG00000124374,64,183
ENSG00000138835,64,184
ENSG00000185024,64,185
ENSG00000105963,64,186
ENSG00000135063,64,187
ENSG00000078269,64,188
ENSG00000162341,64,189
ENSG00000167703,64,190
ENSG00000185052,64,191
ENSG00000140104,64,192
ENSG00000104129,64,193
ENSG00000069966,64,194
ENSG00000113231,64,195
ENSG00000213762,64,196
ENSG00000177853,64,197
ENSG00000256087,64,198
ENSG00000154265,64,199
ENSG00000128881,64,200
ENSG00000130475,64,201
ENSG00000100628,64,202
ENSG00000150527,64,203
ENSG00000197444,64,204
ENSG00000117016,64,205
ENSG00000155265,64,206
ENSG00000182575,64,207
ENSG00000172137,64,208
ENSG00000162873,64,209
ENSG00000157064,64,210
ENSG00000146574,64,211
ENSG00000172159,64,212
ENSG00000135454,64,213
ENSG00000109339,64,214
ENSG00000173275,64,215
ENSG00000220201,64,216
ENSG00000107890,64,217
ENSG00000222014,64,218
ENSG00000169393,64,219
ENSG00000103021,64,220
ENSG00000129646,64,221
ENSG00000163833,64,222
ENSG00000241697,64,223
ENSG00000134042,64,224
ENSG00000182132,64,225
ENSG00000175161,64,226
ENSG00000260230,64,227
ENSG00000149926,64,228
ENSG00000172995,64,229
ENSG00000182901,64,230
ENSG00000263715,64,231
ENSG00000214376,64,232
ENSG00000159915,64,233
ENSG00000184647,64,234
ENSG00000151490,64,235
ENSG00000214940,64,236
ENSG00000188674,64,237
ENSG00000189052,64,238
ENSG00000216937,64,239
ENSG00000107147,64,240
ENSG00000111049,64,241
ENSG00000186471,64,242
ENSG00000186334,64,243
ENSG00000070729,64,244
ENSG00000104327,64,245
ENSG00000130270,64,246
ENSG00000151834,64,247
ENSG00000224107,64,248
ENSG00000170777,64,249
ENSG00000165521,64,250
ENSG00000142182,64,251
ENSG00000186086,64,252
ENSG00000176566,64,253
ENSG00000268107,64,254
ENSG00000130783,64,255
ENSG00000273734,64,256
16384,65,1
16385,65,2
16386,65,3
16387,65,4
16388,65,5
16389,65,6
16390,65,7
16391,65,8
16392,65,9
16393,65,10
16394,65,11
16395,65,12
16396,65,13
16397,65,14
16398,65,15
16399,65,16
16400,65,17
16401,65,18
16402,65,19
16403,65,20
16404,65,21
16405,65,22
16406,65,23
16407,65,24
16408,65,25
16409,65,26
16410,65,27
16411,65,28
16412,65,29
16413,65,30
16414,65,31
16415,65,32
16416,65,33
16417,65,34
16418,65,35
16419,65,36
16420,65,37
16421,65,38
16422,65,39
16423,65,40
16424,65,41
16425,65,42
16426,65,43
16427,65,44
16428,65,45
16429,65,46
16430,65,47
16431,65,48
16432,65,49
16433,65,50
16434,65,51
16435,65,52
16436,65,53
16437,65,54
16438,65,55
16439,65,56
16440,65,57
16441,65,58
16442,65,59
16443,65,60
16444,65,61
16445,65,62
16446,65,63
16447,65,64
16448,65,65
16449,65,66
16450,65,67
16451,65,68
16452,65,69
16453,65,70
16454,65,71
16455,65,72
16456,65,73
16457,65,74
16458,65,75
16459,65,76
16460,65,77
16461,65,78
16462,65,79
16463,65,80
16464,65,81
16465,65,82
16466,65,83
16467,65,84
16468,65,85
16469,65,86
16470,65,87
16471,65,88
16472,65,89
16473,65,90
16474,65,91
16475,65,92
16476,65,93
16477,65,94
ENSG00000100075,65,95
ENSG00000171552,65,96
ENSG00000105887,65,97
ENSG00000182220,65,98
ENSG00000157514,65,99
ENSG00000122862,65,100
ENSG00000106105,65,101
ENSG00000124214,65,102
ENSG00000104969,65,103
ENSG00000213676,65,104
ENSG00000131408,65,105
ENSG00000198355,65,106
ENSG00000120509,65,107
ENSG00000198856,65,108
ENSG00000144224,65,109
ENSG00000099956,65,110
ENSG00000143870,65,111
ENSG00000162889,65,112
ENSG00000162496,65,113
ENSG00000116478,65,114
ENSG00000066322,65,115
ENSG00000135829,65,116
ENSG00000124795,65,117
ENSG00000067704,65,118
ENSG00000002549,65,119
ENSG00000144118,65,120
ENSG00000126062,65,121
ENSG00000161013,65,122
ENSG00000164062,65,123
ENSG00000129128,65,124
ENSG00000116679,65,125
ENSG00000162910,65,126
ENSG00000163875,65,127
ENSG00000162521,65,128
ENSG00000213625,65,129
ENSG00000052802,65,130
ENSG00000137216,65,131
ENSG00000157191,65,132
ENSG00000135972,65,133
ENSG00000090432,65,134
ENSG00000085998,65,135
ENSG00000174132,65,136
ENSG00000115561,65,137
ENSG00000215717,65,138
ENSG00000189221,65,139
ENSG00000143164,65,140
ENSG00000117054,65,141
ENSG00000136044,65,142
ENSG00000119326,65,143
ENSG00000113621,65,144
ENSG00000142687,65,145
ENSG00000173409,65,146
ENSG00000112851,65,147
ENSG00000214063,65,148
ENSG00000101955,65,149
ENSG00000132300,65,150
ENSG00000119185,65,151
ENSG00000115504,65,152
ENSG00000143376,65,153
ENSG00000118200,65,154
ENSG00000187147,65,155
ENSG00000156973,65,156
ENSG00000166352,65,157
ENSG00000102606,65,158
ENSG00000087206,65,159
ENSG00000028310,65,160
ENSG00000278615,65,161
ENSG00000111961,65,162
ENSG00000135945,65,163
ENSG00000138081,65,164
ENSG00000126803,65,165
ENSG00000255529,65,166
ENSG00000138002,65,167
ENSG00000065802,65,168
ENSG00000185630,65,169
ENSG00000099992,65,170
ENSG00000104728,65,171
ENSG00000204344,65,172
ENSG00000196323,65,173
ENSG00000144199,65,174
ENSG00000126091,65,175
ENSG00000105516,65,176
ENSG00000204149,65,177
ENSG00000167393,65,178
ENSG00000170485,65,179
ENSG00000106025,65,180
ENSG00000181754,65,181
ENSG00000197872,65,182
ENSG00000236609,65,183
ENSG00000010626,65,184
ENSG00000185745,65,185
ENSG00000186687,65,186
ENSG00000100916,65,187
ENSG00000182957,65,188
ENSG00000166188,65,189
ENSG00000080493,65,190
ENSG00000141540,65,191
ENSG00000141298,65,192
ENSG00000123096,65,193
ENSG00000104643,65,194
ENSG00000166073,65,195
ENSG00000100033,65,196
ENSG00000156239,65,197
ENSG00000108423,65,198
ENSG00000206077,65,199
ENSG00000121350,65,200
ENSG00000185219,65,201
ENSG00000204128,65,202
ENSG00000197619,65,203
ENSG00000107282,65,204
ENSG00000158560,65,205
ENSG00000135447,65,206
ENSG00000013297,65,207
ENSG00000114948,65,208
ENSG00000117152,65,209
ENSG00000119636,65,210
ENSG00000142556,65,211
ENSG00000135315,65,212
ENSG00000078043,65,213
ENSG00000269713,65,214
ENSG00000172752,65,215
ENSG00000165028,65,216
ENSG00000280071,65,217
ENSG00000274791,65,218
ENSG00000111664,65,219
ENSG00000184908,65,220
ENSG00000130948,65,221
ENSG00000170100,65,222
ENSG00000104888,65,223
ENSG00000120645,65,224
ENSG00000183837,65,225
ENSG00000163618,65,226
ENSG00000116254,65,227
ENSG00000116544,65,228
ENSG00000157087,65,229
ENSG00000065609,65,230
ENSG00000145708,65,231
ENSG00000124232,65,232
ENSG00000198798,65,233
ENSG00000166897,65,234
ENSG00000176679,65,235
ENSG00000144671,65,236
ENSG00000091656,65,237
ENSG00000204278,65,238
ENSG00000079101,65,239
ENSG00000174137,65,240
ENSG00000112319,65,241
ENSG00000198597,65,242
ENSG00000251664,65,243
ENSG00000196091,65,244
ENSG00000244362,65,245
ENSG00000205810,65,246
ENSG00000143627,65,247
ENSG00000166268,65,248
ENSG00000189045,65,249
ENSG00000203933,65,250
ENSG00000266086,65,251
ENSG00000214642,65,252
ENSG00000171989,65,253
ENSG00000228567,65,254
ENSG00000054796,65,255
ENSG00000163352,65,256
16640,66,1
16641,66,2
16642,66,3
16643,66,4
16644,66,5
16645,66,6
16646,66,7
16647,66,8
16648,66,9
16649,66,10
16650,66,11
16651,66,12
16652,66,13
16653,66,14
16654,66,15
16655,66,16
16656,66,17
16657,66,18
16658,66,19
16659,66,20
16660,66,21
16661,66,22
16662,66,23
16663,66,24
16664,66,25
16665,66,26
16666,66,27
16667,66,28
16668,66,29
16669,66,30
16670,66,31
16671,66,32
16672,66,33
16673,66,34
16674,66,35
16675,66,36
16676,66,37
16677,66,38
16678,66,39
16679,66,40
16680,66,41
16681,66,42
16682,66,43
16683,66,44
16684,66,45
16685,66,46
16686,66,47
16687,66,48
16688,66,49
16689,66,50
16690,66,51
16691,66,52
16692,66,53
16693,66,54
16694,66,55
16695,66,56
16696,66,57
16697,66,58
16698,66,59
16699,66,60
16700,66,61
16701,66,62
16702,66,63
16703,66,64
16704,66,65
16705,66,66
16706,66,67
16707,66,68
16708,66,69
16709,66,70
16710,66,71
16711,66,72
ENSG00000197747,66,73
16713,66,74
16714,66,75
16715,66,76
16716,66,77
16717,66,78
16718,66,79
16719,66,80
16720,66,81
16721,66,82
16722,66,83
16723,66,84
16724,66,85
16725,66,86
16726,66,87
16727,66,88
16728,66,89
16729,66,90
16730,66,91
16731,66,92
16732,66,93
ENSG00000110108,66,94
ENSG00000108774,66,95
ENSG00000132589,66,96
ENSG00000168003,66,97
ENSG00000149923,66,98
ENSG00000116030,66,99
ENSG00000184900,66,100
ENSG00000112697,66,101
ENSG00000165507,66,102
ENSG00000132386,66,103
ENSG00000182326,66,104
ENSG00000122034,66,105
ENSG00000087074,66,106
ENSG00000213722,66,107
ENSG00000067167,66,108
ENSG00000162430,66,109
ENSG00000257103,66,110
ENSG00000180992,66,111
ENSG00000180879,66,112
ENSG00000011009,66,113
ENSG00000147955,66,114
ENSG00000164104,66,115
ENSG00000115758,66,116
ENSG00000117335,66,117
ENSG00000179918,66,118
ENSG00000175193,66,119
ENSG00000163950,66,120
ENSG00000116685,66,121
ENSG00000119333,66,122
ENSG00000127948,66,123
ENSG00000055044,66,124
ENSG00000159658,66,125
ENSG00000183624,66,126
ENSG00000136802,66,127
ENSG00000156875,66,128
ENSG00000113369,66,129
ENSG00000168994,66,130
ENSG00000126012,66,131
ENSG00000160679,66,132
ENSG00000159348,66,133
ENSG00000130764,66,134
ENSG00000106400,66,135
ENSG00000171604,66,136
ENSG00000172046,66,137
ENSG00000184678,66,138
ENSG00000158019,66,139
ENSG00000213523,66,140
ENSG00000176171,66,141
ENSG00000004399,66,142
ENSG00000153904,66,143
ENSG00000138382,66,144
ENSG00000205981,66,145
ENSG00000112992,66,146
ENSG00000204564,66,147
ENSG00000135069,66,148
ENSG00000243749,66,149
ENSG00000168818,66,150
ENSG00000173436,66,151
ENSG00000133065,66,152
ENSG00000084676,66,153
ENSG00000160959,66,154
ENSG00000115902,66,155
ENSG00000170846,66,156
ENSG00000137198,66,157
ENSG00000128191,66,158
ENSG00000204859,66,159
ENSG00000164877,66,160
ENSG00000033327,66,161
ENSG00000079277,66,162
ENSG00000163728,66,163
ENSG00000160908,66,164
ENSG00000106070,66,165
ENSG00000162878,66,166
ENSG00000115295,66,167
ENSG00000138688,66,168
ENSG00000109756,66,169
ENSG00000143776,66,170
ENSG00000162733,66,171
ENSG00000100376,66,172
ENSG00000091972,66,173
ENSG00000138443,66,174
ENSG00000158301,66,175
ENSG00000074935,66,176
ENSG00000113240,66,177
ENSG00000008128,66,178
ENSG00000196497,66,179
ENSG00000141873,66,180
ENSG00000124406,66,181
ENSG00000140326,66,182
ENSG00000184922,66,183
ENSG00000139597,66,184
ENSG00000106089,66,185
ENSG00000165572,66,186
ENSG00000152219,66,187
ENSG00000196227,66,188
ENSG00000063587,66,189
ENSG00000185716,66,190
ENSG00000135643,66,191
ENSG00000092758,66,192
ENSG00000124920,66,193
ENSG00000150281,66,194
ENSG00000241399,66,195
ENSG00000174485,66,196
ENSG00000154175,66,197
ENSG00000157214,66,198
ENSG00000213462,66,199
ENSG00000128915,66,200
ENSG00000086848,66,201
ENSG00000183060,66,202
ENSG00000127328,66,203
ENSG00000168243,66,204
ENSG00000187068,66,205
ENSG00000258947,66,206
ENSG00000256771,66,207
ENSG00000151640,66,208
ENSG00000221944,66,209
ENSG00000137941,66,210
ENSG00000167720,66,211
ENSG00000105865,66,212
ENSG00000168803,66,213
ENSG00000128011,66,214
ENSG00000112182,66,215
ENSG00000154262,66,216
ENSG00000177144,66,217
ENSG00000262481,66,218
ENSG00000124568,66,219
ENSG00000272899,66,220
ENSG00000148795,66,221
ENSG00000171246,66,222
ENSG00000143847,66,223
ENSG00000075340,66,224
ENSG00000169085,66,225
ENSG00000135519,66,226
ENSG00000136928,66,227
ENSG00000171450,66,228
ENSG00000178233,66,229
ENSG00000130477,66,230
ENSG00000173805,66,231
ENSG00000268235,66,232
ENSG00000135116,66,233
ENSG00000138115,66,234
ENSG00000182836,66,235
ENSG00000185842,66,236
ENSG00000197125,66,237
ENSG00000147434,66,238
ENSG00000181234,66,239
ENSG00000139780,66,240
ENSG00000152582,66,241
ENSG00000129159,66,242
ENSG00000255432,66,243
ENSG00000186136,66,244
ENSG00000121351,66,245
ENSG00000204300,66,246
ENSG00000236446,66,247
ENSG00000231924,66,248
ENSG00000280021,66,249
ENSG00000178235,66,250
ENSG00000186143,66,251
ENSG00000166930,66,252
ENSG00000257065,66,253
ENSG00000168828,66,254
ENSG00000215262,66,255
ENSG00000156269,66,256
16896,67,1
16897,67,2
16898,67,3
16899,67,4
16900,67,5
16901,67,6
16902,67,7
16903,67,8
16904,67,9
16905,67,10
16906,67,11
16907,67,12
16908,67,13
16909,67,14
16910,67,15
16911,67,16
16912,67,17
16913,67,18
16914,67,19
16915,67,20
16916,67,21
16917,67,22
16918,67,23
16919,67,24
16920,67,25
16921,67,26
16922,67,27
16923,67,28
16924,67,29
16925,67,30
16926,67,31
16927,67,32
16928,67,33
16929,67,34
16930,67,35
16931,67,36
16932,67,37
16933,67,38
16934,67,39
16935,67,40
16936,67,41
16937,67,42
16938,67,43
16939,67,44
16940,67,45
16941,67,46
16942,67,47
16943,67,48
16944,67,49
16945,67,50
16946,67,51
16947,67,52
16948,67,53
16949,67,54
16950,67,55
16951,67,56
16952,67,57
16953,67,58
16954,67,59
16955,67,60
16956,67,61
16957,67,62
16958,67,63
16959,67,64
16960,67,65
16961,67,66
16962,67,67
16963,67,68
16964,67,69
16965,67,70
16966,67,71
16967,67,72
ENSG00000158710,67,73
16969,67,74
16970,67,75
16971,67,76
16972,67,77
16973,67,78
16974,67,79
16975,67,80
16976,67,81
16977,67,82
16978,67,83
16979,67,84
16980,67,85
16981,67,86
16982,67,87
16983,67,88
16984,67,89
16985,67,90
16986,67,91
16987,67,92
16988,67,93
ENSG00000134440,67,94
ENSG00000204308,67,95
ENSG00000100348,67,96
ENSG00000198171,67,97
ENSG00000123159,67,98
ENSG00000166226,67,99
ENSG00000204256,67,100
ENSG00000122218,67,101
ENSG00000119689,67,102
ENSG00000065427,67,103
ENSG00000204568,67,104
ENSG00000106991,67,105
ENSG00000169504,67,106
ENSG00000142186,67,107
ENSG00000189403,67,108
ENSG00000167797,67,109
ENSG00000143314,67,110
ENSG00000173692,67,111
ENSG00000108639,67,112
ENSG00000112667,67,113
ENSG00000166508,67,114
ENSG00000143368,67,115
ENSG00000116221,67,116
ENSG00000117298,67,117
ENSG00000117394,67,118
ENSG00000150593,67,119
ENSG00000185721,67,120
ENSG00000205155,67,121
ENSG00000118785,67,122
ENSG00000138801,67,123
ENSG00000111237,67,124
ENSG00000065548,67,125
ENSG00000117748,67,126
ENSG00000188976,67,127
ENSG00000004487,67,128
ENSG00000170248,67,129
ENSG00000135932,67,130
ENSG00000151726,67,131
ENSG00000084070,67,132
ENSG00000106348,67,133
ENSG00000136270,67,134
ENSG00000224051,67,135
ENSG00000159363,67,136
ENSG00000132153,67,137
ENSG00000204498,67,138
ENSG00000072135,67,139
ENSG00000112576,67,140
ENSG00000132688,67,141
ENSG00000168758,67,142
ENSG00000144749,67,143
ENSG00000160818,67,144
ENSG00000117408,67,145
ENSG00000204590,67,146
ENSG00000197601,67,147
ENSG00000140682,67,148
ENSG00000178149,67,149
ENSG00000166166,67,150
ENSG00000080546,67,151
ENSG00000136631,67,152
ENSG00000120899,67,153
ENSG00000148356,67,154
ENSG00000106683,67,155
ENSG00000051128,67,156
ENSG00000100124,67,157
ENSG00000143093,67,158
ENSG00000061936,67,159
ENSG00000180902,67,160
ENSG00000143344,67,161
ENSG00000109790,67,162
ENSG00000139631,67,163
ENSG00000130244,67,164
ENSG00000150907,67,165
ENSG00000181513,67,166
ENSG00000011021,67,167
ENSG00000168297,67,168
ENSG00000117020,67,169
ENSG00000153823,67,170
ENSG00000159899,67,171
ENSG00000074527,67,172
ENSG00000113594,67,173
ENSG00000150995,67,174
ENSG00000107560,67,175
ENSG00000198689,67,176
ENSG00000197283,67,177
ENSG00000104880,67,178
ENSG00000065989,67,179
ENSG00000198523,67,180
ENSG00000203778,67,181
ENSG00000189129,67,182
ENSG00000092871,67,183
ENSG00000160191,67,184
ENSG00000158717,67,185
ENSG00000232838,67,186
ENSG00000147894,67,187
ENSG00000104427,67,188
ENSG00000182310,67,189
ENSG00000178904,67,190
ENSG00000198920,67,191
ENSG00000049769,67,192
ENSG00000124772,67,193
ENSG00000006025,67,194
ENSG00000198718,67,195
ENSG00000102886,67,196
ENSG00000116106,67,197
ENSG00000130684,67,198
ENSG00000172824,67,199
ENSG00000144815,67,200
ENSG00000133800,67,201
ENSG00000103269,67,202
ENSG00000174373,67,203
ENSG00000110881,67,204
ENSG00000177125,67,205
ENSG00000197841,67,206
ENSG00000111110,67,207
ENSG00000196458,67,208
ENSG00000187118,67,209
ENSG00000177875,67,210
ENSG00000100626,67,211
ENSG00000126970,67,212
ENSG00000149596,67,213
ENSG00000118432,67,214
ENSG00000185198,67,215
ENSG00000112139,67,216
ENSG00000156313,67,217
ENSG00000243543,67,218
ENSG00000128045,67,219
ENSG00000166004,67,220
ENSG00000079557,67,221
ENSG00000144619,67,222
ENSG00000167281,67,223
ENSG00000163888,67,224
ENSG00000105613,67,225
ENSG00000164106,67,226
ENSG00000159409,67,227
ENSG00000116983,67,228
ENSG00000120251,67,229
ENSG00000273520,67,230
ENSG00000181693,67,231
ENSG00000129862,67,232
ENSG00000066923,67,233
ENSG00000176198,67,234
ENSG00000167014,67,235
ENSG00000136546,67,236
ENSG00000180138,67,237
ENSG00000247595,67,238
ENSG00000214782,67,239
ENSG00000248712,67,240
ENSG00000140057,67,241
ENSG00000136327,67,242
ENSG00000114757,67,243
ENSG00000198739,67,244
ENSG00000160202,67,245
ENSG00000143954,67,246
ENSG00000171595,67,247
ENSG00000180483,67,248
ENSG00000160117,67,249
ENSG00000129864,67,250
ENSG00000164500,67,251
ENSG00000149488,67,252
ENSG00000071909,67,253
ENSG00000260548,67,254
ENSG00000204025,67,255
ENSG00000139351,67,256
17152,68,1
17153,68,2
17154,68,3
17155,68,4
17156,68,5
17157,68,6
17158,68,7
17159,68,8
17160,68,9
17161,68,10
17162,68,11
17163,68,12
17164,68,13
17165,68,14
17166,68,15
17167,68,16
17168,68,17
17169,68,18
17170,68,19
17171,68,20
17172,68,21
17173,68,22
17174,68,23
17175,68,24
17176,68,25
17177,68,26
17178,68,27
17179,68,28
17180,68,29
17181,68,30
17182,68,31
17183,68,32
17184,68,33
17185,68,34
17186,68,35
17187,68,36
17188,68,37
17189,68,38
17190,68,39
17191,68,40
17192,68,41
17193,68,42
17194,68,43
17195,68,44
17196,68,45
17197,68,46
17198,68,47
17199,68,48
17200,68,49
17201,68,50
17202,68,51
17203,68,52
17204,68,53
17205,68,54
17206,68,55
17207,68,56
17208,68,57
17209,68,58
17210,68,59
17211,68,60
17212,68,61
17213,68,62
17214,68,63
17215,68,64
17216,68,65
17217,68,66
17218,68,67
17219,68,68
17220,68,69
17221,68,70
17222,68,71
17223,68,72
17224,68,73
ENSG00000213719,68,74
17226,68,75
17227,68,76
17228,68,77
17229,68,78
17230,68,79
17231,68,80
17232,68,81
17233,68,82
17234,68,83
17235,68,84
17236,68,85
17237,68,86
17238,68,87
17239,68,88
17240,68,89
17241,68,90
17242,68,91
17243,68,92
17244,68,93
17245,68,94
ENSG00000112473,68,95
ENSG00000172053,68,96
ENSG00000126254,68,97
ENSG00000106244,68,98
ENSG00000145912,68,99
ENSG00000100941,68,100
ENSG00000175215,68,101
ENSG00000215301,68,102
ENSG00000073921,68,103
ENSG00000124193,68,104
ENSG00000111481,68,105
ENSG00000128595,68,106
ENSG00000129103,68,107
ENSG00000213246,68,108
ENSG00000141232,68,109
ENSG00000089063,68,110
ENSG00000213741,68,111
ENSG00000060138,68,112
ENSG00000158195,68,113
ENSG00000005893,68,114
ENSG00000143418,68,115
ENSG00000108179,68,116
ENSG00000090621,68,117
ENSG00000108604,68,118
ENSG00000143537,68,119
ENSG00000162434,68,120
ENSG00000161202,68,121
ENSG00000097007,68,122
ENSG00000023330,68,123
ENSG00000101224,68,124
ENSG00000143727,68,125
ENSG00000163348,68,126
ENSG00000071051,68,127
ENSG00000114650,68,128
ENSG00000138095,68,129
ENSG00000117758,68,130
ENSG00000105135,68,131
ENSG00000168118,68,132
ENSG00000160803,68,133
ENSG00000127824,68,134
ENSG00000182551,68,135
ENSG00000185000,68,136
ENSG00000068745,68,137
ENSG00000157954,68,138
ENSG00000167113,68,139
ENSG00000203485,68,140
ENSG00000169926,68,141
ENSG00000128699,68,142
ENSG00000121067,68,143
ENSG00000074416,68,144
ENSG00000213672,68,145
ENSG00000134202,68,146
ENSG00000124357,68,147
ENSG00000126705,68,148
ENSG00000163050,68,149
ENSG00000153443,68,150
ENSG00000116954,68,151
ENSG00000144635,68,152
ENSG00000136878,68,153
ENSG00000116809,68,154
ENSG00000145916,68,155
ENSG00000131899,68,156
ENSG00000100842,68,157
ENSG00000107104,68,158
ENSG00000088280,68,159
ENSG00000141027,68,160
ENSG00000065534,68,161
ENSG00000070961,68,162
ENSG00000137486,68,163
ENSG00000272325,68,164
ENSG00000137103,68,165
ENSG00000120832,68,166
ENSG00000139190,68,167
ENSG00000106617,68,168
ENSG00000173064,68,169
ENSG00000166532,68,170
ENSG00000155975,68,171
ENSG00000166128,68,172
ENSG00000151553,68,173
ENSG00000020577,68,174
ENSG00000167257,68,175
ENSG00000139437,68,176
ENSG00000165275,68,177
ENSG00000171606,68,178
ENSG00000135709,68,179
ENSG00000118058,68,180
ENSG00000088543,68,181
ENSG00000242732,68,182
ENSG00000185453,68,183
ENSG00000183397,68,184
ENSG00000197948,68,185
ENSG00000113595,68,186
ENSG00000111300,68,187
ENSG00000112159,68,188
ENSG00000065665,68,189
ENSG00000188352,68,190
ENSG00000157150,68,191
ENSG00000138623,68,192
ENSG00000149489,68,193
ENSG00000184384,68,194
ENSG00000160199,68,195
ENSG00000176715,68,196
ENSG00000180089,68,197
ENSG00000258366,68,198
ENSG00000181029,68,199
ENSG00000172766,68,200
ENSG00000069943,68,201
ENSG00000149311,68,202
ENSG00000184047,68,203
ENSG00000182667,68,204
ENSG00000125895,68,205
ENSG00000026652,68,206
ENSG00000164620,68,207
ENSG00000219626,68,208
ENSG00000139675,68,209
ENSG00000169169,68,210
ENSG00000204991,68,211
ENSG00000111186,68,212
ENSG00000267022,68,213
ENSG00000186675,68,214
ENSG00000004139,68,215
ENSG00000165370,68,216
ENSG00000135355,68,217
ENSG00000206432,68,218
ENSG00000179532,68,219
ENSG00000204851,68,220
ENSG00000173868,68,221
ENSG00000184530,68,222
ENSG00000175449,68,223
ENSG00000242950,68,224
ENSG00000119946,68,225
ENSG00000109956,68,226
ENSG00000174521,68,227
ENSG00000162728,68,228
ENSG00000132872,68,229
ENSG00000258986,68,230
ENSG00000105205,68,231
ENSG00000105492,68,232
ENSG00000187902,68,233
ENSG00000258453,68,234
ENSG00000277481,68,235
ENSG00000187021,68,236
ENSG00000105219,68,237
ENSG00000160339,68,238
ENSG00000158516,68,239
ENSG00000176742,68,240
ENSG00000255641,68,241
ENSG00000147234,68,242
ENSG00000181616,68,243
ENSG00000255730,68,244
ENSG00000176922,68,245
ENSG00000130538,68,246
ENSG00000134343,68,247
ENSG00000179626,68,248
ENSG00000188763,68,249
ENSG00000189430,68,250
ENSG00000095627,68,251
ENSG00000153684,68,252
ENSG00000148377,68,253
ENSG00000237452,68,254
ENSG00000172058,68,255
ENSG00000179695,68,256
17408,69,1
17409,69,2
17410,69,3
17411,69,4
17412,69,5
17413,69,6
17414,69,7
17415,69,8
17416,69,9
17417,69,10
17418,69,11
17419,69,12
17420,69,13
17421,69,14
17422,69,15
17423,69,16
17424,69,17
17425,69,18
17426,69,19
17427,69,20
17428,69,21
17429,69,22
17430,69,23
17431,69,24
17432,69,25
17433,69,26
17434,69,27
17435,69,28
17436,69,29
17437,69,30
17438,69,31
17439,69,32
17440,69,33
17441,69,34
17442,69,35
17443,69,36
17444,69,37
17445,69,38
17446,69,39
17447,69,40
17448,69,41
17449,69,42
17450,69,43
17451,69,44
17452,69,45
17453,69,46
17454,69,47
17455,69,48
17456,69,49
17457,69,50
17458,69,51
17459,69,52
17460,69,53
17461,69,54
17462,69,55
17463,69,56
17464,69,57
17465,69,58
17466,69,59
17467,69,60
17468,69,61
17469,69,62
ENSG00000196126,69,63
ENSG00000204287,69,64
17472,69,65
17473,69,66
17474,69,67
17475,69,68
17476,69,69
17477,69,70
17478,69,71
17479,69,72
17480,69,73
17481,69,74
17482,69,75
17483,69,76
17484,69,77
17485,69,78
17486,69,79
17487,69,80
17488,69,81
17489,69,82
17490,69,83
17491,69,84
17492,69,85
17493,69,86
17494,69,87
17495,69,88
17496,69,89
17497,69,90
17498,69,91
17499,69,92
17500,69,93
ENSG00000204463,69,94
ENSG00000104419,69,95
ENSG00000138279,69,96
ENSG00000007520,69,97
ENSG00000115234,69,98
ENSG00000102119,69,99
ENSG00000124942,69,100
ENSG00000170515,69,101
ENSG00000116560,69,102
ENSG00000084733,69,103
ENSG00000240583,69,104
ENSG00000113384,69,105
ENSG00000188612,69,106
ENSG00000100591,69,107
ENSG00000100028,69,108
ENSG00000116521,69,109
ENSG00000133639,69,110
ENSG00000054118,69,111
ENSG00000160888,69,112
ENSG00000072110,69,113
ENSG00000110917,69,114
ENSG00000116209,69,115
ENSG00000106628,69,116
ENSG00000116586,69,117
ENSG00000151929,69,118
ENSG00000115216,69,119
ENSG00000078618,69,120
ENSG00000174574,69,121
ENSG00000079999,69,122
ENSG00000143553,69,123
ENSG00000180398,69,124
ENSG00000145919,69,125
ENSG00000143393,69,126
ENSG00000084652,69,127
ENSG00000131828,69,128
ENSG00000079739,69,129
ENSG00000082996,69,130
ENSG00000134243,69,131
ENSG00000273841,69,132
ENSG00000077721,69,133
ENSG00000130821,69,134
ENSG00000112033,69,135
ENSG00000198218,69,136
ENSG00000076201,69,137
ENSG00000176444,69,138
ENSG00000121073,69,139
ENSG00000157873,69,140
ENSG00000071655,69,141
ENSG00000117859,69,142
ENSG00000168283,69,143
ENSG00000141480,69,144
ENSG00000115756,69,145
ENSG00000115204,69,146
ENSG00000115317,69,147
ENSG00000128563,69,148
ENSG00000163795,69,149
ENSG00000107957,69,150
ENSG00000084636,69,151
ENSG00000074964,69,152
ENSG00000178028,69,153
ENSG00000137411,69,154
ENSG00000154328,69,155
ENSG00000197119,69,156
ENSG00000178467,69,157
ENSG00000006118,69,158
ENSG00000168497,69,159
ENSG00000162616,69,160
ENSG00000109466,69,161
ENSG00000050748,69,162
ENSG00000127995,69,163
ENSG00000170271,69,164
ENSG00000161835,69,165
ENSG00000170471,69,166
ENSG00000074755,69,167
ENSG00000008853,69,168
ENSG00000112584,69,169
ENSG00000154856,69,170
ENSG00000113391,69,171
ENSG00000141458,69,172
ENSG00000178802,69,173
ENSG00000085644,69,174
ENSG00000148384,69,175
ENSG00000136371,69,176
ENSG00000073605,69,177
ENSG00000132664,69,178
ENSG00000197223,69,179
ENSG00000075336,69,180
ENSG00000125812,69,181
ENSG00000001561,69,182
ENSG00000182919,69,183
ENSG00000095794,69,184
ENSG00000175581,69,185
ENSG00000047578,69,186
ENSG00000133812,69,187
ENSG00000074356,69,188
ENSG00000100003,69,189
ENSG00000156345,69,190
ENSG00000075303,69,191
ENSG00000083642,69,192
ENSG00000102078,69,193
ENSG00000196456,69,194
ENSG00000067445,69,195
ENSG00000102781,69,196
ENSG00000186352,69,197
ENSG00000272573,69,198
ENSG00000205307,69,199
ENSG00000105928,69,200
ENSG00000152527,69,201
ENSG00000173818,69,202
ENSG00000128596,69,203
ENSG00000138735,69,204
ENSG00000166839,69,205
ENSG00000180376,69,206
ENSG00000139438,69,207
ENSG00000084444,69,208
ENSG00000164221,69,209
ENSG00000161647,69,210
ENSG00000100523,69,211
ENSG00000064787,69,212
ENSG00000176136,69,213
ENSG00000182896,69,214
ENSG00000149634,69,215
ENSG00000127903,69,216
ENSG00000137869,69,217
ENSG00000156172,69,218
ENSG00000078295,69,219
ENSG00000144642,69,220
ENSG00000181418,69,221
ENSG00000116014,69,222
ENSG00000122584,69,223
ENSG00000183090,69,224
ENSG00000188219,69,225
ENSG00000121905,69,226
ENSG00000164434,69,227
ENSG00000132702,69,228
ENSG00000100884,69,229
ENSG00000130643,69,230
ENSG00000171962,69,231
ENSG00000196275,69,232
ENSG00000186452,69,233
ENSG00000126550,69,234
ENSG00000081052,69,235
ENSG00000206422,69,236
ENSG00000169933,69,237
ENSG00000253159,69,238
ENSG00000124019,69,239
ENSG00000278522,69,240
ENSG00000105697,69,241
ENSG00000173838,69,242
ENSG00000141316,69,243
ENSG00000169548,69,244
ENSG00000177947,69,245
ENSG00000155026,69,246
ENSG00000223638,69,247
ENSG00000173557,69,248
ENSG00000062524,69,249
ENSG00000126010,69,250
ENSG00000141437,69,251
ENSG00000151164,69,252
ENSG00000095587,69,253
ENSG00000139656,69,254
ENSG00000187733,69,255
ENSG00000169154,69,256
17664,70,1
17665,70,2
17666,70,3
17667,70,4
17668,70,5
17669,70,6
17670,70,7
17671,70,8
17672,70,9
17673,70,10
17674,70,11
17675,70,12
17676,70,13
17677,70,14
17678,70,15
17679,70,16
17680,70,17
17681,70,18
17682,70,19
17683,70,20
17684,70,21
17685,70,22
17686,70,23
17687,70,24
17688,70,25
17689,70,26
17690,70,27
17691,70,28
17692,70,29
17693,70,30
17694,70,31
17695,70,32
17696,70,33
17697,70,34
17698,70,35
17699,70,36
17700,70,37
17701,70,38
17702,70,39
17703,70,40
17704,70,41
17705,70,42
17706,70,43
17707,70,44
17708,70,45
17709,70,46
17710,70,47
17711,70,48
17712,70,49
17713,70,50
17714,70,51
17715,70,52
17716,70,53
17717,70,54
17718,70,55
17719,70,56
17720,70,57
17721,70,58
17722,70,59
17723,70,60
17724,70,61
17725,70,62
17726,70,63
17727,70,64
17728,70,65
17729,70,66
17730,70,67
17731,70,68
17732,70,69
17733,70,70
17734,70,71
17735,70,72
17736,70,73
17737,70,74
17738,70,75
17739,70,76
17740,70,77
17741,70,78
17742,70,79
17743,70,80
17744,70,81
17745,70,82
17746,70,83
17747,70,84
17748,70,85
17749,70,86
17750,70,87
17751,70,88
ENSG00000130303,70,89
ENSG00000118523,70,90
ENSG00000197451,70,91
ENSG00000160213,70,92
ENSG00000107796,70,93
ENSG00000008282,70,94
ENSG00000135535,70,95
ENSG00000181789,70,96
ENSG00000115414,70,97
ENSG00000149932,70,98
ENSG00000197858,70,99
ENSG00000137076,70,100
ENSG00000013306,70,101
ENSG00000111642,70,102
ENSG00000109062,70,103
ENSG00000160710,70,104
ENSG00000141367,70,105
ENSG00000149547,70,106
ENSG00000095139,70,107
ENSG00000122786,70,108
ENSG00000145494,70,109
ENSG00000198561,70,110
ENSG00000014216,70,111
ENSG00000168610,70,112
ENSG00000163382,70,113
ENSG00000179222,70,114
ENSG00000168264,70,115
ENSG00000004478,70,116
ENSG00000114956,70,117
ENSG00000147669,70,118
ENSG00000169710,70,119
ENSG00000102898,70,120
ENSG00000121691,70,121
ENSG00000198728,70,122
ENSG00000140416,70,123
ENSG00000126088,70,124
ENSG00000170581,70,125
ENSG00000160075,70,126
ENSG00000270170,70,127
ENSG00000136718,70,128
ENSG00000144659,70,129
ENSG00000145022,70,130
ENSG00000116729,70,131
ENSG00000133398,70,132
ENSG00000047249,70,133
ENSG00000070404,70,134
ENSG00000132780,70,135
ENSG00000168268,70,136
ENSG00000106009,70,137
ENSG00000094914,70,138
ENSG00000130414,70,139
ENSG00000143486,70,140
ENSG00000131368,70,141
ENSG00000162413,70,142
ENSG00000172977,70,143
ENSG00000115419,70,144
ENSG00000164414,70,145
ENSG00000248333,70,146
ENSG00000090316,70,147
ENSG00000124006,70,148
ENSG00000204348,70,149
ENSG00000158552,70,150
ENSG00000163463,70,151
ENSG00000144524,70,152
ENSG00000151689,70,153
ENSG00000110074,70,154
ENSG00000116574,70,155
ENSG00000082146,70,156
ENSG00000151914,70,157
ENSG00000138032,70,158
ENSG00000142875,70,159
ENSG00000101546,70,160
ENSG00000076864,70,161
ENSG00000204899,70,162
ENSG00000198909,70,163
ENSG00000114166,70,164
ENSG00000178878,70,165
ENSG00000165716,70,166
ENSG00000167081,70,167
ENSG00000064042,70,168
ENSG00000196177,70,169
ENSG00000109103,70,170
ENSG00000077157,70,171
ENSG00000001631,70,172
ENSG00000169057,70,173
ENSG00000188690,70,174
ENSG00000100697,70,175
ENSG00000121068,70,176
ENSG00000104361,70,177
ENSG00000105137,70,178
ENSG00000185418,70,179
ENSG00000196557,70,180
ENSG00000163884,70,181
ENSG00000127663,70,182
ENSG00000213920,70,183
ENSG00000197381,70,184
ENSG00000149451,70,185
ENSG00000160299,70,186
ENSG00000105538,70,187
ENSG00000079974,70,188
ENSG00000129596,70,189
ENSG00000168778,70,190
ENSG00000166507,70,191
ENSG00000166225,70,192
ENSG00000240038,70,193
ENSG00000196136,70,194
ENSG00000129292,70,195
ENSG00000147119,70,196
ENSG00000135541,70,197
ENSG00000006016,70,198
ENSG00000213689,70,199
ENSG00000134874,70,200
ENSG00000170921,70,201
ENSG00000153956,70,202
ENSG00000196739,70,203
ENSG00000157510,70,204
ENSG00000161940,70,205
ENSG00000095539,70,206
ENSG00000066933,70,207
ENSG00000114405,70,208
ENSG00000159761,70,209
ENSG00000105136,70,210
ENSG00000235453,70,211
ENSG00000114473,70,212
ENSG00000128519,70,213
ENSG00000121577,70,214
ENSG00000198944,70,215
ENSG00000157005,70,216
ENSG00000164404,70,217
ENSG00000108370,70,218
ENSG00000157152,70,219
ENSG00000166924,70,220
ENSG00000101098,70,221
ENSG00000164604,70,222
ENSG00000250913,70,223
ENSG00000183795,70,224
ENSG00000085563,70,225
ENSG00000115266,70,226
ENSG00000198914,70,227
ENSG00000125462,70,228
ENSG00000169006,70,229
ENSG00000215545,70,230
ENSG00000168124,70,231
ENSG00000145198,70,232
ENSG00000166509,70,233
ENSG00000181322,70,234
ENSG00000100490,70,235
ENSG00000187664,70,236
ENSG00000183706,70,237
ENSG00000179168,70,238
ENSG00000171199,70,239
ENSG00000188038,70,240
ENSG00000178586,70,241
ENSG00000135423,70,242
ENSG00000183117,70,243
ENSG00000167633,70,244
ENSG00000005961,70,245
ENSG00000228570,70,246
ENSG00000187690,70,247
ENSG00000268447,70,248
ENSG00000145736,70,249
ENSG00000204345,70,250
ENSG00000184544,70,251
ENSG00000161652,70,252
ENSG00000253309,70,253
ENSG00000124159,70,254
ENSG00000268861,70,255
ENSG00000277535,70,256
17920,71,1
17921,71,2
17922,71,3
17923,71,4
17924,71,5
17925,71,6
17926,71,7
17927,71,8
17928,71,9
17929,71,10
17930,71,11
17931,71,12
17932,71,13
17933,71,14
17934,71,15
17935,71,16
17936,71,17
17937,71,18
17938,71,19
17939,71,20
17940,71,21
17941,71,22
17942,71,23
17943,71,24
17944,71,25
17945,71,26
17946,71,27
17947,71,28
17948,71,29
17949,71,30
17950,71,31
17951,71,32
17952,71,33
17953,71,34
17954,71,35
17955,71,36
17956,71,37
17957,71,38
17958,71,39
17959,71,40
17960,71,41
17961,71,42
17962,71,43
17963,71,44
17964,71,45
17965,71,46
17966,71,47
17967,71,48
17968,71,49
17969,71,50
17970,71,51
17971,71,52
17972,71,53
17973,71,54
17974,71,55
17975,71,56
17976,71,57
17977,71,58
17978,71,59
17979,71,60
17980,71,61
17981,71,62
17982,71,63
17983,71,64
17984,71,65
17985,71,66
17986,71,67
17987,71,68
17988,71,69
17989,71,70
17990,71,71
17991,71,72
17992,71,73
17993,71,74
17994,71,75
17995,71,76
17996,71,77
17997,71,78
17998,71,79
17999,71,80
18000,71,81
18001,71,82
18002,71,83
18003,71,84
18004,71,85
18005,71,86
18006,71,87
ENSG00000242372,71,88
ENSG00000169813,71,89
ENSG00000142173,71,90
ENSG00000131981,71,91
ENSG00000100300,71,92
ENSG00000138085,71,93
ENSG00000198931,71,94
ENSG00000134107,71,95
ENSG00000065518,71,96
ENSG00000125844,71,97
ENSG00000125901,71,98
ENSG00000147065,71,99
ENSG00000124762,71,100
ENSG00000136830,71,101
ENSG00000214078,71,102
ENSG00000100911,71,103
ENSG00000101367,71,104
ENSG00000153187,71,105
ENSG00000107581,71,106
ENSG00000143162,71,107
ENSG00000152558,71,108
ENSG00000137161,71,109
ENSG00000123989,71,110
ENSG00000157557,71,111
ENSG00000146278,71,112
ENSG00000179085,71,113
ENSG00000197622,71,114
ENSG00000189266,71,115
ENSG00000122203,71,116
ENSG00000107372,71,117
ENSG00000204356,71,118
ENSG00000143436,71,119
ENSG00000132305,71,120
ENSG00000115866,71,121
ENSG00000170142,71,122
ENSG00000100612,71,123
ENSG00000088448,71,124
ENSG00000117632,71,125
ENSG00000163882,71,126
ENSG00000180900,71,127
ENSG00000168936,71,128
ENSG00000166311,71,129
ENSG00000162735,71,130
ENSG00000165175,71,131
ENSG00000119729,71,132
ENSG00000104671,71,133
ENSG00000163754,71,134
ENSG00000163159,71,135
ENSG00000107816,71,136
ENSG00000138942,71,137
ENSG00000198925,71,138
ENSG00000160783,71,139
ENSG00000163702,71,140
ENSG00000115211,71,141
ENSG00000178950,71,142
ENSG00000196655,71,143
ENSG00000077254,71,144
ENSG00000075292,71,145
ENSG00000116584,71,146
ENSG00000198837,71,147
ENSG00000094631,71,148
ENSG00000163431,71,149
ENSG00000166454,71,150
ENSG00000159423,71,151
ENSG00000197530,71,152
ENSG00000130222,71,153
ENSG00000172366,71,154
ENSG00000149313,71,155
ENSG00000071242,71,156
ENSG00000086289,71,157
ENSG00000119242,71,158
ENSG00000142686,71,159
ENSG00000123095,71,160
ENSG00000107902,71,161
ENSG00000133943,71,162
ENSG00000213088,71,163
ENSG00000120699,71,164
ENSG00000261221,71,165
ENSG00000088899,71,166
ENSG00000018189,71,167
ENSG00000091592,71,168
ENSG00000173226,71,169
ENSG00000165699,71,170
ENSG00000001084,71,171
ENSG00000129158,71,172
ENSG00000145782,71,173
ENSG00000153814,71,174
ENSG00000197798,71,175
ENSG00000140280,71,176
ENSG00000158480,71,177
ENSG00000134817,71,178
ENSG00000110888,71,179
ENSG00000213780,71,180
ENSG00000129226,71,181
ENSG00000237651,71,182
ENSG00000090539,71,183
ENSG00000131503,71,184
ENSG00000151692,71,185
ENSG00000132821,71,186
ENSG00000172935,71,187
ENSG00000164976,71,188
ENSG00000095397,71,189
ENSG00000078114,71,190
ENSG00000127993,71,191
ENSG00000068831,71,192
ENSG00000174483,71,193
ENSG00000240303,71,194
ENSG00000198753,71,195
ENSG00000141576,71,196
ENSG00000174939,71,197
ENSG00000074211,71,198
ENSG00000163032,71,199
ENSG00000259431,71,200
ENSG00000133460,71,201
ENSG00000234545,71,202
ENSG00000151718,71,203
ENSG00000134775,71,204
ENSG00000175054,71,205
ENSG00000083814,71,206
ENSG00000138696,71,207
ENSG00000161381,71,208
ENSG00000136114,71,209
ENSG00000113248,71,210
ENSG00000186787,71,211
ENSG00000162727,71,212
ENSG00000168661,71,213
ENSG00000273269,71,214
ENSG00000127561,71,215
ENSG00000107954,71,216
ENSG00000167100,71,217
ENSG00000181790,71,218
ENSG00000168811,71,219
ENSG00000274808,71,220
ENSG00000105255,71,221
ENSG00000174279,71,222
ENSG00000175595,71,223
ENSG00000221946,71,224
ENSG00000070808,71,225
ENSG00000125888,71,226
ENSG00000136541,71,227
ENSG00000168314,71,228
ENSG00000170075,71,229
ENSG00000130413,71,230
ENSG00000188425,71,231
ENSG00000102924,71,232
ENSG00000122733,71,233
ENSG00000109047,71,234
ENSG00000221840,71,235
ENSG00000122735,71,236
ENSG00000124302,71,237
ENSG00000261949,71,238
ENSG00000115596,71,239
ENSG00000198173,71,240
ENSG00000144821,71,241
ENSG00000185231,71,242
ENSG00000187187,71,243
ENSG00000174453,71,244
ENSG00000197674,71,245
ENSG00000152315,71,246
ENSG00000156222,71,247
ENSG00000196860,71,248
ENSG00000229674,71,249
ENSG00000102043,71,250
ENSG00000249693,71,251
ENSG00000265690,71,252
ENSG00000196098,71,253
ENSG00000176893,71,254
ENSG00000164946,71,255
ENSG00000189139,71,256
18176,72,1
18177,72,2
18178,72,3
18179,72,4
18180,72,5
18181,72,6
18182,72,7
18183,72,8
18184,72,9
18185,72,10
18186,72,11
18187,72,12
18188,72,13
18189,72,14
18190,72,15
18191,72,16
18192,72,17
18193,72,18
18194,72,19
18195,72,20
18196,72,21
18197,72,22
18198,72,23
18199,72,24
18200,72,25
18201,72,26
18202,72,27
18203,72,28
18204,72,29
18205,72,30
18206,72,31
18207,72,32
18208,72,33
18209,72,34
18210,72,35
18211,72,36
18212,72,37
18213,72,38
18214,72,39
18215,72,40
18216,72,41
18217,72,42
18218,72,43
18219,72,44
18220,72,45
18221,72,46
18222,72,47
18223,72,48
18224,72,49
18225,72,50
18226,72,51
18227,72,52
18228,72,53
18229,72,54
18230,72,55
18231,72,56
18232,72,57
18233,72,58
18234,72,59
18235,72,60
18236,72,61
18237,72,62
18238,72,63
18239,72,64
18240,72,65
18241,72,66
18242,72,67
18243,72,68
18244,72,69
18245,72,70
18246,72,71
18247,72,72
18248,72,73
18249,72,74
18250,72,75
18251,72,76
18252,72,77
18253,72,78
18254,72,79
18255,72,80
18256,72,81
18257,72,82
18258,72,83
18259,72,84
18260,72,85
18261,72,86
ENSG00000169223,72,87
ENSG00000136240,72,88
ENSG00000089597,72,89
ENSG00000188643,72,90
ENSG00000086598,72,91
ENSG00000155660,72,92
ENSG00000125991,72,93
ENSG00000170345,72,94
ENSG00000159388,72,95
ENSG00000185650,72,96
ENSG00000106803,72,97
ENSG00000112977,72,98
ENSG00000196576,72,99
ENSG00000160789,72,100
ENSG00000071127,72,101
ENSG00000013275,72,102
ENSG00000131165,72,103
ENSG00000088247,72,104
ENSG00000116133,72,105
ENSG00000142657,72,106
ENSG00000138760,72,107
ENSG00000162368,72,108
ENSG00000164054,72,109
ENSG00000125977,72,110
ENSG00000117318,72,111
ENSG00000101363,72,112
ENSG00000143420,72,113
ENSG00000164754,72,114
ENSG00000144028,72,115
ENSG00000089280,72,116
ENSG00000143149,72,117
ENSG00000116752,72,118
ENSG00000163634,72,119
ENSG00000158773,72,120
ENSG00000106615,72,121
ENSG00000118564,72,122
ENSG00000101084,72,123
ENSG00000205250,72,124
ENSG00000121766,72,125
ENSG00000113758,72,126
ENSG00000197586,72,127
ENSG00000058668,72,128
ENSG00000196498,72,129
ENSG00000116604,72,130
ENSG00000142599,72,131
ENSG00000095321,72,132
ENSG00000160271,72,133
ENSG00000101220,72,134
ENSG00000184489,72,135
ENSG00000125037,72,136
ENSG00000176720,72,137
ENSG00000173465,72,138
ENSG00000123992,72,139
ENSG00000163703,72,140
ENSG00000103197,72,141
ENSG00000109920,72,142
ENSG00000143624,72,143
ENSG00000070669,72,144
ENSG00000145675,72,145
ENSG00000147526,72,146
ENSG00000230989,72,147
ENSG00000121310,72,148
ENSG00000188783,72,149
ENSG00000178381,72,150
ENSG00000174996,72,151
ENSG00000172466,72,152
ENSG00000130005,72,153
ENSG00000115840,72,154
ENSG00000089335,72,155
ENSG00000113851,72,156
ENSG00000171055,72,157
ENSG00000163517,72,158
ENSG00000085231,72,159
ENSG00000188747,72,160
ENSG00000174938,72,161
ENSG00000092098,72,162
ENSG00000121413,72,163
ENSG00000112406,72,164
ENSG00000055163,72,165
ENSG00000131148,72,166
ENSG00000072071,72,167
ENSG00000171476,72,168
ENSG00000126561,72,169
ENSG00000005700,72,170
ENSG00000153317,72,171
ENSG00000165406,72,172
ENSG00000118939,72,173
ENSG00000101938,72,174
ENSG00000068354,72,175
ENSG00000160613,72,176
ENSG00000151092,72,177
ENSG00000113742,72,178
ENSG00000121104,72,179
ENSG00000007545,72,180
ENSG00000243725,72,181
ENSG00000183036,72,182
ENSG00000165868,72,183
ENSG00000146966,72,184
ENSG00000205560,72,185
ENSG00000196569,72,186
ENSG00000184470,72,187
ENSG00000167378,72,188
ENSG00000167549,72,189
ENSG00000156011,72,190
ENSG00000170364,72,191
ENSG00000124444,72,192
ENSG00000005801,72,193
ENSG00000124440,72,194
ENSG00000122512,72,195
ENSG00000055118,72,196
ENSG00000151778,72,197
ENSG00000139737,72,198
ENSG00000133069,72,199
ENSG00000102908,72,200
ENSG00000180834,72,201
ENSG00000068024,72,202
ENSG00000183621,72,203
ENSG00000107679,72,204
ENSG00000101639,72,205
ENSG00000162804,72,206
ENSG00000165646,72,207
ENSG00000101605,72,208
ENSG00000085382,72,209
ENSG00000040199,72,210
ENSG00000231256,72,211
ENSG00000116852,72,212
ENSG00000253506,72,213
ENSG00000181378,72,214
ENSG00000215529,72,215
ENSG00000159289,72,216
ENSG00000105675,72,217
ENSG00000071991,72,218
ENSG00000148734,72,219
ENSG00000188573,72,220
ENSG00000242173,72,221
ENSG00000186288,72,222
ENSG00000007314,72,223
ENSG00000270299,72,224
ENSG00000188234,72,225
ENSG00000126861,72,226
ENSG00000105695,72,227
ENSG00000183307,72,228
ENSG00000147588,72,229
ENSG00000183305,72,230
ENSG00000188408,72,231
ENSG00000188032,72,232
ENSG00000232030,72,233
ENSG00000250782,72,234
ENSG00000230873,72,235
ENSG00000197893,72,236
ENSG00000137571,72,237
ENSG00000205126,72,238
ENSG00000177354,72,239
ENSG00000243772,72,240
ENSG00000180440,72,241
ENSG00000143194,72,242
ENSG00000163810,72,243
ENSG00000173431,72,244
ENSG00000141294,72,245
ENSG00000101951,72,246
ENSG00000136574,72,247
ENSG00000261459,72,248
ENSG00000104755,72,249
ENSG00000127377,72,250
ENSG00000196415,72,251
ENSG00000204805,72,252
ENSG00000135902,72,253
ENSG00000089250,72,254
ENSG00000125498,72,255
ENSG00000166984,72,256
18432,73,1
18433,73,2
18434,73,3
18435,73,4
18436,73,5
18437,73,6
18438,73,7
18439,73,8
18440,73,9
18441,73,10
18442,73,11
18443,73,12
18444,73,13
18445,73,14
18446,73,15
18447,73,16
18448,73,17
18449,73,18
18450,73,19
18451,73,20
18452,73,21
18453,73,22
18454,73,23
18455,73,24
18456,73,25
18457,73,26
18458,73,27
18459,73,28
18460,73,29
18461,73,30
18462,73,31
18463,73,32
18464,73,33
18465,73,34
18466,73,35
18467,73,36
18468,73,37
18469,73,38
18470,73,39
18471,73,40
18472,73,41
18473,73,42
18474,73,43
18475,73,44
18476,73,45
18477,73,46
18478,73,47
18479,73,48
18480,73,49
18481,73,50
18482,73,51
18483,73,52
18484,73,53
18485,73,54
18486,73,55
18487,73,56
18488,73,57
18489,73,58
18490,73,59
18491,73,60
18492,73,61
18493,73,62
18494,73,63
18495,73,64
18496,73,65
18497,73,66
18498,73,67
18499,73,68
18500,73,69
18501,73,70
18502,73,71
18503,73,72
18504,73,73
18505,73,74
18506,73,75
18507,73,76
18508,73,77
18509,73,78
ENSG00000182492,73,79
18511,73,80
18512,73,81
18513,73,82
18514,73,83
18515,73,84
18516,73,85
18517,73,86
ENSG00000105438,73,87
ENSG00000184840,73,88
ENSG00000244038,73,89
ENSG00000163902,73,90
ENSG00000101608,73,91
ENSG00000115461,73,92
ENSG00000142871,73,93
ENSG00000177469,73,94
ENSG00000111341,73,95
ENSG00000149591,73,96
ENSG00000074842,73,97
ENSG00000182934,73,98
ENSG00000115677,73,99
ENSG00000011304,73,100
ENSG00000126458,73,101
ENSG00000132002,73,102
ENSG00000203950,73,103
ENSG00000112308,73,104
ENSG00000105323,73,105
ENSG00000138071,73,106
ENSG00000131238,73,107
ENSG00000091527,73,108
ENSG00000168288,73,109
ENSG00000100220,73,110
ENSG00000172037,73,111
ENSG00000168439,73,112
ENSG00000155115,73,113
ENSG00000183726,73,114
ENSG00000079785,73,115
ENSG00000100227,73,116
ENSG00000179950,73,117
ENSG00000113068,73,118
ENSG00000053371,73,119
ENSG00000247596,73,120
ENSG00000143416,73,121
ENSG00000143158,73,122
ENSG00000119048,73,123
ENSG00000113558,73,124
ENSG00000221823,73,125
ENSG00000105700,73,126
ENSG00000125458,73,127
ENSG00000116741,73,128
ENSG00000157933,73,129
ENSG00000157216,73,130
ENSG00000197226,73,131
ENSG00000250722,73,132
ENSG00000168958,73,133
ENSG00000137776,73,134
ENSG00000187479,73,135
ENSG00000143248,73,136
ENSG00000186501,73,137
ENSG00000136710,73,138
ENSG00000198721,73,139
ENSG00000117640,73,140
ENSG00000182979,73,141
ENSG00000143442,73,142
ENSG00000119760,73,143
ENSG00000115233,73,144
ENSG00000114982,73,145
ENSG00000089818,73,146
ENSG00000097021,73,147
ENSG00000110514,73,148
ENSG00000160209,73,149
ENSG00000116337,73,150
ENSG00000165792,73,151
ENSG00000143772,73,152
ENSG00000005243,73,153
ENSG00000243943,73,154
ENSG00000158828,73,155
ENSG00000107551,73,156
ENSG00000112531,73,157
ENSG00000166012,73,158
ENSG00000100246,73,159
ENSG00000141562,73,160
ENSG00000129824,73,161
ENSG00000213079,73,162
ENSG00000198417,73,163
ENSG00000137492,73,164
ENSG00000101132,73,165
ENSG00000054523,73,166
ENSG00000163539,73,167
ENSG00000126214,73,168
ENSG00000188566,73,169
ENSG00000108651,73,170
ENSG00000198873,73,171
ENSG00000112941,73,172
ENSG00000106993,73,173
ENSG00000136870,73,174
ENSG00000130559,73,175
ENSG00000126821,73,176
ENSG00000110801,73,177
ENSG00000089820,73,178
ENSG00000149582,73,179
ENSG00000166965,73,180
ENSG00000162032,73,181
ENSG00000203896,73,182
ENSG00000198932,73,183
ENSG00000183718,73,184
ENSG00000104863,73,185
ENSG00000155111,73,186
ENSG00000130449,73,187
ENSG00000259494,73,188
ENSG00000135093,73,189
ENSG00000157570,73,190
ENSG00000198919,73,191
ENSG00000106772,73,192
ENSG00000066739,73,193
ENSG00000106479,73,194
ENSG00000186001,73,195
ENSG00000072195,73,196
ENSG00000068615,73,197
ENSG00000136274,73,198
ENSG00000121753,73,199
ENSG00000018236,73,200
ENSG00000147799,73,201
ENSG00000161558,73,202
ENSG00000137601,73,203
ENSG00000181449,73,204
ENSG00000165359,73,205
ENSG00000157554,73,206
ENSG00000168079,73,207
ENSG00000133105,73,208
ENSG00000165072,73,209
ENSG00000215644,73,210
ENSG00000204869,73,211
ENSG00000171408,73,212
ENSG00000213218,73,213
ENSG00000249158,73,214
ENSG00000107518,73,215
ENSG00000240204,73,216
ENSG00000153779,73,217
ENSG00000066382,73,218
ENSG00000278057,73,219
ENSG00000185615,73,220
ENSG00000107295,73,221
ENSG00000267001,73,222
ENSG00000179314,73,223
ENSG00000269590,73,224
ENSG00000197309,73,225
ENSG00000204659,73,226
ENSG00000198865,73,227
ENSG00000183607,73,228
ENSG00000234965,73,229
ENSG00000127318,73,230
ENSG00000168939,73,231
ENSG00000267168,73,232
ENSG00000164093,73,233
ENSG00000226761,73,234
ENSG00000182890,73,235
ENSG00000234906,73,236
ENSG00000274529,73,237
ENSG00000127588,73,238
ENSG00000227488,73,239
ENSG00000100362,73,240
ENSG00000181761,73,241
ENSG00000174982,73,242
ENSG00000070985,73,243
ENSG00000168757,73,244
ENSG00000137691,73,245
ENSG00000180083,73,246
ENSG00000204612,73,247
ENSG00000215277,73,248
ENSG00000253953,73,249
ENSG00000158445,73,250
ENSG00000212899,73,251
ENSG00000267552,73,252
ENSG00000004948,73,253
ENSG00000196912,73,254
ENSG00000128276,73,255
ENSG00000179331,73,256
18688,74,1
18689,74,2
18690,74,3
18691,74,4
18692,74,5
18693,74,6
18694,74,7
18695,74,8
18696,74,9
18697,74,10
18698,74,11
18699,74,12
18700,74,13
18701,74,14
18702,74,15
18703,74,16
18704,74,17
18705,74,18
18706,74,19
18707,74,20
18708,74,21
18709,74,22
18710,74,23
18711,74,24
18712,74,25
18713,74,26
18714,74,27
18715,74,28
18716,74,29
18717,74,30
18718,74,31
18719,74,32
18720,74,33
18721,74,34
18722,74,35
18723,74,36
18724,74,37
18725,74,38
18726,74,39
18727,74,40
18728,74,41
18729,74,42
18730,74,43
18731,74,44
18732,74,45
18733,74,46
18734,74,47
18735,74,48
18736,74,49
18737,74,50
18738,74,51
18739,74,52
18740,74,53
18741,74,54
18742,74,55
18743,74,56
18744,74,57
18745,74,58
18746,74,59
18747,74,60
18748,74,61
18749,74,62
18750,74,63
18751,74,64
18752,74,65
18753,74,66
18754,74,67
18755,74,68
18756,74,69
18757,74,70
18758,74,71
18759,74,72
18760,74,73
18761,74,74
18762,74,75
18763,74,76
18764,74,77
18765,74,78
ENSG00000118705,74,79
ENSG00000102265,74,80
ENSG00000108679,74,81
18769,74,82
18770,74,83
18771,74,84
18772,74,85
18773,74,86
ENSG00000168374,74,87
ENSG00000148248,74,88
ENSG00000185043,74,89
ENSG00000174021,74,90
ENSG00000177697,74,91
ENSG00000102317,74,92
ENSG00000177606,74,93
ENSG00000198467,74,94
ENSG00000101335,74,95
ENSG00000072506,74,96
ENSG00000115128,74,97
ENSG00000172531,74,98
ENSG00000135926,74,99
ENSG00000125304,74,100
ENSG00000130741,74,101
ENSG00000165283,74,102
ENSG00000115241,74,103
ENSG00000244187,74,104
ENSG00000117410,74,105
ENSG00000101161,74,106
ENSG00000121774,74,107
ENSG00000102172,74,108
ENSG00000027697,74,109
ENSG00000180964,74,110
ENSG00000116016,74,111
ENSG00000265354,74,112
ENSG00000184007,74,113
ENSG00000162729,74,114
ENSG00000170275,74,115
ENSG00000178252,74,116
ENSG00000204227,74,117
ENSG00000105968,74,118
ENSG00000129084,74,119
ENSG00000171148,74,120
ENSG00000165092,74,121
ENSG00000163541,74,122
ENSG00000090266,74,123
ENSG00000197982,74,124
ENSG00000198843,74,125
ENSG00000179195,74,126
ENSG00000071894,74,127
ENSG00000109111,74,128
ENSG00000106635,74,129
ENSG00000077380,74,130
ENSG00000123505,74,131
ENSG00000163660,74,132
ENSG00000138434,74,133
ENSG00000130024,74,134
ENSG00000090060,74,135
ENSG00000146540,74,136
ENSG00000185608,74,137
ENSG00000131748,74,138
ENSG00000184990,74,139
ENSG00000121671,74,140
ENSG00000170899,74,141
ENSG00000023902,74,142
ENSG00000133030,74,143
ENSG00000123472,74,144
ENSG00000158863,74,145
ENSG00000117616,74,146
ENSG00000138814,74,147
ENSG00000179456,74,148
ENSG00000114631,74,149
ENSG00000148660,74,150
ENSG00000167123,74,151
ENSG00000159713,74,152
ENSG00000124074,74,153
ENSG00000127990,74,154
ENSG00000173581,74,155
ENSG00000117266,74,156
ENSG00000135766,74,157
ENSG00000185246,74,158
ENSG00000149929,74,159
ENSG00000172932,74,160
ENSG00000186166,74,161
ENSG00000166326,74,162
ENSG00000128607,74,163
ENSG00000124164,74,164
ENSG00000180155,74,165
ENSG00000115661,74,166
ENSG00000176915,74,167
ENSG00000267673,74,168
ENSG00000175287,74,169
ENSG00000141447,74,170
ENSG00000215041,74,171
ENSG00000152520,74,172
ENSG00000153037,74,173
ENSG00000163788,74,174
ENSG00000197555,74,175
ENSG00000133731,74,176
ENSG00000172731,74,177
ENSG00000145868,74,178
ENSG00000111684,74,179
ENSG00000100918,74,180
ENSG00000271303,74,181
ENSG00000100926,74,182
ENSG00000136842,74,183
ENSG00000090975,74,184
ENSG00000021762,74,185
ENSG00000110200,74,186
ENSG00000170323,74,187
ENSG00000213380,74,188
ENSG00000085224,74,189
ENSG00000141012,74,190
ENSG00000171160,74,191
ENSG00000164403,74,192
ENSG00000144026,74,193
ENSG00000100302,74,194
ENSG00000173175,74,195
ENSG00000163531,74,196
ENSG00000170500,74,197
ENSG00000186462,74,198
ENSG00000182272,74,199
ENSG00000108830,74,200
ENSG00000100767,74,201
ENSG00000241852,74,202
ENSG00000123444,74,203
ENSG00000067177,74,204
ENSG00000205423,74,205
ENSG00000091622,74,206
ENSG00000037280,74,207
ENSG00000083457,74,208
ENSG00000120162,74,209
ENSG00000040608,74,210
ENSG00000196826,74,211
ENSG00000123119,74,212
ENSG00000166501,74,213
ENSG00000169777,74,214
ENSG00000164066,74,215
ENSG00000243667,74,216
ENSG00000128487,74,217
ENSG00000163497,74,218
ENSG00000176887,74,219
ENSG00000232263,74,220
ENSG00000172915,74,221
ENSG00000165914,74,222
ENSG00000170820,74,223
ENSG00000141744,74,224
ENSG00000128271,74,225
ENSG00000077935,74,226
ENSG00000145242,74,227
ENSG00000257411,74,228
ENSG00000087495,74,229
ENSG00000185864,74,230
ENSG00000169314,74,231
ENSG00000177453,74,232
ENSG00000186231,74,233
ENSG00000153993,74,234
ENSG00000163499,74,235
ENSG00000204918,74,236
ENSG00000102174,74,237
ENSG00000154655,74,238
ENSG00000124091,74,239
ENSG00000166363,74,240
ENSG00000273398,74,241
ENSG00000022355,74,242
ENSG00000255561,74,243
ENSG00000132016,74,244
ENSG00000149506,74,245
ENSG00000182613,74,246
ENSG00000149403,74,247
ENSG00000221880,74,248
ENSG00000234186,74,249
ENSG00000040731,74,250
ENSG00000196778,74,251
ENSG00000264058,74,252
ENSG00000253649,74,253
ENSG00000161180,74,254
ENSG00000273111,74,255
ENSG00000188730,74,256
18944,75,1
18945,75,2
18946,75,3
18947,75,4
18948,75,5
18949,75,6
18950,75,7
18951,75,8
18952,75,9
18953,75,10
18954,75,11
18955,75,12
18956,75,13
18957,75,14
18958,75,15
18959,75,16
18960,75,17
18961,75,18
18962,75,19
18963,75,20
18964,75,21
18965,75,22
18966,75,23
18967,75,24
18968,75,25
18969,75,26
18970,75,27
18971,75,28
18972,75,29
18973,75,30
18974,75,31
18975,75,32
18976,75,33
18977,75,34
18978,75,35
18979,75,36
18980,75,37
18981,75,38
18982,75,39
18983,75,40
18984,75,41
18985,75,42
18986,75,43
18987,75,44
18988,75,45
18989,75,46
18990,75,47
18991,75,48
18992,75,49
18993,75,50
18994,75,51
18995,75,52
18996,75,53
18997,75,54
18998,75,55
18999,75,56
19000,75,57
ENSG00000019582,75,58
19002,75,59
19003,75,60
19004,75,61
19005,75,62
19006,75,63
19007,75,64
19008,75,65
19009,75,66
19010,75,67
19011,75,68
19012,75,69
19013,75,70
19014,75,71
19015,75,72
19016,75,73
19017,75,74
19018,75,75
19019,75,76
19020,75,77
19021,75,78
19022,75,79
ENSG00000167004,75,80
ENSG00000125835,75,81
19025,75,82
19026,75,83
19027,75,84
19028,75,85
19029,75,86
ENSG00000058262,75,87
ENSG00000124145,75,88
ENSG00000092820,75,89
ENSG00000185201,75,90
ENSG00000170348,75,91
ENSG00000152518,75,92
ENSG00000100906,75,93
ENSG00000120738,75,94
ENSG00000183291,75,95
ENSG00000057608,75,96
ENSG00000156261,75,97
ENSG00000092199,75,98
ENSG00000069849,75,99
ENSG00000044115,75,100
ENSG00000130706,75,101
ENSG00000099341,75,102
ENSG00000175166,75,103
ENSG00000159346,75,104
ENSG00000198356,75,105
ENSG00000071553,75,106
ENSG00000115649,75,107
ENSG00000241553,75,108
ENSG00000135047,75,109
ENSG00000134294,75,110
ENSG00000112081,75,111
ENSG00000270647,75,112
ENSG00000113575,75,113
ENSG00000119396,75,114
ENSG00000087077,75,115
ENSG00000134686,75,116
ENSG00000109736,75,117
ENSG00000242485,75,118
ENSG00000138073,75,119
ENSG00000107175,75,120
ENSG00000120265,75,121
ENSG00000171314,75,122
ENSG00000113811,75,123
ENSG00000115685,75,124
ENSG00000055950,75,125
ENSG00000063660,75,126
ENSG00000133275,75,127
ENSG00000070614,75,128
ENSG00000167106,75,129
ENSG00000174282,75,130
ENSG00000006282,75,131
ENSG00000113712,75,132
ENSG00000171824,75,133
ENSG00000275023,75,134
ENSG00000105576,75,135
ENSG00000101940,75,136
ENSG00000172590,75,137
ENSG00000173272,75,138
ENSG00000162384,75,139
ENSG00000132424,75,140
ENSG00000137504,75,141
ENSG00000164402,75,142
ENSG00000085832,75,143
ENSG00000182670,75,144
ENSG00000170445,75,145
ENSG00000163516,75,146
ENSG00000110931,75,147
ENSG00000088367,75,148
ENSG00000071575,75,149
ENSG00000169062,75,150
ENSG00000114857,75,151
ENSG00000136280,75,152
ENSG00000184207,75,153
ENSG00000183963,75,154
ENSG00000212864,75,155
ENSG00000248487,75,156
ENSG00000090971,75,157
ENSG00000172732,75,158
ENSG00000143258,75,159
ENSG00000008710,75,160
ENSG00000221988,75,161
ENSG00000146063,75,162
ENSG00000145020,75,163
ENSG00000102878,75,164
ENSG00000167680,75,165
ENSG00000115226,75,166
ENSG00000212747,75,167
ENSG00000128581,75,168
ENSG00000184708,75,169
ENSG00000153914,75,170
ENSG00000185950,75,171
ENSG00000186174,75,172
ENSG00000099889,75,173
ENSG00000100614,75,174
ENSG00000102893,75,175
ENSG00000141084,75,176
ENSG00000127946,75,177
ENSG00000088970,75,178
ENSG00000184785,75,179
ENSG00000188549,75,180
ENSG00000154917,75,181
ENSG00000221890,75,182
ENSG00000135124,75,183
ENSG00000104885,75,184
ENSG00000100483,75,185
ENSG00000113597,75,186
ENSG00000137491,75,187
ENSG00000047188,75,188
ENSG00000147133,75,189
ENSG00000138185,75,190
ENSG00000140548,75,191
ENSG00000169955,75,192
ENSG00000083097,75,193
ENSG00000102309,75,194
ENSG00000150756,75,195
ENSG00000175893,75,196
ENSG00000168944,75,197
ENSG00000108852,75,198
ENSG00000161791,75,199
ENSG00000144369,75,200
ENSG00000108733,75,201
ENSG00000162086,75,202
ENSG00000166503,75,203
ENSG00000101751,75,204
ENSG00000008311,75,205
ENSG00000186814,75,206
ENSG00000169402,75,207
ENSG00000183248,75,208
ENSG00000156689,75,209
ENSG00000145934,75,210
ENSG00000241360,75,211
ENSG00000125414,75,212
ENSG00000105550,75,213
ENSG00000159197,75,214
ENSG00000139899,75,215
ENSG00000124469,75,216
ENSG00000132975,75,217
ENSG00000132010,75,218
ENSG00000152433,75,219
ENSG00000188848,75,220
ENSG00000186300,75,221
ENSG00000189164,75,222
ENSG00000160870,75,223
ENSG00000248919,75,224
ENSG00000273173,75,225
ENSG00000141485,75,226
ENSG00000163746,75,227
ENSG00000166428,75,228
ENSG00000234719,75,229
ENSG00000111254,75,230
ENSG00000141837,75,231
ENSG00000254245,75,232
ENSG00000156509,75,233
ENSG00000160318,75,234
ENSG00000121377,75,235
ENSG00000178772,75,236
ENSG00000186496,75,237
ENSG00000240747,75,238
ENSG00000112041,75,239
ENSG00000184276,75,240
ENSG00000103154,75,241
ENSG00000269026,75,242
ENSG00000165966,75,243
ENSG00000165059,75,244
ENSG00000166342,75,245
ENSG00000205238,75,246
ENSG00000170236,75,247
ENSG00000186976,75,248
ENSG00000256861,75,249
ENSG00000268643,75,250
ENSG00000151790,75,251
ENSG00000218823,75,252
ENSG00000227729,75,253
ENSG00000215474,75,254
ENSG00000121207,75,255
ENSG00000123594,75,256
19200,76,1
19201,76,2
19202,76,3
19203,76,4
19204,76,5
19205,76,6
19206,76,7
19207,76,8
19208,76,9
19209,76,10
19210,76,11
19211,76,12
19212,76,13
19213,76,14
19214,76,15
19215,76,16
19216,76,17
19217,76,18
19218,76,19
19219,76,20
19220,76,21
19221,76,22
19222,76,23
19223,76,24
19224,76,25
19225,76,26
19226,76,27
19227,76,28
19228,76,29
19229,76,30
19230,76,31
19231,76,32
19232,76,33
19233,76,34
19234,76,35
19235,76,36
19236,76,37
19237,76,38
19238,76,39
19239,76,40
19240,76,41
19241,76,42
19242,76,43
19243,76,44
19244,76,45
19245,76,46
19246,76,47
19247,76,48
19248,76,49
19249,76,50
19250,76,51
19251,76,52
19252,76,53
19253,76,54
19254,76,55
19255,76,56
19256,76,57
19257,76,58
19258,76,59
19259,76,60
19260,76,61
19261,76,62
19262,76,63
19263,76,64
19264,76,65
19265,76,66
19266,76,67
19267,76,68
19268,76,69
19269,76,70
19270,76,71
19271,76,72
19272,76,73
19273,76,74
19274,76,75
19275,76,76
19276,76,77
19277,76,78
ENSG00000030582,76,79
19279,76,80
19280,76,81
19281,76,82
19282,76,83
19283,76,84
19284,76,85
19285,76,86
19286,76,87
ENSG00000119335,76,88
ENSG00000185885,76,89
ENSG00000010278,76,90
ENSG00000149131,76,91
ENSG00000100804,76,92
ENSG00000168036,76,93
ENSG00000119655,76,94
ENSG00000231925,76,95
ENSG00000146731,76,96
ENSG00000074071,76,97
ENSG00000132963,76,98
ENSG00000163479,76,99
ENSG00000002586,76,100
ENSG00000176101,76,101
ENSG00000159069,76,102
ENSG00000137207,76,103
ENSG00000163466,76,104
ENSG00000124562,76,105
ENSG00000116649,76,106
ENSG00000102103,76,107
ENSG00000142634,76,108
ENSG00000204469,76,109
ENSG00000116350,76,110
ENSG00000109332,76,111
ENSG00000180817,76,112
ENSG00000204389,76,113
ENSG00000100242,76,114
ENSG00000087087,76,115
ENSG00000198952,76,116
ENSG00000262814,76,117
ENSG00000110717,76,118
ENSG00000178057,76,119
ENSG00000067113,76,120
ENSG00000057757,76,121
ENSG00000182809,76,122
ENSG00000189171,76,123
ENSG00000169764,76,124
ENSG00000088682,76,125
ENSG00000091640,76,126
ENSG00000177971,76,127
ENSG00000068323,76,128
ENSG00000198752,76,129
ENSG00000162407,76,130
ENSG00000121851,76,131
ENSG00000115694,76,132
ENSG00000127054,76,133
ENSG00000146830,76,134
ENSG00000080845,76,135
ENSG00000069345,76,136
ENSG00000141644,76,137
ENSG00000161677,76,138
ENSG00000146963,76,139
ENSG00000173327,76,140
ENSG00000179134,76,141
ENSG00000159842,76,142
ENSG00000071054,76,143
ENSG00000107758,76,144
ENSG00000144711,76,145
ENSG00000157045,76,146
ENSG00000032444,76,147
ENSG00000164985,76,148
ENSG00000068383,76,149
ENSG00000125827,76,150
ENSG00000114626,76,151
ENSG00000170502,76,152
ENSG00000056050,76,153
ENSG00000155252,76,154
ENSG00000188191,76,155
ENSG00000165516,76,156
ENSG00000160953,76,157
ENSG00000251322,76,158
ENSG00000123815,76,159
ENSG00000162300,76,160
ENSG00000169964,76,161
ENSG00000113108,76,162
ENSG00000197114,76,163
ENSG00000129422,76,164
ENSG00000086102,76,165
ENSG00000139624,76,166
ENSG00000130939,76,167
ENSG00000112290,76,168
ENSG00000151748,76,169
ENSG00000124785,76,170
ENSG00000110811,76,171
ENSG00000088808,76,172
ENSG00000176058,76,173
ENSG00000119402,76,174
ENSG00000107771,76,175
ENSG00000130517,76,176
ENSG00000149179,76,177
ENSG00000104756,76,178
ENSG00000164941,76,179
ENSG00000148516,76,180
ENSG00000213190,76,181
ENSG00000107186,76,182
ENSG00000131831,76,183
ENSG00000156381,76,184
ENSG00000115042,76,185
ENSG00000157617,76,186
ENSG00000138641,76,187
ENSG00000153291,76,188
ENSG00000198000,76,189
ENSG00000171224,76,190
ENSG00000181991,76,191
ENSG00000172346,76,192
ENSG00000121361,76,193
ENSG00000102981,76,194
ENSG00000165821,76,195
ENSG00000157764,76,196
ENSG00000179241,76,197
ENSG00000188647,76,198
ENSG00000004766,76,199
ENSG00000123106,76,200
ENSG00000091129,76,201
ENSG00000176595,76,202
ENSG00000186310,76,203
ENSG00000219438,76,204
ENSG00000126217,76,205
ENSG00000139323,76,206
ENSG00000157368,76,207
ENSG00000168813,76,208
ENSG00000164867,76,209
ENSG00000120156,76,210
ENSG00000001630,76,211
ENSG00000189269,76,212
ENSG00000149742,76,213
ENSG00000125869,76,214
ENSG00000058404,76,215
ENSG00000010282,76,216
ENSG00000162039,76,217
ENSG00000249861,76,218
ENSG00000179965,76,219
ENSG00000267060,76,220
ENSG00000181803,76,221
ENSG00000197849,76,222
ENSG00000105866,76,223
ENSG00000178201,76,224
ENSG00000196408,76,225
ENSG00000231068,76,226
ENSG00000204183,76,227
ENSG00000215186,76,228
ENSG00000077009,76,229
ENSG00000146592,76,230
ENSG00000258643,76,231
ENSG00000176381,76,232
ENSG00000183747,76,233
ENSG00000134551,76,234
ENSG00000159248,76,235
ENSG00000174721,76,236
ENSG00000176200,76,237
ENSG00000112115,76,238
ENSG00000262484,76,239
ENSG00000144410,76,240
ENSG00000157470,76,241
ENSG00000113211,76,242
ENSG00000175003,76,243
ENSG00000183733,76,244
ENSG00000152595,76,245
ENSG00000244588,76,246
ENSG00000107018,76,247
ENSG00000237700,76,248
ENSG00000171049,76,249
ENSG00000151577,76,250
ENSG00000125879,76,251
ENSG00000172188,76,252
ENSG00000124092,76,253
ENSG00000106633,76,254
ENSG00000256671,76,255
ENSG00000185008,76,256
19456,77,1
19457,77,2
19458,77,3
19459,77,4
19460,77,5
19461,77,6
19462,77,7
19463,77,8
19464,77,9
19465,77,10
19466,77,11
19467,77,12
19468,77,13
19469,77,14
19470,77,15
19471,77,16
19472,77,17
19473,77,18
19474,77,19
19475,77,20
19476,77,21
19477,77,22
19478,77,23
19479,77,24
19480,77,25
19481,77,26
19482,77,27
19483,77,28
19484,77,29
19485,77,30
19486,77,31
19487,77,32
19488,77,33
19489,77,34
19490,77,35
19491,77,36
19492,77,37
19493,77,38
19494,77,39
19495,77,40
19496,77,41
19497,77,42
19498,77,43
19499,77,44
19500,77,45
19501,77,46
19502,77,47
19503,77,48
19504,77,49
19505,77,50
19506,77,51
19507,77,52
19508,77,53
19509,77,54
19510,77,55
19511,77,56
19512,77,57
19513,77,58
19514,77,59
19515,77,60
19516,77,61
19517,77,62
19518,77,63
19519,77,64
19520,77,65
19521,77,66
19522,77,67
19523,77,68
19524,77,69
19525,77,70
19526,77,71
19527,77,72
19528,77,73
19529,77,74
19530,77,75
19531,77,76
19532,77,77
19533,77,78
19534,77,79
19535,77,80
19536,77,81
19537,77,82
19538,77,83
19539,77,84
19540,77,85
19541,77,86
19542,77,87
ENSG00000122705,77,88
ENSG00000086061,77,89
ENSG00000114867,77,90
ENSG00000100823,77,91
ENSG00000130726,77,92
ENSG00000126709,77,93
ENSG00000070831,77,94
ENSG00000117362,77,95
ENSG00000089248,77,96
ENSG00000135506,77,97
ENSG00000108828,77,98
ENSG00000179632,77,99
ENSG00000126756,77,100
ENSG00000101444,77,101
ENSG00000125817,77,102
ENSG00000063244,77,103
ENSG00000042753,77,104
ENSG00000143222,77,105
ENSG00000163344,77,106
ENSG00000162517,77,107
ENSG00000163931,77,108
ENSG00000169230,77,109
ENSG00000106263,77,110
ENSG00000169045,77,111
ENSG00000183087,77,112
ENSG00000099860,77,113
ENSG00000151465,77,114
ENSG00000204370,77,115
ENSG00000186591,77,116
ENSG00000169689,77,117
ENSG00000130177,77,118
ENSG00000135018,77,119
ENSG00000077097,77,120
ENSG00000144567,77,121
ENSG00000183011,77,122
ENSG00000164896,77,123
ENSG00000130382,77,124
ENSG00000164346,77,125
ENSG00000120896,77,126
ENSG00000104529,77,127
ENSG00000160741,77,128
ENSG00000105722,77,129
ENSG00000112715,77,130
ENSG00000087111,77,131
ENSG00000109501,77,132
ENSG00000164050,77,133
ENSG00000010322,77,134
ENSG00000104325,77,135
ENSG00000225663,77,136
ENSG00000186577,77,137
ENSG00000113657,77,138
ENSG00000169180,77,139
ENSG00000148291,77,140
ENSG00000249915,77,141
ENSG00000175084,77,142
ENSG00000175662,77,143
ENSG00000213983,77,144
ENSG00000171992,77,145
ENSG00000172201,77,146
ENSG00000173267,77,147
ENSG00000133884,77,148
ENSG00000078674,77,149
ENSG00000167766,77,150
ENSG00000213015,77,151
ENSG00000155256,77,152
ENSG00000049540,77,153
ENSG00000144848,77,154
ENSG00000102977,77,155
ENSG00000106665,77,156
ENSG00000134030,77,157
ENSG00000184113,77,158
ENSG00000007047,77,159
ENSG00000198917,77,160
ENSG00000106992,77,161
ENSG00000175265,77,162
ENSG00000134072,77,163
ENSG00000248098,77,164
ENSG00000147454,77,165
ENSG00000111731,77,166
ENSG00000105993,77,167
ENSG00000164898,77,168
ENSG00000131771,77,169
ENSG00000107742,77,170
ENSG00000174099,77,171
ENSG00000023516,77,172
ENSG00000122965,77,173
ENSG00000183401,77,174
ENSG00000100564,77,175
ENSG00000166582,77,176
ENSG00000149212,77,177
ENSG00000136051,77,178
ENSG00000111252,77,179
ENSG00000136709,77,180
ENSG00000198399,77,181
ENSG00000084731,77,182
ENSG00000077684,77,183
ENSG00000121417,77,184
ENSG00000175395,77,185
ENSG00000172613,77,186
ENSG00000104835,77,187
ENSG00000133794,77,188
ENSG00000110042,77,189
ENSG00000159231,77,190
ENSG00000066056,77,191
ENSG00000114923,77,192
ENSG00000176490,77,193
ENSG00000141542,77,194
ENSG00000102934,77,195
ENSG00000106078,77,196
ENSG00000239382,77,197
ENSG00000262246,77,198
ENSG00000196628,77,199
ENSG00000164741,77,200
ENSG00000078687,77,201
ENSG00000134152,77,202
ENSG00000177200,77,203
ENSG00000159214,77,204
ENSG00000070366,77,205
ENSG00000205726,77,206
ENSG00000186654,77,207
ENSG00000129467,77,208
ENSG00000183578,77,209
ENSG00000122180,77,210
ENSG00000131183,77,211
ENSG00000132622,77,212
ENSG00000123411,77,213
ENSG00000102984,77,214
ENSG00000141441,77,215
ENSG00000196911,77,216
ENSG00000112981,77,217
ENSG00000139344,77,218
ENSG00000149633,77,219
ENSG00000165863,77,220
ENSG00000136895,77,221
ENSG00000153822,77,222
ENSG00000121101,77,223
ENSG00000181625,77,224
ENSG00000128683,77,225
ENSG00000258677,77,226
ENSG00000152034,77,227
ENSG00000266524,77,228
ENSG00000100427,77,229
ENSG00000183850,77,230
ENSG00000164107,77,231
ENSG00000167654,77,232
ENSG00000127515,77,233
ENSG00000253537,77,234
ENSG00000122859,77,235
ENSG00000133116,77,236
ENSG00000109061,77,237
ENSG00000157653,77,238
ENSG00000140527,77,239
ENSG00000147873,77,240
ENSG00000091664,77,241
ENSG00000212128,77,242
ENSG00000181939,77,243
ENSG00000172789,77,244
ENSG00000128250,77,245
ENSG00000150471,77,246
ENSG00000229924,77,247
ENSG00000260836,77,248
ENSG00000100101,77,249
ENSG00000177938,77,250
ENSG00000144771,77,251
ENSG00000261247,77,252
ENSG00000185271,77,253
ENSG00000177238,77,254
ENSG00000177294,77,255
ENSG00000179363,77,256
19712,78,1
19713,78,2
19714,78,3
19715,78,4
19716,78,5
19717,78,6
19718,78,7
19719,78,8
19720,78,9
19721,78,10
19722,78,11
19723,78,12
19724,78,13
19725,78,14
19726,78,15
19727,78,16
19728,78,17
19729,78,18
19730,78,19
19731,78,20
19732,78,21
19733,78,22
19734,78,23
19735,78,24
19736,78,25
19737,78,26
19738,78,27
19739,78,28
19740,78,29
19741,78,30
19742,78,31
19743,78,32
19744,78,33
19745,78,34
19746,78,35
19747,78,36
19748,78,37
19749,78,38
19750,78,39
19751,78,40
19752,78,41
19753,78,42
19754,78,43
19755,78,44
19756,78,45
19757,78,46
19758,78,47
19759,78,48
19760,78,49
19761,78,50
19762,78,51
19763,78,52
19764,78,53
19765,78,54
19766,78,55
19767,78,56
19768,78,57
19769,78,58
19770,78,59
19771,78,60
19772,78,61
19773,78,62
19774,78,63
19775,78,64
19776,78,65
19777,78,66
19778,78,67
19779,78,68
19780,78,69
19781,78,70
19782,78,71
19783,78,72
19784,78,73
19785,78,74
19786,78,75
19787,78,76
19788,78,77
19789,78,78
19790,78,79
19791,78,80
ENSG00000104805,78,81
19793,78,82
19794,78,83
19795,78,84
19796,78,85
19797,78,86
19798,78,87
ENSG00000008018,78,88
ENSG00000241685,78,89
ENSG00000143321,78,90
ENSG00000147140,78,91
ENSG00000077549,78,92
ENSG00000198830,78,93
ENSG00000115484,78,94
ENSG00000069275,78,95
ENSG00000110107,78,96
ENSG00000168209,78,97
ENSG00000106624,78,98
ENSG00000155366,78,99
ENSG00000105677,78,100
ENSG00000100979,78,101
ENSG00000164919,78,102
ENSG00000105518,78,103
ENSG00000175756,78,104
ENSG00000130770,78,105
ENSG00000084090,78,106
ENSG00000031698,78,107
ENSG00000141580,78,108
ENSG00000205352,78,109
ENSG00000114902,78,110
ENSG00000101150,78,111
ENSG00000134248,78,112
ENSG00000119013,78,113
ENSG00000131051,78,114
ENSG00000130332,78,115
ENSG00000169217,78,116
ENSG00000002330,78,117
ENSG00000164615,78,118
ENSG00000152102,78,119
ENSG00000156515,78,120
ENSG00000102054,78,121
ENSG00000120948,78,122
ENSG00000107404,78,123
ENSG00000178605,78,124
ENSG00000132155,78,125
ENSG00000204304,78,126
ENSG00000141552,78,127
ENSG00000062194,78,128
ENSG00000119139,78,129
ENSG00000184787,78,130
ENSG00000056097,78,131
ENSG00000182872,78,132
ENSG00000132716,78,133
ENSG00000004534,78,134
ENSG00000095787,78,135
ENSG00000166902,78,136
ENSG00000196465,78,137
ENSG00000105619,78,138
ENSG00000257727,78,139
ENSG00000130787,78,140
ENSG00000031823,78,141
ENSG00000167323,78,142
ENSG00000154734,78,143
ENSG00000172638,78,144
ENSG00000121769,78,145
ENSG00000105397,78,146
ENSG00000165688,78,147
ENSG00000257704,78,148
ENSG00000126581,78,149
ENSG00000280789,78,150
ENSG00000113048,78,151
ENSG00000163815,78,152
ENSG00000198853,78,153
ENSG00000099203,78,154
ENSG00000159593,78,155
ENSG00000169592,78,156
ENSG00000160007,78,157
ENSG00000172005,78,158
ENSG00000153130,78,159
ENSG00000103254,78,160
ENSG00000149196,78,161
ENSG00000242616,78,162
ENSG00000204427,78,163
ENSG00000115657,78,164
ENSG00000166164,78,165
ENSG00000161714,78,166
ENSG00000145349,78,167
ENSG00000152484,78,168
ENSG00000170653,78,169
ENSG00000135452,78,170
ENSG00000103160,78,171
ENSG00000115548,78,172
ENSG00000136160,78,173
ENSG00000196535,78,174
ENSG00000127452,78,175
ENSG00000151208,78,176
ENSG00000154511,78,177
ENSG00000135365,78,178
ENSG00000180011,78,179
ENSG00000072134,78,180
ENSG00000066651,78,181
ENSG00000147100,78,182
ENSG00000176182,78,183
ENSG00000161036,78,184
ENSG00000250571,78,185
ENSG00000196502,78,186
ENSG00000232859,78,187
ENSG00000108924,78,188
ENSG00000168395,78,189
ENSG00000088992,78,190
ENSG00000154721,78,191
ENSG00000173531,78,192
ENSG00000169744,78,193
ENSG00000139508,78,194
ENSG00000139116,78,195
ENSG00000182985,78,196
ENSG00000171723,78,197
ENSG00000157895,78,198
ENSG00000185658,78,199
ENSG00000134508,78,200
ENSG00000175785,78,201
ENSG00000139880,78,202
ENSG00000175040,78,203
ENSG00000130699,78,204
ENSG00000105327,78,205
ENSG00000056558,78,206
ENSG00000138640,78,207
ENSG00000164588,78,208
ENSG00000166341,78,209
ENSG00000214309,78,210
ENSG00000141639,78,211
ENSG00000183729,78,212
ENSG00000141391,78,213
ENSG00000205309,78,214
ENSG00000272896,78,215
ENSG00000162188,78,216
ENSG00000006128,78,217
ENSG00000168530,78,218
ENSG00000025423,78,219
ENSG00000124140,78,220
ENSG00000228927,78,221
ENSG00000204694,78,222
ENSG00000110436,78,223
ENSG00000120262,78,224
ENSG00000077080,78,225
ENSG00000111052,78,226
ENSG00000128313,78,227
ENSG00000104879,78,228
ENSG00000072041,78,229
ENSG00000166796,78,230
ENSG00000214891,78,231
ENSG00000261052,78,232
ENSG00000169064,78,233
ENSG00000186970,78,234
ENSG00000237038,78,235
ENSG00000132631,78,236
ENSG00000166351,78,237
ENSG00000182459,78,238
ENSG00000100583,78,239
ENSG00000203730,78,240
ENSG00000278318,78,241
ENSG00000212722,78,242
ENSG00000189030,78,243
ENSG00000174038,78,244
ENSG00000143297,78,245
ENSG00000221826,78,246
ENSG00000101981,78,247
ENSG00000185149,78,248
ENSG00000159398,78,249
ENSG00000170605,78,250
ENSG00000272674,78,251
ENSG00000248672,78,252
ENSG00000140107,78,253
ENSG00000198440,78,254
ENSG00000146360,78,255
ENSG00000179165,78,256
19968,79,1
19969,79,2
19970,79,3
19971,79,4
19972,79,5
19973,79,6
19974,79,7
19975,79,8
19976,79,9
19977,79,10
19978,79,11
19979,79,12
19980,79,13
19981,79,14
19982,79,15
19983,79,16
19984,79,17
19985,79,18
19986,79,19
19987,79,20
19988,79,21
19989,79,22
19990,79,23
19991,79,24
19992,79,25
19993,79,26
19994,79,27
19995,79,28
19996,79,29
19997,79,30
19998,79,31
19999,79,32
20000,79,33
20001,79,34
20002,79,35
20003,79,36
20004,79,37
20005,79,38
20006,79,39
20007,79,40
20008,79,41
20009,79,42
20010,79,43
20011,79,44
20012,79,45
20013,79,46
20014,79,47
20015,79,48
20016,79,49
20017,79,50
20018,79,51
20019,79,52
20020,79,53
20021,79,54
20022,79,55
20023,79,56
20024,79,57
20025,79,58
20026,79,59
20027,79,60
20028,79,61
20029,79,62
20030,79,63
20031,79,64
20032,79,65
20033,79,66
20034,79,67
20035,79,68
20036,79,69
20037,79,70
20038,79,71
20039,79,72
20040,79,73
20041,79,74
20042,79,75
20043,79,76
20044,79,77
20045,79,78
20046,79,79
ENSG00000169567,79,80
ENSG00000127884,79,81
ENSG00000092010,79,82
ENSG00000101160,79,83
ENSG00000183255,79,84
ENSG00000101182,79,85
20053,79,86
ENSG00000135624,79,87
ENSG00000101856,79,88
ENSG00000132341,79,89
ENSG00000143621,79,90
ENSG00000167460,79,91
ENSG00000159840,79,92
ENSG00000143612,79,93
ENSG00000143256,79,94
ENSG00000124733,79,95
ENSG00000175130,79,96
ENSG00000099194,79,97
ENSG00000088986,79,98
ENSG00000035862,79,99
ENSG00000148834,79,100
ENSG00000182054,79,101
ENSG00000099783,79,102
ENSG00000213593,79,103
ENSG00000143575,79,104
ENSG00000116459,79,105
ENSG00000129625,79,106
ENSG00000049245,79,107
ENSG00000160948,79,108
ENSG00000099804,79,109
ENSG00000115073,79,110
ENSG00000117118,79,111
ENSG00000138029,79,112
ENSG00000169738,79,113
ENSG00000174231,79,114
ENSG00000157020,79,115
ENSG00000172301,79,116
ENSG00000156411,79,117
ENSG00000147813,79,118
ENSG00000167986,79,119
ENSG00000169727,79,120
ENSG00000105854,79,121
ENSG00000184887,79,122
ENSG00000116786,79,123
ENSG00000147416,79,124
ENSG00000122515,79,125
ENSG00000170004,79,126
ENSG00000168291,79,127
ENSG00000213619,79,128
ENSG00000175115,79,129
ENSG00000073169,79,130
ENSG00000198792,79,131
ENSG00000213339,79,132
ENSG00000079308,79,133
ENSG00000136950,79,134
ENSG00000111275,79,135
ENSG00000204371,79,136
ENSG00000131116,79,137
ENSG00000183020,79,138
ENSG00000108509,79,139
ENSG00000149564,79,140
ENSG00000163636,79,141
ENSG00000107738,79,142
ENSG00000128567,79,143
ENSG00000004776,79,144
ENSG00000175482,79,145
ENSG00000107140,79,146
ENSG00000132481,79,147
ENSG00000069535,79,148
ENSG00000132376,79,149
ENSG00000089486,79,150
ENSG00000130881,79,151
ENSG00000170989,79,152
ENSG00000131016,79,153
ENSG00000154096,79,154
ENSG00000153561,79,155
ENSG00000099949,79,156
ENSG00000146826,79,157
ENSG00000167740,79,158
ENSG00000149269,79,159
ENSG00000165512,79,160
ENSG00000175183,79,161
ENSG00000215440,79,162
ENSG00000115274,79,163
ENSG00000121716,79,164
ENSG00000053501,79,165
ENSG00000266714,79,166
ENSG00000125249,79,167
ENSG00000106524,79,168
ENSG00000135241,79,169
ENSG00000090905,79,170
ENSG00000183044,79,171
ENSG00000139636,79,172
ENSG00000174652,79,173
ENSG00000133773,79,174
ENSG00000167566,79,175
ENSG00000110013,79,176
ENSG00000153015,79,177
ENSG00000024048,79,178
ENSG00000164331,79,179
ENSG00000054983,79,180
ENSG00000152284,79,181
ENSG00000155313,79,182
ENSG00000167535,79,183
ENSG00000204576,79,184
ENSG00000115183,79,185
ENSG00000149639,79,186
ENSG00000166173,79,187
ENSG00000196757,79,188
ENSG00000119906,79,189
ENSG00000132740,79,190
ENSG00000166444,79,191
ENSG00000196526,79,192
ENSG00000119723,79,193
ENSG00000078018,79,194
ENSG00000171045,79,195
ENSG00000105339,79,196
ENSG00000165752,79,197
ENSG00000175806,79,198
ENSG00000120458,79,199
ENSG00000092529,79,200
ENSG00000111962,79,201
ENSG00000040341,79,202
ENSG00000111647,79,203
ENSG00000143156,79,204
ENSG00000114423,79,205
ENSG00000115355,79,206
ENSG00000120279,79,207
ENSG00000171097,79,208
ENSG00000180532,79,209
ENSG00000179104,79,210
ENSG00000116675,79,211
ENSG00000187957,79,212
ENSG00000105409,79,213
ENSG00000128482,79,214
ENSG00000124507,79,215
ENSG00000130540,79,216
ENSG00000159433,79,217
ENSG00000216921,79,218
ENSG00000167414,79,219
ENSG00000068985,79,220
ENSG00000176895,79,221
ENSG00000164729,79,222
ENSG00000169862,79,223
ENSG00000164089,79,224
ENSG00000187516,79,225
ENSG00000258436,79,226
ENSG00000177752,79,227
ENSG00000132164,79,228
ENSG00000171121,79,229
ENSG00000237440,79,230
ENSG00000168930,79,231
ENSG00000108759,79,232
ENSG00000230797,79,233
ENSG00000148123,79,234
ENSG00000166006,79,235
ENSG00000230268,79,236
ENSG00000185272,79,237
ENSG00000125510,79,238
ENSG00000196090,79,239
ENSG00000135951,79,240
ENSG00000268400,79,241
ENSG00000250349,79,242
ENSG00000111249,79,243
ENSG00000058335,79,244
ENSG00000125831,79,245
ENSG00000185002,79,246
ENSG00000181619,79,247
ENSG00000169313,79,248
ENSG00000170615,79,249
ENSG00000206199,79,250
ENSG00000233822,79,251
ENSG00000100987,79,252
ENSG00000267706,79,253
ENSG00000090932,79,254
ENSG00000103426,79,255
ENSG00000279514,79,256
20224,80,1
20225,80,2
20226,80,3
20227,80,4
20228,80,5
20229,80,6
20230,80,7
20231,80,8
20232,80,9
20233,80,10
20234,80,11
20235,80,12
20236,80,13
20237,80,14
20238,80,15
20239,80,16
20240,80,17
20241,80,18
20242,80,19
20243,80,20
20244,80,21
20245,80,22
20246,80,23
20247,80,24
20248,80,25
20249,80,26
20250,80,27
20251,80,28
20252,80,29
20253,80,30
20254,80,31
20255,80,32
20256,80,33
20257,80,34
20258,80,35
20259,80,36
20260,80,37
20261,80,38
20262,80,39
20263,80,40
20264,80,41
20265,80,42
20266,80,43
20267,80,44
20268,80,45
20269,80,46
20270,80,47
20271,80,48
20272,80,49
20273,80,50
20274,80,51
20275,80,52
20276,80,53
20277,80,54
20278,80,55
20279,80,56
20280,80,57
20281,80,58
20282,80,59
20283,80,60
20284,80,61
20285,80,62
20286,80,63
20287,80,64
20288,80,65
20289,80,66
20290,80,67
20291,80,68
20292,80,69
20293,80,70
20294,80,71
20295,80,72
20296,80,73
20297,80,74
20298,80,75
20299,80,76
20300,80,77
20301,80,78
20302,80,79
ENSG00000134333,80,80
ENSG00000088832,80,81
ENSG00000127022,80,82
ENSG00000113732,80,83
ENSG00000182117,80,84
ENSG00000130402,80,85
20309,80,86
20310,80,87
ENSG00000130175,80,88
ENSG00000131236,80,89
ENSG00000163468,80,90
ENSG00000110958,80,91
ENSG00000111843,80,92
ENSG00000173726,80,93
ENSG00000102316,80,94
ENSG00000178035,80,95
ENSG00000188846,80,96
ENSG00000198918,80,97
ENSG00000100632,80,98
ENSG00000144746,80,99
ENSG00000100243,80,100
ENSG00000054148,80,101
ENSG00000241468,80,102
ENSG00000078808,80,103
ENSG00000127837,80,104
ENSG00000090273,80,105
ENSG00000213639,80,106
ENSG00000081154,80,107
ENSG00000266472,80,108
ENSG00000099797,80,109
ENSG00000158109,80,110
ENSG00000116688,80,111
ENSG00000100412,80,112
ENSG00000182154,80,113
ENSG00000115524,80,114
ENSG00000177666,80,115
ENSG00000164880,80,116
ENSG00000136908,80,117
ENSG00000169957,80,118
ENSG00000205220,80,119
ENSG00000075142,80,120
ENSG00000162545,80,121
ENSG00000166925,80,122
ENSG00000112511,80,123
ENSG00000204843,80,124
ENSG00000133243,80,125
ENSG00000116754,80,126
ENSG00000124222,80,127
ENSG00000076706,80,128
ENSG00000142208,80,129
ENSG00000125875,80,130
ENSG00000113916,80,131
ENSG00000111077,80,132
ENSG00000160408,80,133
ENSG00000080822,80,134
ENSG00000090097,80,135
ENSG00000196507,80,136
ENSG00000162512,80,137
ENSG00000133313,80,138
ENSG00000169021,80,139
ENSG00000140553,80,140
ENSG00000131966,80,141
ENSG00000144029,80,142
ENSG00000122378,80,143
ENSG00000108788,80,144
ENSG00000099917,80,145
ENSG00000168591,80,146
ENSG00000120860,80,147
ENSG00000182473,80,148
ENSG00000187601,80,149
ENSG00000012171,80,150
ENSG00000135919,80,151
ENSG00000078596,80,152
ENSG00000198892,80,153
ENSG00000177542,80,154
ENSG00000075239,80,155
ENSG00000152642,80,156
ENSG00000240771,80,157
ENSG00000166275,80,158
ENSG00000126878,80,159
ENSG00000171204,80,160
ENSG00000130748,80,161
ENSG00000124067,80,162
ENSG00000079819,80,163
ENSG00000148824,80,164
ENSG00000167515,80,165
ENSG00000080573,80,166
ENSG00000101577,80,167
ENSG00000151327,80,168
ENSG00000158062,80,169
ENSG00000186575,80,170
ENSG00000165322,80,171
ENSG00000140948,80,172
ENSG00000119688,80,173
ENSG00000095564,80,174
ENSG00000175110,80,175
ENSG00000166912,80,176
ENSG00000258890,80,177
ENSG00000102710,80,178
ENSG00000141646,80,179
ENSG00000066468,80,180
ENSG00000138459,80,181
ENSG00000175470,80,182
ENSG00000145555,80,183
ENSG00000131459,80,184
ENSG00000174804,80,185
ENSG00000158805,80,186
ENSG00000090857,80,187
ENSG00000236287,80,188
ENSG00000149485,80,189
ENSG00000197535,80,190
ENSG00000138303,80,191
ENSG00000163644,80,192
ENSG00000091428,80,193
ENSG00000083123,80,194
ENSG00000154330,80,195
ENSG00000180425,80,196
ENSG00000186998,80,197
ENSG00000103175,80,198
ENSG00000179431,80,199
ENSG00000048649,80,200
ENSG00000138613,80,201
ENSG00000104343,80,202
ENSG00000131386,80,203
ENSG00000182378,80,204
ENSG00000198466,80,205
ENSG00000089022,80,206
ENSG00000158270,80,207
ENSG00000106477,80,208
ENSG00000103404,80,209
ENSG00000240694,80,210
ENSG00000089199,80,211
ENSG00000133878,80,212
ENSG00000008056,80,213
ENSG00000157103,80,214
ENSG00000166448,80,215
ENSG00000148798,80,216
ENSG00000122224,80,217
ENSG00000101349,80,218
ENSG00000176567,80,219
ENSG00000100565,80,220
ENSG00000163630,80,221
ENSG00000133083,80,222
ENSG00000144834,80,223
ENSG00000183889,80,224
ENSG00000248871,80,225
ENSG00000095713,80,226
ENSG00000130711,80,227
ENSG00000184478,80,228
ENSG00000276076,80,229
ENSG00000171446,80,230
ENSG00000197128,80,231
ENSG00000125363,80,232
ENSG00000125815,80,233
ENSG00000146005,80,234
ENSG00000184601,80,235
ENSG00000258539,80,236
ENSG00000226763,80,237
ENSG00000171044,80,238
ENSG00000070601,80,239
ENSG00000120088,80,240
ENSG00000151575,80,241
ENSG00000269533,80,242
ENSG00000170917,80,243
ENSG00000161896,80,244
ENSG00000124391,80,245
ENSG00000270765,80,246
ENSG00000141977,80,247
ENSG00000140873,80,248
ENSG00000113100,80,249
ENSG00000174885,80,250
ENSG00000188037,80,251
ENSG00000174898,80,252
ENSG00000101977,80,253
ENSG00000203663,80,254
ENSG00000183072,80,255
ENSG00000237412,80,256
20480,81,1
20481,81,2
20482,81,3
20483,81,4
20484,81,5
20485,81,6
20486,81,7
20487,81,8
20488,81,9
20489,81,10
20490,81,11
20491,81,12
20492,81,13
20493,81,14
20494,81,15
20495,81,16
20496,81,17
20497,81,18
20498,81,19
20499,81,20
20500,81,21
20501,81,22
20502,81,23
20503,81,24
20504,81,25
20505,81,26
20506,81,27
20507,81,28
20508,81,29
20509,81,30
20510,81,31
20511,81,32
20512,81,33
20513,81,34
20514,81,35
20515,81,36
20516,81,37
20517,81,38
20518,81,39
20519,81,40
20520,81,41
20521,81,42
20522,81,43
20523,81,44
20524,81,45
20525,81,46
20526,81,47
20527,81,48
20528,81,49
20529,81,50
20530,81,51
20531,81,52
20532,81,53
20533,81,54
20534,81,55
20535,81,56
20536,81,57
20537,81,58
20538,81,59
20539,81,60
20540,81,61
20541,81,62
20542,81,63
20543,81,64
20544,81,65
20545,81,66
20546,81,67
20547,81,68
20548,81,69
20549,81,70
20550,81,71
20551,81,72
20552,81,73
20553,81,74
20554,81,75
20555,81,76
20556,81,77
20557,81,78
ENSG00000143543,81,79
ENSG00000120129,81,80
ENSG00000185825,81,81
ENSG00000084623,81,82
ENSG00000142669,81,83
ENSG00000143384,81,84
ENSG00000004059,81,85
20565,81,86
20566,81,87
ENSG00000143742,81,88
ENSG00000165280,81,89
ENSG00000079246,81,90
ENSG00000004142,81,91
ENSG00000104979,81,92
ENSG00000175899,81,93
ENSG00000138069,81,94
ENSG00000116251,81,95
ENSG00000143819,81,96
ENSG00000136156,81,97
ENSG00000117519,81,98
ENSG00000134419,81,99
ENSG00000173486,81,100
ENSG00000165672,81,101
ENSG00000090861,81,102
ENSG00000108523,81,103
ENSG00000143774,81,104
ENSG00000100994,81,105
ENSG00000171603,81,106
ENSG00000126945,81,107
ENSG00000129353,81,108
ENSG00000091542,81,109
ENSG00000105953,81,110
ENSG00000103502,81,111
ENSG00000175203,81,112
ENSG00000111786,81,113
ENSG00000188243,81,114
ENSG00000167397,81,115
ENSG00000232388,81,116
ENSG00000112640,81,117
ENSG00000159111,81,118
ENSG00000148362,81,119
ENSG00000158417,81,120
ENSG00000103266,81,121
ENSG00000167778,81,122
ENSG00000198408,81,123
ENSG00000196235,81,124
ENSG00000135924,81,125
ENSG00000159720,81,126
ENSG00000105723,81,127
ENSG00000139168,81,128
ENSG00000151500,81,129
ENSG00000100241,81,130
ENSG00000099204,81,131
ENSG00000185189,81,132
ENSG00000135720,81,133
ENSG00000078804,81,134
ENSG00000141698,81,135
ENSG00000127445,81,136
ENSG00000136193,81,137
ENSG00000071626,81,138
ENSG00000159322,81,139
ENSG00000073969,81,140
ENSG00000100299,81,141
ENSG00000183513,81,142
ENSG00000075975,81,143
ENSG00000064607,81,144
ENSG00000132254,81,145
ENSG00000060491,81,146
ENSG00000243056,81,147
ENSG00000182768,81,148
ENSG00000020129,81,149
ENSG00000138078,81,150
ENSG00000010810,81,151
ENSG00000165424,81,152
ENSG00000110237,81,153
ENSG00000198894,81,154
ENSG00000136143,81,155
ENSG00000050130,81,156
ENSG00000100083,81,157
ENSG00000171703,81,158
ENSG00000087076,81,159
ENSG00000167641,81,160
ENSG00000072163,81,161
ENSG00000109270,81,162
ENSG00000111832,81,163
ENSG00000089057,81,164
ENSG00000173918,81,165
ENSG00000130714,81,166
ENSG00000229833,81,167
ENSG00000184702,81,168
ENSG00000164105,81,169
ENSG00000178764,81,170
ENSG00000109089,81,171
ENSG00000123575,81,172
ENSG00000161955,81,173
ENSG00000076685,81,174
ENSG00000257218,81,175
ENSG00000185163,81,176
ENSG00000129946,81,177
ENSG00000108797,81,178
ENSG00000119231,81,179
ENSG00000109184,81,180
ENSG00000257365,81,181
ENSG00000103544,81,182
ENSG00000140463,81,183
ENSG00000166479,81,184
ENSG00000155189,81,185
ENSG00000183111,81,186
ENSG00000166979,81,187
ENSG00000154556,81,188
ENSG00000184381,81,189
ENSG00000235106,81,190
ENSG00000135049,81,191
ENSG00000145390,81,192
ENSG00000076344,81,193
ENSG00000152154,81,194
ENSG00000122756,81,195
ENSG00000110171,81,196
ENSG00000147642,81,197
ENSG00000102796,81,198
ENSG00000185917,81,199
ENSG00000182175,81,200
ENSG00000032219,81,201
ENSG00000120925,81,202
ENSG00000151276,81,203
ENSG00000110172,81,204
ENSG00000110395,81,205
ENSG00000177098,81,206
ENSG00000152223,81,207
ENSG00000153495,81,208
ENSG00000161551,81,209
ENSG00000185565,81,210
ENSG00000171724,81,211
ENSG00000139200,81,212
ENSG00000132692,81,213
ENSG00000182902,81,214
ENSG00000091513,81,215
ENSG00000277586,81,216
ENSG00000161243,81,217
ENSG00000124449,81,218
ENSG00000136367,81,219
ENSG00000153266,81,220
ENSG00000189299,81,221
ENSG00000179046,81,222
ENSG00000132677,81,223
ENSG00000153132,81,224
ENSG00000134249,81,225
ENSG00000164675,81,226
ENSG00000188316,81,227
ENSG00000101440,81,228
ENSG00000180264,81,229
ENSG00000198326,81,230
ENSG00000122728,81,231
ENSG00000105877,81,232
ENSG00000004846,81,233
ENSG00000183571,81,234
ENSG00000183785,81,235
ENSG00000186765,81,236
ENSG00000184221,81,237
ENSG00000204510,81,238
ENSG00000122254,81,239
ENSG00000221882,81,240
ENSG00000185899,81,241
ENSG00000196296,81,242
ENSG00000197497,81,243
ENSG00000103599,81,244
ENSG00000171944,81,245
ENSG00000277611,81,246
ENSG00000174343,81,247
ENSG00000169436,81,248
ENSG00000160882,81,249
ENSG00000188501,81,250
ENSG00000204711,81,251
ENSG00000197705,81,252
ENSG00000213231,81,253
ENSG00000232653,81,254
ENSG00000261717,81,255
ENSG00000231738,81,256
20736,82,1
20737,82,2
20738,82,3
20739,82,4
20740,82,5
20741,82,6
20742,82,7
20743,82,8
20744,82,9
20745,82,10
20746,82,11
20747,82,12
20748,82,13
20749,82,14
20750,82,15
20751,82,16
20752,82,17
20753,82,18
20754,82,19
20755,82,20
20756,82,21
20757,82,22
20758,82,23
20759,82,24
20760,82,25
20761,82,26
20762,82,27
20763,82,28
20764,82,29
20765,82,30
20766,82,31
20767,82,32
20768,82,33
20769,82,34
20770,82,35
20771,82,36
20772,82,37
20773,82,38
20774,82,39
20775,82,40
20776,82,41
20777,82,42
20778,82,43
20779,82,44
20780,82,45
20781,82,46
20782,82,47
20783,82,48
20784,82,49
20785,82,50
20786,82,51
20787,82,52
20788,82,53
20789,82,54
20790,82,55
20791,82,56
20792,82,57
20793,82,58
20794,82,59
20795,82,60
20796,82,61
20797,82,62
20798,82,63
20799,82,64
20800,82,65
20801,82,66
20802,82,67
20803,82,68
20804,82,69
20805,82,70
20806,82,71
20807,82,72
20808,82,73
20809,82,74
20810,82,75
20811,82,76
20812,82,77
20813,82,78
ENSG00000171223,82,79
ENSG00000128016,82,80
ENSG00000277791,82,81
ENSG00000136810,82,82
ENSG00000169564,82,83
ENSG00000184897,82,84
ENSG00000100345,82,85
ENSG00000174903,82,86
ENSG00000142156,82,87
ENSG00000173113,82,88
ENSG00000136888,82,89
ENSG00000144381,82,90
ENSG00000124767,82,91
ENSG00000113013,82,92
ENSG00000170043,82,93
ENSG00000084754,82,94
ENSG00000111639,82,95
ENSG00000111229,82,96
ENSG00000143153,82,97
ENSG00000155876,82,98
ENSG00000131171,82,99
ENSG00000105669,82,100
ENSG00000149357,82,101
ENSG00000189043,82,102
ENSG00000175416,82,103
ENSG00000130725,82,104
ENSG00000105568,82,105
ENSG00000146007,82,106
ENSG00000163346,82,107
ENSG00000134287,82,108
ENSG00000198816,82,109
ENSG00000205531,82,110
ENSG00000165637,82,111
ENSG00000099817,82,112
ENSG00000211450,82,113
ENSG00000107281,82,114
ENSG00000120306,82,115
ENSG00000104915,82,116
ENSG00000158747,82,117
ENSG00000125445,82,118
ENSG00000102882,82,119
ENSG00000068308,82,120
ENSG00000174080,82,121
ENSG00000214753,82,122
ENSG00000070087,82,123
ENSG00000188486,82,124
ENSG00000145730,82,125
ENSG00000181929,82,126
ENSG00000133835,82,127
ENSG00000132485,82,128
ENSG00000214194,82,129
ENSG00000100239,82,130
ENSG00000204231,82,131
ENSG00000142784,82,132
ENSG00000119632,82,133
ENSG00000179295,82,134
ENSG00000119669,82,135
ENSG00000154832,82,136
ENSG00000003756,82,137
ENSG00000104980,82,138
ENSG00000156860,82,139
ENSG00000166886,82,140
ENSG00000166783,82,141
ENSG00000104907,82,142
ENSG00000108669,82,143
ENSG00000169032,82,144
ENSG00000100320,82,145
ENSG00000140939,82,146
ENSG00000105364,82,147
ENSG00000183741,82,148
ENSG00000132879,82,149
ENSG00000061938,82,150
ENSG00000126351,82,151
ENSG00000136854,82,152
ENSG00000163069,82,153
ENSG00000181191,82,154
ENSG00000196547,82,155
ENSG00000184481,82,156
ENSG00000149091,82,157
ENSG00000066379,82,158
ENSG00000100023,82,159
ENSG00000095637,82,160
ENSG00000182253,82,161
ENSG00000164332,82,162
ENSG00000115993,82,163
ENSG00000121680,82,164
ENSG00000148331,82,165
ENSG00000198585,82,166
ENSG00000152620,82,167
ENSG00000185340,82,168
ENSG00000239305,82,169
ENSG00000099290,82,170
ENSG00000122694,82,171
ENSG00000100014,82,172
ENSG00000158467,82,173
ENSG00000198954,82,174
ENSG00000160226,82,175
ENSG00000079134,82,176
ENSG00000139746,82,177
ENSG00000126226,82,178
ENSG00000119865,82,179
ENSG00000106976,82,180
ENSG00000169902,82,181
ENSG00000125676,82,182
ENSG00000154553,82,183
ENSG00000006194,82,184
ENSG00000165861,82,185
ENSG00000151148,82,186
ENSG00000137642,82,187
ENSG00000142330,82,188
ENSG00000125744,82,189
ENSG00000146872,82,190
ENSG00000157800,82,191
ENSG00000134769,82,192
ENSG00000149294,82,193
ENSG00000145362,82,194
ENSG00000204314,82,195
ENSG00000258818,82,196
ENSG00000183597,82,197
ENSG00000132005,82,198
ENSG00000130988,82,199
ENSG00000157404,82,200
ENSG00000124523,82,201
ENSG00000138050,82,202
ENSG00000124313,82,203
ENSG00000128266,82,204
ENSG00000271447,82,205
ENSG00000197162,82,206
ENSG00000105737,82,207
ENSG00000131591,82,208
ENSG00000267680,82,209
ENSG00000179029,82,210
ENSG00000232593,82,211
ENSG00000168481,82,212
ENSG00000110076,82,213
ENSG00000167614,82,214
ENSG00000168477,82,215
ENSG00000012817,82,216
ENSG00000176281,82,217
ENSG00000279765,82,218
ENSG00000196597,82,219
ENSG00000170703,82,220
ENSG00000128564,82,221
ENSG00000170790,82,222
ENSG00000198947,82,223
ENSG00000204410,82,224
ENSG00000141431,82,225
ENSG00000136404,82,226
ENSG00000186844,82,227
ENSG00000136010,82,228
ENSG00000173627,82,229
ENSG00000256574,82,230
ENSG00000103023,82,231
ENSG00000255423,82,232
ENSG00000179673,82,233
ENSG00000267059,82,234
ENSG00000182156,82,235
ENSG00000102001,82,236
ENSG00000074803,82,237
ENSG00000102678,82,238
ENSG00000176246,82,239
ENSG00000183862,82,240
ENSG00000152076,82,241
ENSG00000185737,82,242
ENSG00000070748,82,243
ENSG00000151023,82,244
ENSG00000269502,82,245
ENSG00000197768,82,246
ENSG00000063015,82,247
ENSG00000167483,82,248
ENSG00000128242,82,249
ENSG00000278289,82,250
ENSG00000198838,82,251
ENSG00000003987,82,252
ENSG00000112761,82,253
ENSG00000118492,82,254
ENSG00000139330,82,255
ENSG00000108405,82,256
20992,83,1
20993,83,2
20994,83,3
20995,83,4
20996,83,5
20997,83,6
20998,83,7
20999,83,8
21000,83,9
21001,83,10
21002,83,11
21003,83,12
21004,83,13
21005,83,14
21006,83,15
21007,83,16
21008,83,17
21009,83,18
21010,83,19
21011,83,20
21012,83,21
21013,83,22
21014,83,23
21015,83,24
21016,83,25
21017,83,26
21018,83,27
21019,83,28
21020,83,29
21021,83,30
21022,83,31
21023,83,32
21024,83,33
21025,83,34
21026,83,35
21027,83,36
21028,83,37
21029,83,38
21030,83,39
21031,83,40
21032,83,41
21033,83,42
21034,83,43
21035,83,44
21036,83,45
21037,83,46
21038,83,47
21039,83,48
21040,83,49
21041,83,50
21042,83,51
21043,83,52
21044,83,53
21045,83,54
21046,83,55
21047,83,56
21048,83,57
21049,83,58
21050,83,59
21051,83,60
21052,83,61
21053,83,62
21054,83,63
21055,83,64
21056,83,65
21057,83,66
21058,83,67
21059,83,68
21060,83,69
21061,83,70
21062,83,71
21063,83,72
21064,83,73
21065,83,74
21066,83,75
21067,83,76
21068,83,77
21069,83,78
ENSG00000178952,83,79
ENSG00000169976,83,80
ENSG00000108107,83,81
ENSG00000166441,83,82
ENSG00000163399,83,83
ENSG00000136938,83,84
ENSG00000185896,83,85
ENSG00000196924,83,86
21078,83,87
ENSG00000125995,83,88
ENSG00000130985,83,89
ENSG00000175334,83,90
ENSG00000136930,83,91
ENSG00000165629,83,92
ENSG00000112695,83,93
ENSG00000164405,83,94
ENSG00000159352,83,95
ENSG00000214253,83,96
ENSG00000023734,83,97
ENSG00000128245,83,98
ENSG00000105202,83,99
ENSG00000103145,83,100
ENSG00000105058,83,101
ENSG00000181061,83,102
ENSG00000119421,83,103
ENSG00000111678,83,104
ENSG00000169715,83,105
ENSG00000117691,83,106
ENSG00000128185,83,107
ENSG00000091483,83,108
ENSG00000183978,83,109
ENSG00000114353,83,110
ENSG00000105698,83,111
ENSG00000138107,83,112
ENSG00000154518,83,113
ENSG00000133318,83,114
ENSG00000131507,83,115
ENSG00000124422,83,116
ENSG00000189077,83,117
ENSG00000120727,83,118
ENSG00000169718,83,119
ENSG00000119280,83,120
ENSG00000160058,83,121
ENSG00000141905,83,122
ENSG00000095059,83,123
ENSG00000176903,83,124
ENSG00000146729,83,125
ENSG00000187713,83,126
ENSG00000180957,83,127
ENSG00000277258,83,128
ENSG00000160633,83,129
ENSG00000162231,83,130
ENSG00000183864,83,131
ENSG00000180304,83,132
ENSG00000070423,83,133
ENSG00000148334,83,134
ENSG00000158941,83,135
ENSG00000129473,83,136
ENSG00000105520,83,137
ENSG00000064726,83,138
ENSG00000102901,83,139
ENSG00000100711,83,140
ENSG00000131477,83,141
ENSG00000170242,83,142
ENSG00000110047,83,143
ENSG00000107959,83,144
ENSG00000118518,83,145
ENSG00000242802,83,146
ENSG00000090372,83,147
ENSG00000084764,83,148
ENSG00000131584,83,149
ENSG00000100307,83,150
ENSG00000146067,83,151
ENSG00000157827,83,152
ENSG00000004975,83,153
ENSG00000163374,83,154
ENSG00000179912,83,155
ENSG00000173933,83,156
ENSG00000086015,83,157
ENSG00000075914,83,158
ENSG00000135596,83,159
ENSG00000185324,83,160
ENSG00000182628,83,161
ENSG00000107872,83,162
ENSG00000184867,83,163
ENSG00000116918,83,164
ENSG00000182400,83,165
ENSG00000244687,83,166
ENSG00000267855,83,167
ENSG00000134313,83,168
ENSG00000204217,83,169
ENSG00000141425,83,170
ENSG00000130758,83,171
ENSG00000064999,83,172
ENSG00000090686,83,173
ENSG00000174738,83,174
ENSG00000105519,83,175
ENSG00000135336,83,176
ENSG00000108591,83,177
ENSG00000058600,83,178
ENSG00000227051,83,179
ENSG00000070501,83,180
ENSG00000105607,83,181
ENSG00000139718,83,182
ENSG00000213463,83,183
ENSG00000132604,83,184
ENSG00000116731,83,185
ENSG00000103485,83,186
ENSG00000087448,83,187
ENSG00000139180,83,188
ENSG00000243477,83,189
ENSG00000110921,83,190
ENSG00000104332,83,191
ENSG00000140992,83,192
ENSG00000172890,83,193
ENSG00000149483,83,194
ENSG00000173546,83,195
ENSG00000263001,83,196
ENSG00000160284,83,197
ENSG00000244045,83,198
ENSG00000125846,83,199
ENSG00000124596,83,200
ENSG00000204305,83,201
ENSG00000133627,83,202
ENSG00000168453,83,203
ENSG00000182685,83,204
ENSG00000259066,83,205
ENSG00000109906,83,206
ENSG00000100532,83,207
ENSG00000268434,83,208
ENSG00000198795,83,209
ENSG00000147113,83,210
ENSG00000172458,83,211
ENSG00000172273,83,212
ENSG00000078549,83,213
ENSG00000131409,83,214
ENSG00000136267,83,215
ENSG00000141052,83,216
ENSG00000134940,83,217
ENSG00000168843,83,218
ENSG00000229183,83,219
ENSG00000205592,83,220
ENSG00000175809,83,221
ENSG00000140481,83,222
ENSG00000183773,83,223
ENSG00000073598,83,224
ENSG00000223572,83,225
ENSG00000259571,83,226
ENSG00000179213,83,227
ENSG00000092067,83,228
ENSG00000112599,83,229
ENSG00000077264,83,230
ENSG00000213889,83,231
ENSG00000275520,83,232
ENSG00000170967,83,233
ENSG00000183134,83,234
ENSG00000180616,83,235
ENSG00000006837,83,236
ENSG00000162641,83,237
ENSG00000175820,83,238
ENSG00000150967,83,239
ENSG00000185448,83,240
ENSG00000181552,83,241
ENSG00000214652,83,242
ENSG00000118420,83,243
ENSG00000168589,83,244
ENSG00000120669,83,245
ENSG00000108556,83,246
ENSG00000188996,83,247
ENSG00000119919,83,248
ENSG00000145536,83,249
ENSG00000166118,83,250
ENSG00000148826,83,251
ENSG00000169327,83,252
ENSG00000171772,83,253
ENSG00000266826,83,254
ENSG00000158955,83,255
ENSG00000136931,83,256
21248,84,1
21249,84,2
21250,84,3
21251,84,4
21252,84,5
21253,84,6
21254,84,7
21255,84,8
21256,84,9
21257,84,10
21258,84,11
21259,84,12
21260,84,13
21261,84,14
21262,84,15
21263,84,16
21264,84,17
21265,84,18
21266,84,19
21267,84,20
21268,84,21
21269,84,22
21270,84,23
21271,84,24
21272,84,25
21273,84,26
21274,84,27
21275,84,28
21276,84,29
21277,84,30
21278,84,31
21279,84,32
21280,84,33
21281,84,34
21282,84,35
21283,84,36
21284,84,37
21285,84,38
21286,84,39
21287,84,40
21288,84,41
21289,84,42
21290,84,43
21291,84,44
21292,84,45
21293,84,46
21294,84,47
21295,84,48
21296,84,49
21297,84,50
21298,84,51
21299,84,52
21300,84,53
21301,84,54
21302,84,55
21303,84,56
21304,84,57
21305,84,58
21306,84,59
21307,84,60
21308,84,61
21309,84,62
21310,84,63
21311,84,64
21312,84,65
21313,84,66
21314,84,67
21315,84,68
21316,84,69
21317,84,70
21318,84,71
21319,84,72
21320,84,73
21321,84,74
21322,84,75
21323,84,76
21324,84,77
21325,84,78
21326,84,79
ENSG00000132507,84,80
ENSG00000141522,84,81
ENSG00000215021,84,82
ENSG00000115053,84,83
ENSG00000164032,84,84
ENSG00000172354,84,85
21333,84,86
21334,84,87
ENSG00000125743,84,88
ENSG00000160932,84,89
ENSG00000100353,84,90
ENSG00000213585,84,91
ENSG00000184076,84,92
ENSG00000112514,84,93
ENSG00000177700,84,94
ENSG00000115307,84,95
ENSG00000124702,84,96
ENSG00000100380,84,97
ENSG00000126524,84,98
ENSG00000168894,84,99
ENSG00000100138,84,100
ENSG00000197111,84,101
ENSG00000152795,84,102
ENSG00000064601,84,103
ENSG00000087365,84,104
ENSG00000110711,84,105
ENSG00000125166,84,106
ENSG00000137575,84,107
ENSG00000196821,84,108
ENSG00000100567,84,109
ENSG00000183172,84,110
ENSG00000014641,84,111
ENSG00000130313,84,112
ENSG00000109390,84,113
ENSG00000152661,84,114
ENSG00000123091,84,115
ENSG00000109180,84,116
ENSG00000104695,84,117
ENSG00000129250,84,118
ENSG00000173020,84,119
ENSG00000007168,84,120
ENSG00000108848,84,121
ENSG00000140983,84,122
ENSG00000103415,84,123
ENSG00000136848,84,124
ENSG00000138138,84,125
ENSG00000127616,84,126
ENSG00000127483,84,127
ENSG00000135070,84,128
ENSG00000106723,84,129
ENSG00000198231,84,130
ENSG00000166562,84,131
ENSG00000239697,84,132
ENSG00000112787,84,133
ENSG00000140688,84,134
ENSG00000071889,84,135
ENSG00000006744,84,136
ENSG00000089053,84,137
ENSG00000165169,84,138
ENSG00000104973,84,139
ENSG00000153774,84,140
ENSG00000104886,84,141
ENSG00000119986,84,142
ENSG00000118971,84,143
ENSG00000167965,84,144
ENSG00000132912,84,145
ENSG00000092036,84,146
ENSG00000184436,84,147
ENSG00000167508,84,148
ENSG00000037042,84,149
ENSG00000164970,84,150
ENSG00000132613,84,151
ENSG00000167702,84,152
ENSG00000135164,84,153
ENSG00000107897,84,154
ENSG00000137710,84,155
ENSG00000172009,84,156
ENSG00000132406,84,157
ENSG00000137824,84,158
ENSG00000179832,84,159
ENSG00000121022,84,160
ENSG00000092621,84,161
ENSG00000198836,84,162
ENSG00000187325,84,163
ENSG00000135424,84,164
ENSG00000124380,84,165
ENSG00000167985,84,166
ENSG00000254505,84,167
ENSG00000135744,84,168
ENSG00000266967,84,169
ENSG00000099364,84,170
ENSG00000198648,84,171
ENSG00000011275,84,172
ENSG00000135250,84,173
ENSG00000142459,84,174
ENSG00000129932,84,175
ENSG00000122257,84,176
ENSG00000166484,84,177
ENSG00000125746,84,178
ENSG00000129472,84,179
ENSG00000130703,84,180
ENSG00000106608,84,181
ENSG00000170145,84,182
ENSG00000073417,84,183
ENSG00000149231,84,184
ENSG00000126870,84,185
ENSG00000131373,84,186
ENSG00000070495,84,187
ENSG00000166411,84,188
ENSG00000100219,84,189
ENSG00000159445,84,190
ENSG00000088387,84,191
ENSG00000244165,84,192
ENSG00000244486,84,193
ENSG00000070444,84,194
ENSG00000170390,84,195
ENSG00000072415,84,196
ENSG00000278535,84,197
ENSG00000074603,84,198
ENSG00000177427,84,199
ENSG00000052795,84,200
ENSG00000072954,84,201
ENSG00000074660,84,202
ENSG00000110987,84,203
ENSG00000107643,84,204
ENSG00000129003,84,205
ENSG00000182903,84,206
ENSG00000185818,84,207
ENSG00000104833,84,208
ENSG00000145734,84,209
ENSG00000184304,84,210
ENSG00000166762,84,211
ENSG00000165238,84,212
ENSG00000092051,84,213
ENSG00000204065,84,214
ENSG00000108515,84,215
ENSG00000108474,84,216
ENSG00000067715,84,217
ENSG00000212916,84,218
ENSG00000197603,84,219
ENSG00000185829,84,220
ENSG00000172457,84,221
ENSG00000267120,84,222
ENSG00000274252,84,223
ENSG00000170788,84,224
ENSG00000165131,84,225
ENSG00000166257,84,226
ENSG00000249931,84,227
ENSG00000165899,84,228
ENSG00000163440,84,229
ENSG00000159650,84,230
ENSG00000105642,84,231
ENSG00000176194,84,232
ENSG00000172785,84,233
ENSG00000258653,84,234
ENSG00000115257,84,235
ENSG00000124490,84,236
ENSG00000148671,84,237
ENSG00000126545,84,238
ENSG00000140287,84,239
ENSG00000160161,84,240
ENSG00000182330,84,241
ENSG00000165685,84,242
ENSG00000171133,84,243
ENSG00000146530,84,244
ENSG00000154620,84,245
ENSG00000182583,84,246
ENSG00000165164,84,247
ENSG00000139915,84,248
ENSG00000138622,84,249
ENSG00000205457,84,250
ENSG00000174562,84,251
ENSG00000176438,84,252
ENSG00000221836,84,253
ENSG00000198704,84,254
ENSG00000169763,84,255
ENSG00000238074,84,256
21504,85,1
21505,85,2
21506,85,3
21507,85,4
21508,85,5
21509,85,6
21510,85,7
21511,85,8
21512,85,9
21513,85,10
21514,85,11
21515,85,12
21516,85,13
21517,85,14
21518,85,15
21519,85,16
21520,85,17
21521,85,18
21522,85,19
21523,85,20
21524,85,21
21525,85,22
21526,85,23
21527,85,24
21528,85,25
21529,85,26
21530,85,27
21531,85,28
21532,85,29
21533,85,30
21534,85,31
21535,85,32
21536,85,33
21537,85,34
21538,85,35
21539,85,36
21540,85,37
21541,85,38
21542,85,39
21543,85,40
21544,85,41
21545,85,42
21546,85,43
21547,85,44
21548,85,45
21549,85,46
21550,85,47
21551,85,48
21552,85,49
21553,85,50
21554,85,51
21555,85,52
21556,85,53
21557,85,54
21558,85,55
21559,85,56
21560,85,57
21561,85,58
21562,85,59
21563,85,60
21564,85,61
21565,85,62
21566,85,63
21567,85,64
21568,85,65
21569,85,66
21570,85,67
21571,85,68
21572,85,69
21573,85,70
21574,85,71
21575,85,72
21576,85,73
21577,85,74
21578,85,75
21579,85,76
21580,85,77
21581,85,78
21582,85,79
21583,85,80
21584,85,81
21585,85,82
21586,85,83
ENSG00000196419,85,84
ENSG00000189060,85,85
21589,85,86
21590,85,87
ENSG00000145592,85,88
ENSG00000170540,85,89
ENSG00000177156,85,90
ENSG00000173915,85,91
ENSG00000196531,85,92
ENSG00000140264,85,93
ENSG00000105401,85,94
ENSG00000105223,85,95
ENSG00000135390,85,96
ENSG00000166595,85,97
ENSG00000167283,85,98
ENSG00000168090,85,99
ENSG00000100129,85,100
ENSG00000168906,85,101
ENSG00000182087,85,102
ENSG00000005486,85,103
ENSG00000101365,85,104
ENSG00000022840,85,105
ENSG00000108528,85,106
ENSG00000078668,85,107
ENSG00000166340,85,108
ENSG00000204310,85,109
ENSG00000174917,85,110
ENSG00000122033,85,111
ENSG00000067829,85,112
ENSG00000188554,85,113
ENSG00000178988,85,114
ENSG00000189241,85,115
ENSG00000115306,85,116
ENSG00000116871,85,117
ENSG00000102225,85,118
ENSG00000073578,85,119
ENSG00000089737,85,120
ENSG00000013441,85,121
ENSG00000198563,85,122
ENSG00000100403,85,123
ENSG00000136813,85,124
ENSG00000227500,85,125
ENSG00000185633,85,126
ENSG00000148700,85,127
ENSG00000175197,85,128
ENSG00000076984,85,129
ENSG00000099785,85,130
ENSG00000166337,85,131
ENSG00000105063,85,132
ENSG00000126461,85,133
ENSG00000171202,85,134
ENSG00000103275,85,135
ENSG00000173786,85,136
ENSG00000101079,85,137
ENSG00000130702,85,138
ENSG00000007392,85,139
ENSG00000096080,85,140
ENSG00000100084,85,141
ENSG00000120694,85,142
ENSG00000186815,85,143
ENSG00000124126,85,144
ENSG00000122971,85,145
ENSG00000243927,85,146
ENSG00000104859,85,147
ENSG00000226742,85,148
ENSG00000176485,85,149
ENSG00000167685,85,150
ENSG00000067836,85,151
ENSG00000180901,85,152
ENSG00000158856,85,153
ENSG00000137806,85,154
ENSG00000130779,85,155
ENSG00000160695,85,156
ENSG00000103148,85,157
ENSG00000100519,85,158
ENSG00000068028,85,159
ENSG00000129757,85,160
ENSG00000175931,85,161
ENSG00000152377,85,162
ENSG00000171311,85,163
ENSG00000001497,85,164
ENSG00000125124,85,165
ENSG00000185800,85,166
ENSG00000161847,85,167
ENSG00000160753,85,168
ENSG00000114698,85,169
ENSG00000130396,85,170
ENSG00000176971,85,171
ENSG00000258289,85,172
ENSG00000136936,85,173
ENSG00000112679,85,174
ENSG00000171862,85,175
ENSG00000106780,85,176
ENSG00000102879,85,177
ENSG00000103005,85,178
ENSG00000055483,85,179
ENSG00000139370,85,180
ENSG00000167522,85,181
ENSG00000148090,85,182
ENSG00000114742,85,183
ENSG00000126804,85,184
ENSG00000169826,85,185
ENSG00000164125,85,186
ENSG00000136856,85,187
ENSG00000110768,85,188
ENSG00000168010,85,189
ENSG00000135974,85,190
ENSG00000072832,85,191
ENSG00000125149,85,192
ENSG00000242114,85,193
ENSG00000164077,85,194
ENSG00000120798,85,195
ENSG00000235194,85,196
ENSG00000063176,85,197
ENSG00000162614,85,198
ENSG00000183354,85,199
ENSG00000100580,85,200
ENSG00000128917,85,201
ENSG00000205643,85,202
ENSG00000144741,85,203
ENSG00000110455,85,204
ENSG00000131242,85,205
ENSG00000141026,85,206
ENSG00000168913,85,207
ENSG00000147118,85,208
ENSG00000275969,85,209
ENSG00000258529,85,210
ENSG00000164850,85,211
ENSG00000241128,85,212
ENSG00000184394,85,213
ENSG00000172602,85,214
ENSG00000254521,85,215
ENSG00000120498,85,216
ENSG00000176925,85,217
ENSG00000179938,85,218
ENSG00000184650,85,219
ENSG00000160994,85,220
ENSG00000138741,85,221
ENSG00000256188,85,222
ENSG00000159917,85,223
ENSG00000164893,85,224
ENSG00000183628,85,225
ENSG00000109625,85,226
ENSG00000160961,85,227
ENSG00000205669,85,228
ENSG00000259332,85,229
ENSG00000150269,85,230
ENSG00000248767,85,231
ENSG00000106304,85,232
ENSG00000063127,85,233
ENSG00000184351,85,234
ENSG00000275740,85,235
ENSG00000119698,85,236
ENSG00000183647,85,237
ENSG00000101331,85,238
ENSG00000174236,85,239
ENSG00000181690,85,240
ENSG00000185974,85,241
ENSG00000146857,85,242
ENSG00000049192,85,243
ENSG00000114124,85,244
ENSG00000118514,85,245
ENSG00000127325,85,246
ENSG00000265118,85,247
ENSG00000164363,85,248
ENSG00000067798,85,249
ENSG00000203872,85,250
ENSG00000134160,85,251
ENSG00000149635,85,252
ENSG00000185070,85,253
ENSG00000268606,85,254
ENSG00000105261,85,255
ENSG00000275778,85,256
21760,86,1
21761,86,2
21762,86,3
21763,86,4
21764,86,5
21765,86,6
21766,86,7
21767,86,8
21768,86,9
21769,86,10
21770,86,11
21771,86,12
21772,86,13
21773,86,14
21774,86,15
21775,86,16
21776,86,17
21777,86,18
21778,86,19
21779,86,20
21780,86,21
21781,86,22
21782,86,23
21783,86,24
21784,86,25
21785,86,26
21786,86,27
21787,86,28
21788,86,29
21789,86,30
21790,86,31
21791,86,32
21792,86,33
21793,86,34
21794,86,35
21795,86,36
21796,86,37
21797,86,38
21798,86,39
21799,86,40
21800,86,41
21801,86,42
21802,86,43
21803,86,44
21804,86,45
21805,86,46
21806,86,47
21807,86,48
21808,86,49
21809,86,50
21810,86,51
21811,86,52
21812,86,53
21813,86,54
21814,86,55
21815,86,56
21816,86,57
21817,86,58
21818,86,59
21819,86,60
21820,86,61
21821,86,62
21822,86,63
21823,86,64
21824,86,65
21825,86,66
21826,86,67
ENSG00000141753,86,68
21828,86,69
21829,86,70
21830,86,71
21831,86,72
21832,86,73
21833,86,74
21834,86,75
21835,86,76
21836,86,77
21837,86,78
21838,86,79
21839,86,80
21840,86,81
21841,86,82
21842,86,83
21843,86,84
21844,86,85
21845,86,86
21846,86,87
ENSG00000178741,86,88
ENSG00000102144,86,89
ENSG00000010256,86,90
ENSG00000146701,86,91
ENSG00000142507,86,92
ENSG00000176978,86,93
ENSG00000111676,86,94
ENSG00000147123,86,95
ENSG00000130724,86,96
ENSG00000140990,86,97
ENSG00000179262,86,98
ENSG00000105404,86,99
ENSG00000087191,86,100
ENSG00000162191,86,101
ENSG00000152082,86,102
ENSG00000108946,86,103
ENSG00000132824,86,104
ENSG00000131174,86,105
ENSG00000164258,86,106
ENSG00000141504,86,107
ENSG00000158864,86,108
ENSG00000148290,86,109
ENSG00000172115,86,110
ENSG00000143653,86,111
ENSG00000067057,86,112
ENSG00000158526,86,113
ENSG00000183258,86,114
ENSG00000100280,86,115
ENSG00000114784,86,116
ENSG00000206418,86,117
ENSG00000111276,86,118
ENSG00000155287,86,119
ENSG00000120963,86,120
ENSG00000221978,86,121
ENSG00000183722,86,122
ENSG00000116857,86,123
ENSG00000122545,86,124
ENSG00000096092,86,125
ENSG00000060762,86,126
ENSG00000099331,86,127
ENSG00000011243,86,128
ENSG00000112658,86,129
ENSG00000130511,86,130
ENSG00000137497,86,131
ENSG00000113387,86,132
ENSG00000100418,86,133
ENSG00000196704,86,134
ENSG00000129933,86,135
ENSG00000165943,86,136
ENSG00000151552,86,137
ENSG00000101665,86,138
ENSG00000130254,86,139
ENSG00000115380,86,140
ENSG00000108100,86,141
ENSG00000100568,86,142
ENSG00000135617,86,143
ENSG00000013561,86,144
ENSG00000239779,86,145
ENSG00000058272,86,146
ENSG00000114544,86,147
ENSG00000107331,86,148
ENSG00000188536,86,149
ENSG00000087152,86,150
ENSG00000138698,86,151
ENSG00000223501,86,152
ENSG00000148444,86,153
ENSG00000109929,86,154
ENSG00000054965,86,155
ENSG00000135108,86,156
ENSG00000077454,86,157
ENSG00000101473,86,158
ENSG00000149577,86,159
ENSG00000010270,86,160
ENSG00000101350,86,161
ENSG00000172348,86,162
ENSG00000158186,86,163
ENSG00000170633,86,164
ENSG00000005206,86,165
ENSG00000174915,86,166
ENSG00000213928,86,167
ENSG00000081307,86,168
ENSG00000112146,86,169
ENSG00000186318,86,170
ENSG00000078304,86,171
ENSG00000197063,86,172
ENSG00000150787,86,173
ENSG00000167280,86,174
ENSG00000061676,86,175
ENSG00000052841,86,176
ENSG00000006715,86,177
ENSG00000105298,86,178
ENSG00000136960,86,179
ENSG00000244005,86,180
ENSG00000087157,86,181
ENSG00000242259,86,182
ENSG00000126746,86,183
ENSG00000137073,86,184
ENSG00000118482,86,185
ENSG00000093183,86,186
ENSG00000125354,86,187
ENSG00000102312,86,188
ENSG00000183688,86,189
ENSG00000061918,86,190
ENSG00000013523,86,191
ENSG00000133816,86,192
ENSG00000185437,86,193
ENSG00000130810,86,194
ENSG00000083290,86,195
ENSG00000129197,86,196
ENSG00000103647,86,197
ENSG00000154153,86,198
ENSG00000197774,86,199
ENSG00000054690,86,200
ENSG00000038532,86,201
ENSG00000137218,86,202
ENSG00000105996,86,203
ENSG00000154229,86,204
ENSG00000165698,86,205
ENSG00000075826,86,206
ENSG00000156150,86,207
ENSG00000108641,86,208
ENSG00000156466,86,209
ENSG00000205362,86,210
ENSG00000136098,86,211
ENSG00000133247,86,212
ENSG00000203783,86,213
ENSG00000145491,86,214
ENSG00000223802,86,215
ENSG00000166863,86,216
ENSG00000103056,86,217
ENSG00000145920,86,218
ENSG00000206047,86,219
ENSG00000138606,86,220
ENSG00000107077,86,221
ENSG00000224383,86,222
ENSG00000260861,86,223
ENSG00000228727,86,224
ENSG00000215131,86,225
ENSG00000158806,86,226
ENSG00000258417,86,227
ENSG00000198885,86,228
ENSG00000100593,86,229
ENSG00000234465,86,230
ENSG00000146021,86,231
ENSG00000172154,86,232
ENSG00000160323,86,233
ENSG00000270276,86,234
ENSG00000205670,86,235
ENSG00000152969,86,236
ENSG00000186367,86,237
ENSG00000213204,86,238
ENSG00000268089,86,239
ENSG00000275034,86,240
ENSG00000019505,86,241
ENSG00000176555,86,242
ENSG00000129965,86,243
ENSG00000233050,86,244
ENSG00000110975,86,245
ENSG00000197084,86,246
ENSG00000186862,86,247
ENSG00000177476,86,248
ENSG00000151322,86,249
ENSG00000171570,86,250
ENSG00000188176,86,251
ENSG00000196539,86,252
ENSG00000152467,86,253
ENSG00000176204,86,254
ENSG00000065675,86,255
ENSG00000196381,86,256
22016,87,1
22017,87,2
22018,87,3
22019,87,4
22020,87,5
22021,87,6
22022,87,7
22023,87,8
22024,87,9
22025,87,10
22026,87,11
22027,87,12
22028,87,13
22029,87,14
22030,87,15
22031,87,16
22032,87,17
22033,87,18
22034,87,19
22035,87,20
22036,87,21
22037,87,22
22038,87,23
22039,87,24
22040,87,25
22041,87,26
22042,87,27
22043,87,28
22044,87,29
22045,87,30
22046,87,31
22047,87,32
22048,87,33
22049,87,34
22050,87,35
22051,87,36
22052,87,37
22053,87,38
22054,87,39
22055,87,40
22056,87,41
22057,87,42
22058,87,43
22059,87,44
22060,87,45
22061,87,46
22062,87,47
22063,87,48
22064,87,49
22065,87,50
22066,87,51
22067,87,52
22068,87,53
22069,87,54
22070,87,55
22071,87,56
22072,87,57
22073,87,58
22074,87,59
22075,87,60
22076,87,61
22077,87,62
22078,87,63
22079,87,64
22080,87,65
22081,87,66
22082,87,67
ENSG00000044574,87,68
22084,87,69
22085,87,70
22086,87,71
22087,87,72
22088,87,73
22089,87,74
22090,87,75
22091,87,76
22092,87,77
22093,87,78
22094,87,79
22095,87,80
22096,87,81
22097,87,82
22098,87,83
22099,87,84
22100,87,85
22101,87,86
22102,87,87
ENSG00000082641,87,88
ENSG00000104408,87,89
ENSG00000063046,87,90
ENSG00000178982,87,91
ENSG00000129538,87,92
ENSG00000118418,87,93
ENSG00000183283,87,94
ENSG00000165916,87,95
ENSG00000124172,87,96
ENSG00000184983,87,97
ENSG00000007080,87,98
ENSG00000171206,87,99
ENSG00000148672,87,100
ENSG00000115310,87,101
ENSG00000130811,87,102
ENSG00000104853,87,103
ENSG00000111540,87,104
ENSG00000141959,87,105
ENSG00000188186,87,106
ENSG00000086504,87,107
ENSG00000213977,87,108
ENSG00000135441,87,109
ENSG00000123240,87,110
ENSG00000103024,87,111
ENSG00000175221,87,112
ENSG00000164091,87,113
ENSG00000176871,87,114
ENSG00000139112,87,115
ENSG00000136003,87,116
ENSG00000186660,87,117
ENSG00000176095,87,118
ENSG00000156858,87,119
ENSG00000089351,87,120
ENSG00000139793,87,121
ENSG00000241839,87,122
ENSG00000169740,87,123
ENSG00000100359,87,124
ENSG00000103496,87,125
ENSG00000215305,87,126
ENSG00000104946,87,127
ENSG00000103423,87,128
ENSG00000204351,87,129
ENSG00000142188,87,130
ENSG00000075413,87,131
ENSG00000146535,87,132
ENSG00000125841,87,133
ENSG00000107537,87,134
ENSG00000100605,87,135
ENSG00000092964,87,136
ENSG00000010404,87,137
ENSG00000197457,87,138
ENSG00000111269,87,139
ENSG00000205707,87,140
ENSG00000196914,87,141
ENSG00000108840,87,142
ENSG00000213930,87,143
ENSG00000219200,87,144
ENSG00000062582,87,145
ENSG00000161281,87,146
ENSG00000130717,87,147
ENSG00000124587,87,148
ENSG00000152556,87,149
ENSG00000178397,87,150
ENSG00000099814,87,151
ENSG00000033627,87,152
ENSG00000165782,87,153
ENSG00000160216,87,154
ENSG00000165804,87,155
ENSG00000119812,87,156
ENSG00000166260,87,157
ENSG00000129484,87,158
ENSG00000100263,87,159
ENSG00000127220,87,160
ENSG00000196405,87,161
ENSG00000167191,87,162
ENSG00000159884,87,163
ENSG00000166780,87,164
ENSG00000141759,87,165
ENSG00000102081,87,166
ENSG00000157014,87,167
ENSG00000170871,87,168
ENSG00000160917,87,169
ENSG00000185386,87,170
ENSG00000197045,87,171
ENSG00000073584,87,172
ENSG00000197217,87,173
ENSG00000140262,87,174
ENSG00000198680,87,175
ENSG00000148925,87,176
ENSG00000178234,87,177
ENSG00000065029,87,178
ENSG00000117791,87,179
ENSG00000213614,87,180
ENSG00000240184,87,181
ENSG00000148399,87,182
ENSG00000138246,87,183
ENSG00000157106,87,184
ENSG00000140577,87,185
ENSG00000077044,87,186
ENSG00000111450,87,187
ENSG00000143126,87,188
ENSG00000150764,87,189
ENSG00000081087,87,190
ENSG00000138172,87,191
ENSG00000256053,87,192
ENSG00000156873,87,193
ENSG00000171680,87,194
ENSG00000111364,87,195
ENSG00000183495,87,196
ENSG00000266173,87,197
ENSG00000183049,87,198
ENSG00000173273,87,199
ENSG00000250510,87,200
ENSG00000154162,87,201
ENSG00000002016,87,202
ENSG00000160224,87,203
ENSG00000162664,87,204
ENSG00000167487,87,205
ENSG00000203546,87,206
ENSG00000161270,87,207
ENSG00000137672,87,208
ENSG00000031081,87,209
ENSG00000170903,87,210
ENSG00000222028,87,211
ENSG00000120436,87,212
ENSG00000184985,87,213
ENSG00000205809,87,214
ENSG00000203734,87,215
ENSG00000106511,87,216
ENSG00000168333,87,217
ENSG00000240542,87,218
ENSG00000237136,87,219
ENSG00000215126,87,220
ENSG00000108878,87,221
ENSG00000197816,87,222
ENSG00000189042,87,223
ENSG00000145723,87,224
ENSG00000215397,87,225
ENSG00000276409,87,226
ENSG00000153230,87,227
ENSG00000104967,87,228
ENSG00000213578,87,229
ENSG00000183559,87,230
ENSG00000171804,87,231
ENSG00000180626,87,232
ENSG00000215472,87,233
ENSG00000257341,87,234
ENSG00000164542,87,235
ENSG00000101353,87,236
ENSG00000268975,87,237
ENSG00000165583,87,238
ENSG00000154545,87,239
ENSG00000148386,87,240
ENSG00000197599,87,241
ENSG00000205683,87,242
ENSG00000172426,87,243
ENSG00000159753,87,244
ENSG00000169203,87,245
ENSG00000188033,87,246
ENSG00000235711,87,247
ENSG00000197935,87,248
ENSG00000147246,87,249
ENSG00000173401,87,250
ENSG00000080511,87,251
ENSG00000139874,87,252
ENSG00000165917,87,253
ENSG00000279051,87,254
ENSG00000147488,87,255
ENSG00000269547,87,256
22272,88,1
22273,88,2
22274,88,3
22275,88,4
22276,88,5
22277,88,6
22278,88,7
22279,88,8
22280,88,9
22281,88,10
22282,88,11
22283,88,12
22284,88,13
22285,88,14
22286,88,15
22287,88,16
22288,88,17
22289,88,18
22290,88,19
22291,88,20
22292,88,21
22293,88,22
22294,88,23
22295,88,24
22296,88,25
22297,88,26
22298,88,27
22299,88,28
22300,88,29
22301,88,30
22302,88,31
22303,88,32
22304,88,33
22305,88,34
22306,88,35
22307,88,36
22308,88,37
22309,88,38
22310,88,39
22311,88,40
22312,88,41
22313,88,42
22314,88,43
22315,88,44
22316,88,45
22317,88,46
22318,88,47
22319,88,48
22320,88,49
22321,88,50
22322,88,51
22323,88,52
22324,88,53
22325,88,54
22326,88,55
22327,88,56
22328,88,57
22329,88,58
22330,88,59
22331,88,60
22332,88,61
22333,88,62
22334,88,63
22335,88,64
22336,88,65
ENSG00000129562,88,66
ENSG00000139644,88,67
ENSG00000196230,88,68
22340,88,69
22341,88,70
22342,88,71
22343,88,72
22344,88,73
22345,88,74
ENSG00000186468,88,75
ENSG00000105640,88,76
ENSG00000122566,88,77
ENSG00000159377,88,78
ENSG00000197756,88,79
22351,88,80
ENSG00000101421,88,81
22353,88,82
22354,88,83
22355,88,84
22356,88,85
22357,88,86
22358,88,87
ENSG00000148175,88,88
22360,88,89
ENSG00000104823,88,90
ENSG00000179091,88,91
ENSG00000175550,88,92
ENSG00000170027,88,93
ENSG00000168385,88,94
ENSG00000115541,88,95
ENSG00000147684,88,96
ENSG00000085733,88,97
ENSG00000168066,88,98
ENSG00000178913,88,99
ENSG00000164096,88,100
ENSG00000166033,88,101
ENSG00000133142,88,102
ENSG00000004779,88,103
ENSG00000099624,88,104
ENSG00000071859,88,105
ENSG00000104765,88,106
ENSG00000214022,88,107
ENSG00000136271,88,108
ENSG00000063322,88,109
ENSG00000065000,88,110
ENSG00000213923,88,111
ENSG00000198911,88,112
ENSG00000130159,88,113
ENSG00000140943,88,114
ENSG00000130560,88,115
ENSG00000103018,88,116
ENSG00000155229,88,117
ENSG00000145191,88,118
ENSG00000110367,88,119
ENSG00000196781,88,120
ENSG00000099977,88,121
ENSG00000123358,88,122
ENSG00000108773,88,123
ENSG00000132612,88,124
ENSG00000144827,88,125
ENSG00000119707,88,126
ENSG00000175634,88,127
ENSG00000176454,88,128
ENSG00000174886,88,129
ENSG00000085662,88,130
ENSG00000177225,88,131
ENSG00000100226,88,132
ENSG00000136527,88,133
ENSG00000103264,88,134
ENSG00000198053,88,135
ENSG00000105767,88,136
ENSG00000184602,88,137
ENSG00000174684,88,138
ENSG00000008441,88,139
ENSG00000100417,88,140
ENSG00000185339,88,141
ENSG00000122490,88,142
ENSG00000139613,88,143
ENSG00000130813,88,144
ENSG00000100902,88,145
ENSG00000178127,88,146
ENSG00000198121,88,147
ENSG00000120837,88,148
ENSG00000221821,88,149
ENSG00000120533,88,150
ENSG00000105379,88,151
ENSG00000102125,88,152
ENSG00000099904,88,153
ENSG00000128609,88,154
ENSG00000130311,88,155
ENSG00000107130,88,156
ENSG00000104957,88,157
ENSG00000161981,88,158
ENSG00000141295,88,159
ENSG00000211456,88,160
ENSG00000099998,88,161
ENSG00000178531,88,162
ENSG00000145284,88,163
ENSG00000100151,88,164
ENSG00000074054,88,165
ENSG00000120029,88,166
ENSG00000065717,88,167
ENSG00000109775,88,168
ENSG00000100441,88,169
ENSG00000118985,88,170
ENSG00000197343,88,171
ENSG00000132640,88,172
ENSG00000100395,88,173
ENSG00000118762,88,174
ENSG00000154146,88,175
ENSG00000154122,88,176
ENSG00000105429,88,177
ENSG00000075568,88,178
ENSG00000101210,88,179
ENSG00000085788,88,180
ENSG00000137094,88,181
ENSG00000160584,88,182
ENSG00000101019,88,183
ENSG00000112367,88,184
ENSG00000145715,88,185
ENSG00000119673,88,186
ENSG00000217930,88,187
ENSG00000012232,88,188
ENSG00000067369,88,189
ENSG00000244754,88,190
ENSG00000278540,88,191
ENSG00000100592,88,192
ENSG00000132199,88,193
ENSG00000173210,88,194
ENSG00000137802,88,195
ENSG00000132952,88,196
ENSG00000132600,88,197
ENSG00000178971,88,198
ENSG00000103037,88,199
ENSG00000198910,88,200
ENSG00000062725,88,201
ENSG00000121957,88,202
ENSG00000125492,88,203
ENSG00000213988,88,204
ENSG00000229809,88,205
ENSG00000127083,88,206
ENSG00000149090,88,207
ENSG00000197887,88,208
ENSG00000128268,88,209
ENSG00000100330,88,210
ENSG00000113889,88,211
ENSG00000181074,88,212
ENSG00000236396,88,213
ENSG00000147408,88,214
ENSG00000179761,88,215
ENSG00000135702,88,216
ENSG00000203784,88,217
ENSG00000111732,88,218
ENSG00000188517,88,219
ENSG00000196600,88,220
ENSG00000179954,88,221
ENSG00000157343,88,222
ENSG00000103375,88,223
ENSG00000135338,88,224
ENSG00000073670,88,225
ENSG00000145194,88,226
ENSG00000143469,88,227
ENSG00000213022,88,228
ENSG00000036530,88,229
ENSG00000179111,88,230
ENSG00000183196,88,231
ENSG00000152192,88,232
ENSG00000155511,88,233
ENSG00000240403,88,234
ENSG00000214140,88,235
ENSG00000108255,88,236
ENSG00000274810,88,237
ENSG00000157219,88,238
ENSG00000197213,88,239
ENSG00000204965,88,240
ENSG00000089101,88,241
ENSG00000272916,88,242
ENSG00000145309,88,243
ENSG00000274600,88,244
ENSG00000261701,88,245
ENSG00000180042,88,246
ENSG00000120500,88,247
ENSG00000141314,88,248
ENSG00000132972,88,249
ENSG00000196092,88,250
ENSG00000148408,88,251
ENSG00000229859,88,252
ENSG00000198129,88,253
ENSG00000165471,88,254
ENSG00000084453,88,255
ENSG00000171864,88,256
22528,89,1
22529,89,2
22530,89,3
22531,89,4
22532,89,5
22533,89,6
22534,89,7
22535,89,8
22536,89,9
22537,89,10
22538,89,11
22539,89,12
22540,89,13
22541,89,14
22542,89,15
22543,89,16
22544,89,17
22545,89,18
22546,89,19
22547,89,20
22548,89,21
22549,89,22
22550,89,23
22551,89,24
22552,89,25
22553,89,26
22554,89,27
22555,89,28
22556,89,29
22557,89,30
22558,89,31
22559,89,32
22560,89,33
22561,89,34
22562,89,35
22563,89,36
22564,89,37
22565,89,38
22566,89,39
22567,89,40
22568,89,41
22569,89,42
22570,89,43
22571,89,44
22572,89,45
22573,89,46
22574,89,47
22575,89,48
22576,89,49
22577,89,50
22578,89,51
22579,89,52
22580,89,53
22581,89,54
22582,89,55
22583,89,56
22584,89,57
22585,89,58
22586,89,59
22587,89,60
22588,89,61
22589,89,62
22590,89,63
22591,89,64
ENSG00000163453,89,65
ENSG00000068697,89,66
ENSG00000228474,89,67
ENSG00000185624,89,68
22596,89,69
22597,89,70
22598,89,71
22599,89,72
22600,89,73
ENSG00000166794,89,74
ENSG00000135486,89,75
ENSG00000174748,89,76
ENSG00000181163,89,77
ENSG00000221983,89,78
ENSG00000132475,89,79
ENSG00000126247,89,80
22608,89,81
ENSG00000137312,89,82
ENSG00000137409,89,83
22611,89,84
22612,89,85
22613,89,86
22614,89,87
22615,89,88
22616,89,89
ENSG00000173511,89,90
ENSG00000089693,89,91
ENSG00000185236,89,92
ENSG00000155368,89,93
ENSG00000154723,89,94
ENSG00000075415,89,95
ENSG00000105220,89,96
ENSG00000100991,89,97
ENSG00000104824,89,98
ENSG00000136450,89,99
ENSG00000170144,89,100
ENSG00000197894,89,101
ENSG00000159199,89,102
ENSG00000125826,89,103
ENSG00000127540,89,104
ENSG00000168216,89,105
ENSG00000102241,89,106
ENSG00000120053,89,107
ENSG00000170906,89,108
ENSG00000264364,89,109
ENSG00000172428,89,110
ENSG00000076924,89,111
ENSG00000076043,89,112
ENSG00000110696,89,113
ENSG00000047849,89,114
ENSG00000240857,89,115
ENSG00000167110,89,116
ENSG00000137106,89,117
ENSG00000090581,89,118
ENSG00000185359,89,119
ENSG00000147419,89,120
ENSG00000196072,89,121
ENSG00000050426,89,122
ENSG00000140092,89,123
ENSG00000167674,89,124
ENSG00000218739,89,125
ENSG00000149930,89,126
ENSG00000184634,89,127
ENSG00000119138,89,128
ENSG00000278311,89,129
ENSG00000104679,89,130
ENSG00000127528,89,131
ENSG00000102858,89,132
ENSG00000149743,89,133
ENSG00000140400,89,134
ENSG00000177706,89,135
ENSG00000184182,89,136
ENSG00000075790,89,137
ENSG00000196199,89,138
ENSG00000276293,89,139
ENSG00000165526,89,140
ENSG00000105705,89,141
ENSG00000275832,89,142
ENSG00000171566,89,143
ENSG00000136444,89,144
ENSG00000108551,89,145
ENSG00000129968,89,146
ENSG00000122679,89,147
ENSG00000160799,89,148
ENSG00000214655,89,149
ENSG00000183723,89,150
ENSG00000105204,89,151
ENSG00000148343,89,152
ENSG00000011485,89,153
ENSG00000133612,89,154
ENSG00000005882,89,155
ENSG00000153560,89,156
ENSG00000107863,89,157
ENSG00000106588,89,158
ENSG00000196123,89,159
ENSG00000177463,89,160
ENSG00000139197,89,161
ENSG00000120709,89,162
ENSG00000114745,89,163
ENSG00000196422,89,164
ENSG00000154803,89,165
ENSG00000109083,89,166
ENSG00000167972,89,167
ENSG00000105662,89,168
ENSG00000168872,89,169
ENSG00000090470,89,170
ENSG00000108961,89,171
ENSG00000156502,89,172
ENSG00000239264,89,173
ENSG00000164088,89,174
ENSG00000147027,89,175
ENSG00000120915,89,176
ENSG00000160307,89,177
ENSG00000182916,89,178
ENSG00000171368,89,179
ENSG00000168993,89,180
ENSG00000161544,89,181
ENSG00000180628,89,182
ENSG00000181035,89,183
ENSG00000120910,89,184
ENSG00000110344,89,185
ENSG00000119718,89,186
ENSG00000141127,89,187
ENSG00000138660,89,188
ENSG00000184402,89,189
ENSG00000116353,89,190
ENSG00000127527,89,191
ENSG00000167136,89,192
ENSG00000162706,89,193
ENSG00000133250,89,194
ENSG00000182022,89,195
ENSG00000101452,89,196
ENSG00000005379,89,197
ENSG00000157823,89,198
ENSG00000135469,89,199
ENSG00000145016,89,200
ENSG00000187764,89,201
ENSG00000155849,89,202
ENSG00000213471,89,203
ENSG00000250745,89,204
ENSG00000119640,89,205
ENSG00000180116,89,206
ENSG00000091844,89,207
ENSG00000132874,89,208
ENSG00000139910,89,209
ENSG00000134588,89,210
ENSG00000166546,89,211
ENSG00000188766,89,212
ENSG00000101883,89,213
ENSG00000137502,89,214
ENSG00000173285,89,215
ENSG00000069696,89,216
ENSG00000105370,89,217
ENSG00000196972,89,218
ENSG00000262874,89,219
ENSG00000154478,89,220
ENSG00000213337,89,221
ENSG00000176692,89,222
ENSG00000135437,89,223
ENSG00000154654,89,224
ENSG00000168779,89,225
ENSG00000164742,89,226
ENSG00000106648,89,227
ENSG00000180934,89,228
ENSG00000243978,89,229
ENSG00000138152,89,230
ENSG00000243729,89,231
ENSG00000172232,89,232
ENSG00000113327,89,233
ENSG00000244624,89,234
ENSG00000187492,89,235
ENSG00000258873,89,236
ENSG00000100053,89,237
ENSG00000140522,89,238
ENSG00000183269,89,239
ENSG00000144035,89,240
ENSG00000106013,89,241
ENSG00000137261,89,242
ENSG00000176884,89,243
ENSG00000235718,89,244
ENSG00000158104,89,245
ENSG00000272741,89,246
ENSG00000130035,89,247
ENSG00000167971,89,248
ENSG00000079393,89,249
ENSG00000205177,89,250
ENSG00000130595,89,251
ENSG00000231192,89,252
ENSG00000236444,89,253
ENSG00000214595,89,254
ENSG00000182348,89,255
ENSG00000101446,89,256
22784,90,1
22785,90,2
22786,90,3
22787,90,4
22788,90,5
22789,90,6
22790,90,7
22791,90,8
22792,90,9
22793,90,10
22794,90,11
22795,90,12
22796,90,13
22797,90,14
22798,90,15
22799,90,16
22800,90,17
22801,90,18
22802,90,19
22803,90,20
22804,90,21
22805,90,22
22806,90,23
22807,90,24
22808,90,25
22809,90,26
22810,90,27
22811,90,28
22812,90,29
22813,90,30
22814,90,31
22815,90,32
22816,90,33
22817,90,34
22818,90,35
22819,90,36
22820,90,37
22821,90,38
22822,90,39
22823,90,40
22824,90,41
22825,90,42
22826,90,43
22827,90,44
22828,90,45
22829,90,46
22830,90,47
22831,90,48
22832,90,49
22833,90,50
22834,90,51
22835,90,52
22836,90,53
22837,90,54
22838,90,55
22839,90,56
22840,90,57
22841,90,58
22842,90,59
22843,90,60
22844,90,61
22845,90,62
22846,90,63
22847,90,64
ENSG00000026025,90,65
ENSG00000118680,90,66
ENSG00000143761,90,67
ENSG00000164733,90,68
22852,90,69
22853,90,70
22854,90,71
22855,90,72
22856,90,73
22857,90,74
ENSG00000196262,90,75
ENSG00000164111,90,76
ENSG00000071082,90,77
ENSG00000125691,90,78
ENSG00000197728,90,79
ENSG00000172757,90,80
22864,90,81
22865,90,82
ENSG00000166913,90,83
ENSG00000161203,90,84
ENSG00000165678,90,85
22869,90,86
22870,90,87
22871,90,88
22872,90,89
22873,90,90
22874,90,91
22875,90,92
22876,90,93
ENSG00000175826,90,94
ENSG00000125971,90,95
ENSG00000161547,90,96
ENSG00000099622,90,97
ENSG00000107874,90,98
ENSG00000185787,90,99
ENSG00000126934,90,100
ENSG00000129055,90,101
ENSG00000130312,90,102
ENSG00000250479,90,103
ENSG00000105258,90,104
ENSG00000140612,90,105
ENSG00000184752,90,106
ENSG00000114023,90,107
ENSG00000147533,90,108
ENSG00000072062,90,109
ENSG00000176973,90,110
ENSG00000107745,90,111
ENSG00000149823,90,112
ENSG00000166848,90,113
ENSG00000108349,90,114
ENSG00000133706,90,115
ENSG00000109046,90,116
ENSG00000125503,90,117
ENSG00000213465,90,118
ENSG00000167699,90,119
ENSG00000085365,90,120
ENSG00000131876,90,121
ENSG00000077463,90,122
ENSG00000105341,90,123
ENSG00000103512,90,124
ENSG00000169733,90,125
ENSG00000100100,90,126
ENSG00000254858,90,127
ENSG00000182195,90,128
ENSG00000125772,90,129
ENSG00000197021,90,130
ENSG00000180891,90,131
ENSG00000172922,90,132
ENSG00000173575,90,133
ENSG00000125775,90,134
ENSG00000132819,90,135
ENSG00000144744,90,136
ENSG00000101400,90,137
ENSG00000166685,90,138
ENSG00000167315,90,139
ENSG00000119559,90,140
ENSG00000105443,90,141
ENSG00000187742,90,142
ENSG00000163482,90,143
ENSG00000073712,90,144
ENSG00000138101,90,145
ENSG00000129355,90,146
ENSG00000166579,90,147
ENSG00000160360,90,148
ENSG00000006015,90,149
ENSG00000141556,90,150
ENSG00000211584,90,151
ENSG00000158545,90,152
ENSG00000165775,90,153
ENSG00000169992,90,154
ENSG00000109107,90,155
ENSG00000276430,90,156
ENSG00000146085,90,157
ENSG00000103249,90,158
ENSG00000048052,90,159
ENSG00000162105,90,160
ENSG00000146122,90,161
ENSG00000173482,90,162
ENSG00000106686,90,163
ENSG00000163666,90,164
ENSG00000148468,90,165
ENSG00000090674,90,166
ENSG00000088826,90,167
ENSG00000088881,90,168
ENSG00000166938,90,169
ENSG00000170162,90,170
ENSG00000119711,90,171
ENSG00000132680,90,172
ENSG00000168000,90,173
ENSG00000138593,90,174
ENSG00000102109,90,175
ENSG00000262655,90,176
ENSG00000008405,90,177
ENSG00000132718,90,178
ENSG00000128656,90,179
ENSG00000149557,90,180
ENSG00000108387,90,181
ENSG00000108960,90,182
ENSG00000123576,90,183
ENSG00000164610,90,184
ENSG00000198678,90,185
ENSG00000183833,90,186
ENSG00000184916,90,187
ENSG00000083750,90,188
ENSG00000118579,90,189
ENSG00000254647,90,190
ENSG00000145936,90,191
ENSG00000137285,90,192
ENSG00000105290,90,193
ENSG00000053438,90,194
ENSG00000162643,90,195
ENSG00000277288,90,196
ENSG00000135363,90,197
ENSG00000074855,90,198
ENSG00000130751,90,199
ENSG00000142046,90,200
ENSG00000184345,90,201
ENSG00000174227,90,202
ENSG00000138829,90,203
ENSG00000147378,90,204
ENSG00000269237,90,205
ENSG00000241945,90,206
ENSG00000180777,90,207
ENSG00000105784,90,208
ENSG00000120907,90,209
ENSG00000172969,90,210
ENSG00000102349,90,211
ENSG00000250719,90,212
ENSG00000185252,90,213
ENSG00000228075,90,214
ENSG00000181143,90,215
ENSG00000140839,90,216
ENSG00000163710,90,217
ENSG00000198785,90,218
ENSG00000170837,90,219
ENSG00000161914,90,220
ENSG00000279961,90,221
ENSG00000278299,90,222
ENSG00000269226,90,223
ENSG00000186567,90,224
ENSG00000178852,90,225
ENSG00000120289,90,226
ENSG00000139767,90,227
ENSG00000198208,90,228
ENSG00000165383,90,229
ENSG00000102010,90,230
ENSG00000257591,90,231
ENSG00000136488,90,232
ENSG00000204290,90,233
ENSG00000167037,90,234
ENSG00000144406,90,235
ENSG00000251692,90,236
ENSG00000130812,90,237
ENSG00000196350,90,238
ENSG00000150656,90,239
ENSG00000187959,90,240
ENSG00000181273,90,241
ENSG00000155749,90,242
ENSG00000136866,90,243
ENSG00000175175,90,244
ENSG00000205358,90,245
ENSG00000188155,90,246
ENSG00000124827,90,247
ENSG00000181215,90,248
ENSG00000212724,90,249
ENSG00000139155,90,250
ENSG00000173366,90,251
ENSG00000167751,90,252
ENSG00000257115,90,253
ENSG00000176029,90,254
ENSG00000196876,90,255
ENSG00000260851,90,256
23040,91,1
23041,91,2
23042,91,3
23043,91,4
23044,91,5
23045,91,6
23046,91,7
23047,91,8
23048,91,9
23049,91,10
23050,91,11
23051,91,12
23052,91,13
23053,91,14
23054,91,15
23055,91,16
23056,91,17
23057,91,18
23058,91,19
23059,91,20
23060,91,21
23061,91,22
23062,91,23
23063,91,24
23064,91,25
23065,91,26
23066,91,27
23067,91,28
23068,91,29
23069,91,30
23070,91,31
23071,91,32
23072,91,33
23073,91,34
23074,91,35
23075,91,36
23076,91,37
23077,91,38
23078,91,39
23079,91,40
23080,91,41
23081,91,42
23082,91,43
23083,91,44
23084,91,45
23085,91,46
23086,91,47
23087,91,48
23088,91,49
23089,91,50
23090,91,51
23091,91,52
23092,91,53
23093,91,54
23094,91,55
23095,91,56
23096,91,57
ENSG00000179218,91,58
ENSG00000165502,91,59
ENSG00000166598,91,60
ENSG00000265972,91,61
ENSG00000108518,91,62
ENSG00000149273,91,63
23103,91,64
23104,91,65
ENSG00000130066,91,66
ENSG00000005022,91,67
ENSG00000188229,91,68
23108,91,69
23109,91,70
23110,91,71
23111,91,72
23112,91,73
ENSG00000128272,91,74
ENSG00000108654,91,75
ENSG00000084234,91,76
ENSG00000009307,91,77
ENSG00000136238,91,78
ENSG00000254999,91,79
ENSG00000130522,91,80
23120,91,81
ENSG00000106682,91,82
ENSG00000112335,91,83
ENSG00000116288,91,84
ENSG00000123416,91,85
23125,91,86
23126,91,87
23127,91,88
23128,91,89
23129,91,90
23130,91,91
23131,91,92
23132,91,93
ENSG00000168159,91,94
ENSG00000185222,91,95
ENSG00000149136,91,96
ENSG00000108344,91,97
ENSG00000131100,91,98
ENSG00000140740,91,99
ENSG00000205544,91,100
ENSG00000130731,91,101
ENSG00000171159,91,102
ENSG00000167863,91,103
ENSG00000187193,91,104
ENSG00000182944,91,105
ENSG00000125505,91,106
ENSG00000101843,91,107
ENSG00000139637,91,108
ENSG00000156642,91,109
ENSG00000088833,91,110
ENSG00000096746,91,111
ENSG00000126602,91,112
ENSG00000149182,91,113
ENSG00000168734,91,114
ENSG00000168575,91,115
ENSG00000012061,91,116
ENSG00000186010,91,117
ENSG00000076928,91,118
ENSG00000166136,91,119
ENSG00000139990,91,120
ENSG00000104067,91,121
ENSG00000110871,91,122
ENSG00000175224,91,123
ENSG00000110080,91,124
ENSG00000103196,91,125
ENSG00000161904,91,126
ENSG00000167202,91,127
ENSG00000198818,91,128
ENSG00000214517,91,129
ENSG00000073060,91,130
ENSG00000198863,91,131
ENSG00000110536,91,132
ENSG00000144283,91,133
ENSG00000109381,91,134
ENSG00000123933,91,135
ENSG00000123200,91,136
ENSG00000100056,91,137
ENSG00000241127,91,138
ENSG00000082068,91,139
ENSG00000176623,91,140
ENSG00000111906,91,141
ENSG00000102181,91,142
ENSG00000124104,91,143
ENSG00000167074,91,144
ENSG00000082014,91,145
ENSG00000188175,91,146
ENSG00000164944,91,147
ENSG00000163040,91,148
ENSG00000173338,91,149
ENSG00000047648,91,150
ENSG00000181045,91,151
ENSG00000123178,91,152
ENSG00000101342,91,153
ENSG00000069493,91,154
ENSG00000141258,91,155
ENSG00000053900,91,156
ENSG00000159618,91,157
ENSG00000122674,91,158
ENSG00000076351,91,159
ENSG00000174233,91,160
ENSG00000154065,91,161
ENSG00000189182,91,162
ENSG00000175264,91,163
ENSG00000198265,91,164
ENSG00000223573,91,165
ENSG00000145861,91,166
ENSG00000205571,91,167
ENSG00000126895,91,168
ENSG00000204644,91,169
ENSG00000150401,91,170
ENSG00000127530,91,171
ENSG00000258429,91,172
ENSG00000139223,91,173
ENSG00000206384,91,174
ENSG00000249709,91,175
ENSG00000118596,91,176
ENSG00000007237,91,177
ENSG00000046653,91,178
ENSG00000160781,91,179
ENSG00000132535,91,180
ENSG00000205916,91,181
ENSG00000198933,91,182
ENSG00000189037,91,183
ENSG00000185880,91,184
ENSG00000205517,91,185
ENSG00000165091,91,186
ENSG00000198271,91,187
ENSG00000105610,91,188
ENSG00000151240,91,189
ENSG00000264187,91,190
ENSG00000204301,91,191
ENSG00000160469,91,192
ENSG00000159164,91,193
ENSG00000128923,91,194
ENSG00000179300,91,195
ENSG00000243509,91,196
ENSG00000226979,91,197
ENSG00000254997,91,198
ENSG00000255639,91,199
ENSG00000215595,91,200
ENSG00000144962,91,201
ENSG00000198965,91,202
ENSG00000122550,91,203
ENSG00000081803,91,204
ENSG00000121933,91,205
ENSG00000197172,91,206
ENSG00000101445,91,207
ENSG00000186469,91,208
ENSG00000169554,91,209
ENSG00000204704,91,210
ENSG00000104818,91,211
ENSG00000206013,91,212
ENSG00000167524,91,213
ENSG00000174844,91,214
ENSG00000224960,91,215
ENSG00000170782,91,216
ENSG00000222036,91,217
ENSG00000164929,91,218
ENSG00000066629,91,219
ENSG00000114854,91,220
ENSG00000166603,91,221
ENSG00000164794,91,222
ENSG00000185247,91,223
ENSG00000182346,91,224
ENSG00000196104,91,225
ENSG00000144010,91,226
ENSG00000117601,91,227
ENSG00000170537,91,228
ENSG00000146151,91,229
ENSG00000186047,91,230
ENSG00000204710,91,231
ENSG00000237515,91,232
ENSG00000275356,91,233
ENSG00000105982,91,234
ENSG00000146926,91,235
ENSG00000185559,91,236
ENSG00000183389,91,237
ENSG00000105392,91,238
ENSG00000269307,91,239
ENSG00000182324,91,240
ENSG00000100505,91,241
ENSG00000170049,91,242
ENSG00000091106,91,243
ENSG00000182712,91,244
ENSG00000274274,91,245
ENSG00000178538,91,246
ENSG00000168454,91,247
ENSG00000157927,91,248
ENSG00000186838,91,249
ENSG00000203661,91,250
ENSG00000173825,91,251
ENSG00000197891,91,252
ENSG00000176219,91,253
ENSG00000216588,91,254
ENSG00000125084,91,255
ENSG00000197123,91,256
23296,92,1
23297,92,2
23298,92,3
23299,92,4
23300,92,5
23301,92,6
23302,92,7
23303,92,8
23304,92,9
23305,92,10
23306,92,11
23307,92,12
23308,92,13
23309,92,14
23310,92,15
23311,92,16
23312,92,17
23313,92,18
23314,92,19
23315,92,20
23316,92,21
23317,92,22
23318,92,23
23319,92,24
23320,92,25
23321,92,26
23322,92,27
23323,92,28
23324,92,29
23325,92,30
23326,92,31
23327,92,32
23328,92,33
23329,92,34
23330,92,35
23331,92,36
23332,92,37
23333,92,38
23334,92,39
23335,92,40
23336,92,41
23337,92,42
23338,92,43
23339,92,44
23340,92,45
23341,92,46
23342,92,47
23343,92,48
23344,92,49
23345,92,50
23346,92,51
23347,92,52
23348,92,53
23349,92,54
23350,92,55
23351,92,56
ENSG00000159335,92,57
ENSG00000107223,92,58
ENSG00000092841,92,59
ENSG00000198242,92,60
ENSG00000105372,92,61
ENSG00000156482,92,62
ENSG00000170889,92,63
23359,92,64
23360,92,65
23361,92,66
23362,92,67
23363,92,68
23364,92,69
23365,92,70
23366,92,71
23367,92,72
23368,92,73
ENSG00000125148,92,74
ENSG00000075785,92,75
ENSG00000165119,92,76
ENSG00000118816,92,77
ENSG00000117592,92,78
ENSG00000146066,92,79
ENSG00000140319,92,80
23376,92,81
ENSG00000134308,92,82
ENSG00000164924,92,83
ENSG00000078369,92,84
ENSG00000255302,92,85
23381,92,86
23382,92,87
23383,92,88
23384,92,89
23385,92,90
23386,92,91
23387,92,92
23388,92,93
ENSG00000167085,92,94
ENSG00000167792,92,95
ENSG00000113141,92,96
ENSG00000152234,92,97
ENSG00000168899,92,98
ENSG00000104897,92,99
ENSG00000062485,92,100
ENSG00000150779,92,101
ENSG00000055211,92,102
ENSG00000132471,92,103
ENSG00000204435,92,104
ENSG00000167615,92,105
ENSG00000241343,92,106
ENSG00000143811,92,107
ENSG00000166619,92,108
ENSG00000060237,92,109
ENSG00000205937,92,110
ENSG00000101158,92,111
ENSG00000168101,92,112
ENSG00000136247,92,113
ENSG00000177239,92,114
ENSG00000134186,92,115
ENSG00000132635,92,116
ENSG00000171720,92,117
ENSG00000185963,92,118
ENSG00000142546,92,119
ENSG00000104442,92,120
ENSG00000126767,92,121
ENSG00000108389,92,122
ENSG00000136205,92,123
ENSG00000197461,92,124
ENSG00000143333,92,125
ENSG00000122729,92,126
ENSG00000005812,92,127
ENSG00000081791,92,128
ENSG00000035681,92,129
ENSG00000065559,92,130
ENSG00000022267,92,131
ENSG00000152137,92,132
ENSG00000090565,92,133
ENSG00000139182,92,134
ENSG00000110315,92,135
ENSG00000147586,92,136
ENSG00000072803,92,137
ENSG00000176788,92,138
ENSG00000117906,92,139
ENSG00000074657,92,140
ENSG00000255398,92,141
ENSG00000003393,92,142
ENSG00000179477,92,143
ENSG00000111653,92,144
ENSG00000234444,92,145
ENSG00000187609,92,146
ENSG00000135090,92,147
ENSG00000049759,92,148
ENSG00000253710,92,149
ENSG00000062598,92,150
ENSG00000258227,92,151
ENSG00000186115,92,152
ENSG00000103540,92,153
ENSG00000197808,92,154
ENSG00000104983,92,155
ENSG00000134265,92,156
ENSG00000116661,92,157
ENSG00000165621,92,158
ENSG00000187513,92,159
ENSG00000161911,92,160
ENSG00000132704,92,161
ENSG00000178789,92,162
ENSG00000132434,92,163
ENSG00000033030,92,164
ENSG00000255439,92,165
ENSG00000105926,92,166
ENSG00000111325,92,167
ENSG00000197417,92,168
ENSG00000095777,92,169
ENSG00000108849,92,170
ENSG00000213123,92,171
ENSG00000234284,92,172
ENSG00000083720,92,173
ENSG00000112164,92,174
ENSG00000087237,92,175
ENSG00000165555,92,176
ENSG00000157429,92,177
ENSG00000127585,92,178
ENSG00000154529,92,179
ENSG00000021300,92,180
ENSG00000088053,92,181
ENSG00000261308,92,182
ENSG00000218891,92,183
ENSG00000099721,92,184
ENSG00000140465,92,185
ENSG00000179598,92,186
ENSG00000171405,92,187
ENSG00000153498,92,188
ENSG00000166884,92,189
ENSG00000185274,92,190
ENSG00000186980,92,191
ENSG00000187627,92,192
ENSG00000171533,92,193
ENSG00000166922,92,194
ENSG00000165762,92,195
ENSG00000105366,92,196
ENSG00000281406,92,197
ENSG00000103316,92,198
ENSG00000133124,92,199
ENSG00000196944,92,200
ENSG00000180929,92,201
ENSG00000187672,92,202
ENSG00000099822,92,203
ENSG00000151025,92,204
ENSG00000164853,92,205
ENSG00000103064,92,206
ENSG00000277858,92,207
ENSG00000149201,92,208
ENSG00000259753,92,209
ENSG00000184923,92,210
ENSG00000174871,92,211
ENSG00000275464,92,212
ENSG00000140090,92,213
ENSG00000188026,92,214
ENSG00000166573,92,215
ENSG00000184845,92,216
ENSG00000181264,92,217
ENSG00000169330,92,218
ENSG00000254440,92,219
ENSG00000180383,92,220
ENSG00000184357,92,221
ENSG00000165309,92,222
ENSG00000277556,92,223
ENSG00000197889,92,224
ENSG00000104112,92,225
ENSG00000180347,92,226
ENSG00000183153,92,227
ENSG00000165066,92,228
ENSG00000119725,92,229
ENSG00000278023,92,230
ENSG00000168928,92,231
ENSG00000258728,92,232
ENSG00000155719,92,233
ENSG00000149575,92,234
ENSG00000176787,92,235
ENSG00000169126,92,236
ENSG00000242028,92,237
ENSG00000243480,92,238
ENSG00000126246,92,239
ENSG00000170370,92,240
ENSG00000235268,92,241
ENSG00000228517,92,242
ENSG00000119608,92,243
ENSG00000151466,92,244
ENSG00000185821,92,245
ENSG00000206106,92,246
ENSG00000186895,92,247
ENSG00000149970,92,248
ENSG00000198354,92,249
ENSG00000163354,92,250
ENSG00000138472,92,251
ENSG00000171877,92,252
ENSG00000120160,92,253
ENSG00000160349,92,254
ENSG00000215187,92,255
ENSG00000106302,92,256
23552,93,1
23553,93,2
23554,93,3
23555,93,4
23556,93,5
23557,93,6
23558,93,7
23559,93,8
23560,93,9
23561,93,10
23562,93,11
23563,93,12
23564,93,13
23565,93,14
23566,93,15
23567,93,16
23568,93,17
23569,93,18
23570,93,19
23571,93,20
23572,93,21
23573,93,22
23574,93,23
23575,93,24
23576,93,25
23577,93,26
23578,93,27
23579,93,28
23580,93,29
23581,93,30
23582,93,31
23583,93,32
23584,93,33
23585,93,34
23586,93,35
23587,93,36
23588,93,37
23589,93,38
23590,93,39
23591,93,40
23592,93,41
23593,93,42
23594,93,43
23595,93,44
23596,93,45
23597,93,46
23598,93,47
23599,93,48
23600,93,49
23601,93,50
23602,93,51
23603,93,52
23604,93,53
23605,93,54
23606,93,55
ENSG00000008988,93,56
ENSG00000182774,93,57
ENSG00000229117,93,58
ENSG00000113140,93,59
ENSG00000070756,93,60
ENSG00000204628,93,61
ENSG00000135404,93,62
ENSG00000109971,93,63
ENSG00000126432,93,64
23616,93,65
23617,93,66
23618,93,67
23619,93,68
23620,93,69
23621,93,70
23622,93,71
23623,93,72
23624,93,73
23625,93,74
ENSG00000110321,93,75
ENSG00000167468,93,76
ENSG00000128524,93,77
ENSG00000130203,93,78
ENSG00000108953,93,79
ENSG00000179010,93,80
ENSG00000123144,93,81
ENSG00000123562,93,82
ENSG00000133872,93,83
ENSG00000111897,93,84
ENSG00000135821,93,85
23637,93,86
23638,93,87
23639,93,88
23640,93,89
23641,93,90
23642,93,91
23643,93,92
23644,93,93
23645,93,94
ENSG00000171867,93,95
ENSG00000178449,93,96
ENSG00000197043,93,97
ENSG00000174437,93,98
ENSG00000139684,93,99
ENSG00000165264,93,100
ENSG00000175573,93,101
ENSG00000241837,93,102
ENSG00000135916,93,103
ENSG00000167671,93,104
ENSG00000185883,93,105
ENSG00000132670,93,106
ENSG00000147853,93,107
ENSG00000175582,93,108
ENSG00000126777,93,109
ENSG00000100938,93,110
ENSG00000100554,93,111
ENSG00000092203,93,112
ENSG00000103549,93,113
ENSG00000109536,93,114
ENSG00000166987,93,115
ENSG00000203880,93,116
ENSG00000141452,93,117
ENSG00000102531,93,118
ENSG00000068724,93,119
ENSG00000160310,93,120
ENSG00000008256,93,121
ENSG00000103510,93,122
ENSG00000186566,93,123
ENSG00000101460,93,124
ENSG00000174446,93,125
ENSG00000188811,93,126
ENSG00000118046,93,127
ENSG00000168259,93,128
ENSG00000001629,93,129
ENSG00000122390,93,130
ENSG00000214941,93,131
ENSG00000063854,93,132
ENSG00000143740,93,133
ENSG00000139266,93,134
ENSG00000205903,93,135
ENSG00000126947,93,136
ENSG00000197608,93,137
ENSG00000179364,93,138
ENSG00000244734,93,139
ENSG00000198429,93,140
ENSG00000274211,93,141
ENSG00000166974,93,142
ENSG00000156006,93,143
ENSG00000254827,93,144
ENSG00000205659,93,145
ENSG00000108590,93,146
ENSG00000009790,93,147
ENSG00000198157,93,148
ENSG00000100665,93,149
ENSG00000196859,93,150
ENSG00000103241,93,151
ENSG00000184210,93,152
ENSG00000182362,93,153
ENSG00000241595,93,154
ENSG00000106804,93,155
ENSG00000105501,93,156
ENSG00000181666,93,157
ENSG00000168484,93,158
ENSG00000174428,93,159
ENSG00000175544,93,160
ENSG00000166086,93,161
ENSG00000173200,93,162
ENSG00000160326,93,163
ENSG00000214943,93,164
ENSG00000005249,93,165
ENSG00000131711,93,166
ENSG00000266302,93,167
ENSG00000164172,93,168
ENSG00000168004,93,169
ENSG00000141040,93,170
ENSG00000157388,93,171
ENSG00000214029,93,172
ENSG00000182612,93,173
ENSG00000172497,93,174
ENSG00000061987,93,175
ENSG00000169758,93,176
ENSG00000221989,93,177
ENSG00000139160,93,178
ENSG00000165730,93,179
ENSG00000204246,93,180
ENSG00000187527,93,181
ENSG00000177693,93,182
ENSG00000180543,93,183
ENSG00000180509,93,184
ENSG00000125954,93,185
ENSG00000141376,93,186
ENSG00000198185,93,187
ENSG00000250021,93,188
ENSG00000128383,93,189
ENSG00000168158,93,190
ENSG00000034053,93,191
ENSG00000242265,93,192
ENSG00000219073,93,193
ENSG00000214860,93,194
ENSG00000121053,93,195
ENSG00000140987,93,196
ENSG00000258315,93,197
ENSG00000198062,93,198
ENSG00000185010,93,199
ENSG00000187796,93,200
ENSG00000188916,93,201
ENSG00000187867,93,202
ENSG00000204572,93,203
ENSG00000172006,93,204
ENSG00000141933,93,205
ENSG00000170929,93,206
ENSG00000180245,93,207
ENSG00000105696,93,208
ENSG00000108309,93,209
ENSG00000104435,93,210
ENSG00000105647,93,211
ENSG00000169427,93,212
ENSG00000227140,93,213
ENSG00000132330,93,214
ENSG00000100167,93,215
ENSG00000213297,93,216
ENSG00000100399,93,217
ENSG00000175018,93,218
ENSG00000178828,93,219
ENSG00000165462,93,220
ENSG00000226650,93,221
ENSG00000182533,93,222
ENSG00000239590,93,223
ENSG00000187066,93,224
ENSG00000179774,93,225
ENSG00000179751,93,226
ENSG00000230510,93,227
ENSG00000172771,93,228
ENSG00000204913,93,229
ENSG00000230301,93,230
ENSG00000176040,93,231
ENSG00000183396,93,232
ENSG00000258830,93,233
ENSG00000166793,93,234
ENSG00000260001,93,235
ENSG00000176076,93,236
ENSG00000164900,93,237
ENSG00000256892,93,238
ENSG00000182327,93,239
ENSG00000187871,93,240
ENSG00000170456,93,241
ENSG00000134571,93,242
ENSG00000150672,93,243
ENSG00000091482,93,244
ENSG00000197616,93,245
ENSG00000270249,93,246
ENSG00000118434,93,247
ENSG00000142408,93,248
ENSG00000165379,93,249
ENSG00000149571,93,250
ENSG00000276490,93,251
ENSG00000131059,93,252
ENSG00000153976,93,253
ENSG00000170442,93,254
ENSG00000102468,93,255
ENSG00000132958,93,256
23808,94,1
23809,94,2
23810,94,3
23811,94,4
23812,94,5
23813,94,6
23814,94,7
23815,94,8
23816,94,9
23817,94,10
23818,94,11
23819,94,12
23820,94,13
23821,94,14
23822,94,15
23823,94,16
23824,94,17
23825,94,18
23826,94,19
23827,94,20
23828,94,21
23829,94,22
23830,94,23
23831,94,24
23832,94,25
23833,94,26
23834,94,27
23835,94,28
23836,94,29
23837,94,30
23838,94,31
23839,94,32
23840,94,33
23841,94,34
23842,94,35
23843,94,36
23844,94,37
23845,94,38
23846,94,39
23847,94,40
23848,94,41
23849,94,42
23850,94,43
23851,94,44
23852,94,45
23853,94,46
23854,94,47
23855,94,48
23856,94,49
23857,94,50
23858,94,51
23859,94,52
23860,94,53
23861,94,54
23862,94,55
ENSG00000147604,94,56
ENSG00000145741,94,57
ENSG00000169100,94,58
ENSG00000171858,94,59
ENSG00000065978,94,60
ENSG00000067560,94,61
ENSG00000111669,94,62
ENSG00000080824,94,63
ENSG00000176340,94,64
23872,94,65
23873,94,66
23874,94,67
23875,94,68
23876,94,69
23877,94,70
23878,94,71
23879,94,72
23880,94,73
23881,94,74
ENSG00000087460,94,75
ENSG00000127184,94,76
ENSG00000126267,94,77
ENSG00000099795,94,78
ENSG00000142168,94,79
ENSG00000142192,94,80
23888,94,81
23889,94,82
23890,94,83
23891,94,84
23892,94,85
23893,94,86
23894,94,87
23895,94,88
23896,94,89
23897,94,90
23898,94,91
23899,94,92
23900,94,93
23901,94,94
ENSG00000105402,94,95
ENSG00000133026,94,96
ENSG00000100258,94,97
ENSG00000125656,94,98
ENSG00000102978,94,99
ENSG00000185432,94,100
ENSG00000103202,94,101
ENSG00000100442,94,102
ENSG00000203879,94,103
ENSG00000167552,94,104
ENSG00000101199,94,105
ENSG00000140391,94,106
ENSG00000175602,94,107
ENSG00000141349,94,108
ENSG00000116161,94,109
ENSG00000102401,94,110
ENSG00000141456,94,111
ENSG00000160294,94,112
ENSG00000149532,94,113
ENSG00000185909,94,114
ENSG00000134884,94,115
ENSG00000164609,94,116
ENSG00000122299,94,117
ENSG00000122386,94,118
ENSG00000106290,94,119
ENSG00000183735,94,120
ENSG00000186111,94,121
ENSG00000111011,94,122
ENSG00000163161,94,123
ENSG00000011566,94,124
ENSG00000135473,94,125
ENSG00000140848,94,126
ENSG00000087266,94,127
ENSG00000133997,94,128
ENSG00000186716,94,129
ENSG00000113593,94,130
ENSG00000111271,94,131
ENSG00000120008,94,132
ENSG00000055609,94,133
ENSG00000184863,94,134
ENSG00000181444,94,135
ENSG00000011132,94,136
ENSG00000019995,94,137
ENSG00000177465,94,138
ENSG00000170175,94,139
ENSG00000179148,94,140
ENSG00000145908,94,141
ENSG00000124593,94,142
ENSG00000188868,94,143
ENSG00000111696,94,144
ENSG00000260643,94,145
ENSG00000181085,94,146
ENSG00000197044,94,147
ENSG00000105426,94,148
ENSG00000168032,94,149
ENSG00000135622,94,150
ENSG00000183807,94,151
ENSG00000111490,94,152
ENSG00000139209,94,153
ENSG00000009830,94,154
ENSG00000115468,94,155
ENSG00000185940,94,156
ENSG00000069431,94,157
ENSG00000175857,94,158
ENSG00000186106,94,159
ENSG00000255151,94,160
ENSG00000103657,94,161
ENSG00000150201,94,162
ENSG00000164756,94,163
ENSG00000170549,94,164
ENSG00000163825,94,165
ENSG00000186652,94,166
ENSG00000173040,94,167
ENSG00000269891,94,168
ENSG00000155530,94,169
ENSG00000164651,94,170
ENSG00000160223,94,171
ENSG00000261915,94,172
ENSG00000099256,94,173
ENSG00000183032,94,174
ENSG00000169760,94,175
ENSG00000117262,94,176
ENSG00000242019,94,177
ENSG00000158486,94,178
ENSG00000184343,94,179
ENSG00000166960,94,180
ENSG00000197971,94,181
ENSG00000047617,94,182
ENSG00000166348,94,183
ENSG00000125531,94,184
ENSG00000140993,94,185
ENSG00000159082,94,186
ENSG00000140932,94,187
ENSG00000109771,94,188
ENSG00000213145,94,189
ENSG00000063761,94,190
ENSG00000132517,94,191
ENSG00000103227,94,192
ENSG00000256222,94,193
ENSG00000206140,94,194
ENSG00000153446,94,195
ENSG00000204422,94,196
ENSG00000185610,94,197
ENSG00000135577,94,198
ENSG00000185875,94,199
ENSG00000100121,94,200
ENSG00000170743,94,201
ENSG00000203989,94,202
ENSG00000204071,94,203
ENSG00000204381,94,204
ENSG00000075290,94,205
ENSG00000250644,94,206
ENSG00000107105,94,207
ENSG00000171951,94,208
ENSG00000168280,94,209
ENSG00000172020,94,210
ENSG00000259371,94,211
ENSG00000183496,94,212
ENSG00000130997,94,213
ENSG00000089169,94,214
ENSG00000060709,94,215
ENSG00000101280,94,216
ENSG00000165443,94,217
ENSG00000036565,94,218
ENSG00000183379,94,219
ENSG00000213658,94,220
ENSG00000205089,94,221
ENSG00000140675,94,222
ENSG00000176540,94,223
ENSG00000145949,94,224
ENSG00000148513,94,225
ENSG00000113263,94,226
ENSG00000006071,94,227
ENSG00000150361,94,228
ENSG00000177807,94,229
ENSG00000129682,94,230
ENSG00000131264,94,231
ENSG00000185920,94,232
ENSG00000187372,94,233
ENSG00000182968,94,234
ENSG00000163424,94,235
ENSG00000125816,94,236
ENSG00000181072,94,237
ENSG00000105467,94,238
ENSG00000278662,94,239
ENSG00000178795,94,240
ENSG00000182333,94,241
ENSG00000262543,94,242
ENSG00000112706,94,243
ENSG00000269720,94,244
ENSG00000163114,94,245
ENSG00000182111,94,246
ENSG00000165923,94,247
ENSG00000185046,94,248
ENSG00000137090,94,249
ENSG00000230054,94,250
ENSG00000234469,94,251
ENSG00000225180,94,252
ENSG00000197134,94,253
ENSG00000268465,94,254
ENSG00000185681,94,255
ENSG00000179284,94,256
24064,95,1
24065,95,2
24066,95,3
24067,95,4
24068,95,5
24069,95,6
24070,95,7
24071,95,8
24072,95,9
24073,95,10
24074,95,11
24075,95,12
24076,95,13
24077,95,14
24078,95,15
24079,95,16
24080,95,17
24081,95,18
24082,95,19
24083,95,20
24084,95,21
24085,95,22
24086,95,23
24087,95,24
24088,95,25
24089,95,26
24090,95,27
24091,95,28
24092,95,29
24093,95,30
24094,95,31
24095,95,32
24096,95,33
24097,95,34
24098,95,35
24099,95,36
24100,95,37
24101,95,38
24102,95,39
24103,95,40
24104,95,41
24105,95,42
24106,95,43
24107,95,44
24108,95,45
24109,95,46
24110,95,47
ENSG00000204592,95,48
ENSG00000117984,95,49
24113,95,50
24114,95,51
24115,95,52
24116,95,53
24117,95,54
24118,95,55
24119,95,56
ENSG00000130255,95,57
ENSG00000089009,95,58
ENSG00000187514,95,59
ENSG00000182899,95,60
ENSG00000117450,95,61
ENSG00000100097,95,62
ENSG00000125534,95,63
24127,95,64
24128,95,65
24129,95,66
24130,95,67
24131,95,68
ENSG00000143878,95,69
24133,95,70
24134,95,71
24135,95,72
24136,95,73
24137,95,74
ENSG00000103363,95,75
24139,95,76
ENSG00000125868,95,77
ENSG00000178719,95,78
24142,95,79
24143,95,80
24144,95,81
24145,95,82
24146,95,83
24147,95,84
24148,95,85
24149,95,86
24150,95,87
24151,95,88
24152,95,89
ENSG00000100650,95,90
24154,95,91
24155,95,92
24156,95,93
24157,95,94
24158,95,95
ENSG00000025770,95,96
ENSG00000171222,95,97
ENSG00000139835,95,98
ENSG00000170296,95,99
ENSG00000141741,95,100
ENSG00000065154,95,101
ENSG00000108468,95,102
ENSG00000156467,95,103
ENSG00000100387,95,104
ENSG00000136807,95,105
ENSG00000198663,95,106
ENSG00000163930,95,107
ENSG00000087274,95,108
ENSG00000108861,95,109
ENSG00000140829,95,110
ENSG00000109445,95,111
ENSG00000108406,95,112
ENSG00000187051,95,113
ENSG00000109572,95,114
ENSG00000104412,95,115
ENSG00000166171,95,116
ENSG00000135723,95,117
ENSG00000015676,95,118
ENSG00000163257,95,119
ENSG00000011295,95,120
ENSG00000240682,95,121
ENSG00000104164,95,122
ENSG00000169398,95,123
ENSG00000198612,95,124
ENSG00000189319,95,125
ENSG00000174059,95,126
ENSG00000163001,95,127
ENSG00000006652,95,128
ENSG00000179776,95,129
ENSG00000134905,95,130
ENSG00000186187,95,131
ENSG00000138709,95,132
ENSG00000076770,95,133
ENSG00000174125,95,134
ENSG00000154359,95,135
ENSG00000244405,95,136
ENSG00000196700,95,137
ENSG00000181638,95,138
ENSG00000184227,95,139
ENSG00000166704,95,140
ENSG00000276234,95,141
ENSG00000168806,95,142
ENSG00000179454,95,143
ENSG00000205078,95,144
ENSG00000165124,95,145
ENSG00000091138,95,146
ENSG00000129048,95,147
ENSG00000062370,95,148
ENSG00000225830,95,149
ENSG00000117115,95,150
ENSG00000050730,95,151
ENSG00000185838,95,152
ENSG00000187116,95,153
ENSG00000152465,95,154
ENSG00000229415,95,155
ENSG00000003137,95,156
ENSG00000134982,95,157
ENSG00000124882,95,158
ENSG00000100416,95,159
ENSG00000136478,95,160
ENSG00000169946,95,161
ENSG00000134061,95,162
ENSG00000249884,95,163
ENSG00000109705,95,164
ENSG00000169684,95,165
ENSG00000164989,95,166
ENSG00000204033,95,167
ENSG00000156218,95,168
ENSG00000170113,95,169
ENSG00000019144,95,170
ENSG00000117009,95,171
ENSG00000167380,95,172
ENSG00000053702,95,173
ENSG00000147601,95,174
ENSG00000063169,95,175
ENSG00000188581,95,176
ENSG00000215343,95,177
ENSG00000176695,95,178
ENSG00000136867,95,179
ENSG00000159648,95,180
ENSG00000188897,95,181
ENSG00000081059,95,182
ENSG00000088854,95,183
ENSG00000147206,95,184
ENSG00000275489,95,185
ENSG00000226685,95,186
ENSG00000104093,95,187
ENSG00000177943,95,188
ENSG00000135914,95,189
ENSG00000106927,95,190
ENSG00000139725,95,191
ENSG00000100249,95,192
ENSG00000170891,95,193
ENSG00000179520,95,194
ENSG00000139151,95,195
ENSG00000141252,95,196
ENSG00000172689,95,197
ENSG00000213096,95,198
ENSG00000152207,95,199
ENSG00000164506,95,200
ENSG00000146374,95,201
ENSG00000152086,95,202
ENSG00000188171,95,203
ENSG00000150394,95,204
ENSG00000157985,95,205
ENSG00000205476,95,206
ENSG00000107447,95,207
ENSG00000135472,95,208
ENSG00000155980,95,209
ENSG00000186868,95,210
ENSG00000239282,95,211
ENSG00000186479,95,212
ENSG00000255374,95,213
ENSG00000131398,95,214
ENSG00000237524,95,215
ENSG00000123570,95,216
ENSG00000181433,95,217
ENSG00000188729,95,218
ENSG00000133328,95,219
ENSG00000145794,95,220
ENSG00000137080,95,221
ENSG00000188958,95,222
ENSG00000187135,95,223
ENSG00000255251,95,224
ENSG00000166947,95,225
ENSG00000196338,95,226
ENSG00000105278,95,227
ENSG00000254585,95,228
ENSG00000174672,95,229
ENSG00000140600,95,230
ENSG00000157315,95,231
ENSG00000255221,95,232
ENSG00000186897,95,233
ENSG00000187860,95,234
ENSG00000176208,95,235
ENSG00000186599,95,236
ENSG00000182557,95,237
ENSG00000147614,95,238
ENSG00000135097,95,239
ENSG00000149651,95,240
ENSG00000101542,95,241
ENSG00000134007,95,242
ENSG00000120903,95,243
ENSG00000124103,95,244
ENSG00000261587,95,245
ENSG00000166800,95,246
ENSG00000198393,95,247
ENSG00000275954,95,248
ENSG00000165023,95,249
ENSG00000179869,95,250
ENSG00000159263,95,251
ENSG00000149654,95,252
ENSG00000256374,95,253
ENSG00000182315,95,254
ENSG00000204950,95,255
ENSG00000151846,95,256
24320,96,1
24321,96,2
24322,96,3
24323,96,4
24324,96,5
24325,96,6
24326,96,7
24327,96,8
24328,96,9
24329,96,10
24330,96,11
24331,96,12
24332,96,13
24333,96,14
24334,96,15
24335,96,16
24336,96,17
24337,96,18
24338,96,19
24339,96,20
24340,96,21
24341,96,22
24342,96,23
24343,96,24
24344,96,25
24345,96,26
24346,96,27
24347,96,28
24348,96,29
24349,96,30
24350,96,31
24351,96,32
24352,96,33
24353,96,34
24354,96,35
24355,96,36
24356,96,37
24357,96,38
24358,96,39
24359,96,40
ENSG00000206503,96,41
ENSG00000142089,96,42
ENSG00000133112,96,43
ENSG00000142937,96,44
ENSG00000106211,96,45
24365,96,46
24366,96,47
24367,96,48
24368,96,49
24369,96,50
24370,96,51
24371,96,52
24372,96,53
24373,96,54
24374,96,55
ENSG00000197958,96,56
ENSG00000161970,96,57
ENSG00000063177,96,58
ENSG00000114942,96,59
ENSG00000106153,96,60
ENSG00000168653,96,61
ENSG00000173812,96,62
ENSG00000170315,96,63
24383,96,64
24384,96,65
24385,96,66
24386,96,67
24387,96,68
24388,96,69
24389,96,70
24390,96,71
24391,96,72
24392,96,73
24393,96,74
24394,96,75
24395,96,76
24396,96,77
24397,96,78
ENSG00000135940,96,79
ENSG00000111716,96,80
ENSG00000110651,96,81
ENSG00000085063,96,82
ENSG00000123349,96,83
24403,96,84
24404,96,85
24405,96,86
24406,96,87
ENSG00000211445,96,88
ENSG00000148180,96,89
ENSG00000167978,96,90
24410,96,91
24411,96,92
24412,96,93
24413,96,94
ENSG00000185122,96,95
ENSG00000100836,96,96
ENSG00000172500,96,97
ENSG00000243678,96,98
ENSG00000123143,96,99
ENSG00000100664,96,100
ENSG00000100401,96,101
ENSG00000155959,96,102
ENSG00000075618,96,103
ENSG00000128463,96,104
ENSG00000034713,96,105
ENSG00000197006,96,106
ENSG00000078902,96,107
ENSG00000137038,96,108
ENSG00000197562,96,109
ENSG00000134453,96,110
ENSG00000148218,96,111
ENSG00000167772,96,112
ENSG00000148400,96,113
ENSG00000140365,96,114
ENSG00000189058,96,115
ENSG00000179094,96,116
ENSG00000107021,96,117
ENSG00000151445,96,118
ENSG00000110911,96,119
ENSG00000120688,96,120
ENSG00000109065,96,121
ENSG00000243279,96,122
ENSG00000165801,96,123
ENSG00000165819,96,124
ENSG00000157869,96,125
ENSG00000011454,96,126
ENSG00000110697,96,127
ENSG00000100865,96,128
ENSG00000176248,96,129
ENSG00000163611,96,130
ENSG00000072201,96,131
ENSG00000134398,96,132
ENSG00000106344,96,133
ENSG00000165288,96,134
ENSG00000197483,96,135
ENSG00000132514,96,136
ENSG00000213694,96,137
ENSG00000175536,96,138
ENSG00000205076,96,139
ENSG00000171843,96,140
ENSG00000144401,96,141
ENSG00000095110,96,142
ENSG00000115616,96,143
ENSG00000146039,96,144
ENSG00000134853,96,145
ENSG00000106031,96,146
ENSG00000170835,96,147
ENSG00000257315,96,148
ENSG00000175329,96,149
ENSG00000178562,96,150
ENSG00000104892,96,151
ENSG00000110777,96,152
ENSG00000085265,96,153
ENSG00000275896,96,154
ENSG00000111291,96,155
ENSG00000104381,96,156
ENSG00000170683,96,157
ENSG00000169344,96,158
ENSG00000198930,96,159
ENSG00000189144,96,160
ENSG00000264006,96,161
ENSG00000174358,96,162
ENSG00000161860,96,163
ENSG00000204390,96,164
ENSG00000270099,96,165
ENSG00000186967,96,166
ENSG00000006047,96,167
ENSG00000077782,96,168
ENSG00000100253,96,169
ENSG00000012124,96,170
ENSG00000005108,96,171
ENSG00000262576,96,172
ENSG00000179600,96,173
ENSG00000153930,96,174
ENSG00000166527,96,175
ENSG00000182752,96,176
ENSG00000169247,96,177
ENSG00000166971,96,178
ENSG00000204671,96,179
ENSG00000198794,96,180
ENSG00000267796,96,181
ENSG00000179630,96,182
ENSG00000181371,96,183
ENSG00000100038,96,184
ENSG00000159261,96,185
ENSG00000263620,96,186
ENSG00000078142,96,187
ENSG00000205856,96,188
ENSG00000126785,96,189
ENSG00000272442,96,190
ENSG00000257108,96,191
ENSG00000186886,96,192
ENSG00000184005,96,193
ENSG00000184986,96,194
ENSG00000273079,96,195
ENSG00000174899,96,196
ENSG00000179615,96,197
ENSG00000005513,96,198
ENSG00000165323,96,199
ENSG00000196946,96,200
ENSG00000149516,96,201
ENSG00000101306,96,202
ENSG00000178301,96,203
ENSG00000184185,96,204
ENSG00000181499,96,205
ENSG00000168566,96,206
ENSG00000184524,96,207
ENSG00000176299,96,208
ENSG00000178947,96,209
ENSG00000162753,96,210
ENSG00000183246,96,211
ENSG00000134917,96,212
ENSG00000240432,96,213
ENSG00000166152,96,214
ENSG00000204979,96,215
ENSG00000255223,96,216
ENSG00000204179,96,217
ENSG00000260802,96,218
ENSG00000077327,96,219
ENSG00000185250,96,220
ENSG00000102794,96,221
ENSG00000241489,96,222
ENSG00000257355,96,223
ENSG00000165995,96,224
ENSG00000182652,96,225
ENSG00000184226,96,226
ENSG00000275722,96,227
ENSG00000160396,96,228
ENSG00000186297,96,229
ENSG00000106038,96,230
ENSG00000008196,96,231
ENSG00000099617,96,232
ENSG00000161133,96,233
ENSG00000118557,96,234
ENSG00000137473,96,235
ENSG00000171060,96,236
ENSG00000214960,96,237
ENSG00000204701,96,238
ENSG00000273238,96,239
ENSG00000170624,96,240
ENSG00000237247,96,241
ENSG00000204001,96,242
ENSG00000255274,96,243
ENSG00000188334,96,244
ENSG00000081842,96,245
ENSG00000073861,96,246
ENSG00000152578,96,247
ENSG00000204481,96,248
ENSG00000164841,96,249
ENSG00000229937,96,250
ENSG00000181007,96,251
ENSG00000184507,96,252
ENSG00000139971,96,253
ENSG00000241935,96,254
ENSG00000163060,96,255
ENSG00000197416,96,256
24576,97,1
24577,97,2
24578,97,3
24579,97,4
24580,97,5
24581,97,6
24582,97,7
24583,97,8
24584,97,9
24585,97,10
24586,97,11
24587,97,12
24588,97,13
24589,97,14
24590,97,15
24591,97,16
24592,97,17
24593,97,18
24594,97,19
24595,97,20
24596,97,21
24597,97,22
24598,97,23
24599,97,24
24600,97,25
24601,97,26
24602,97,27
24603,97,28
24604,97,29
24605,97,30
24606,97,31
24607,97,32
24608,97,33
24609,97,34
24610,97,35
24611,97,36
24612,97,37
24613,97,38
24614,97,39
24615,97,40
ENSG00000204525,97,41
ENSG00000197956,97,42
ENSG00000142676,97,43
ENSG00000074800,97,44
ENSG00000162244,97,45
24621,97,46
24622,97,47
24623,97,48
24624,97,49
24625,97,50
24626,97,51
24627,97,52
24628,97,53
24629,97,54
24630,97,55
ENSG00000144713,97,56
ENSG00000168028,97,57
ENSG00000083845,97,58
ENSG00000171863,97,59
ENSG00000104904,97,60
ENSG00000138326,97,61
ENSG00000149925,97,62
ENSG00000150991,97,63
24639,97,64
24640,97,65
24641,97,66
24642,97,67
24643,97,68
24644,97,69
24645,97,70
24646,97,71
24647,97,72
24648,97,73
24649,97,74
24650,97,75
24651,97,76
24652,97,77
24653,97,78
ENSG00000131143,97,79
ENSG00000173660,97,80
ENSG00000196683,97,81
ENSG00000156976,97,82
24658,97,83
24659,97,84
24660,97,85
24661,97,86
24662,97,87
ENSG00000104852,97,88
ENSG00000100201,97,89
ENSG00000105373,97,90
24666,97,91
24667,97,92
24668,97,93
24669,97,94
ENSG00000147654,97,95
ENSG00000100997,97,96
ENSG00000104960,97,97
ENSG00000078070,97,98
ENSG00000008952,97,99
ENSG00000150316,97,100
ENSG00000183648,97,101
ENSG00000151366,97,102
ENSG00000198961,97,103
ENSG00000108262,97,104
ENSG00000165802,97,105
ENSG00000237441,97,106
ENSG00000141002,97,107
ENSG00000138495,97,108
ENSG00000109519,97,109
ENSG00000099821,97,110
ENSG00000178927,97,111
ENSG00000107829,97,112
ENSG00000133961,97,113
ENSG00000039523,97,114
ENSG00000181555,97,115
ENSG00000177728,97,116
ENSG00000129245,97,117
ENSG00000102409,97,118
ENSG00000113580,97,119
ENSG00000111666,97,120
ENSG00000137221,97,121
ENSG00000155304,97,122
ENSG00000100485,97,123
ENSG00000138175,97,124
ENSG00000078403,97,125
ENSG00000108433,97,126
ENSG00000025156,97,127
ENSG00000204852,97,128
ENSG00000164187,97,129
ENSG00000125247,97,130
ENSG00000174206,97,131
ENSG00000101190,97,132
ENSG00000147862,97,133
ENSG00000112902,97,134
ENSG00000184205,97,135
ENSG00000087299,97,136
ENSG00000109101,97,137
ENSG00000176148,97,138
ENSG00000112031,97,139
ENSG00000186532,97,140
ENSG00000181374,97,141
ENSG00000166167,97,142
ENSG00000164296,97,143
ENSG00000134460,97,144
ENSG00000134824,97,145
ENSG00000198346,97,146
ENSG00000184110,97,147
ENSG00000026036,97,148
ENSG00000100867,97,149
ENSG00000132840,97,150
ENSG00000272602,97,151
ENSG00000104936,97,152
ENSG00000181982,97,153
ENSG00000134539,97,154
ENSG00000255823,97,155
ENSG00000166396,97,156
ENSG00000180354,97,157
ENSG00000166313,97,158
ENSG00000180432,97,159
ENSG00000168631,97,160
ENSG00000186051,97,161
ENSG00000174943,97,162
ENSG00000086717,97,163
ENSG00000205129,97,164
ENSG00000261732,97,165
ENSG00000169129,97,166
ENSG00000198788,97,167
ENSG00000185869,97,168
ENSG00000269476,97,169
ENSG00000112077,97,170
ENSG00000213401,97,171
ENSG00000164707,97,172
ENSG00000010361,97,173
ENSG00000159708,97,174
ENSG00000185055,97,175
ENSG00000188878,97,176
ENSG00000078814,97,177
ENSG00000266953,97,178
ENSG00000266964,97,179
ENSG00000177599,97,180
ENSG00000105649,97,181
ENSG00000243414,97,182
ENSG00000205359,97,183
ENSG00000147885,97,184
ENSG00000111241,97,185
ENSG00000183791,97,186
ENSG00000239521,97,187
ENSG00000167011,97,188
ENSG00000142025,97,189
ENSG00000267360,97,190
ENSG00000141665,97,191
ENSG00000197403,97,192
ENSG00000273611,97,193
ENSG00000259916,97,194
ENSG00000151360,97,195
ENSG00000171561,97,196
ENSG00000006788,97,197
ENSG00000072952,97,198
ENSG00000236637,97,199
ENSG00000127415,97,200
ENSG00000131849,97,201
ENSG00000215009,97,202
ENSG00000135502,97,203
ENSG00000039319,97,204
ENSG00000187857,97,205
ENSG00000120659,97,206
ENSG00000133640,97,207
ENSG00000170893,97,208
ENSG00000122970,97,209
ENSG00000175398,97,210
ENSG00000212122,97,211
ENSG00000213760,97,212
ENSG00000176809,97,213
ENSG00000113578,97,214
ENSG00000177025,97,215
ENSG00000228696,97,216
ENSG00000182508,97,217
ENSG00000092345,97,218
ENSG00000185760,97,219
ENSG00000170950,97,220
ENSG00000150676,97,221
ENSG00000172352,97,222
ENSG00000267173,97,223
ENSG00000007264,97,224
ENSG00000119771,97,225
ENSG00000198336,97,226
ENSG00000179817,97,227
ENSG00000181009,97,228
ENSG00000185736,97,229
ENSG00000187726,97,230
ENSG00000167360,97,231
ENSG00000149646,97,232
ENSG00000153165,97,233
ENSG00000109471,97,234
ENSG00000136457,97,235
ENSG00000221970,97,236
ENSG00000144119,97,237
ENSG00000171777,97,238
ENSG00000164690,97,239
ENSG00000182771,97,240
ENSG00000221852,97,241
ENSG00000188909,97,242
ENSG00000215018,97,243
ENSG00000189186,97,244
ENSG00000146350,97,245
ENSG00000198734,97,246
ENSG00000166111,97,247
ENSG00000173421,97,248
ENSG00000213424,97,249
ENSG00000164122,97,250
ENSG00000224940,97,251
ENSG00000178172,97,252
ENSG00000253117,97,253
ENSG00000179603,97,254
ENSG00000113763,97,255
ENSG00000174914,97,256
24832,98,1
24833,98,2
24834,98,3
24835,98,4
24836,98,5
24837,98,6
24838,98,7
24839,98,8
24840,98,9
24841,98,10
24842,98,11
24843,98,12
24844,98,13
24845,98,14
24846,98,15
24847,98,16
24848,98,17
24849,98,18
24850,98,19
24851,98,20
24852,98,21
24853,98,22
24854,98,23
24855,98,24
24856,98,25
24857,98,26
24858,98,27
24859,98,28
24860,98,29
24861,98,30
24862,98,31
24863,98,32
24864,98,33
24865,98,34
24866,98,35
24867,98,36
24868,98,37
24869,98,38
24870,98,39
24871,98,40
ENSG00000166710,98,41
ENSG00000198034,98,42
ENSG00000234745,98,43
ENSG00000198755,98,44
ENSG00000131469,98,45
24877,98,46
24878,98,47
24879,98,48
24880,98,49
24881,98,50
24882,98,51
24883,98,52
24884,98,53
24885,98,54
24886,98,55
ENSG00000084207,98,56
ENSG00000164587,98,57
ENSG00000109475,98,58
ENSG00000172809,98,59
ENSG00000122026,98,60
ENSG00000233927,98,61
ENSG00000149806,98,62
ENSG00000067225,98,63
ENSG00000169714,98,64
24896,98,65
24897,98,66
24898,98,67
24899,98,68
24900,98,69
24901,98,70
24902,98,71
24903,98,72
24904,98,73
24905,98,74
24906,98,75
24907,98,76
24908,98,77
24909,98,78
ENSG00000169020,98,79
ENSG00000125356,98,80
ENSG00000143933,98,81
ENSG00000104964,98,82
ENSG00000232112,98,83
24915,98,84
24916,98,85
24917,98,86
24918,98,87
24919,98,88
24920,98,89
24921,98,90
24922,98,91
24923,98,92
24924,98,93
24925,98,94
24926,98,95
ENSG00000197265,98,96
ENSG00000102804,98,97
ENSG00000169084,98,98
ENSG00000130638,98,99
ENSG00000197102,98,100
ENSG00000105393,98,101
ENSG00000164548,98,102
ENSG00000196961,98,103
ENSG00000122042,98,104
ENSG00000183576,98,105
ENSG00000160445,98,106
ENSG00000142453,98,107
ENSG00000137133,98,108
ENSG00000100813,98,109
ENSG00000196642,98,110
ENSG00000133983,98,111
ENSG00000145833,98,112
ENSG00000120451,98,113
ENSG00000115286,98,114
ENSG00000182606,98,115
ENSG00000198677,98,116
ENSG00000129657,98,117
ENSG00000109472,98,118
ENSG00000134330,98,119
ENSG00000153310,98,120
ENSG00000129636,98,121
ENSG00000110583,98,122
ENSG00000160867,98,123
ENSG00000132541,98,124
ENSG00000094755,98,125
ENSG00000164068,98,126
ENSG00000275066,98,127
ENSG00000173276,98,128
ENSG00000160993,98,129
ENSG00000151014,98,130
ENSG00000140691,98,131
ENSG00000126822,98,132
ENSG00000120868,98,133
ENSG00000148950,98,134
ENSG00000007306,98,135
ENSG00000186529,98,136
ENSG00000038219,98,137
ENSG00000184719,98,138
ENSG00000155330,98,139
ENSG00000164074,98,140
ENSG00000108963,98,141
ENSG00000155974,98,142
ENSG00000213398,98,143
ENSG00000170482,98,144
ENSG00000112303,98,145
ENSG00000185015,98,146
ENSG00000120616,98,147
ENSG00000184154,98,148
ENSG00000171560,98,149
ENSG00000166333,98,150
ENSG00000175548,98,151
ENSG00000112818,98,152
ENSG00000198948,98,153
ENSG00000162971,98,154
ENSG00000221923,98,155
ENSG00000105894,98,156
ENSG00000204681,98,157
ENSG00000154277,98,158
ENSG00000105270,98,159
ENSG00000071246,98,160
ENSG00000269586,98,161
ENSG00000263155,98,162
ENSG00000258311,98,163
ENSG00000131848,98,164
ENSG00000140403,98,165
ENSG00000113212,98,166
ENSG00000197951,98,167
ENSG00000154645,98,168
ENSG00000205323,98,169
ENSG00000139719,98,170
ENSG00000138722,98,171
ENSG00000111860,98,172
ENSG00000165841,98,173
ENSG00000149346,98,174
ENSG00000242715,98,175
ENSG00000100288,98,176
ENSG00000178342,98,177
ENSG00000133115,98,178
ENSG00000189167,98,179
ENSG00000276289,98,180
ENSG00000176399,98,181
ENSG00000182359,98,182
ENSG00000204161,98,183
ENSG00000169181,98,184
ENSG00000125975,98,185
ENSG00000181016,98,186
ENSG00000197857,98,187
ENSG00000108395,98,188
ENSG00000255855,98,189
ENSG00000187855,98,190
ENSG00000133169,98,191
ENSG00000018625,98,192
ENSG00000168490,98,193
ENSG00000213030,98,194
ENSG00000197658,98,195
ENSG00000172379,98,196
ENSG00000176797,98,197
ENSG00000129535,98,198
ENSG00000272804,98,199
ENSG00000109458,98,200
ENSG00000140557,98,201
ENSG00000169239,98,202
ENSG00000243284,98,203
ENSG00000196663,98,204
ENSG00000180433,98,205
ENSG00000122543,98,206
ENSG00000183690,98,207
ENSG00000236383,98,208
ENSG00000160221,98,209
ENSG00000186930,98,210
ENSG00000187223,98,211
ENSG00000089116,98,212
ENSG00000183570,98,213
ENSG00000237353,98,214
ENSG00000177679,98,215
ENSG00000105499,98,216
ENSG00000167822,98,217
ENSG00000189134,98,218
ENSG00000133101,98,219
ENSG00000015592,98,220
ENSG00000166359,98,221
ENSG00000163705,98,222
ENSG00000155961,98,223
ENSG00000178602,98,224
ENSG00000177558,98,225
ENSG00000028277,98,226
ENSG00000198046,98,227
ENSG00000173698,98,228
ENSG00000188467,98,229
ENSG00000177201,98,230
ENSG00000161082,98,231
ENSG00000181785,98,232
ENSG00000254737,98,233
ENSG00000255526,98,234
ENSG00000243627,98,235
ENSG00000165192,98,236
ENSG00000153086,98,237
ENSG00000175600,98,238
ENSG00000274443,98,239
ENSG00000149305,98,240
ENSG00000196867,98,241
ENSG00000169884,98,242
ENSG00000131126,98,243
ENSG00000205858,98,244
ENSG00000260092,98,245
ENSG00000163206,98,246
ENSG00000169953,98,247
ENSG00000268133,98,248
ENSG00000248167,98,249
ENSG00000172487,98,250
ENSG00000104043,98,251
ENSG00000226792,98,252
ENSG00000215817,98,253
ENSG00000196376,98,254
ENSG00000233932,98,255
ENSG00000249209,98,256
25088,99,1
25089,99,2
25090,99,3
25091,99,4
25092,99,5
25093,99,6
25094,99,7
25095,99,8
25096,99,9
25097,99,10
25098,99,11
25099,99,12
25100,99,13
25101,99,14
25102,99,15
25103,99,16
25104,99,17
25105,99,18
25106,99,19
25107,99,20
25108,99,21
25109,99,22
25110,99,23
25111,99,24
25112,99,25
25113,99,26
25114,99,27
25115,99,28
25116,99,29
25117,99,30
25118,99,31
25119,99,32
25120,99,33
25121,99,34
25122,99,35
25123,99,36
25124,99,37
25125,99,38
25126,99,39
25127,99,40
25128,99,41
25129,99,42
25130,99,43
25131,99,44
25132,99,45
25133,99,46
25134,99,47
25135,99,48
25136,99,49
25137,99,50
25138,99,51
25139,99,52
25140,99,53
25141,99,54
25142,99,55
ENSG00000115268,99,56
ENSG00000124614,99,57
25145,99,58
ENSG00000167526,99,59
ENSG00000172270,99,60
25148,99,61
25149,99,62
ENSG00000110955,99,63
ENSG00000089220,99,64
25152,99,65
25153,99,66
25154,99,67
25155,99,68
25156,99,69
25157,99,70
25158,99,71
25159,99,72
25160,99,73
25161,99,74
25162,99,75
25163,99,76
25164,99,77
25165,99,78
ENSG00000167815,99,79
ENSG00000101439,99,80
ENSG00000162734,99,81
ENSG00000111775,99,82
25170,99,83
25171,99,84
25172,99,85
25173,99,86
25174,99,87
25175,99,88
25176,99,89
25177,99,90
25178,99,91
25179,99,92
25180,99,93
25181,99,94
25182,99,95
ENSG00000118900,99,96
ENSG00000140941,99,97
ENSG00000137100,99,98
ENSG00000122741,99,99
ENSG00000175390,99,100
ENSG00000167657,99,101
ENSG00000090863,99,102
ENSG00000128989,99,103
ENSG00000063241,99,104
ENSG00000100897,99,105
ENSG00000250317,99,106
ENSG00000169221,99,107
ENSG00000008838,99,108
ENSG00000147162,99,109
ENSG00000165487,99,110
ENSG00000149499,99,111
ENSG00000090238,99,112
ENSG00000060971,99,113
ENSG00000107819,99,114
ENSG00000168522,99,115
ENSG00000056586,99,116
ENSG00000163216,99,117
ENSG00000239789,99,118
ENSG00000119537,99,119
ENSG00000178188,99,120
ENSG00000137817,99,121
ENSG00000120314,99,122
ENSG00000197183,99,123
ENSG00000051341,99,124
ENSG00000198791,99,125
ENSG00000140153,99,126
ENSG00000121898,99,127
ENSG00000185291,99,128
ENSG00000078124,99,129
ENSG00000198169,99,130
ENSG00000182831,99,131
ENSG00000170365,99,132
ENSG00000188293,99,133
ENSG00000185873,99,134
ENSG00000106246,99,135
ENSG00000133424,99,136
ENSG00000106460,99,137
ENSG00000022556,99,138
ENSG00000151498,99,139
ENSG00000100764,99,140
ENSG00000168438,99,141
ENSG00000105889,99,142
ENSG00000173638,99,143
ENSG00000064201,99,144
ENSG00000048740,99,145
ENSG00000167705,99,146
ENSG00000163600,99,147
ENSG00000197208,99,148
ENSG00000267314,99,149
ENSG00000132329,99,150
ENSG00000132522,99,151
ENSG00000269743,99,152
ENSG00000168703,99,153
ENSG00000075673,99,154
ENSG00000164327,99,155
ENSG00000136925,99,156
ENSG00000156298,99,157
ENSG00000168309,99,158
ENSG00000137726,99,159
ENSG00000136630,99,160
ENSG00000161640,99,161
ENSG00000268104,99,162
ENSG00000170379,99,163
ENSG00000163515,99,164
ENSG00000100413,99,165
ENSG00000116213,99,166
ENSG00000130052,99,167
ENSG00000172738,99,168
ENSG00000267110,99,169
ENSG00000213020,99,170
ENSG00000163913,99,171
ENSG00000134262,99,172
ENSG00000163534,99,173
ENSG00000175325,99,174
ENSG00000274618,99,175
ENSG00000130956,99,176
ENSG00000128594,99,177
ENSG00000223547,99,178
ENSG00000204007,99,179
ENSG00000106018,99,180
ENSG00000174937,99,181
ENSG00000142065,99,182
ENSG00000124205,99,183
ENSG00000169635,99,184
ENSG00000187105,99,185
ENSG00000176927,99,186
ENSG00000172459,99,187
ENSG00000151376,99,188
ENSG00000184408,99,189
ENSG00000071243,99,190
ENSG00000166159,99,191
ENSG00000184905,99,192
ENSG00000166046,99,193
ENSG00000158874,99,194
ENSG00000177363,99,195
ENSG00000105146,99,196
ENSG00000157502,99,197
ENSG00000226288,99,198
ENSG00000188056,99,199
ENSG00000105954,99,200
ENSG00000240053,99,201
ENSG00000110203,99,202
ENSG00000278870,99,203
ENSG00000205445,99,204
ENSG00000174016,99,205
ENSG00000142539,99,206
ENSG00000111305,99,207
ENSG00000196437,99,208
ENSG00000139970,99,209
ENSG00000163638,99,210
ENSG00000160683,99,211
ENSG00000171435,99,212
ENSG00000099625,99,213
ENSG00000145335,99,214
ENSG00000147606,99,215
ENSG00000167858,99,216
ENSG00000104972,99,217
ENSG00000260097,99,218
ENSG00000107736,99,219
ENSG00000268916,99,220
ENSG00000254536,99,221
ENSG00000214360,99,222
ENSG00000184194,99,223
ENSG00000122787,99,224
ENSG00000187554,99,225
ENSG00000105549,99,226
ENSG00000259288,99,227
ENSG00000122824,99,228
ENSG00000214042,99,229
ENSG00000118491,99,230
ENSG00000277399,99,231
ENSG00000125903,99,232
ENSG00000118322,99,233
ENSG00000186153,99,234
ENSG00000188120,99,235
ENSG00000137821,99,236
ENSG00000108342,99,237
ENSG00000204683,99,238
ENSG00000196935,99,239
ENSG00000178226,99,240
ENSG00000147082,99,241
ENSG00000006747,99,242
ENSG00000186049,99,243
ENSG00000176239,99,244
ENSG00000127311,99,245
ENSG00000180998,99,246
ENSG00000205108,99,247
ENSG00000118276,99,248
ENSG00000183092,99,249
ENSG00000172938,99,250
ENSG00000256870,99,251
ENSG00000123171,99,252
ENSG00000197428,99,253
ENSG00000154975,99,254
ENSG00000140538,99,255
ENSG00000129991,99,256
25344,100,1
25345,100,2
25346,100,3
25347,100,4
25348,100,5
25349,100,6
25350,100,7
25351,100,8
25352,100,9
25353,100,10
25354,100,11
25355,100,12
25356,100,13
25357,100,14
25358,100,15
25359,100,16
25360,100,17
25361,100,18
25362,100,19
25363,100,20
25364,100,21
25365,100,22
25366,100,23
25367,100,24
25368,100,25
25369,100,26
25370,100,27
25371,100,28
25372,100,29
25373,100,30
25374,100,31
25375,100,32
25376,100,33
25377,100,34
25378,100,35
25379,100,36
25380,100,37
25381,100,38
25382,100,39
25383,100,40
25384,100,41
25385,100,42
25386,100,43
25387,100,44
25388,100,45
25389,100,46
25390,100,47
25391,100,48
25392,100,49
25393,100,50
25394,100,51
25395,100,52
25396,100,53
25397,100,54
25398,100,55
25399,100,56
25400,100,57
25401,100,58
25402,100,59
25403,100,60
25404,100,61
25405,100,62
25406,100,63
25407,100,64
25408,100,65
25409,100,66
25410,100,67
25411,100,68
25412,100,69
25413,100,70
25414,100,71
25415,100,72
25416,100,73
25417,100,74
25418,100,75
25419,100,76
25420,100,77
25421,100,78
ENSG00000198258,100,79
ENSG00000166681,100,80
ENSG00000134590,100,81
ENSG00000105701,100,82
ENSG00000072778,100,83
25427,100,84
25428,100,85
25429,100,86
25430,100,87
25431,100,88
25432,100,89
25433,100,90
25434,100,91
25435,100,92
25436,100,93
25437,100,94
25438,100,95
ENSG00000107566,100,96
ENSG00000006125,100,97
ENSG00000196510,100,98
ENSG00000108819,100,99
ENSG00000105254,100,100
ENSG00000197694,100,101
ENSG00000100225,100,102
ENSG00000177879,100,103
ENSG00000024862,100,104
ENSG00000163714,100,105
ENSG00000184164,100,106
ENSG00000070610,100,107
ENSG00000100347,100,108
ENSG00000172889,100,109
ENSG00000155097,100,110
ENSG00000186918,100,111
ENSG00000198624,100,112
ENSG00000140395,100,113
ENSG00000101654,100,114
ENSG00000119929,100,115
ENSG00000116001,100,116
ENSG00000119321,100,117
ENSG00000163798,100,118
ENSG00000118007,100,119
ENSG00000152422,100,120
ENSG00000179886,100,121
ENSG00000075089,100,122
ENSG00000147099,100,123
ENSG00000169951,100,124
ENSG00000136122,100,125
ENSG00000115568,100,126
ENSG00000155729,100,127
ENSG00000185808,100,128
ENSG00000151090,100,129
ENSG00000132846,100,130
ENSG00000112200,100,131
ENSG00000164520,100,132
ENSG00000198546,100,133
ENSG00000102962,100,134
ENSG00000154930,100,135
ENSG00000181634,100,136
ENSG00000170099,100,137
ENSG00000128591,100,138
ENSG00000105617,100,139
ENSG00000012983,100,140
ENSG00000198821,100,141
ENSG00000143995,100,142
ENSG00000079337,100,143
ENSG00000259171,100,144
ENSG00000215252,100,145
ENSG00000100150,100,146
ENSG00000136717,100,147
ENSG00000137558,100,148
ENSG00000198090,100,149
ENSG00000273703,100,150
ENSG00000064489,100,151
ENSG00000090061,100,152
ENSG00000225526,100,153
ENSG00000281039,100,154
ENSG00000167346,100,155
ENSG00000133134,100,156
ENSG00000063180,100,157
ENSG00000166394,100,158
ENSG00000178217,100,159
ENSG00000114204,100,160
ENSG00000203805,100,161
ENSG00000141434,100,162
ENSG00000159496,100,163
ENSG00000274349,100,164
ENSG00000170092,100,165
ENSG00000015475,100,166
ENSG00000187546,100,167
ENSG00000171505,100,168
ENSG00000257335,100,169
ENSG00000197863,100,170
ENSG00000221859,100,171
ENSG00000093167,100,172
ENSG00000204316,100,173
ENSG00000205212,100,174
ENSG00000141622,100,175
ENSG00000203795,100,176
ENSG00000205029,100,177
ENSG00000135747,100,178
ENSG00000101745,100,179
ENSG00000185303,100,180
ENSG00000204478,100,181
ENSG00000115592,100,182
ENSG00000198768,100,183
ENSG00000251258,100,184
ENSG00000184545,100,185
ENSG00000124227,100,186
ENSG00000187556,100,187
ENSG00000196689,100,188
ENSG00000163380,100,189
ENSG00000048462,100,190
ENSG00000164535,100,191
ENSG00000059915,100,192
ENSG00000128408,100,193
ENSG00000265817,100,194
ENSG00000100314,100,195
ENSG00000183067,100,196
ENSG00000172209,100,197
ENSG00000173237,100,198
ENSG00000168676,100,199
ENSG00000132207,100,200
ENSG00000157851,100,201
ENSG00000127529,100,202
ENSG00000206127,100,203
ENSG00000172150,100,204
ENSG00000240654,100,205
ENSG00000165204,100,206
ENSG00000150625,100,207
ENSG00000204700,100,208
ENSG00000197054,100,209
ENSG00000134020,100,210
ENSG00000187398,100,211
ENSG00000171954,100,212
ENSG00000263809,100,213
ENSG00000147180,100,214
ENSG00000138650,100,215
ENSG00000145888,100,216
ENSG00000229549,100,217
ENSG00000184451,100,218
ENSG00000169840,100,219
ENSG00000165434,100,220
ENSG00000198934,100,221
ENSG00000187037,100,222
ENSG00000161973,100,223
ENSG00000184344,100,224
ENSG00000214827,100,225
ENSG00000184033,100,226
ENSG00000170091,100,227
ENSG00000136099,100,228
ENSG00000263464,100,229
ENSG00000224916,100,230
ENSG00000108448,100,231
ENSG00000188386,100,232
ENSG00000274209,100,233
ENSG00000187180,100,234
ENSG00000269405,100,235
ENSG00000165553,100,236
ENSG00000109944,100,237
ENSG00000126950,100,238
ENSG00000169208,100,239
ENSG00000183313,100,240
ENSG00000196099,100,241
ENSG00000185988,100,242
ENSG00000231274,100,243
ENSG00000122585,100,244
ENSG00000110375,100,245
ENSG00000107165,100,246
ENSG00000163273,100,247
ENSG00000122136,100,248
ENSG00000011083,100,249
ENSG00000122852,100,250
ENSG00000197177,100,251
ENSG00000178171,100,252
ENSG00000169789,100,253
ENSG00000187823,100,254
ENSG00000186190,100,255
ENSG00000072657,100,256
25600,101,1
25601,101,2
25602,101,3
25603,101,4
25604,101,5
25605,101,6
25606,101,7
25607,101,8
25608,101,9
25609,101,10
25610,101,11
25611,101,12
25612,101,13
25613,101,14
25614,101,15
25615,101,16
25616,101,17
25617,101,18
25618,101,19
25619,101,20
25620,101,21
25621,101,22
25622,101,23
25623,101,24
25624,101,25
25625,101,26
25626,101,27
25627,101,28
25628,101,29
25629,101,30
25630,101,31
25631,101,32
25632,101,33
25633,101,34
25634,101,35
25635,101,36
25636,101,37
25637,101,38
25638,101,39
25639,101,40
25640,101,41
25641,101,42
25642,101,43
25643,101,44
25644,101,45
25645,101,46
25646,101,47
25647,101,48
25648,101,49
25649,101,50
25650,101,51
25651,101,52
25652,101,53
25653,101,54
25654,101,55
25655,101,56
25656,101,57
25657,101,58
25658,101,59
25659,101,60
25660,101,61
25661,101,62
25662,101,63
25663,101,64
25664,101,65
25665,101,66
25666,101,67
25667,101,68
25668,101,69
25669,101,70
25670,101,71
25671,101,72
25672,101,73
25673,101,74
25674,101,75
25675,101,76
25676,101,77
25677,101,78
25678,101,79
ENSG00000160014,101,80
25680,101,81
25681,101,82
25682,101,83
25683,101,84
25684,101,85
25685,101,86
25686,101,87
25687,101,88
25688,101,89
25689,101,90
25690,101,91
25691,101,92
25692,101,93
25693,101,94
ENSG00000126456,101,95
ENSG00000140632,101,96
ENSG00000172818,101,97
ENSG00000129071,101,98
ENSG00000002919,101,99
ENSG00000213995,101,100
ENSG00000174775,101,101
ENSG00000172775,101,102
ENSG00000123384,101,103
ENSG00000198276,101,104
ENSG00000119950,101,105
ENSG00000173757,101,106
ENSG00000157379,101,107
ENSG00000111911,101,108
ENSG00000126368,101,109
ENSG00000157259,101,110
ENSG00000069509,101,111
ENSG00000068400,101,112
ENSG00000140450,101,113
ENSG00000159200,101,114
ENSG00000156256,101,115
ENSG00000113318,101,116
ENSG00000111196,101,117
ENSG00000204632,101,118
ENSG00000170006,101,119
ENSG00000125319,101,120
ENSG00000118096,101,121
ENSG00000156030,101,122
ENSG00000095574,101,123
ENSG00000170909,101,124
ENSG00000138286,101,125
ENSG00000196712,101,126
ENSG00000186810,101,127
ENSG00000069702,101,128
ENSG00000126773,101,129
ENSG00000105609,101,130
ENSG00000074266,101,131
ENSG00000088876,101,132
ENSG00000139132,101,133
ENSG00000114026,101,134
ENSG00000196155,101,135
ENSG00000112877,101,136
ENSG00000137343,101,137
ENSG00000095203,101,138
ENSG00000160392,101,139
ENSG00000137731,101,140
ENSG00000005156,101,141
ENSG00000170423,101,142
ENSG00000174197,101,143
ENSG00000125967,101,144
ENSG00000188343,101,145
ENSG00000181333,101,146
ENSG00000103174,101,147
ENSG00000139977,101,148
ENSG00000167774,101,149
ENSG00000182040,101,150
ENSG00000140297,101,151
ENSG00000136944,101,152
ENSG00000180061,101,153
ENSG00000150045,101,154
ENSG00000139974,101,155
ENSG00000203727,101,156
ENSG00000155011,101,157
ENSG00000088926,101,158
ENSG00000083838,101,159
ENSG00000110274,101,160
ENSG00000158428,101,161
ENSG00000091137,101,162
ENSG00000147255,101,163
ENSG00000188393,101,164
ENSG00000124467,101,165
ENSG00000102547,101,166
ENSG00000170454,101,167
ENSG00000104866,101,168
ENSG00000155970,101,169
ENSG00000145002,101,170
ENSG00000130054,101,171
ENSG00000173914,101,172
ENSG00000109618,101,173
ENSG00000182732,101,174
ENSG00000110925,101,175
ENSG00000188223,101,176
ENSG00000158683,101,177
ENSG00000170310,101,178
ENSG00000078967,101,179
ENSG00000255359,101,180
ENSG00000257008,101,181
ENSG00000187658,101,182
ENSG00000177710,101,183
ENSG00000135218,101,184
ENSG00000171931,101,185
ENSG00000188269,101,186
ENSG00000205758,101,187
ENSG00000221954,101,188
ENSG00000212126,101,189
ENSG00000158865,101,190
ENSG00000184716,101,191
ENSG00000158578,101,192
ENSG00000235631,101,193
ENSG00000166402,101,194
ENSG00000188321,101,195
ENSG00000230522,101,196
ENSG00000273899,101,197
ENSG00000269791,101,198
ENSG00000173681,101,199
ENSG00000196171,101,200
ENSG00000171431,101,201
ENSG00000203852,101,202
ENSG00000156103,101,203
ENSG00000186009,101,204
ENSG00000180815,101,205
ENSG00000157734,101,206
ENSG00000153253,101,207
ENSG00000165259,101,208
ENSG00000133805,101,209
ENSG00000198021,101,210
ENSG00000275591,101,211
ENSG00000175520,101,212
ENSG00000259522,101,213
ENSG00000137707,101,214
ENSG00000234776,101,215
ENSG00000183186,101,216
ENSG00000280204,101,217
ENSG00000206150,101,218
ENSG00000182974,101,219
ENSG00000197408,101,220
ENSG00000134461,101,221
ENSG00000187272,101,222
ENSG00000251287,101,223
ENSG00000258588,101,224
ENSG00000165584,101,225
ENSG00000174527,101,226
ENSG00000184672,101,227
ENSG00000179292,101,228
ENSG00000125337,101,229
ENSG00000188800,101,230
ENSG00000182170,101,231
ENSG00000165935,101,232
ENSG00000213927,101,233
ENSG00000198723,101,234
ENSG00000273514,101,235
ENSG00000139364,101,236
ENSG00000136696,101,237
ENSG00000043355,101,238
ENSG00000168356,101,239
ENSG00000188379,101,240
ENSG00000168619,101,241
ENSG00000168229,101,242
ENSG00000179919,101,243
ENSG00000186431,101,244
ENSG00000187758,101,245
ENSG00000248385,101,246
ENSG00000180209,101,247
ENSG00000263874,101,248
ENSG00000063438,101,249
ENSG00000184166,101,250
ENSG00000159784,101,251
ENSG00000178279,101,252
ENSG00000148219,101,253
ENSG00000198754,101,254
ENSG00000180658,101,255
ENSG00000135409,101,256
25856,102,1
25857,102,2
25858,102,3
25859,102,4
25860,102,5
25861,102,6
25862,102,7
25863,102,8
25864,102,9
25865,102,10
25866,102,11
25867,102,12
25868,102,13
25869,102,14
25870,102,15
25871,102,16
25872,102,17
25873,102,18
25874,102,19
25875,102,20
25876,102,21
25877,102,22
25878,102,23
25879,102,24
25880,102,25
25881,102,26
25882,102,27
25883,102,28
25884,102,29
25885,102,30
25886,102,31
25887,102,32
25888,102,33
25889,102,34
25890,102,35
25891,102,36
25892,102,37
25893,102,38
25894,102,39
25895,102,40
25896,102,41
25897,102,42
25898,102,43
25899,102,44
25900,102,45
25901,102,46
25902,102,47
25903,102,48
25904,102,49
25905,102,50
25906,102,51
25907,102,52
25908,102,53
25909,102,54
25910,102,55
25911,102,56
25912,102,57
25913,102,58
25914,102,59
25915,102,60
25916,102,61
25917,102,62
25918,102,63
25919,102,64
25920,102,65
25921,102,66
25922,102,67
25923,102,68
25924,102,69
25925,102,70
25926,102,71
25927,102,72
25928,102,73
25929,102,74
25930,102,75
25931,102,76
25932,102,77
25933,102,78
25934,102,79
25935,102,80
25936,102,81
25937,102,82
25938,102,83
25939,102,84
25940,102,85
25941,102,86
25942,102,87
25943,102,88
25944,102,89
25945,102,90
25946,102,91
25947,102,92
25948,102,93
25949,102,94
25950,102,95
ENSG00000176946,102,96
ENSG00000168710,102,97
ENSG00000167770,102,98
ENSG00000102760,102,99
ENSG00000111144,102,100
ENSG00000141551,102,101
ENSG00000015171,102,102
ENSG00000186635,102,103
ENSG00000105726,102,104
ENSG00000197976,102,105
ENSG00000197724,102,106
ENSG00000100422,102,107
ENSG00000165915,102,108
ENSG00000180104,102,109
ENSG00000150760,102,110
ENSG00000101596,102,111
ENSG00000140750,102,112
ENSG00000168461,102,113
ENSG00000220205,102,114
ENSG00000130827,102,115
ENSG00000100908,102,116
ENSG00000166233,102,117
ENSG00000069998,102,118
ENSG00000092847,102,119
ENSG00000139618,102,120
ENSG00000180667,102,121
ENSG00000188677,102,122
ENSG00000136935,102,123
ENSG00000173889,102,124
ENSG00000108599,102,125
ENSG00000080802,102,126
ENSG00000105948,102,127
ENSG00000134490,102,128
ENSG00000168014,102,129
ENSG00000136040,102,130
ENSG00000130844,102,131
ENSG00000121281,102,132
ENSG00000167874,102,133
ENSG00000111790,102,134
ENSG00000074621,102,135
ENSG00000274180,102,136
ENSG00000079950,102,137
ENSG00000164253,102,138
ENSG00000141013,102,139
ENSG00000137033,102,140
ENSG00000167578,102,141
ENSG00000179335,102,142
ENSG00000196459,102,143
ENSG00000197050,102,144
ENSG00000084112,102,145
ENSG00000196646,102,146
ENSG00000198040,102,147
ENSG00000157168,102,148
ENSG00000065621,102,149
ENSG00000160886,102,150
ENSG00000137868,102,151
ENSG00000139436,102,152
ENSG00000074047,102,153
ENSG00000267699,102,154
ENSG00000255150,102,155
ENSG00000161031,102,156
ENSG00000075213,102,157
ENSG00000104899,102,158
ENSG00000258466,102,159
ENSG00000154548,102,160
ENSG00000234409,102,161
ENSG00000204501,102,162
ENSG00000168077,102,163
ENSG00000101197,102,164
ENSG00000142615,102,165
ENSG00000234289,102,166
ENSG00000187650,102,167
ENSG00000267206,102,168
ENSG00000149328,102,169
ENSG00000241119,102,170
ENSG00000183873,102,171
ENSG00000025039,102,172
ENSG00000152611,102,173
ENSG00000145040,102,174
ENSG00000124251,102,175
ENSG00000175866,102,176
ENSG00000149609,102,177
ENSG00000164484,102,178
ENSG00000100557,102,179
ENSG00000042832,102,180
ENSG00000130304,102,181
ENSG00000197140,102,182
ENSG00000203952,102,183
ENSG00000273513,102,184
ENSG00000176782,102,185
ENSG00000128203,102,186
ENSG00000148704,102,187
ENSG00000171611,102,188
ENSG00000258984,102,189
ENSG00000113319,102,190
ENSG00000196169,102,191
ENSG00000184939,102,192
ENSG00000206181,102,193
ENSG00000181767,102,194
ENSG00000165246,102,195
ENSG00000070031,102,196
ENSG00000176681,102,197
ENSG00000136286,102,198
ENSG00000172640,102,199
ENSG00000168634,102,200
ENSG00000162009,102,201
ENSG00000221931,102,202
ENSG00000204532,102,203
ENSG00000102452,102,204
ENSG00000213588,102,205
ENSG00000278889,102,206
ENSG00000187862,102,207
ENSG00000163053,102,208
ENSG00000170325,102,209
ENSG00000170255,102,210
ENSG00000164220,102,211
ENSG00000126790,102,212
ENSG00000157578,102,213
ENSG00000186417,102,214
ENSG00000147166,102,215
ENSG00000204414,102,216
ENSG00000170948,102,217
ENSG00000253873,102,218
ENSG00000234278,102,219
ENSG00000156395,102,220
ENSG00000276119,102,221
ENSG00000268797,102,222
ENSG00000177047,102,223
ENSG00000067842,102,224
ENSG00000160460,102,225
ENSG00000268041,102,226
ENSG00000135312,102,227
ENSG00000270885,102,228
ENSG00000047662,102,229
ENSG00000279012,102,230
ENSG00000160145,102,231
ENSG00000205863,102,232
ENSG00000089847,102,233
ENSG00000181718,102,234
ENSG00000185532,102,235
ENSG00000267426,102,236
ENSG00000261787,102,237
ENSG00000274611,102,238
ENSG00000189152,102,239
ENSG00000197745,102,240
ENSG00000173389,102,241
ENSG00000168421,102,242
ENSG00000150275,102,243
ENSG00000277758,102,244
ENSG00000205882,102,245
ENSG00000270379,102,246
ENSG00000163285,102,247
ENSG00000139352,102,248
ENSG00000275493,102,249
ENSG00000150783,102,250
ENSG00000108684,102,251
ENSG00000213265,102,252
ENSG00000162344,102,253
ENSG00000249319,102,254
ENSG00000256825,102,255
ENSG00000167807,102,256
26112,103,1
26113,103,2
26114,103,3
26115,103,4
26116,103,5
26117,103,6
26118,103,7
26119,103,8
26120,103,9
26121,103,10
26122,103,11
26123,103,12
26124,103,13
26125,103,14
26126,103,15
26127,103,16
26128,103,17
26129,103,18
26130,103,19
26131,103,20
26132,103,21
26133,103,22
26134,103,23
26135,103,24
26136,103,25
26137,103,26
26138,103,27
26139,103,28
26140,103,29
26141,103,30
26142,103,31
26143,103,32
26144,103,33
26145,103,34
26146,103,35
26147,103,36
26148,103,37
26149,103,38
26150,103,39
26151,103,40
26152,103,41
26153,103,42
26154,103,43
26155,103,44
26156,103,45
26157,103,46
26158,103,47
26159,103,48
26160,103,49
26161,103,50
26162,103,51
26163,103,52
26164,103,53
26165,103,54
26166,103,55
26167,103,56
26168,103,57
26169,103,58
26170,103,59
26171,103,60
26172,103,61
26173,103,62
26174,103,63
26175,103,64
26176,103,65
26177,103,66
26178,103,67
26179,103,68
26180,103,69
26181,103,70
26182,103,71
26183,103,72
26184,103,73
26185,103,74
26186,103,75
26187,103,76
26188,103,77
26189,103,78
26190,103,79
26191,103,80
26192,103,81
26193,103,82
26194,103,83
26195,103,84
26196,103,85
26197,103,86
26198,103,87
26199,103,88
26200,103,89
26201,103,90
26202,103,91
26203,103,92
26204,103,93
26205,103,94
26206,103,95
ENSG00000160049,103,96
ENSG00000076513,103,97
ENSG00000005194,103,98
ENSG00000109099,103,99
ENSG00000101558,103,100
ENSG00000148335,103,101
ENSG00000102226,103,102
ENSG00000168056,103,103
ENSG00000132024,103,104
ENSG00000063245,103,105
ENSG00000198824,103,106
ENSG00000140474,103,107
ENSG00000176731,103,108
ENSG00000112701,103,109
ENSG00000164039,103,110
ENSG00000173598,103,111
ENSG00000213214,103,112
ENSG00000163378,103,113
ENSG00000145569,103,114
ENSG00000178966,103,115
ENSG00000100311,103,116
ENSG00000203668,103,117
ENSG00000136250,103,118
ENSG00000085511,103,119
ENSG00000223496,103,120
ENSG00000138346,103,121
ENSG00000105989,103,122
ENSG00000139734,103,123
ENSG00000152193,103,124
ENSG00000113269,103,125
ENSG00000119509,103,126
ENSG00000180008,103,127
ENSG00000164463,103,128
ENSG00000127914,103,129
ENSG00000101901,103,130
ENSG00000196584,103,131
ENSG00000064687,103,132
ENSG00000103168,103,133
ENSG00000253251,103,134
ENSG00000135100,103,135
ENSG00000184014,103,136
ENSG00000131096,103,137
ENSG00000175311,103,138
ENSG00000144115,103,139
ENSG00000124256,103,140
ENSG00000159788,103,141
ENSG00000175575,103,142
ENSG00000142396,103,143
ENSG00000099308,103,144
ENSG00000167117,103,145
ENSG00000121297,103,146
ENSG00000177042,103,147
ENSG00000197079,103,148
ENSG00000161960,103,149
ENSG00000100234,103,150
ENSG00000141338,103,151
ENSG00000166153,103,152
ENSG00000204334,103,153
ENSG00000102755,103,154
ENSG00000135605,103,155
ENSG00000197980,103,156
ENSG00000240871,103,157
ENSG00000267748,103,158
ENSG00000273171,103,159
ENSG00000111850,103,160
ENSG00000119715,103,161
ENSG00000153902,103,162
ENSG00000125409,103,163
ENSG00000160207,103,164
ENSG00000212933,103,165
ENSG00000181350,103,166
ENSG00000166963,103,167
ENSG00000127329,103,168
ENSG00000229292,103,169
ENSG00000255587,103,170
ENSG00000122025,103,171
ENSG00000188385,103,172
ENSG00000244025,103,173
ENSG00000101290,103,174
ENSG00000204449,103,175
ENSG00000006059,103,176
ENSG00000133104,103,177
ENSG00000214021,103,178
ENSG00000105088,103,179
ENSG00000188629,103,180
ENSG00000269858,103,181
ENSG00000136014,103,182
ENSG00000280709,103,183
ENSG00000177432,103,184
ENSG00000149735,103,185
ENSG00000079215,103,186
ENSG00000180305,103,187
ENSG00000124233,103,188
ENSG00000187559,103,189
ENSG00000166049,103,190
ENSG00000212658,103,191
ENSG00000196417,103,192
ENSG00000175485,103,193
ENSG00000151320,103,194
ENSG00000185385,103,195
ENSG00000171033,103,196
ENSG00000197978,103,197
ENSG00000262526,103,198
ENSG00000114786,103,199
ENSG00000204195,103,200
ENSG00000196814,103,201
ENSG00000163006,103,202
ENSG00000124657,103,203
ENSG00000205929,103,204
ENSG00000267508,103,205
ENSG00000204396,103,206
ENSG00000206104,103,207
ENSG00000164619,103,208
ENSG00000183426,103,209
ENSG00000243708,103,210
ENSG00000189253,103,211
ENSG00000164683,103,212
ENSG00000176601,103,213
ENSG00000188394,103,214
ENSG00000138892,103,215
ENSG00000213221,103,216
ENSG00000269699,103,217
ENSG00000110887,103,218
ENSG00000184571,103,219
ENSG00000266076,103,220
ENSG00000140067,103,221
ENSG00000239642,103,222
ENSG00000118156,103,223
ENSG00000198300,103,224
ENSG00000244255,103,225
ENSG00000100142,103,226
ENSG00000205495,103,227
ENSG00000188620,103,228
ENSG00000176571,103,229
ENSG00000204657,103,230
ENSG00000166450,103,231
ENSG00000177504,103,232
ENSG00000242875,103,233
ENSG00000104059,103,234
ENSG00000109576,103,235
ENSG00000187905,103,236
ENSG00000121335,103,237
ENSG00000075043,103,238
ENSG00000254852,103,239
ENSG00000187242,103,240
ENSG00000151967,103,241
ENSG00000198445,103,242
ENSG00000178809,103,243
ENSG00000185522,103,244
ENSG00000196406,103,245
ENSG00000271723,103,246
ENSG00000214686,103,247
ENSG00000205899,103,248
ENSG00000277224,103,249
ENSG00000183128,103,250
ENSG00000183034,103,251
ENSG00000185689,103,252
ENSG00000188282,103,253
ENSG00000203923,103,254
ENSG00000189013,103,255
ENSG00000155833,103,256
26368,104,1
26369,104,2
26370,104,3
26371,104,4
26372,104,5
26373,104,6
26374,104,7
26375,104,8
26376,104,9
26377,104,10
26378,104,11
26379,104,12
26380,104,13
26381,104,14
26382,104,15
26383,104,16
26384,104,17
26385,104,18
26386,104,19
26387,104,20
26388,104,21
26389,104,22
26390,104,23
26391,104,24
26392,104,25
26393,104,26
26394,104,27
26395,104,28
26396,104,29
26397,104,30
26398,104,31
26399,104,32
26400,104,33
26401,104,34
26402,104,35
26403,104,36
26404,104,37
26405,104,38
26406,104,39
26407,104,40
26408,104,41
26409,104,42
26410,104,43
26411,104,44
26412,104,45
26413,104,46
26414,104,47
26415,104,48
26416,104,49
26417,104,50
26418,104,51
26419,104,52
26420,104,53
26421,104,54
26422,104,55
26423,104,56
26424,104,57
26425,104,58
26426,104,59
26427,104,60
26428,104,61
26429,104,62
26430,104,63
26431,104,64
26432,104,65
26433,104,66
26434,104,67
26435,104,68
26436,104,69
26437,104,70
26438,104,71
26439,104,72
26440,104,73
26441,104,74
26442,104,75
26443,104,76
26444,104,77
26445,104,78
26446,104,79
26447,104,80
26448,104,81
26449,104,82
26450,104,83
26451,104,84
26452,104,85
26453,104,86
26454,104,87
26455,104,88
26456,104,89
26457,104,90
26458,104,91
26459,104,92
26460,104,93
26461,104,94
26462,104,95
ENSG00000164828,104,96
ENSG00000156273,104,97
ENSG00000265681,104,98
ENSG00000119328,104,99
ENSG00000198832,104,100
ENSG00000112773,104,101
ENSG00000112855,104,102
ENSG00000106771,104,103
ENSG00000110011,104,104
ENSG00000141385,104,105
ENSG00000196998,104,106
ENSG00000214087,104,107
ENSG00000148341,104,108
ENSG00000012822,104,109
ENSG00000196139,104,110
ENSG00000154124,104,111
ENSG00000272391,104,112
ENSG00000089177,104,113
ENSG00000153234,104,114
ENSG00000178038,104,115
ENSG00000083535,104,116
ENSG00000145439,104,117
ENSG00000146858,104,118
ENSG00000171241,104,119
ENSG00000170786,104,120
ENSG00000091651,104,121
ENSG00000130150,104,122
ENSG00000083099,104,123
ENSG00000119650,104,124
ENSG00000170791,104,125
ENSG00000140265,104,126
ENSG00000092020,104,127
ENSG00000130830,104,128
ENSG00000136169,104,129
ENSG00000186854,104,130
ENSG00000186272,104,131
ENSG00000082258,104,132
ENSG00000162227,104,133
ENSG00000133067,104,134
ENSG00000127989,104,135
ENSG00000134504,104,136
ENSG00000138964,104,137
ENSG00000174405,104,138
ENSG00000100077,104,139
ENSG00000174306,104,140
ENSG00000243449,104,141
ENSG00000130584,104,142
ENSG00000169660,104,143
ENSG00000007171,104,144
ENSG00000205436,104,145
ENSG00000059758,104,146
ENSG00000171119,104,147
ENSG00000178607,104,148
ENSG00000140398,104,149
ENSG00000182196,104,150
ENSG00000168824,104,151
ENSG00000232434,104,152
ENSG00000092096,104,153
ENSG00000174151,104,154
ENSG00000156096,104,155
ENSG00000268193,104,156
ENSG00000151743,104,157
ENSG00000166323,104,158
ENSG00000166529,104,159
ENSG00000160551,104,160
ENSG00000257529,104,161
ENSG00000273590,104,162
ENSG00000145879,104,163
ENSG00000103343,104,164
ENSG00000269067,104,165
ENSG00000100034,104,166
ENSG00000013619,104,167
ENSG00000137561,104,168
ENSG00000174498,104,169
ENSG00000230561,104,170
ENSG00000250506,104,171
ENSG00000102543,104,172
ENSG00000164627,104,173
ENSG00000124208,104,174
ENSG00000221866,104,175
ENSG00000064309,104,176
ENSG00000127419,104,177
ENSG00000110680,104,178
ENSG00000224420,104,179
ENSG00000204880,104,180
ENSG00000175664,104,181
ENSG00000197360,104,182
ENSG00000184560,104,183
ENSG00000079313,104,184
ENSG00000215906,104,185
ENSG00000215274,104,186
ENSG00000128872,104,187
ENSG00000121005,104,188
ENSG00000164180,104,189
ENSG00000216490,104,190
ENSG00000103091,104,191
ENSG00000125814,104,192
ENSG00000130338,104,193
ENSG00000166192,104,194
ENSG00000257949,104,195
ENSG00000261873,104,196
ENSG00000189326,104,197
ENSG00000179058,104,198
ENSG00000087258,104,199
ENSG00000280090,104,200
ENSG00000114646,104,201
ENSG00000185946,104,202
ENSG00000131650,104,203
ENSG00000169676,104,204
ENSG00000101180,104,205
ENSG00000031003,104,206
ENSG00000134760,104,207
ENSG00000169067,104,208
ENSG00000268361,104,209
ENSG00000153975,104,210
ENSG00000174460,104,211
ENSG00000171574,104,212
ENSG00000139540,104,213
ENSG00000175718,104,214
ENSG00000161610,104,215
ENSG00000172288,104,216
ENSG00000206102,104,217
ENSG00000272822,104,218
ENSG00000154118,104,219
ENSG00000174586,104,220
ENSG00000198855,104,221
ENSG00000257390,104,222
ENSG00000164776,104,223
ENSG00000176635,104,224
ENSG00000167981,104,225
ENSG00000215421,104,226
ENSG00000135625,104,227
ENSG00000185982,104,228
ENSG00000129295,104,229
ENSG00000167619,104,230
ENSG00000250844,104,231
ENSG00000257767,104,232
ENSG00000101489,104,233
ENSG00000169891,104,234
ENSG00000122304,104,235
ENSG00000234224,104,236
ENSG00000204889,104,237
ENSG00000214285,104,238
ENSG00000184735,104,239
ENSG00000188716,104,240
ENSG00000079482,104,241
ENSG00000015479,104,242
ENSG00000197465,104,243
ENSG00000140807,104,244
ENSG00000171649,104,245
ENSG00000125861,104,246
ENSG00000260342,104,247
ENSG00000204424,104,248
ENSG00000205944,104,249
ENSG00000161798,104,250
ENSG00000134830,104,251
ENSG00000100312,104,252
ENSG00000175336,104,253
ENSG00000151338,104,254
ENSG00000234414,104,255
ENSG00000177243,104,256
26624,105,1
26625,105,2
26626,105,3
26627,105,4
26628,105,5
26629,105,6
26630,105,7
26631,105,8
26632,105,9
26633,105,10
26634,105,11
26635,105,12
26636,105,13
26637,105,14
26638,105,15
26639,105,16
26640,105,17
26641,105,18
26642,105,19
26643,105,20
26644,105,21
26645,105,22
26646,105,23
26647,105,24
26648,105,25
26649,105,26
26650,105,27
26651,105,28
26652,105,29
26653,105,30
26654,105,31
26655,105,32
26656,105,33
26657,105,34
26658,105,35
26659,105,36
26660,105,37
26661,105,38
26662,105,39
26663,105,40
26664,105,41
26665,105,42
26666,105,43
26667,105,44
26668,105,45
26669,105,46
26670,105,47
26671,105,48
26672,105,49
ENSG00000163682,105,50
26674,105,51
ENSG00000110700,105,52
26676,105,53
26677,105,54
26678,105,55
26679,105,56
26680,105,57
26681,105,58
26682,105,59
26683,105,60
26684,105,61
26685,105,62
26686,105,63
26687,105,64
26688,105,65
26689,105,66
26690,105,67
26691,105,68
26692,105,69
26693,105,70
26694,105,71
26695,105,72
26696,105,73
26697,105,74
26698,105,75
26699,105,76
26700,105,77
26701,105,78
26702,105,79
26703,105,80
26704,105,81
26705,105,82
26706,105,83
26707,105,84
26708,105,85
26709,105,86
26710,105,87
26711,105,88
26712,105,89
26713,105,90
26714,105,91
26715,105,92
26716,105,93
26717,105,94
ENSG00000141503,105,95
ENSG00000108175,105,96
ENSG00000105655,105,97
ENSG00000153815,105,98
ENSG00000136463,105,99
ENSG00000086712,105,100
ENSG00000170412,105,101
ENSG00000023228,105,102
ENSG00000091732,105,103
ENSG00000253797,105,104
ENSG00000173264,105,105
ENSG00000042286,105,106
ENSG00000165898,105,107
ENSG00000099991,105,108
ENSG00000143337,105,109
ENSG00000161542,105,110
ENSG00000101391,105,111
ENSG00000198862,105,112
ENSG00000188010,105,113
ENSG00000101104,105,114
ENSG00000188994,105,115
ENSG00000159256,105,116
ENSG00000257093,105,117
ENSG00000188636,105,118
ENSG00000011143,105,119
ENSG00000122641,105,120
ENSG00000010072,105,121
ENSG00000182636,105,122
ENSG00000167904,105,123
ENSG00000147687,105,124
ENSG00000076356,105,125
ENSG00000136244,105,126
ENSG00000136425,105,127
ENSG00000187954,105,128
ENSG00000213793,105,129
ENSG00000156650,105,130
ENSG00000146707,105,131
ENSG00000100578,105,132
ENSG00000185905,105,133
ENSG00000180745,105,134
ENSG00000135482,105,135
ENSG00000125375,105,136
ENSG00000125648,105,137
ENSG00000204866,105,138
ENSG00000126262,105,139
ENSG00000162065,105,140
ENSG00000159459,105,141
ENSG00000050165,105,142
ENSG00000134138,105,143
ENSG00000169609,105,144
ENSG00000064199,105,145
ENSG00000263761,105,146
ENSG00000175155,105,147
ENSG00000006740,105,148
ENSG00000112983,105,149
ENSG00000108001,105,150
ENSG00000235272,105,151
ENSG00000196917,105,152
ENSG00000109819,105,153
ENSG00000164038,105,154
ENSG00000123094,105,155
ENSG00000154263,105,156
ENSG00000154258,105,157
ENSG00000164483,105,158
ENSG00000164128,105,159
ENSG00000266997,105,160
ENSG00000153933,105,161
ENSG00000173988,105,162
ENSG00000144407,105,163
ENSG00000137860,105,164
ENSG00000107831,105,165
ENSG00000179055,105,166
ENSG00000187189,105,167
ENSG00000163491,105,168
ENSG00000121446,105,169
ENSG00000179981,105,170
ENSG00000182545,105,171
ENSG00000278705,105,172
ENSG00000205143,105,173
ENSG00000176401,105,174
ENSG00000175065,105,175
ENSG00000177669,105,176
ENSG00000187191,105,177
ENSG00000135824,105,178
ENSG00000187323,105,179
ENSG00000244623,105,180
ENSG00000177576,105,181
ENSG00000063515,105,182
ENSG00000206177,105,183
ENSG00000219607,105,184
ENSG00000128886,105,185
ENSG00000273167,105,186
ENSG00000169989,105,187
ENSG00000128617,105,188
ENSG00000151917,105,189
ENSG00000181562,105,190
ENSG00000170464,105,191
ENSG00000186965,105,192
ENSG00000145839,105,193
ENSG00000129244,105,194
ENSG00000156299,105,195
ENSG00000092377,105,196
ENSG00000203867,105,197
ENSG00000131018,105,198
ENSG00000016391,105,199
ENSG00000261934,105,200
ENSG00000182013,105,201
ENSG00000146378,105,202
ENSG00000196267,105,203
ENSG00000115464,105,204
ENSG00000198870,105,205
ENSG00000185792,105,206
ENSG00000185313,105,207
ENSG00000179088,105,208
ENSG00000112309,105,209
ENSG00000197641,105,210
ENSG00000176165,105,211
ENSG00000180535,105,212
ENSG00000132801,105,213
ENSG00000139625,105,214
ENSG00000164035,105,215
ENSG00000182223,105,216
ENSG00000113805,105,217
ENSG00000224440,105,218
ENSG00000205593,105,219
ENSG00000250366,105,220
ENSG00000262179,105,221
ENSG00000205209,105,222
ENSG00000185942,105,223
ENSG00000128285,105,224
ENSG00000171243,105,225
ENSG00000008438,105,226
ENSG00000204352,105,227
ENSG00000077800,105,228
ENSG00000186526,105,229
ENSG00000180332,105,230
ENSG00000254413,105,231
ENSG00000152475,105,232
ENSG00000183347,105,233
ENSG00000140015,105,234
ENSG00000172399,105,235
ENSG00000206105,105,236
ENSG00000153789,105,237
ENSG00000012504,105,238
ENSG00000101882,105,239
ENSG00000104827,105,240
ENSG00000172650,105,241
ENSG00000169906,105,242
ENSG00000204524,105,243
ENSG00000181240,105,244
ENSG00000134594,105,245
ENSG00000104237,105,246
ENSG00000204849,105,247
ENSG00000152092,105,248
ENSG00000168502,105,249
ENSG00000196900,105,250
ENSG00000167216,105,251
ENSG00000280094,105,252
ENSG00000215475,105,253
ENSG00000196993,105,254
ENSG00000256394,105,255
ENSG00000105507,105,256
26880,106,1
26881,106,2
26882,106,3
26883,106,4
26884,106,5
26885,106,6
26886,106,7
26887,106,8
26888,106,9
26889,106,10
26890,106,11
26891,106,12
26892,106,13
26893,106,14
26894,106,15
26895,106,16
26896,106,17
26897,106,18
26898,106,19
26899,106,20
26900,106,21
26901,106,22
26902,106,23
26903,106,24
26904,106,25
26905,106,26
26906,106,27
26907,106,28
26908,106,29
26909,106,30
26910,106,31
26911,106,32
26912,106,33
26913,106,34
26914,106,35
26915,106,36
26916,106,37
26917,106,38
26918,106,39
26919,106,40
26920,106,41
26921,106,42
26922,106,43
26923,106,44
26924,106,45
26925,106,46
26926,106,47
26927,106,48
26928,106,49
ENSG00000114391,106,50
ENSG00000143947,106,51
ENSG00000174444,106,52
26932,106,53
26933,106,54
26934,106,55
26935,106,56
26936,106,57
26937,106,58
26938,106,59
26939,106,60
26940,106,61
26941,106,62
26942,106,63
26943,106,64
26944,106,65
26945,106,66
26946,106,67
26947,106,68
26948,106,69
26949,106,70
26950,106,71
26951,106,72
26952,106,73
26953,106,74
26954,106,75
26955,106,76
26956,106,77
26957,106,78
26958,106,79
26959,106,80
26960,106,81
26961,106,82
26962,106,83
26963,106,84
26964,106,85
26965,106,86
26966,106,87
26967,106,88
26968,106,89
26969,106,90
26970,106,91
26971,106,92
26972,106,93
26973,106,94
ENSG00000096070,106,95
ENSG00000108465,106,96
ENSG00000134014,106,97
ENSG00000172331,106,98
ENSG00000128944,106,99
ENSG00000168404,106,100
ENSG00000133226,106,101
ENSG00000133818,106,102
ENSG00000139546,106,103
ENSG00000102030,106,104
ENSG00000163807,106,105
ENSG00000146802,106,106
ENSG00000164117,106,107
ENSG00000110756,106,108
ENSG00000278259,106,109
ENSG00000136052,106,110
ENSG00000153006,106,111
ENSG00000197442,106,112
ENSG00000006607,106,113
ENSG00000177283,106,114
ENSG00000078699,106,115
ENSG00000110934,106,116
ENSG00000127314,106,117
ENSG00000184988,106,118
ENSG00000162104,106,119
ENSG00000182518,106,120
ENSG00000137145,106,121
ENSG00000111674,106,122
ENSG00000109846,106,123
ENSG00000161405,106,124
ENSG00000087301,106,125
ENSG00000170234,106,126
ENSG00000160972,106,127
ENSG00000116017,106,128
ENSG00000071189,106,129
ENSG00000171130,106,130
ENSG00000275183,106,131
ENSG00000089472,106,132
ENSG00000150433,106,133
ENSG00000178498,106,134
ENSG00000133687,106,135
ENSG00000152454,106,136
ENSG00000118412,106,137
ENSG00000178338,106,138
ENSG00000204887,106,139
ENSG00000197576,106,140
ENSG00000132423,106,141
ENSG00000170209,106,142
ENSG00000138780,106,143
ENSG00000198825,106,144
ENSG00000107249,106,145
ENSG00000115919,106,146
ENSG00000239998,106,147
ENSG00000272921,106,148
ENSG00000099769,106,149
ENSG00000175787,106,150
ENSG00000186889,106,151
ENSG00000141337,106,152
ENSG00000163389,106,153
ENSG00000197714,106,154
ENSG00000029725,106,155
ENSG00000133985,106,156
ENSG00000127252,106,157
ENSG00000135931,106,158
ENSG00000184271,106,159
ENSG00000110046,106,160
ENSG00000171451,106,161
ENSG00000183463,106,162
ENSG00000135144,106,163
ENSG00000108799,106,164
ENSG00000099725,106,165
ENSG00000086619,106,166
ENSG00000196335,106,167
ENSG00000198003,106,168
ENSG00000174957,106,169
ENSG00000259164,106,170
ENSG00000261667,106,171
ENSG00000075539,106,172
ENSG00000235699,106,173
ENSG00000243896,106,174
ENSG00000103034,106,175
ENSG00000004838,106,176
ENSG00000205269,106,177
ENSG00000214736,106,178
ENSG00000131094,106,179
ENSG00000279408,106,180
ENSG00000165325,106,181
ENSG00000256618,106,182
ENSG00000130943,106,183
ENSG00000141497,106,184
ENSG00000164292,106,185
ENSG00000204842,106,186
ENSG00000278195,106,187
ENSG00000180638,106,188
ENSG00000128310,106,189
ENSG00000184502,106,190
ENSG00000109832,106,191
ENSG00000182698,106,192
ENSG00000146399,106,193
ENSG00000176396,106,194
ENSG00000065923,106,195
ENSG00000070388,106,196
ENSG00000081138,106,197
ENSG00000214265,106,198
ENSG00000140905,106,199
ENSG00000004777,106,200
ENSG00000204614,106,201
ENSG00000165799,106,202
ENSG00000134532,106,203
ENSG00000125046,106,204
ENSG00000046889,106,205
ENSG00000240247,106,206
ENSG00000184307,106,207
ENSG00000179915,106,208
ENSG00000166220,106,209
ENSG00000213199,106,210
ENSG00000138795,106,211
ENSG00000094796,106,212
ENSG00000185924,106,213
ENSG00000069018,106,214
ENSG00000255298,106,215
ENSG00000159733,106,216
ENSG00000100360,106,217
ENSG00000279761,106,218
ENSG00000196553,106,219
ENSG00000141096,106,220
ENSG00000250423,106,221
ENSG00000256566,106,222
ENSG00000145107,106,223
ENSG00000182645,106,224
ENSG00000171557,106,225
ENSG00000184465,106,226
ENSG00000269433,106,227
ENSG00000168263,106,228
ENSG00000163995,106,229
ENSG00000175877,106,230
ENSG00000165076,106,231
ENSG00000183631,106,232
ENSG00000141527,106,233
ENSG00000221910,106,234
ENSG00000183762,106,235
ENSG00000183629,106,236
ENSG00000197651,106,237
ENSG00000276903,106,238
ENSG00000095917,106,239
ENSG00000162814,106,240
ENSG00000135913,106,241
ENSG00000196873,106,242
ENSG00000069482,106,243
ENSG00000039600,106,244
ENSG00000204379,106,245
ENSG00000197953,106,246
ENSG00000214787,106,247
ENSG00000105227,106,248
ENSG00000156500,106,249
ENSG00000183206,106,250
ENSG00000187581,106,251
ENSG00000256660,106,252
ENSG00000230657,106,253
ENSG00000105383,106,254
ENSG00000197938,106,255
ENSG00000147262,106,256
27136,107,1
27137,107,2
27138,107,3
27139,107,4
27140,107,5
27141,107,6
27142,107,7
27143,107,8
27144,107,9
27145,107,10
27146,107,11
27147,107,12
27148,107,13
27149,107,14
27150,107,15
27151,107,16
27152,107,17
27153,107,18
27154,107,19
27155,107,20
27156,107,21
27157,107,22
27158,107,23
27159,107,24
27160,107,25
27161,107,26
27162,107,27
27163,107,28
27164,107,29
27165,107,30
27166,107,31
ENSG00000197746,107,32
27168,107,33
ENSG00000205542,107,34
ENSG00000140988,107,35
ENSG00000137154,107,36
27172,107,37
27173,107,38
27174,107,39
27175,107,40
27176,107,41
27177,107,42
27178,107,43
27179,107,44
27180,107,45
27181,107,46
27182,107,47
27183,107,48
27184,107,49
27185,107,50
27186,107,51
ENSG00000145425,107,52
27188,107,53
27189,107,54
27190,107,55
27191,107,56
27192,107,57
27193,107,58
27194,107,59
27195,107,60
27196,107,61
27197,107,62
27198,107,63
27199,107,64
27200,107,65
27201,107,66
27202,107,67
27203,107,68
27204,107,69
27205,107,70
27206,107,71
27207,107,72
27208,107,73
27209,107,74
27210,107,75
27211,107,76
27212,107,77
27213,107,78
27214,107,79
27215,107,80
27216,107,81
27217,107,82
27218,107,83
27219,107,84
27220,107,85
27221,107,86
27222,107,87
27223,107,88
27224,107,89
27225,107,90
27226,107,91
27227,107,92
27228,107,93
27229,107,94
27230,107,95
ENSG00000171860,107,96
ENSG00000100211,107,97
ENSG00000188895,107,98
ENSG00000110435,107,99
ENSG00000177192,107,100
ENSG00000137857,107,101
ENSG00000101849,107,102
ENSG00000113812,107,103
ENSG00000170322,107,104
ENSG00000134759,107,105
ENSG00000177169,107,106
ENSG00000004866,107,107
ENSG00000112149,107,108
ENSG00000138399,107,109
ENSG00000111199,107,110
ENSG00000131375,107,111
ENSG00000111665,107,112
ENSG00000129219,107,113
ENSG00000006634,107,114
ENSG00000219545,107,115
ENSG00000142731,107,116
ENSG00000184209,107,117
ENSG00000166833,107,118
ENSG00000032742,107,119
ENSG00000131067,107,120
ENSG00000187097,107,121
ENSG00000140274,107,122
ENSG00000185561,107,123
ENSG00000139998,107,124
ENSG00000213390,107,125
ENSG00000125144,107,126
ENSG00000166822,107,127
ENSG00000187531,107,128
ENSG00000154743,107,129
ENSG00000110484,107,130
ENSG00000102967,107,131
ENSG00000174500,107,132
ENSG00000100354,107,133
ENSG00000131127,107,134
ENSG00000059804,107,135
ENSG00000203791,107,136
ENSG00000225190,107,137
ENSG00000124575,107,138
ENSG00000148655,107,139
ENSG00000174516,107,140
ENSG00000184860,107,141
ENSG00000104055,107,142
ENSG00000172575,107,143
ENSG00000225614,107,144
ENSG00000188624,107,145
ENSG00000125447,107,146
ENSG00000186230,107,147
ENSG00000111913,107,148
ENSG00000182963,107,149
ENSG00000255819,107,150
ENSG00000168675,107,151
ENSG00000177034,107,152
ENSG00000149948,107,153
ENSG00000100147,107,154
ENSG00000241123,107,155
ENSG00000255073,107,156
ENSG00000183580,107,157
ENSG00000075399,107,158
ENSG00000066813,107,159
ENSG00000120322,107,160
ENSG00000127362,107,161
ENSG00000112964,107,162
ENSG00000264545,107,163
ENSG00000134324,107,164
ENSG00000149474,107,165
ENSG00000156206,107,166
ENSG00000160282,107,167
ENSG00000250067,107,168
ENSG00000155099,107,169
ENSG00000170122,107,170
ENSG00000197153,107,171
ENSG00000178257,107,172
ENSG00000089775,107,173
ENSG00000184954,107,174
ENSG00000131152,107,175
ENSG00000248405,107,176
ENSG00000152463,107,177
ENSG00000122367,107,178
ENSG00000167363,107,179
ENSG00000101470,107,180
ENSG00000185130,107,181
ENSG00000203877,107,182
ENSG00000273025,107,183
ENSG00000163645,107,184
ENSG00000166160,107,185
ENSG00000140854,107,186
ENSG00000221886,107,187
ENSG00000149599,107,188
ENSG00000147256,107,189
ENSG00000186732,107,190
ENSG00000169059,107,191
ENSG00000099365,107,192
ENSG00000172538,107,193
ENSG00000198093,107,194
ENSG00000172772,107,195
ENSG00000255154,107,196
ENSG00000206557,107,197
ENSG00000108018,107,198
ENSG00000124678,107,199
ENSG00000170417,107,200
ENSG00000160305,107,201
ENSG00000178150,107,202
ENSG00000164061,107,203
ENSG00000138311,107,204
ENSG00000057704,107,205
ENSG00000184613,107,206
ENSG00000165623,107,207
ENSG00000167371,107,208
ENSG00000163029,107,209
ENSG00000125900,107,210
ENSG00000116580,107,211
ENSG00000167302,107,212
ENSG00000184206,107,213
ENSG00000140543,107,214
ENSG00000198342,107,215
ENSG00000086506,107,216
ENSG00000111339,107,217
ENSG00000197238,107,218
ENSG00000153060,107,219
ENSG00000167103,107,220
ENSG00000139287,107,221
ENSG00000123569,107,222
ENSG00000177380,107,223
ENSG00000188992,107,224
ENSG00000158296,107,225
ENSG00000185156,107,226
ENSG00000116032,107,227
ENSG00000171773,107,228
ENSG00000270946,107,229
ENSG00000176723,107,230
ENSG00000186795,107,231
ENSG00000226490,107,232
ENSG00000073067,107,233
ENSG00000179304,107,234
ENSG00000142549,107,235
ENSG00000130368,107,236
ENSG00000168546,107,237
ENSG00000159224,107,238
ENSG00000268320,107,239
ENSG00000106701,107,240
ENSG00000109158,107,241
ENSG00000125966,107,242
ENSG00000132703,107,243
ENSG00000087589,107,244
ENSG00000185053,107,245
ENSG00000255833,107,246
ENSG00000155622,107,247
ENSG00000158113,107,248
ENSG00000051825,107,249
ENSG00000146411,107,250
ENSG00000105428,107,251
ENSG00000165115,107,252
ENSG00000185176,107,253
ENSG00000214300,107,254
ENSG00000177291,107,255
ENSG00000135248,107,256
27392,108,1
27393,108,2
27394,108,3
27395,108,4
27396,108,5
27397,108,6
27398,108,7
27399,108,8
27400,108,9
27401,108,10
27402,108,11
27403,108,12
27404,108,13
27405,108,14
27406,108,15
27407,108,16
27408,108,17
27409,108,18
27410,108,19
27411,108,20
27412,108,21
27413,108,22
27414,108,23
27415,108,24
27416,108,25
27417,108,26
27418,108,27
27419,108,28
27420,108,29
27421,108,30
27422,108,31
ENSG00000167658,108,32
ENSG00000096384,108,33
ENSG00000089157,108,34
ENSG00000148303,108,35
27427,108,36
27428,108,37
27429,108,38
27430,108,39
27431,108,40
27432,108,41
27433,108,42
27434,108,43
27435,108,44
27436,108,45
27437,108,46
27438,108,47
27439,108,48
27440,108,49
27441,108,50
27442,108,51
27443,108,52
27444,108,53
27445,108,54
27446,108,55
27447,108,56
27448,108,57
27449,108,58
27450,108,59
27451,108,60
27452,108,61
27453,108,62
27454,108,63
27455,108,64
27456,108,65
27457,108,66
27458,108,67
27459,108,68
27460,108,69
27461,108,70
27462,108,71
27463,108,72
27464,108,73
27465,108,74
27466,108,75
27467,108,76
27468,108,77
27469,108,78
27470,108,79
27471,108,80
27472,108,81
27473,108,82
27474,108,83
27475,108,84
27476,108,85
27477,108,86
27478,108,87
27479,108,88
27480,108,89
27481,108,90
27482,108,91
27483,108,92
27484,108,93
27485,108,94
ENSG00000122557,108,95
ENSG00000147475,108,96
ENSG00000177370,108,97
ENSG00000138758,108,98
ENSG00000165055,108,99
ENSG00000166140,108,100
ENSG00000155393,108,101
ENSG00000103642,108,102
ENSG00000004799,108,103
ENSG00000168143,108,104
ENSG00000119682,108,105
ENSG00000158985,108,106
ENSG00000176386,108,107
ENSG00000108771,108,108
ENSG00000157538,108,109
ENSG00000165630,108,110
ENSG00000180644,108,111
ENSG00000197355,108,112
ENSG00000221926,108,113
ENSG00000022567,108,114
ENSG00000177981,108,115
ENSG00000114388,108,116
ENSG00000118162,108,117
ENSG00000012174,108,118
ENSG00000112305,108,119
ENSG00000125885,108,120
ENSG00000087470,108,121
ENSG00000137274,108,122
ENSG00000126749,108,123
ENSG00000103260,108,124
ENSG00000222011,108,125
ENSG00000165948,108,126
ENSG00000181090,108,127
ENSG00000248771,108,128
ENSG00000159685,108,129
ENSG00000129460,108,130
ENSG00000163743,108,131
ENSG00000007038,108,132
ENSG00000115318,108,133
ENSG00000010295,108,134
ENSG00000035664,108,135
ENSG00000187239,108,136
ENSG00000171234,108,137
ENSG00000124613,108,138
ENSG00000175387,108,139
ENSG00000164219,108,140
ENSG00000165633,108,141
ENSG00000071073,108,142
ENSG00000100068,108,143
ENSG00000111875,108,144
ENSG00000185813,108,145
ENSG00000188488,108,146
ENSG00000187266,108,147
ENSG00000166845,108,148
ENSG00000204687,108,149
ENSG00000187808,108,150
ENSG00000127580,108,151
ENSG00000158352,108,152
ENSG00000173898,108,153
ENSG00000215193,108,154
ENSG00000198535,108,155
ENSG00000151502,108,156
ENSG00000173227,108,157
ENSG00000267221,108,158
ENSG00000127364,108,159
ENSG00000206535,108,160
ENSG00000149050,108,161
ENSG00000256950,108,162
ENSG00000256977,108,163
ENSG00000238083,108,164
ENSG00000107938,108,165
ENSG00000181409,108,166
ENSG00000267127,108,167
ENSG00000125878,108,168
ENSG00000111181,108,169
ENSG00000205496,108,170
ENSG00000100784,108,171
ENSG00000166682,108,172
ENSG00000185480,108,173
ENSG00000197415,108,174
ENSG00000127511,108,175
ENSG00000145725,108,176
ENSG00000100285,108,177
ENSG00000182093,108,178
ENSG00000185105,108,179
ENSG00000170927,108,180
ENSG00000174963,108,181
ENSG00000167548,108,182
ENSG00000095209,108,183
ENSG00000203972,108,184
ENSG00000139537,108,185
ENSG00000188324,108,186
ENSG00000179921,108,187
ENSG00000148053,108,188
ENSG00000173213,108,189
ENSG00000133111,108,190
ENSG00000101425,108,191
ENSG00000164073,108,192
ENSG00000110721,108,193
ENSG00000137877,108,194
ENSG00000142511,108,195
ENSG00000261649,108,196
ENSG00000112333,108,197
ENSG00000129493,108,198
ENSG00000198223,108,199
ENSG00000127980,108,200
ENSG00000251569,108,201
ENSG00000177673,108,202
ENSG00000075461,108,203
ENSG00000156959,108,204
ENSG00000130299,108,205
ENSG00000139865,108,206
ENSG00000243232,108,207
ENSG00000175445,108,208
ENSG00000173826,108,209
ENSG00000206579,108,210
ENSG00000106278,108,211
ENSG00000110025,108,212
ENSG00000141200,108,213
ENSG00000255292,108,214
ENSG00000130226,108,215
ENSG00000163617,108,216
ENSG00000187170,108,217
ENSG00000164509,108,218
ENSG00000198390,108,219
ENSG00000105983,108,220
ENSG00000151952,108,221
ENSG00000177455,108,222
ENSG00000183908,108,223
ENSG00000144891,108,224
ENSG00000180881,108,225
ENSG00000279170,108,226
ENSG00000152910,108,227
ENSG00000118402,108,228
ENSG00000244752,108,229
ENSG00000273976,108,230
ENSG00000186074,108,231
ENSG00000263020,108,232
ENSG00000161958,108,233
ENSG00000197748,108,234
ENSG00000188086,108,235
ENSG00000088320,108,236
ENSG00000167131,108,237
ENSG00000006283,108,238
ENSG00000170160,108,239
ENSG00000072080,108,240
ENSG00000269035,108,241
ENSG00000182791,108,242
ENSG00000168515,108,243
ENSG00000197580,108,244
ENSG00000135298,108,245
ENSG00000278463,108,246
ENSG00000205642,108,247
ENSG00000254673,108,248
ENSG00000242221,108,249
ENSG00000204764,108,250
ENSG00000166091,108,251
ENSG00000213185,108,252
ENSG00000172568,108,253
ENSG00000185973,108,254
ENSG00000102385,108,255
ENSG00000151364,108,256
27648,109,1
27649,109,2
27650,109,3
27651,109,4
27652,109,5
27653,109,6
27654,109,7
27655,109,8
27656,109,9
27657,109,10
27658,109,11
27659,109,12
27660,109,13
27661,109,14
27662,109,15
27663,109,16
27664,109,17
27665,109,18
27666,109,19
27667,109,20
27668,109,21
27669,109,22
27670,109,23
27671,109,24
27672,109,25
27673,109,26
27674,109,27
27675,109,28
27676,109,29
27677,109,30
27678,109,31
27679,109,32
ENSG00000177954,109,33
ENSG00000122406,109,34
ENSG00000100316,109,35
ENSG00000137818,109,36
27684,109,37
27685,109,38
27686,109,39
27687,109,40
27688,109,41
27689,109,42
27690,109,43
27691,109,44
27692,109,45
27693,109,46
27694,109,47
27695,109,48
27696,109,49
27697,109,50
27698,109,51
27699,109,52
27700,109,53
27701,109,54
27702,109,55
27703,109,56
27704,109,57
27705,109,58
27706,109,59
27707,109,60
27708,109,61
27709,109,62
27710,109,63
27711,109,64
27712,109,65
27713,109,66
27714,109,67
27715,109,68
27716,109,69
27717,109,70
27718,109,71
27719,109,72
27720,109,73
27721,109,74
27722,109,75
27723,109,76
27724,109,77
27725,109,78
27726,109,79
27727,109,80
27728,109,81
27729,109,82
27730,109,83
27731,109,84
27732,109,85
27733,109,86
27734,109,87
27735,109,88
27736,109,89
27737,109,90
27738,109,91
27739,109,92
27740,109,93
27741,109,94
27742,109,95
ENSG00000101888,109,96
ENSG00000198668,109,97
ENSG00000166165,109,98
ENSG00000129480,109,99
ENSG00000173762,109,100
ENSG00000122678,109,101
ENSG00000082515,109,102
ENSG00000136861,109,103
ENSG00000124181,109,104
ENSG00000112624,109,105
ENSG00000171747,109,106
ENSG00000161956,109,107
ENSG00000178922,109,108
ENSG00000118894,109,109
ENSG00000112029,109,110
ENSG00000189079,109,111
ENSG00000100350,109,112
ENSG00000175489,109,113
ENSG00000151233,109,114
ENSG00000135045,109,115
ENSG00000181031,109,116
ENSG00000137500,109,117
ENSG00000167994,109,118
ENSG00000042429,109,119
ENSG00000213799,109,120
ENSG00000184056,109,121
ENSG00000164684,109,122
ENSG00000177683,109,123
ENSG00000180806,109,124
ENSG00000085185,109,125
ENSG00000123329,109,126
ENSG00000136504,109,127
ENSG00000077458,109,128
ENSG00000145882,109,129
ENSG00000114933,109,130
ENSG00000142082,109,131
ENSG00000147536,109,132
ENSG00000197046,109,133
ENSG00000198331,109,134
ENSG00000100324,109,135
ENSG00000119965,109,136
ENSG00000131845,109,137
ENSG00000135722,109,138
ENSG00000176678,109,139
ENSG00000166261,109,140
ENSG00000074582,109,141
ENSG00000204130,109,142
ENSG00000165376,109,143
ENSG00000141098,109,144
ENSG00000187766,109,145
ENSG00000152217,109,146
ENSG00000087095,109,147
ENSG00000148411,109,148
ENSG00000183066,109,149
ENSG00000205057,109,150
ENSG00000188070,109,151
ENSG00000183640,109,152
ENSG00000150637,109,153
ENSG00000215454,109,154
ENSG00000168131,109,155
ENSG00000273294,109,156
ENSG00000189320,109,157
ENSG00000160201,109,158
ENSG00000273047,109,159
ENSG00000011201,109,160
ENSG00000119938,109,161
ENSG00000140479,109,162
ENSG00000181315,109,163
ENSG00000198569,109,164
ENSG00000111215,109,165
ENSG00000128322,109,166
ENSG00000137267,109,167
ENSG00000276418,109,168
ENSG00000185640,109,169
ENSG00000148136,109,170
ENSG00000268629,109,171
ENSG00000073910,109,172
ENSG00000225899,109,173
ENSG00000145029,109,174
ENSG00000205718,109,175
ENSG00000170923,109,176
ENSG00000110429,109,177
ENSG00000180660,109,178
ENSG00000168748,109,179
ENSG00000174450,109,180
ENSG00000175077,109,181
ENSG00000215547,109,182
ENSG00000054803,109,183
ENSG00000183324,109,184
ENSG00000168418,109,185
ENSG00000080709,109,186
ENSG00000205038,109,187
ENSG00000146839,109,188
ENSG00000167195,109,189
ENSG00000213638,109,190
ENSG00000130287,109,191
ENSG00000078725,109,192
ENSG00000103253,109,193
ENSG00000180190,109,194
ENSG00000123560,109,195
ENSG00000145217,109,196
ENSG00000112320,109,197
ENSG00000160013,109,198
ENSG00000261509,109,199
ENSG00000101298,109,200
ENSG00000004809,109,201
ENSG00000227124,109,202
ENSG00000273777,109,203
ENSG00000138684,109,204
ENSG00000180988,109,205
ENSG00000128849,109,206
ENSG00000124171,109,207
ENSG00000179407,109,208
ENSG00000215029,109,209
ENSG00000233087,109,210
ENSG00000230601,109,211
ENSG00000166923,109,212
ENSG00000256966,109,213
ENSG00000188266,109,214
ENSG00000087250,109,215
ENSG00000125848,109,216
ENSG00000161939,109,217
ENSG00000166569,109,218
ENSG00000181733,109,219
ENSG00000163625,109,220
ENSG00000163879,109,221
ENSG00000090447,109,222
ENSG00000143341,109,223
ENSG00000271092,109,224
ENSG00000261678,109,225
ENSG00000119915,109,226
ENSG00000173572,109,227
ENSG00000171798,109,228
ENSG00000197928,109,229
ENSG00000197566,109,230
ENSG00000170748,109,231
ENSG00000121594,109,232
ENSG00000118407,109,233
ENSG00000145192,109,234
ENSG00000171914,109,235
ENSG00000188738,109,236
ENSG00000143105,109,237
ENSG00000261793,109,238
ENSG00000147485,109,239
ENSG00000179934,109,240
ENSG00000151006,109,241
ENSG00000136918,109,242
ENSG00000204655,109,243
ENSG00000112116,109,244
ENSG00000157093,109,245
ENSG00000230062,109,246
ENSG00000164161,109,247
ENSG00000130829,109,248
ENSG00000185344,109,249
ENSG00000145808,109,250
ENSG00000107807,109,251
ENSG00000239886,109,252
ENSG00000179636,109,253
ENSG00000204020,109,254
ENSG00000160472,109,255
ENSG00000166948,109,256
27904,110,1
27905,110,2
27906,110,3
27907,110,4
27908,110,5
27909,110,6
27910,110,7
27911,110,8
27912,110,9
27913,110,10
27914,110,11
27915,110,12
27916,110,13
27917,110,14
27918,110,15
27919,110,16
27920,110,17
27921,110,18
27922,110,19
27923,110,20
27924,110,21
27925,110,22
27926,110,23
27927,110,24
27928,110,25
27929,110,26
27930,110,27
27931,110,28
27932,110,29
27933,110,30
27934,110,31
ENSG00000161016,110,32
ENSG00000118181,110,33
ENSG00000177600,110,34
ENSG00000136942,110,35
ENSG00000147403,110,36
27940,110,37
27941,110,38
27942,110,39
27943,110,40
27944,110,41
27945,110,42
27946,110,43
27947,110,44
27948,110,45
27949,110,46
27950,110,47
27951,110,48
27952,110,49
27953,110,50
27954,110,51
27955,110,52
27956,110,53
27957,110,54
27958,110,55
27959,110,56
27960,110,57
27961,110,58
27962,110,59
27963,110,60
27964,110,61
27965,110,62
27966,110,63
27967,110,64
27968,110,65
27969,110,66
27970,110,67
27971,110,68
27972,110,69
27973,110,70
27974,110,71
27975,110,72
27976,110,73
27977,110,74
27978,110,75
27979,110,76
27980,110,77
27981,110,78
27982,110,79
27983,110,80
27984,110,81
27985,110,82
27986,110,83
27987,110,84
27988,110,85
27989,110,86
27990,110,87
27991,110,88
27992,110,89
27993,110,90
27994,110,91
27995,110,92
27996,110,93
27997,110,94
ENSG00000092108,110,95
ENSG00000140937,110,96
ENSG00000159176,110,97
ENSG00000061273,110,98
ENSG00000170854,110,99
ENSG00000147144,110,100
ENSG00000181904,110,101
ENSG00000164631,110,102
ENSG00000007541,110,103
ENSG00000160285,110,104
ENSG00000221838,110,105
ENSG00000184992,110,106
ENSG00000125257,110,107
ENSG00000020256,110,108
ENSG00000150776,110,109
ENSG00000160404,110,110
ENSG00000100364,110,111
ENSG00000175768,110,112
ENSG00000175309,110,113
ENSG00000160991,110,114
ENSG00000147251,110,115
ENSG00000101846,110,116
ENSG00000179941,110,117
ENSG00000171467,110,118
ENSG00000166860,110,119
ENSG00000241370,110,120
ENSG00000102302,110,121
ENSG00000140451,110,122
ENSG00000172795,110,123
ENSG00000145348,110,124
ENSG00000119397,110,125
ENSG00000107317,110,126
ENSG00000165795,110,127
ENSG00000112561,110,128
ENSG00000119699,110,129
ENSG00000105053,110,130
ENSG00000081177,110,131
ENSG00000164975,110,132
ENSG00000214814,110,133
ENSG00000072609,110,134
ENSG00000139515,110,135
ENSG00000157353,110,136
ENSG00000136869,110,137
ENSG00000103994,110,138
ENSG00000113971,110,139
ENSG00000070718,110,140
ENSG00000111554,110,141
ENSG00000183137,110,142
ENSG00000174007,110,143
ENSG00000154144,110,144
ENSG00000156042,110,145
ENSG00000142347,110,146
ENSG00000113492,110,147
ENSG00000253767,110,148
ENSG00000221864,110,149
ENSG00000172375,110,150
ENSG00000187950,110,151
ENSG00000054267,110,152
ENSG00000104826,110,153
ENSG00000197860,110,154
ENSG00000153283,110,155
ENSG00000143278,110,156
ENSG00000147697,110,157
ENSG00000120242,110,158
ENSG00000221837,110,159
ENSG00000203685,110,160
ENSG00000172123,110,161
ENSG00000147124,110,162
ENSG00000172987,110,163
ENSG00000273696,110,164
ENSG00000260220,110,165
ENSG00000125633,110,166
ENSG00000182489,110,167
ENSG00000120210,110,168
ENSG00000276950,110,169
ENSG00000148680,110,170
ENSG00000186472,110,171
ENSG00000237388,110,172
ENSG00000100321,110,173
ENSG00000187164,110,174
ENSG00000125255,110,175
ENSG00000140505,110,176
ENSG00000258405,110,177
ENSG00000161298,110,178
ENSG00000150261,110,179
ENSG00000203690,110,180
ENSG00000010310,110,181
ENSG00000242550,110,182
ENSG00000172888,110,183
ENSG00000145216,110,184
ENSG00000133958,110,185
ENSG00000108823,110,186
ENSG00000041353,110,187
ENSG00000144445,110,188
ENSG00000178761,110,189
ENSG00000187987,110,190
ENSG00000080644,110,191
ENSG00000113520,110,192
ENSG00000168135,110,193
ENSG00000054356,110,194
ENSG00000174740,110,195
ENSG00000275113,110,196
ENSG00000136104,110,197
ENSG00000187838,110,198
ENSG00000197361,110,199
ENSG00000070778,110,200
ENSG00000182700,110,201
ENSG00000165525,110,202
ENSG00000149124,110,203
ENSG00000198182,110,204
ENSG00000269755,110,205
ENSG00000174015,110,206
ENSG00000188452,110,207
ENSG00000072858,110,208
ENSG00000148156,110,209
ENSG00000171116,110,210
ENSG00000170279,110,211
ENSG00000165409,110,212
ENSG00000132970,110,213
ENSG00000198915,110,214
ENSG00000243989,110,215
ENSG00000251369,110,216
ENSG00000140459,110,217
ENSG00000136449,110,218
ENSG00000118298,110,219
ENSG00000133475,110,220
ENSG00000203907,110,221
ENSG00000257743,110,222
ENSG00000160111,110,223
ENSG00000108666,110,224
ENSG00000188997,110,225
ENSG00000185742,110,226
ENSG00000120833,110,227
ENSG00000082556,110,228
ENSG00000135439,110,229
ENSG00000019186,110,230
ENSG00000170689,110,231
ENSG00000108379,110,232
ENSG00000099957,110,233
ENSG00000102239,110,234
ENSG00000267261,110,235
ENSG00000091536,110,236
ENSG00000113525,110,237
ENSG00000212938,110,238
ENSG00000221947,110,239
ENSG00000156687,110,240
ENSG00000233803,110,241
ENSG00000154864,110,242
ENSG00000169800,110,243
ENSG00000141404,110,244
ENSG00000181847,110,245
ENSG00000153233,110,246
ENSG00000164743,110,247
ENSG00000197786,110,248
ENSG00000204969,110,249
ENSG00000215174,110,250
ENSG00000151838,110,251
ENSG00000165478,110,252
ENSG00000139445,110,253
ENSG00000225110,110,254
ENSG00000173320,110,255
ENSG00000175143,110,256
28160,111,1
28161,111,2
28162,111,3
28163,111,4
28164,111,5
28165,111,6
28166,111,7
28167,111,8
28168,111,9
28169,111,10
28170,111,11
28171,111,12
28172,111,13
28173,111,14
28174,111,15
28175,111,16
28176,111,17
28177,111,18
28178,111,19
28179,111,20
28180,111,21
28181,111,22
28182,111,23
28183,111,24
28184,111,25
28185,111,26
28186,111,27
28187,111,28
28188,111,29
28189,111,30
28190,111,31
ENSG00000108298,111,32
28192,111,33
ENSG00000105193,111,34
ENSG00000167996,111,35
28195,111,36
28196,111,37
28197,111,38
28198,111,39
28199,111,40
28200,111,41
28201,111,42
28202,111,43
28203,111,44
28204,111,45
28205,111,46
28206,111,47
28207,111,48
28208,111,49
28209,111,50
28210,111,51
28211,111,52
28212,111,53
28213,111,54
28214,111,55
28215,111,56
28216,111,57
28217,111,58
28218,111,59
28219,111,60
28220,111,61
28221,111,62
28222,111,63
28223,111,64
28224,111,65
28225,111,66
28226,111,67
28227,111,68
28228,111,69
28229,111,70
28230,111,71
28231,111,72
28232,111,73
28233,111,74
28234,111,75
28235,111,76
28236,111,77
28237,111,78
28238,111,79
28239,111,80
28240,111,81
28241,111,82
28242,111,83
ENSG00000120885,111,84
28244,111,85
28245,111,86
28246,111,87
28247,111,88
28248,111,89
28249,111,90
28250,111,91
28251,111,92
28252,111,93
28253,111,94
ENSG00000166401,111,95
ENSG00000152583,111,96
ENSG00000065883,111,97
ENSG00000178980,111,98
ENSG00000111725,111,99
ENSG00000164329,111,100
ENSG00000176092,111,101
ENSG00000172661,111,102
ENSG00000067900,111,103
ENSG00000065970,111,104
ENSG00000108557,111,105
ENSG00000162129,111,106
ENSG00000169435,111,107
ENSG00000099899,111,108
ENSG00000198026,111,109
ENSG00000006210,111,110
ENSG00000119638,111,111
ENSG00000100852,111,112
ENSG00000006459,111,113
ENSG00000159267,111,114
ENSG00000155926,111,115
ENSG00000069122,111,116
ENSG00000088827,111,117
ENSG00000165675,111,118
ENSG00000135736,111,119
ENSG00000157350,111,120
ENSG00000128585,111,121
ENSG00000125378,111,122
ENSG00000196872,111,123
ENSG00000100228,111,124
ENSG00000111203,111,125
ENSG00000146263,111,126
ENSG00000204544,111,127
ENSG00000186407,111,128
ENSG00000182379,111,129
ENSG00000177694,111,130
ENSG00000181220,111,131
ENSG00000137070,111,132
ENSG00000275379,111,133
ENSG00000149021,111,134
ENSG00000196152,111,135
ENSG00000008516,111,136
ENSG00000166823,111,137
ENSG00000134897,111,138
ENSG00000115365,111,139
ENSG00000117322,111,140
ENSG00000068903,111,141
ENSG00000105672,111,142
ENSG00000124334,111,143
ENSG00000205277,111,144
ENSG00000106346,111,145
ENSG00000173080,111,146
ENSG00000169550,111,147
ENSG00000241404,111,148
ENSG00000132464,111,149
ENSG00000061455,111,150
ENSG00000136697,111,151
ENSG00000240230,111,152
ENSG00000272636,111,153
ENSG00000121210,111,154
ENSG00000254979,111,155
ENSG00000183921,111,156
ENSG00000118094,111,157
ENSG00000128159,111,158
ENSG00000081913,111,159
ENSG00000169228,111,160
ENSG00000277149,111,161
ENSG00000229474,111,162
ENSG00000166090,111,163
ENSG00000095370,111,164
ENSG00000172362,111,165
ENSG00000271567,111,166
ENSG00000150456,111,167
ENSG00000156009,111,168
ENSG00000144015,111,169
ENSG00000174130,111,170
ENSG00000151883,111,171
ENSG00000176476,111,172
ENSG00000197912,111,173
ENSG00000184368,111,174
ENSG00000164270,111,175
ENSG00000134595,111,176
ENSG00000161010,111,177
ENSG00000186226,111,178
ENSG00000124194,111,179
ENSG00000163492,111,180
ENSG00000175564,111,181
ENSG00000156374,111,182
ENSG00000131808,111,183
ENSG00000186925,111,184
ENSG00000101265,111,185
ENSG00000178591,111,186
ENSG00000136872,111,187
ENSG00000106714,111,188
ENSG00000251192,111,189
ENSG00000182334,111,190
ENSG00000185238,111,191
ENSG00000196466,111,192
ENSG00000220948,111,193
ENSG00000165953,111,194
ENSG00000175202,111,195
ENSG00000254550,111,196
ENSG00000080561,111,197
ENSG00000187005,111,198
ENSG00000146352,111,199
ENSG00000156958,111,200
ENSG00000165410,111,201
ENSG00000130528,111,202
ENSG00000102145,111,203
ENSG00000206107,111,204
ENSG00000167733,111,205
ENSG00000120696,111,206
ENSG00000180878,111,207
ENSG00000185863,111,208
ENSG00000196734,111,209
ENSG00000197653,111,210
ENSG00000048540,111,211
ENSG00000198610,111,212
ENSG00000151224,111,213
ENSG00000233198,111,214
ENSG00000139914,111,215
ENSG00000131095,111,216
ENSG00000250151,111,217
ENSG00000104731,111,218
ENSG00000196811,111,219
ENSG00000197380,111,220
ENSG00000101115,111,221
ENSG00000157625,111,222
ENSG00000163867,111,223
ENSG00000256806,111,224
ENSG00000180424,111,225
ENSG00000166069,111,226
ENSG00000154143,111,227
ENSG00000232258,111,228
ENSG00000188064,111,229
ENSG00000117215,111,230
ENSG00000211448,111,231
ENSG00000167769,111,232
ENSG00000164822,111,233
ENSG00000222018,111,234
ENSG00000278685,111,235
ENSG00000259224,111,236
ENSG00000196666,111,237
ENSG00000074317,111,238
ENSG00000186952,111,239
ENSG00000180176,111,240
ENSG00000166926,111,241
ENSG00000261582,111,242
ENSG00000258839,111,243
ENSG00000235387,111,244
ENSG00000100604,111,245
ENSG00000172508,111,246
ENSG00000187553,111,247
ENSG00000126778,111,248
ENSG00000237378,111,249
ENSG00000168594,111,250
ENSG00000167723,111,251
ENSG00000123700,111,252
ENSG00000176605,111,253
ENSG00000171180,111,254
ENSG00000177992,111,255
ENSG00000173262,111,256
28416,112,1
28417,112,2
28418,112,3
28419,112,4
28420,112,5
28421,112,6
28422,112,7
28423,112,8
28424,112,9
28425,112,10
28426,112,11
28427,112,12
28428,112,13
28429,112,14
28430,112,15
28431,112,16
28432,112,17
28433,112,18
28434,112,19
28435,112,20
28436,112,21
28437,112,22
28438,112,23
28439,112,24
28440,112,25
28441,112,26
28442,112,27
28443,112,28
28444,112,29
28445,112,30
28446,112,31
28447,112,32
28448,112,33
28449,112,34
28450,112,35
28451,112,36
28452,112,37
28453,112,38
28454,112,39
28455,112,40
28456,112,41
28457,112,42
28458,112,43
28459,112,44
28460,112,45
28461,112,46
28462,112,47
28463,112,48
28464,112,49
28465,112,50
28466,112,51
28467,112,52
28468,112,53
28469,112,54
28470,112,55
28471,112,56
28472,112,57
28473,112,58
28474,112,59
28475,112,60
28476,112,61
28477,112,62
28478,112,63
28479,112,64
28480,112,65
28481,112,66
28482,112,67
28483,112,68
28484,112,69
28485,112,70
28486,112,71
28487,112,72
28488,112,73
28489,112,74
28490,112,75
28491,112,76
28492,112,77
28493,112,78
28494,112,79
28495,112,80
28496,112,81
28497,112,82
28498,112,83
28499,112,84
28500,112,85
28501,112,86
28502,112,87
28503,112,88
28504,112,89
28505,112,90
28506,112,91
28507,112,92
28508,112,93
28509,112,94
ENSG00000134317,112,95
ENSG00000046651,112,96
ENSG00000163608,112,97
ENSG00000135392,112,98
ENSG00000118873,112,99
ENSG00000107669,112,100
ENSG00000239713,112,101
ENSG00000182208,112,102
ENSG00000127418,112,103
ENSG00000122691,112,104
ENSG00000011405,112,105
ENSG00000149761,112,106
ENSG00000163563,112,107
ENSG00000064270,112,108
ENSG00000196476,112,109
ENSG00000137171,112,110
ENSG00000138162,112,111
ENSG00000083817,112,112
ENSG00000035499,112,113
ENSG00000188372,112,114
ENSG00000132561,112,115
ENSG00000055147,112,116
ENSG00000114013,112,117
ENSG00000166037,112,118
ENSG00000108469,112,119
ENSG00000103351,112,120
ENSG00000152147,112,121
ENSG00000188827,112,122
ENSG00000100104,112,123
ENSG00000112659,112,124
ENSG00000005302,112,125
ENSG00000187676,112,126
ENSG00000172465,112,127
ENSG00000196470,112,128
ENSG00000177570,112,129
ENSG00000151729,112,130
ENSG00000105245,112,131
ENSG00000092929,112,132
ENSG00000186977,112,133
ENSG00000067365,112,134
ENSG00000121440,112,135
ENSG00000204519,112,136
ENSG00000170298,112,137
ENSG00000196418,112,138
ENSG00000101144,112,139
ENSG00000067191,112,140
ENSG00000089505,112,141
ENSG00000151229,112,142
ENSG00000165695,112,143
ENSG00000013392,112,144
ENSG00000257062,112,145
ENSG00000142449,112,146
ENSG00000163138,112,147
ENSG00000263429,112,148
ENSG00000140022,112,149
ENSG00000133103,112,150
ENSG00000171840,112,151
ENSG00000119547,112,152
ENSG00000068971,112,153
ENSG00000164485,112,154
ENSG00000214534,112,155
ENSG00000183638,112,156
ENSG00000165138,112,157
ENSG00000176009,112,158
ENSG00000142279,112,159
ENSG00000183668,112,160
ENSG00000269190,112,161
ENSG00000146809,112,162
ENSG00000262730,112,163
ENSG00000154133,112,164
ENSG00000128652,112,165
ENSG00000152266,112,166
ENSG00000100027,112,167
ENSG00000125695,112,168
ENSG00000197977,112,169
ENSG00000221968,112,170
ENSG00000205328,112,171
ENSG00000180043,112,172
ENSG00000099326,112,173
ENSG00000185958,112,174
ENSG00000167637,112,175
ENSG00000163116,112,176
ENSG00000188263,112,177
ENSG00000158639,112,178
ENSG00000198690,112,179
ENSG00000183760,112,180
ENSG00000121406,112,181
ENSG00000147869,112,182
ENSG00000100099,112,183
ENSG00000141946,112,184
ENSG00000214929,112,185
ENSG00000128815,112,186
ENSG00000173404,112,187
ENSG00000225805,112,188
ENSG00000167311,112,189
ENSG00000175356,112,190
ENSG00000153339,112,191
ENSG00000187186,112,192
ENSG00000162068,112,193
ENSG00000249860,112,194
ENSG00000205456,112,195
ENSG00000253305,112,196
ENSG00000138468,112,197
ENSG00000258864,112,198
ENSG00000278558,112,199
ENSG00000115353,112,200
ENSG00000174448,112,201
ENSG00000186113,112,202
ENSG00000276581,112,203
ENSG00000230347,112,204
ENSG00000187772,112,205
ENSG00000130294,112,206
ENSG00000166558,112,207
ENSG00000145375,112,208
ENSG00000007129,112,209
ENSG00000186119,112,210
ENSG00000214415,112,211
ENSG00000243789,112,212
ENSG00000080007,112,213
ENSG00000183695,112,214
ENSG00000239704,112,215
ENSG00000103723,112,216
ENSG00000089723,112,217
ENSG00000248713,112,218
ENSG00000141965,112,219
ENSG00000177692,112,220
ENSG00000197272,112,221
ENSG00000168505,112,222
ENSG00000171817,112,223
ENSG00000196832,112,224
ENSG00000138316,112,225
ENSG00000204653,112,226
ENSG00000214978,112,227
ENSG00000187806,112,228
ENSG00000160219,112,229
ENSG00000133317,112,230
ENSG00000184933,112,231
ENSG00000180739,112,232
ENSG00000165973,112,233
ENSG00000110427,112,234
ENSG00000165495,112,235
ENSG00000177103,112,236
ENSG00000147724,112,237
ENSG00000173013,112,238
ENSG00000184811,112,239
ENSG00000137098,112,240
ENSG00000116996,112,241
ENSG00000111262,112,242
ENSG00000152292,112,243
ENSG00000093134,112,244
ENSG00000212993,112,245
ENSG00000169282,112,246
ENSG00000146006,112,247
ENSG00000173991,112,248
ENSG00000172361,112,249
ENSG00000221938,112,250
ENSG00000180855,112,251
ENSG00000124743,112,252
ENSG00000187783,112,253
ENSG00000134242,112,254
ENSG00000240764,112,255
ENSG00000213921,112,256
28672,113,1
28673,113,2
28674,113,3
28675,113,4
28676,113,5
28677,113,6
28678,113,7
28679,113,8
28680,113,9
28681,113,10
28682,113,11
28683,113,12
ENSG00000184009,113,13
28685,113,14
28686,113,15
28687,113,16
28688,113,17
28689,113,18
28690,113,19
28691,113,20
28692,113,21
28693,113,22
28694,113,23
28695,113,24
28696,113,25
28697,113,26
28698,113,27
28699,113,28
28700,113,29
28701,113,30
28702,113,31
28703,113,32
28704,113,33
28705,113,34
28706,113,35
28707,113,36
28708,113,37
28709,113,38
28710,113,39
28711,113,40
28712,113,41
28713,113,42
28714,113,43
28715,113,44
28716,113,45
28717,113,46
28718,113,47
28719,113,48
28720,113,49
28721,113,50
28722,113,51
28723,113,52
28724,113,53
28725,113,54
28726,113,55
28727,113,56
28728,113,57
28729,113,58
28730,113,59
28731,113,60
28732,113,61
28733,113,62
28734,113,63
28735,113,64
28736,113,65
28737,113,66
28738,113,67
28739,113,68
28740,113,69
28741,113,70
28742,113,71
28743,113,72
28744,113,73
28745,113,74
28746,113,75
28747,113,76
28748,113,77
28749,113,78
28750,113,79
28751,113,80
28752,113,81
28753,113,82
28754,113,83
28755,113,84
28756,113,85
28757,113,86
28758,113,87
28759,113,88
28760,113,89
28761,113,90
28762,113,91
28763,113,92
28764,113,93
28765,113,94
28766,113,95
ENSG00000138771,113,96
ENSG00000114383,113,97
ENSG00000125484,113,98
ENSG00000130176,113,99
ENSG00000100109,113,100
ENSG00000273559,113,101
ENSG00000108021,113,102
ENSG00000159714,113,103
ENSG00000163171,113,104
ENSG00000120137,113,105
ENSG00000136144,113,106
ENSG00000141428,113,107
ENSG00000141854,113,108
ENSG00000154839,113,109
ENSG00000181852,113,110
ENSG00000276966,113,111
ENSG00000181027,113,112
ENSG00000126216,113,113
ENSG00000011258,113,114
ENSG00000126243,113,115
ENSG00000109674,113,116
ENSG00000107362,113,117
ENSG00000172215,113,118
ENSG00000008294,113,119
ENSG00000101187,113,120
ENSG00000018280,113,121
ENSG00000175198,113,122
ENSG00000167754,113,123
ENSG00000167861,113,124
ENSG00000164885,113,125
ENSG00000178295,113,126
ENSG00000183323,113,127
ENSG00000162139,113,128
ENSG00000107443,113,129
ENSG00000133392,113,130
ENSG00000120280,113,131
ENSG00000197479,113,132
ENSG00000122870,113,133
ENSG00000175556,113,134
ENSG00000173157,113,135
ENSG00000145332,113,136
ENSG00000108622,113,137
ENSG00000212900,113,138
ENSG00000166035,113,139
ENSG00000139505,113,140
ENSG00000205364,113,141
ENSG00000198854,113,142
ENSG00000182591,113,143
ENSG00000168026,113,144
ENSG00000134146,113,145
ENSG00000030304,113,146
ENSG00000123154,113,147
ENSG00000262152,113,148
ENSG00000196482,113,149
ENSG00000127081,113,150
ENSG00000101670,113,151
ENSG00000226174,113,152
ENSG00000173124,113,153
ENSG00000169083,113,154
ENSG00000137764,113,155
ENSG00000135362,113,156
ENSG00000232070,113,157
ENSG00000088782,113,158
ENSG00000214681,113,159
ENSG00000185133,113,160
ENSG00000188626,113,161
ENSG00000138685,113,162
ENSG00000236981,113,163
ENSG00000137709,113,164
ENSG00000255552,113,165
ENSG00000064300,113,166
ENSG00000059122,113,167
ENSG00000166946,113,168
ENSG00000266074,113,169
ENSG00000189108,113,170
ENSG00000175745,113,171
ENSG00000267477,113,172
ENSG00000186562,113,173
ENSG00000147576,113,174
ENSG00000131381,113,175
ENSG00000184724,113,176
ENSG00000179476,113,177
ENSG00000166856,113,178
ENSG00000120440,113,179
ENSG00000184361,113,180
ENSG00000204882,113,181
ENSG00000143185,113,182
ENSG00000139055,113,183
ENSG00000165985,113,184
ENSG00000275688,113,185
ENSG00000023839,113,186
ENSG00000177324,113,187
ENSG00000164746,113,188
ENSG00000221996,113,189
ENSG00000171885,113,190
ENSG00000167098,113,191
ENSG00000100379,113,192
ENSG00000188816,113,193
ENSG00000173335,113,194
ENSG00000101958,113,195
ENSG00000141469,113,196
ENSG00000162006,113,197
ENSG00000175868,113,198
ENSG00000058091,113,199
ENSG00000163959,113,200
ENSG00000146038,113,201
ENSG00000089558,113,202
ENSG00000126752,113,203
ENSG00000184350,113,204
ENSG00000102003,113,205
ENSG00000204856,113,206
ENSG00000212127,113,207
ENSG00000125388,113,208
ENSG00000171489,113,209
ENSG00000047346,113,210
ENSG00000175189,113,211
ENSG00000179846,113,212
ENSG00000169371,113,213
ENSG00000214279,113,214
ENSG00000076555,113,215
ENSG00000170579,113,216
ENSG00000151151,113,217
ENSG00000145757,113,218
ENSG00000167701,113,219
ENSG00000270394,113,220
ENSG00000123243,113,221
ENSG00000197020,113,222
ENSG00000183979,113,223
ENSG00000184277,113,224
ENSG00000196431,113,225
ENSG00000158813,113,226
ENSG00000165349,113,227
ENSG00000130518,113,228
ENSG00000214562,113,229
ENSG00000258472,113,230
ENSG00000180574,113,231
ENSG00000269095,113,232
ENSG00000186453,113,233
ENSG00000140199,113,234
ENSG00000198553,113,235
ENSG00000225932,113,236
ENSG00000144488,113,237
ENSG00000183148,113,238
ENSG00000171054,113,239
ENSG00000158571,113,240
ENSG00000148948,113,241
ENSG00000160229,113,242
ENSG00000104722,113,243
ENSG00000107187,113,244
ENSG00000147570,113,245
ENSG00000134365,113,246
ENSG00000103995,113,247
ENSG00000254122,113,248
ENSG00000124116,113,249
ENSG00000249624,113,250
ENSG00000004848,113,251
ENSG00000223614,113,252
ENSG00000197776,113,253
ENSG00000147573,113,254
ENSG00000086696,113,255
ENSG00000175097,113,256
28928,114,1
28929,114,2
28930,114,3
28931,114,4
28932,114,5
28933,114,6
28934,114,7
28935,114,8
28936,114,9
28937,114,10
28938,114,11
28939,114,12
ENSG00000111640,114,13
ENSG00000034510,114,14
ENSG00000075624,114,15
28943,114,16
28944,114,17
28945,114,18
28946,114,19
28947,114,20
28948,114,21
28949,114,22
28950,114,23
28951,114,24
28952,114,25
28953,114,26
28954,114,27
28955,114,28
28956,114,29
28957,114,30
28958,114,31
28959,114,32
28960,114,33
28961,114,34
28962,114,35
28963,114,36
28964,114,37
28965,114,38
28966,114,39
28967,114,40
28968,114,41
28969,114,42
28970,114,43
28971,114,44
28972,114,45
28973,114,46
28974,114,47
28975,114,48
28976,114,49
28977,114,50
28978,114,51
28979,114,52
28980,114,53
28981,114,54
28982,114,55
28983,114,56
28984,114,57
28985,114,58
28986,114,59
28987,114,60
28988,114,61
28989,114,62
28990,114,63
28991,114,64
28992,114,65
28993,114,66
28994,114,67
28995,114,68
28996,114,69
28997,114,70
28998,114,71
28999,114,72
29000,114,73
29001,114,74
29002,114,75
29003,114,76
29004,114,77
29005,114,78
29006,114,79
29007,114,80
29008,114,81
29009,114,82
29010,114,83
29011,114,84
29012,114,85
29013,114,86
29014,114,87
29015,114,88
29016,114,89
29017,114,90
29018,114,91
29019,114,92
29020,114,93
29021,114,94
29022,114,95
ENSG00000166266,114,96
ENSG00000185753,114,97
ENSG00000170037,114,98
ENSG00000164597,114,99
ENSG00000115904,114,100
ENSG00000104613,114,101
ENSG00000090989,114,102
ENSG00000086200,114,103
ENSG00000166123,114,104
ENSG00000092470,114,105
ENSG00000171163,114,106
ENSG00000173269,114,107
ENSG00000172243,114,108
ENSG00000149016,114,109
ENSG00000176842,114,110
ENSG00000160218,114,111
ENSG00000159079,114,112
ENSG00000152767,114,113
ENSG00000038945,114,114
ENSG00000170088,114,115
ENSG00000204604,114,116
ENSG00000131791,114,117
ENSG00000166289,114,118
ENSG00000158555,114,119
ENSG00000164031,114,120
ENSG00000177602,114,121
ENSG00000180801,114,122
ENSG00000149554,114,123
ENSG00000128731,114,124
ENSG00000144647,114,125
ENSG00000171310,114,126
ENSG00000119922,114,127
ENSG00000196150,114,128
ENSG00000203883,114,129
ENSG00000148690,114,130
ENSG00000006062,114,131
ENSG00000106006,114,132
ENSG00000120215,114,133
ENSG00000109680,114,134
ENSG00000173599,114,135
ENSG00000105497,114,136
ENSG00000268533,114,137
ENSG00000180549,114,138
ENSG00000100722,114,139
ENSG00000163872,114,140
ENSG00000197769,114,141
ENSG00000161526,114,142
ENSG00000259399,114,143
ENSG00000162642,114,144
ENSG00000159905,114,145
ENSG00000147874,114,146
ENSG00000205922,114,147
ENSG00000164291,114,148
ENSG00000280148,114,149
ENSG00000212124,114,150
ENSG00000168065,114,151
ENSG00000186714,114,152
ENSG00000144061,114,153
ENSG00000167419,114,154
ENSG00000162399,114,155
ENSG00000258052,114,156
ENSG00000132141,114,157
ENSG00000260234,114,158
ENSG00000256500,114,159
ENSG00000121314,114,160
ENSG00000141449,114,161
ENSG00000185915,114,162
ENSG00000204695,114,163
ENSG00000272104,114,164
ENSG00000137878,114,165
ENSG00000167995,114,166
ENSG00000278677,114,167
ENSG00000186642,114,168
ENSG00000154710,114,169
ENSG00000161849,114,170
ENSG00000172476,114,171
ENSG00000259511,114,172
ENSG00000271824,114,173
ENSG00000084674,114,174
ENSG00000112365,114,175
ENSG00000147613,114,176
ENSG00000146147,114,177
ENSG00000165181,114,178
ENSG00000205327,114,179
ENSG00000180773,114,180
ENSG00000055957,114,181
ENSG00000182177,114,182
ENSG00000269096,114,183
ENSG00000124089,114,184
ENSG00000242866,114,185
ENSG00000186073,114,186
ENSG00000118160,114,187
ENSG00000275714,114,188
ENSG00000100206,114,189
ENSG00000182450,114,190
ENSG00000256683,114,191
ENSG00000177186,114,192
ENSG00000007350,114,193
ENSG00000174667,114,194
ENSG00000166634,114,195
ENSG00000154646,114,196
ENSG00000118271,114,197
ENSG00000005810,114,198
ENSG00000205755,114,199
ENSG00000010818,114,200
ENSG00000008735,114,201
ENSG00000221887,114,202
ENSG00000172208,114,203
ENSG00000146955,114,204
ENSG00000249662,114,205
ENSG00000169783,114,206
ENSG00000038295,114,207
ENSG00000261857,114,208
ENSG00000107864,114,209
ENSG00000133454,114,210
ENSG00000181963,114,211
ENSG00000080298,114,212
ENSG00000103245,114,213
ENSG00000184786,114,214
ENSG00000188732,114,215
ENSG00000254901,114,216
ENSG00000100433,114,217
ENSG00000125285,114,218
ENSG00000277865,114,219
ENSG00000264668,114,220
ENSG00000240720,114,221
ENSG00000161992,114,222
ENSG00000206562,114,223
ENSG00000204956,114,224
ENSG00000092200,114,225
ENSG00000164406,114,226
ENSG00000134200,114,227
ENSG00000170276,114,228
ENSG00000151849,114,229
ENSG00000173114,114,230
ENSG00000144290,114,231
ENSG00000186439,114,232
ENSG00000203733,114,233
ENSG00000118972,114,234
ENSG00000176155,114,235
ENSG00000187268,114,236
ENSG00000157782,114,237
ENSG00000161609,114,238
ENSG00000204172,114,239
ENSG00000174429,114,240
ENSG00000255181,114,241
ENSG00000124191,114,242
ENSG00000182870,114,243
ENSG00000166211,114,244
ENSG00000130649,114,245
ENSG00000206531,114,246
ENSG00000130822,114,247
ENSG00000164393,114,248
ENSG00000188782,114,249
ENSG00000111087,114,250
ENSG00000167562,114,251
ENSG00000187624,114,252
ENSG00000123843,114,253
ENSG00000186446,114,254
ENSG00000101276,114,255
ENSG00000146267,114,256
29184,115,1
29185,115,2
29186,115,3
29187,115,4
29188,115,5
29189,115,6
29190,115,7
29191,115,8
29192,115,9
29193,115,10
29194,115,11
29195,115,12
ENSG00000142541,115,13
ENSG00000231500,115,14
ENSG00000156508,115,15
29199,115,16
29200,115,17
29201,115,18
29202,115,19
29203,115,20
29204,115,21
29205,115,22
29206,115,23
29207,115,24
29208,115,25
29209,115,26
29210,115,27
29211,115,28
29212,115,29
29213,115,30
29214,115,31
29215,115,32
29216,115,33
29217,115,34
29218,115,35
29219,115,36
29220,115,37
29221,115,38
29222,115,39
29223,115,40
29224,115,41
29225,115,42
29226,115,43
29227,115,44
29228,115,45
29229,115,46
29230,115,47
29231,115,48
29232,115,49
29233,115,50
29234,115,51
29235,115,52
29236,115,53
29237,115,54
29238,115,55
29239,115,56
29240,115,57
29241,115,58
29242,115,59
29243,115,60
29244,115,61
29245,115,62
29246,115,63
29247,115,64
29248,115,65
29249,115,66
29250,115,67
29251,115,68
29252,115,69
29253,115,70
29254,115,71
29255,115,72
29256,115,73
29257,115,74
29258,115,75
29259,115,76
29260,115,77
29261,115,78
29262,115,79
29263,115,80
29264,115,81
29265,115,82
29266,115,83
29267,115,84
29268,115,85
29269,115,86
29270,115,87
29271,115,88
29272,115,89
29273,115,90
29274,115,91
29275,115,92
29276,115,93
29277,115,94
29278,115,95
ENSG00000135318,115,96
ENSG00000177311,115,97
ENSG00000114796,115,98
ENSG00000156735,115,99
ENSG00000084072,115,100
ENSG00000158321,115,101
ENSG00000100934,115,102
ENSG00000138131,115,103
ENSG00000156928,115,104
ENSG00000171051,115,105
ENSG00000095066,115,106
ENSG00000162062,115,107
ENSG00000122547,115,108
ENSG00000068796,115,109
ENSG00000197296,115,110
ENSG00000108506,115,111
ENSG00000166847,115,112
ENSG00000123500,115,113
ENSG00000149150,115,114
ENSG00000129455,115,115
ENSG00000185129,115,116
ENSG00000113649,115,117
ENSG00000075651,115,118
ENSG00000064393,115,119
ENSG00000120675,115,120
ENSG00000071794,115,121
ENSG00000138834,115,122
ENSG00000134444,115,123
ENSG00000167967,115,124
ENSG00000033800,115,125
ENSG00000100271,115,126
ENSG00000158714,115,127
ENSG00000178409,115,128
ENSG00000148225,115,129
ENSG00000100629,115,130
ENSG00000187824,115,131
ENSG00000083799,115,132
ENSG00000103710,115,133
ENSG00000124788,115,134
ENSG00000170484,115,135
ENSG00000101247,115,136
ENSG00000173908,115,137
ENSG00000082175,115,138
ENSG00000265590,115,139
ENSG00000101333,115,140
ENSG00000185614,115,141
ENSG00000125657,115,142
ENSG00000168952,115,143
ENSG00000085741,115,144
ENSG00000138592,115,145
ENSG00000204873,115,146
ENSG00000145979,115,147
ENSG00000100197,115,148
ENSG00000127774,115,149
ENSG00000260325,115,150
ENSG00000236543,115,151
ENSG00000187848,115,152
ENSG00000188283,115,153
ENSG00000197385,115,154
ENSG00000196166,115,155
ENSG00000135537,115,156
ENSG00000162066,115,157
ENSG00000222047,115,158
ENSG00000167604,115,159
ENSG00000186812,115,160
ENSG00000176533,115,161
ENSG00000105711,115,162
ENSG00000111886,115,163
ENSG00000099910,115,164
ENSG00000198719,115,165
ENSG00000234828,115,166
ENSG00000117154,115,167
ENSG00000184788,115,168
ENSG00000272031,115,169
ENSG00000187243,115,170
ENSG00000166664,115,171
ENSG00000225362,115,172
ENSG00000258724,115,173
ENSG00000176697,115,174
ENSG00000054938,115,175
ENSG00000176994,115,176
ENSG00000173678,115,177
ENSG00000183304,115,178
ENSG00000233024,115,179
ENSG00000137204,115,180
ENSG00000184517,115,181
ENSG00000175699,115,182
ENSG00000082293,115,183
ENSG00000106123,115,184
ENSG00000155249,115,185
ENSG00000162763,115,186
ENSG00000067840,115,187
ENSG00000161265,115,188
ENSG00000172548,115,189
ENSG00000124216,115,190
ENSG00000130167,115,191
ENSG00000185989,115,192
ENSG00000100024,115,193
ENSG00000145147,115,194
ENSG00000271321,115,195
ENSG00000260916,115,196
ENSG00000157890,115,197
ENSG00000092094,115,198
ENSG00000168925,115,199
ENSG00000164796,115,200
ENSG00000189375,115,201
ENSG00000198963,115,202
ENSG00000164076,115,203
ENSG00000119703,115,204
ENSG00000170486,115,205
ENSG00000137727,115,206
ENSG00000034533,115,207
ENSG00000180481,115,208
ENSG00000164398,115,209
ENSG00000243716,115,210
ENSG00000176900,115,211
ENSG00000274997,115,212
ENSG00000183318,115,213
ENSG00000160973,115,214
ENSG00000135426,115,215
ENSG00000180592,115,216
ENSG00000156886,115,217
ENSG00000224109,115,218
ENSG00000170085,115,219
ENSG00000154134,115,220
ENSG00000168070,115,221
ENSG00000206262,115,222
ENSG00000145113,115,223
ENSG00000177511,115,224
ENSG00000176273,115,225
ENSG00000148288,115,226
ENSG00000197487,115,227
ENSG00000131068,115,228
ENSG00000108700,115,229
ENSG00000126733,115,230
ENSG00000099999,115,231
ENSG00000255009,115,232
ENSG00000182885,115,233
ENSG00000173214,115,234
ENSG00000198556,115,235
ENSG00000269313,115,236
ENSG00000163075,115,237
ENSG00000036672,115,238
ENSG00000105668,115,239
ENSG00000070371,115,240
ENSG00000107611,115,241
ENSG00000104044,115,242
ENSG00000198205,115,243
ENSG00000277971,115,244
ENSG00000079112,115,245
ENSG00000176909,115,246
ENSG00000198088,115,247
ENSG00000204279,115,248
ENSG00000148832,115,249
ENSG00000147183,115,250
ENSG00000256591,115,251
ENSG00000164430,115,252
ENSG00000146755,115,253
ENSG00000142538,115,254
ENSG00000183960,115,255
ENSG00000184144,115,256
29440,116,1
29441,116,2
29442,116,3
29443,116,4
29444,116,5
29445,116,6
29446,116,7
29447,116,8
29448,116,9
29449,116,10
29450,116,11
29451,116,12
ENSG00000142534,116,13
29453,116,14
ENSG00000112306,116,15
29455,116,16
29456,116,17
29457,116,18
29458,116,19
29459,116,20
29460,116,21
29461,116,22
29462,116,23
29463,116,24
29464,116,25
29465,116,26
29466,116,27
29467,116,28
29468,116,29
29469,116,30
29470,116,31
29471,116,32
29472,116,33
29473,116,34
29474,116,35
29475,116,36
29476,116,37
29477,116,38
29478,116,39
29479,116,40
29480,116,41
29481,116,42
29482,116,43
29483,116,44
29484,116,45
29485,116,46
29486,116,47
29487,116,48
29488,116,49
29489,116,50
29490,116,51
29491,116,52
29492,116,53
29493,116,54
29494,116,55
29495,116,56
29496,116,57
29497,116,58
29498,116,59
29499,116,60
29500,116,61
29501,116,62
29502,116,63
29503,116,64
29504,116,65
29505,116,66
29506,116,67
29507,116,68
29508,116,69
29509,116,70
29510,116,71
29511,116,72
29512,116,73
29513,116,74
29514,116,75
29515,116,76
29516,116,77
29517,116,78
29518,116,79
29519,116,80
29520,116,81
29521,116,82
29522,116,83
29523,116,84
29524,116,85
29525,116,86
29526,116,87
29527,116,88
29528,116,89
29529,116,90
29530,116,91
29531,116,92
29532,116,93
29533,116,94
29534,116,95
ENSG00000105643,116,96
ENSG00000198517,116,97
ENSG00000166398,116,98
ENSG00000005100,116,99
ENSG00000198551,116,100
ENSG00000184828,116,101
ENSG00000241878,116,102
ENSG00000144909,116,103
ENSG00000166068,116,104
ENSG00000137770,116,105
ENSG00000204366,116,106
ENSG00000139531,116,107
ENSG00000133028,116,108
ENSG00000173530,116,109
ENSG00000005238,116,110
ENSG00000107719,116,111
ENSG00000167395,116,112
ENSG00000182534,116,113
ENSG00000126775,116,114
ENSG00000138190,116,115
ENSG00000072958,116,116
ENSG00000156671,116,117
ENSG00000197150,116,118
ENSG00000072422,116,119
ENSG00000178502,116,120
ENSG00000178093,116,121
ENSG00000136158,116,122
ENSG00000027847,116,123
ENSG00000100106,116,124
ENSG00000152700,116,125
ENSG00000146477,116,126
ENSG00000103528,116,127
ENSG00000102970,116,128
ENSG00000104205,116,129
ENSG00000182162,116,130
ENSG00000146414,116,131
ENSG00000165632,116,132
ENSG00000112186,116,133
ENSG00000101004,116,134
ENSG00000253250,116,135
ENSG00000139668,116,136
ENSG00000241973,116,137
ENSG00000183208,116,138
ENSG00000261832,116,139
ENSG00000105656,116,140
ENSG00000277117,116,141
ENSG00000169682,116,142
ENSG00000133433,116,143
ENSG00000127928,116,144
ENSG00000106404,116,145
ENSG00000205609,116,146
ENSG00000165684,116,147
ENSG00000225950,116,148
ENSG00000046774,116,149
ENSG00000186020,116,150
ENSG00000169688,116,151
ENSG00000183918,116,152
ENSG00000175322,116,153
ENSG00000144481,116,154
ENSG00000170558,116,155
ENSG00000164185,116,156
ENSG00000175946,116,157
ENSG00000267368,116,158
ENSG00000273604,116,159
ENSG00000182621,116,160
ENSG00000277363,116,161
ENSG00000181722,116,162
ENSG00000157322,116,163
ENSG00000167333,116,164
ENSG00000154309,116,165
ENSG00000165837,116,166
ENSG00000175646,116,167
ENSG00000181585,116,168
ENSG00000275718,116,169
ENSG00000154493,116,170
ENSG00000185634,116,171
ENSG00000249481,116,172
ENSG00000054793,116,173
ENSG00000167964,116,174
ENSG00000268083,116,175
ENSG00000164440,116,176
ENSG00000273217,116,177
ENSG00000165084,116,178
ENSG00000244274,116,179
ENSG00000164645,116,180
ENSG00000118507,116,181
ENSG00000136110,116,182
ENSG00000183644,116,183
ENSG00000213023,116,184
ENSG00000126500,116,185
ENSG00000103226,116,186
ENSG00000133858,116,187
ENSG00000114656,116,188
ENSG00000105825,116,189
ENSG00000182938,116,190
ENSG00000165533,116,191
ENSG00000158525,116,192
ENSG00000165996,116,193
ENSG00000204978,116,194
ENSG00000157542,116,195
ENSG00000205030,116,196
ENSG00000101200,116,197
ENSG00000248905,116,198
ENSG00000187918,116,199
ENSG00000205363,116,200
ENSG00000112210,116,201
ENSG00000165972,116,202
ENSG00000185926,116,203
ENSG00000255393,116,204
ENSG00000185513,116,205
ENSG00000105143,116,206
ENSG00000164902,116,207
ENSG00000147223,116,208
ENSG00000204539,116,209
ENSG00000188582,116,210
ENSG00000169855,116,211
ENSG00000196544,116,212
ENSG00000187151,116,213
ENSG00000166548,116,214
ENSG00000274749,116,215
ENSG00000144357,116,216
ENSG00000152359,116,217
ENSG00000105479,116,218
ENSG00000267909,116,219
ENSG00000120049,116,220
ENSG00000198598,116,221
ENSG00000278961,116,222
ENSG00000176302,116,223
ENSG00000101251,116,224
ENSG00000103546,116,225
ENSG00000132693,116,226
ENSG00000197734,116,227
ENSG00000231887,116,228
ENSG00000254469,116,229
ENSG00000215012,116,230
ENSG00000197275,116,231
ENSG00000101292,116,232
ENSG00000163749,116,233
ENSG00000009765,116,234
ENSG00000120693,116,235
ENSG00000185758,116,236
ENSG00000280165,116,237
ENSG00000066827,116,238
ENSG00000123901,116,239
ENSG00000171564,116,240
ENSG00000269526,116,241
ENSG00000172000,116,242
ENSG00000179044,116,243
ENSG00000186910,116,244
ENSG00000188691,116,245
ENSG00000120051,116,246
ENSG00000102104,116,247
ENSG00000169184,116,248
ENSG00000270011,116,249
ENSG00000148602,116,250
ENSG00000269964,116,251
ENSG00000139292,116,252
ENSG00000130377,116,253
ENSG00000157445,116,254
ENSG00000186860,116,255
ENSG00000214510,116,256
29696,117,1
29697,117,2
29698,117,3
29699,117,4
29700,117,5
29701,117,6
29702,117,7
29703,117,8
29704,117,9
29705,117,10
29706,117,11
29707,117,12
29708,117,13
29709,117,14
29710,117,15
29711,117,16
29712,117,17
29713,117,18
29714,117,19
29715,117,20
29716,117,21
29717,117,22
29718,117,23
29719,117,24
29720,117,25
29721,117,26
29722,117,27
29723,117,28
29724,117,29
29725,117,30
29726,117,31
29727,117,32
29728,117,33
29729,117,34
29730,117,35
29731,117,36
29732,117,37
29733,117,38
29734,117,39
29735,117,40
29736,117,41
29737,117,42
29738,117,43
29739,117,44
29740,117,45
29741,117,46
29742,117,47
29743,117,48
29744,117,49
29745,117,50
29746,117,51
29747,117,52
29748,117,53
29749,117,54
29750,117,55
29751,117,56
29752,117,57
29753,117,58
29754,117,59
29755,117,60
29756,117,61
29757,117,62
29758,117,63
29759,117,64
29760,117,65
29761,117,66
29762,117,67
29763,117,68
29764,117,69
29765,117,70
29766,117,71
29767,117,72
29768,117,73
29769,117,74
29770,117,75
29771,117,76
29772,117,77
29773,117,78
29774,117,79
29775,117,80
29776,117,81
29777,117,82
29778,117,83
29779,117,84
29780,117,85
29781,117,86
29782,117,87
29783,117,88
29784,117,89
29785,117,90
29786,117,91
29787,117,92
29788,117,93
29789,117,94
29790,117,95
ENSG00000168397,117,96
ENSG00000139697,117,97
ENSG00000109689,117,98
ENSG00000177303,117,99
ENSG00000072840,117,100
ENSG00000126653,117,101
ENSG00000104299,117,102
ENSG00000134779,117,103
ENSG00000101868,117,104
ENSG00000120071,117,105
ENSG00000186493,117,106
ENSG00000131943,117,107
ENSG00000122912,117,108
ENSG00000154945,117,109
ENSG00000132323,117,110
ENSG00000104884,117,111
ENSG00000164603,117,112
ENSG00000155893,117,113
ENSG00000107159,117,114
ENSG00000162949,117,115
ENSG00000078177,117,116
ENSG00000137177,117,117
ENSG00000068097,117,118
ENSG00000177030,117,119
ENSG00000177257,117,120
ENSG00000168016,117,121
ENSG00000177076,117,122
ENSG00000134318,117,123
ENSG00000150867,117,124
ENSG00000174136,117,125
ENSG00000166436,117,126
ENSG00000178026,117,127
ENSG00000198108,117,128
ENSG00000270617,117,129
ENSG00000101246,117,130
ENSG00000109118,117,131
ENSG00000184999,117,132
ENSG00000198453,117,133
ENSG00000120800,117,134
ENSG00000153944,117,135
ENSG00000155495,117,136
ENSG00000154217,117,137
ENSG00000184925,117,138
ENSG00000164935,117,139
ENSG00000114853,117,140
ENSG00000141034,117,141
ENSG00000165188,117,142
ENSG00000099864,117,143
ENSG00000136011,117,144
ENSG00000172780,117,145
ENSG00000206113,117,146
ENSG00000184838,117,147
ENSG00000141279,117,148
ENSG00000109181,117,149
ENSG00000140995,117,150
ENSG00000128891,117,151
ENSG00000165494,117,152
ENSG00000170054,117,153
ENSG00000205572,117,154
ENSG00000089225,117,155
ENSG00000137478,117,156
ENSG00000170374,117,157
ENSG00000178187,117,158
ENSG00000166743,117,159
ENSG00000130558,117,160
ENSG00000198774,117,161
ENSG00000279116,117,162
ENSG00000142319,117,163
ENSG00000197013,117,164
ENSG00000171916,117,165
ENSG00000241690,117,166
ENSG00000160345,117,167
ENSG00000174992,117,168
ENSG00000132563,117,169
ENSG00000111537,117,170
ENSG00000167580,117,171
ENSG00000181626,117,172
ENSG00000184302,117,173
ENSG00000175414,117,174
ENSG00000154678,117,175
ENSG00000204361,117,176
ENSG00000103310,117,177
ENSG00000163738,117,178
ENSG00000173728,117,179
ENSG00000165606,117,180
ENSG00000178033,117,181
ENSG00000277150,117,182
ENSG00000188770,117,183
ENSG00000183715,117,184
ENSG00000089094,117,185
ENSG00000100218,117,186
ENSG00000274933,117,187
ENSG00000149133,117,188
ENSG00000105641,117,189
ENSG00000242689,117,190
ENSG00000183793,117,191
ENSG00000188368,117,192
ENSG00000104938,117,193
ENSG00000170873,117,194
ENSG00000105605,117,195
ENSG00000169918,117,196
ENSG00000003096,117,197
ENSG00000148082,117,198
ENSG00000274736,117,199
ENSG00000172264,117,200
ENSG00000214128,117,201
ENSG00000100319,117,202
ENSG00000269403,117,203
ENSG00000171587,117,204
ENSG00000176749,117,205
ENSG00000064205,117,206
ENSG00000169551,117,207
ENSG00000109943,117,208
ENSG00000189431,117,209
ENSG00000156574,117,210
ENSG00000132639,117,211
ENSG00000148584,117,212
ENSG00000124260,117,213
ENSG00000179256,117,214
ENSG00000124635,117,215
ENSG00000141505,117,216
ENSG00000145337,117,217
ENSG00000182931,117,218
ENSG00000176472,117,219
ENSG00000166415,117,220
ENSG00000172247,117,221
ENSG00000203756,117,222
ENSG00000148204,117,223
ENSG00000109794,117,224
ENSG00000147655,117,225
ENSG00000249156,117,226
ENSG00000175121,117,227
ENSG00000140876,117,228
ENSG00000181698,117,229
ENSG00000236980,117,230
ENSG00000124588,117,231
ENSG00000102780,117,232
ENSG00000196844,117,233
ENSG00000134780,117,234
ENSG00000236398,117,235
ENSG00000223443,117,236
ENSG00000186881,117,237
ENSG00000160791,117,238
ENSG00000254445,117,239
ENSG00000184659,117,240
ENSG00000189401,117,241
ENSG00000183475,117,242
ENSG00000213918,117,243
ENSG00000167555,117,244
ENSG00000204613,117,245
ENSG00000171501,117,246
ENSG00000044524,117,247
ENSG00000164953,117,248
ENSG00000204450,117,249
ENSG00000141161,117,250
ENSG00000180872,117,251
ENSG00000091831,117,252
ENSG00000114200,117,253
ENSG00000250709,117,254
ENSG00000268614,117,255
ENSG00000180475,117,256
29952,118,1
29953,118,2
29954,118,3
29955,118,4
29956,118,5
29957,118,6
29958,118,7
29959,118,8
29960,118,9
29961,118,10
29962,118,11
29963,118,12
29964,118,13
29965,118,14
29966,118,15
29967,118,16
29968,118,17
29969,118,18
29970,118,19
29971,118,20
29972,118,21
29973,118,22
29974,118,23
29975,118,24
29976,118,25
29977,118,26
29978,118,27
29979,118,28
29980,118,29
29981,118,30
29982,118,31
29983,118,32
29984,118,33
29985,118,34
29986,118,35
29987,118,36
29988,118,37
29989,118,38
29990,118,39
29991,118,40
29992,118,41
29993,118,42
29994,118,43
29995,118,44
29996,118,45
29997,118,46
29998,118,47
29999,118,48
30000,118,49
30001,118,50
30002,118,51
30003,118,52
30004,118,53
30005,118,54
30006,118,55
30007,118,56
30008,118,57
30009,118,58
30010,118,59
30011,118,60
30012,118,61
30013,118,62
30014,118,63
30015,118,64
30016,118,65
30017,118,66
30018,118,67
30019,118,68
30020,118,69
30021,118,70
30022,118,71
30023,118,72
30024,118,73
30025,118,74
30026,118,75
30027,118,76
30028,118,77
30029,118,78
30030,118,79
30031,118,80
30032,118,81
30033,118,82
30034,118,83
30035,118,84
30036,118,85
30037,118,86
30038,118,87
30039,118,88
30040,118,89
30041,118,90
30042,118,91
30043,118,92
30044,118,93
30045,118,94
30046,118,95
ENSG00000070010,118,96
ENSG00000139496,118,97
ENSG00000105778,118,98
ENSG00000138617,118,99
ENSG00000075131,118,100
ENSG00000038358,118,101
ENSG00000100601,118,102
ENSG00000005436,118,103
ENSG00000139651,118,104
ENSG00000177479,118,105
ENSG00000173894,118,106
ENSG00000178921,118,107
ENSG00000175104,118,108
ENSG00000188921,118,109
ENSG00000164465,118,110
ENSG00000043143,118,111
ENSG00000119684,118,112
ENSG00000169696,118,113
ENSG00000081760,118,114
ENSG00000183826,118,115
ENSG00000159086,118,116
ENSG00000117480,118,117
ENSG00000196214,118,118
ENSG00000244094,118,119
ENSG00000135220,118,120
ENSG00000141068,118,121
ENSG00000181404,118,122
ENSG00000111727,118,123
ENSG00000167220,118,124
ENSG00000100721,118,125
ENSG00000249751,118,126
ENSG00000185164,118,127
ENSG00000140382,118,128
ENSG00000080031,118,129
ENSG00000184515,118,130
ENSG00000100351,118,131
ENSG00000139269,118,132
ENSG00000205439,118,133
ENSG00000149679,118,134
ENSG00000272647,118,135
ENSG00000261884,118,136
ENSG00000074276,118,137
ENSG00000149716,118,138
ENSG00000096996,118,139
ENSG00000148481,118,140
ENSG00000171766,118,141
ENSG00000167550,118,142
ENSG00000163904,118,143
ENSG00000204116,118,144
ENSG00000278505,118,145
ENSG00000113430,118,146
ENSG00000261740,118,147
ENSG00000196932,118,148
ENSG00000016082,118,149
ENSG00000125787,118,150
ENSG00000140859,118,151
ENSG00000142178,118,152
ENSG00000122966,118,153
ENSG00000107859,118,154
ENSG00000128739,118,155
ENSG00000234829,118,156
ENSG00000175352,118,157
ENSG00000146047,118,158
ENSG00000100445,118,159
ENSG00000241322,118,160
ENSG00000221995,118,161
ENSG00000198707,118,162
ENSG00000185894,118,163
ENSG00000137441,118,164
ENSG00000250254,118,165
ENSG00000136939,118,166
ENSG00000164129,118,167
ENSG00000182747,118,168
ENSG00000166265,118,169
ENSG00000084734,118,170
ENSG00000233917,118,171
ENSG00000196329,118,172
ENSG00000204363,118,173
ENSG00000141979,118,174
ENSG00000196358,118,175
ENSG00000196337,118,176
ENSG00000204909,118,177
ENSG00000206052,118,178
ENSG00000078487,118,179
ENSG00000168754,118,180
ENSG00000187714,118,181
ENSG00000182255,118,182
ENSG00000066230,118,183
ENSG00000182783,118,184
ENSG00000145826,118,185
ENSG00000101198,118,186
ENSG00000125872,118,187
ENSG00000006659,118,188
ENSG00000145864,118,189
ENSG00000171695,118,190
ENSG00000101162,118,191
ENSG00000178645,118,192
ENSG00000204019,118,193
ENSG00000099937,118,194
ENSG00000137252,118,195
ENSG00000156531,118,196
ENSG00000150636,118,197
ENSG00000147003,118,198
ENSG00000152580,118,199
ENSG00000121653,118,200
ENSG00000168830,118,201
ENSG00000167595,118,202
ENSG00000196378,118,203
ENSG00000136319,118,204
ENSG00000169618,118,205
ENSG00000183579,118,206
ENSG00000176463,118,207
ENSG00000198168,118,208
ENSG00000118520,118,209
ENSG00000226023,118,210
ENSG00000139574,118,211
ENSG00000154415,118,212
ENSG00000146757,118,213
ENSG00000276040,118,214
ENSG00000123454,118,215
ENSG00000259207,118,216
ENSG00000080166,118,217
ENSG00000196361,118,218
ENSG00000261341,118,219
ENSG00000125823,118,220
ENSG00000176956,118,221
ENSG00000147059,118,222
ENSG00000241233,118,223
ENSG00000099960,118,224
ENSG00000100968,118,225
ENSG00000103121,118,226
ENSG00000050438,118,227
ENSG00000271698,118,228
ENSG00000075388,118,229
ENSG00000129221,118,230
ENSG00000256713,118,231
ENSG00000197919,118,232
ENSG00000140488,118,233
ENSG00000184497,118,234
ENSG00000079102,118,235
ENSG00000268350,118,236
ENSG00000205084,118,237
ENSG00000183549,118,238
ENSG00000237671,118,239
ENSG00000154016,118,240
ENSG00000214102,118,241
ENSG00000221813,118,242
ENSG00000165682,118,243
ENSG00000143590,118,244
ENSG00000018869,118,245
ENSG00000126583,118,246
ENSG00000180210,118,247
ENSG00000052850,118,248
ENSG00000100012,118,249
ENSG00000104848,118,250
ENSG00000149507,118,251
ENSG00000230626,118,252
ENSG00000176293,118,253
ENSG00000105717,118,254
ENSG00000176774,118,255
ENSG00000212710,118,256
30208,119,1
30209,119,2
30210,119,3
30211,119,4
30212,119,5
30213,119,6
30214,119,7
30215,119,8
30216,119,9
30217,119,10
30218,119,11
30219,119,12
30220,119,13
30221,119,14
30222,119,15
30223,119,16
30224,119,17
30225,119,18
30226,119,19
30227,119,20
30228,119,21
30229,119,22
30230,119,23
30231,119,24
30232,119,25
30233,119,26
30234,119,27
30235,119,28
30236,119,29
30237,119,30
30238,119,31
30239,119,32
30240,119,33
30241,119,34
30242,119,35
30243,119,36
30244,119,37
30245,119,38
30246,119,39
30247,119,40
30248,119,41
30249,119,42
30250,119,43
30251,119,44
30252,119,45
30253,119,46
30254,119,47
30255,119,48
30256,119,49
30257,119,50
30258,119,51
30259,119,52
30260,119,53
30261,119,54
30262,119,55
30263,119,56
30264,119,57
30265,119,58
30266,119,59
30267,119,60
30268,119,61
30269,119,62
30270,119,63
30271,119,64
30272,119,65
30273,119,66
30274,119,67
30275,119,68
30276,119,69
30277,119,70
30278,119,71
30279,119,72
30280,119,73
30281,119,74
30282,119,75
30283,119,76
30284,119,77
30285,119,78
30286,119,79
30287,119,80
30288,119,81
30289,119,82
30290,119,83
30291,119,84
30292,119,85
30293,119,86
30294,119,87
30295,119,88
30296,119,89
30297,119,90
30298,119,91
30299,119,92
30300,119,93
30301,119,94
30302,119,95
30303,119,96
30304,119,97
30305,119,98
30306,119,99
30307,119,100
30308,119,101
30309,119,102
ENSG00000198743,119,103
30311,119,104
30312,119,105
30313,119,106
30314,119,107
30315,119,108
30316,119,109
ENSG00000179922,119,110
30318,119,111
ENSG00000198015,119,112
30320,119,113
30321,119,114
30322,119,115
30323,119,116
30324,119,117
30325,119,118
30326,119,119
30327,119,120
30328,119,121
30329,119,122
30330,119,123
30331,119,124
30332,119,125
30333,119,126
30334,119,127
30335,119,128
30336,119,129
30337,119,130
30338,119,131
ENSG00000134533,119,132
30340,119,133
30341,119,134
30342,119,135
30343,119,136
30344,119,137
30345,119,138
30346,119,139
30347,119,140
30348,119,141
30349,119,142
ENSG00000204595,119,143
30351,119,144
ENSG00000198513,119,145
30353,119,146
30354,119,147
30355,119,148
30356,119,149
30357,119,150
30358,119,151
30359,119,152
30360,119,153
30361,119,154
30362,119,155
30363,119,156
ENSG00000186908,119,157
30365,119,158
30366,119,159
30367,119,160
30368,119,161
ENSG00000213213,119,162
30370,119,163
30371,119,164
ENSG00000233232,119,165
30373,119,166
30374,119,167
30375,119,168
30376,119,169
30377,119,170
30378,119,171
30379,119,172
30380,119,173
30381,119,174
30382,119,175
30383,119,176
30384,119,177
30385,119,178
30386,119,179
30387,119,180
30388,119,181
30389,119,182
30390,119,183
30391,119,184
30392,119,185
30393,119,186
ENSG00000253457,119,187
30395,119,188
30396,119,189
30397,119,190
30398,119,191
30399,119,192
30400,119,193
30401,119,194
ENSG00000204323,119,195
30403,119,196
30404,119,197
30405,119,198
30406,119,199
30407,119,200
30408,119,201
30409,119,202
30410,119,203
30411,119,204
30412,119,205
30413,119,206
30414,119,207
30415,119,208
ENSG00000176563,119,209
30417,119,210
30418,119,211
30419,119,212
30420,119,213
30421,119,214
30422,119,215
ENSG00000156475,119,216
30424,119,217
30425,119,218
30426,119,219
30427,119,220
30428,119,221
30429,119,222
30430,119,223
30431,119,224
30432,119,225
30433,119,226
30434,119,227
30435,119,228
30436,119,229
30437,119,230
30438,119,231
30439,119,232
30440,119,233
30441,119,234
30442,119,235
ENSG00000261210,119,236
30444,119,237
30445,119,238
30446,119,239
30447,119,240
30448,119,241
30449,119,242
30450,119,243
30451,119,244
30452,119,245
ENSG00000105650,119,246
30454,119,247
30455,119,248
ENSG00000106328,119,249
30457,119,250
30458,119,251
30459,119,252
30460,119,253
30461,119,254
30462,119,255
30463,119,256
30464,120,1
30465,120,2
30466,120,3
30467,120,4
30468,120,5
30469,120,6
30470,120,7
30471,120,8
30472,120,9
30473,120,10
30474,120,11
30475,120,12
30476,120,13
30477,120,14
30478,120,15
30479,120,16
30480,120,17
30481,120,18
30482,120,19
30483,120,20
30484,120,21
30485,120,22
30486,120,23
30487,120,24
30488,120,25
30489,120,26
30490,120,27
30491,120,28
30492,120,29
30493,120,30
30494,120,31
30495,120,32
30496,120,33
30497,120,34
30498,120,35
30499,120,36
30500,120,37
30501,120,38
30502,120,39
30503,120,40
30504,120,41
30505,120,42
30506,120,43
30507,120,44
30508,120,45
30509,120,46
30510,120,47
30511,120,48
30512,120,49
30513,120,50
30514,120,51
30515,120,52
30516,120,53
30517,120,54
30518,120,55
30519,120,56
30520,120,57
30521,120,58
30522,120,59
30523,120,60
30524,120,61
30525,120,62
30526,120,63
30527,120,64
30528,120,65
30529,120,66
30530,120,67
30531,120,68
30532,120,69
30533,120,70
30534,120,71
30535,120,72
30536,120,73
30537,120,74
30538,120,75
30539,120,76
30540,120,77
30541,120,78
30542,120,79
30543,120,80
30544,120,81
30545,120,82
30546,120,83
30547,120,84
30548,120,85
30549,120,86
30550,120,87
30551,120,88
30552,120,89
30553,120,90
30554,120,91
30555,120,92
30556,120,93
30557,120,94
30558,120,95
30559,120,96
30560,120,97
30561,120,98
30562,120,99
30563,120,100
30564,120,101
30565,120,102
30566,120,103
30567,120,104
30568,120,105
30569,120,106
30570,120,107
30571,120,108
30572,120,109
30573,120,110
30574,120,111
30575,120,112
30576,120,113
30577,120,114
30578,120,115
30579,120,116
30580,120,117
30581,120,118
30582,120,119
30583,120,120
30584,120,121
30585,120,122
30586,120,123
30587,120,124
30588,120,125
30589,120,126
30590,120,127
30591,120,128
30592,120,129
30593,120,130
30594,120,131
30595,120,132
30596,120,133
30597,120,134
30598,120,135
30599,120,136
30600,120,137
30601,120,138
30602,120,139
30603,120,140
30604,120,141
30605,120,142
30606,120,143
30607,120,144
30608,120,145
30609,120,146
30610,120,147
30611,120,148
30612,120,149
30613,120,150
30614,120,151
30615,120,152
30616,120,153
30617,120,154
30618,120,155
30619,120,156
30620,120,157
30621,120,158
30622,120,159
30623,120,160
30624,120,161
30625,120,162
30626,120,163
30627,120,164
30628,120,165
30629,120,166
30630,120,167
30631,120,168
30632,120,169
30633,120,170
30634,120,171
30635,120,172
30636,120,173
30637,120,174
30638,120,175
30639,120,176
30640,120,177
30641,120,178
30642,120,179
30643,120,180
30644,120,181
30645,120,182
30646,120,183
30647,120,184
30648,120,185
30649,120,186
30650,120,187
30651,120,188
30652,120,189
30653,120,190
30654,120,191
30655,120,192
30656,120,193
30657,120,194
30658,120,195
30659,120,196
30660,120,197
30661,120,198
30662,120,199
30663,120,200
30664,120,201
30665,120,202
30666,120,203
30667,120,204
30668,120,205
30669,120,206
30670,120,207
30671,120,208
30672,120,209
30673,120,210
30674,120,211
30675,120,212
30676,120,213
30677,120,214
30678,120,215
30679,120,216
30680,120,217
30681,120,218
30682,120,219
30683,120,220
30684,120,221
30685,120,222
30686,120,223
30687,120,224
30688,120,225
30689,120,226
30690,120,227
30691,120,228
30692,120,229
30693,120,230
30694,120,231
30695,120,232
30696,120,233
30697,120,234
30698,120,235
30699,120,236
30700,120,237
30701,120,238
30702,120,239
30703,120,240
30704,120,241
30705,120,242
30706,120,243
30707,120,244
30708,120,245
30709,120,246
30710,120,247
30711,120,248
30712,120,249
30713,120,250
30714,120,251
30715,120,252
30716,120,253
30717,120,254
30718,120,255
30719,120,256
ENSG00000087086,121,1
30721,121,2
30722,121,3
30723,121,4
30724,121,5
30725,121,6
30726,121,7
30727,121,8
30728,121,9
30729,121,10
30730,121,11
30731,121,12
30732,121,13
30733,121,14
30734,121,15
30735,121,16
30736,121,17
30737,121,18
30738,121,19
30739,121,20
30740,121,21
30741,121,22
30742,121,23
30743,121,24
30744,121,25
30745,121,26
30746,121,27
30747,121,28
30748,121,29
30749,121,30
30750,121,31
30751,121,32
30752,121,33
30753,121,34
30754,121,35
30755,121,36
30756,121,37
30757,121,38
30758,121,39
30759,121,40
30760,121,41
30761,121,42
30762,121,43
30763,121,44
30764,121,45
30765,121,46
30766,121,47
30767,121,48
30768,121,49
30769,121,50
30770,121,51
30771,121,52
30772,121,53
30773,121,54
30774,121,55
30775,121,56
30776,121,57
30777,121,58
30778,121,59
30779,121,60
30780,121,61
30781,121,62
30782,121,63
30783,121,64
30784,121,65
30785,121,66
30786,121,67
30787,121,68
30788,121,69
30789,121,70
30790,121,71
30791,121,72
30792,121,73
30793,121,74
30794,121,75
30795,121,76
30796,121,77
30797,121,78
30798,121,79
30799,121,80
30800,121,81
30801,121,82
30802,121,83
30803,121,84
30804,121,85
30805,121,86
30806,121,87
30807,121,88
30808,121,89
30809,121,90
30810,121,91
30811,121,92
30812,121,93
30813,121,94
30814,121,95
30815,121,96
30816,121,97
30817,121,98
30818,121,99
30819,121,100
30820,121,101
30821,121,102
30822,121,103
30823,121,104
30824,121,105
30825,121,106
30826,121,107
30827,121,108
30828,121,109
30829,121,110
30830,121,111
30831,121,112
30832,121,113
30833,121,114
30834,121,115
30835,121,116
30836,121,117
30837,121,118
30838,121,119
30839,121,120
30840,121,121
30841,121,122
30842,121,123
30843,121,124
30844,121,125
30845,121,126
30846,121,127
30847,121,128
30848,121,129
30849,121,130
30850,121,131
30851,121,132
30852,121,133
30853,121,134
30854,121,135
30855,121,136
30856,121,137
30857,121,138
30858,121,139
30859,121,140
30860,121,141
30861,121,142
30862,121,143
30863,121,144
30864,121,145
30865,121,146
30866,121,147
30867,121,148
30868,121,149
30869,121,150
30870,121,151
30871,121,152
30872,121,153
30873,121,154
30874,121,155
30875,121,156
30876,121,157
30877,121,158
30878,121,159
30879,121,160
30880,121,161
30881,121,162
30882,121,163
30883,121,164
30884,121,165
30885,121,166
30886,121,167
30887,121,168
30888,121,169
30889,121,170
30890,121,171
30891,121,172
30892,121,173
30893,121,174
30894,121,175
30895,121,176
30896,121,177
30897,121,178
30898,121,179
30899,121,180
30900,121,181
30901,121,182
30902,121,183
30903,121,184
30904,121,185
30905,121,186
30906,121,187
30907,121,188
30908,121,189
30909,121,190
30910,121,191
30911,121,192
30912,121,193
30913,121,194
30914,121,195
30915,121,196
30916,121,197
30917,121,198
30918,121,199
30919,121,200
30920,121,201
30921,121,202
30922,121,203
30923,121,204
30924,121,205
30925,121,206
30926,121,207
30927,121,208
30928,121,209
30929,121,210
30930,121,211
30931,121,212
30932,121,213
30933,121,214
30934,121,215
30935,121,216
30936,121,217
30937,121,218
30938,121,219
30939,121,220
30940,121,221
30941,121,222
30942,121,223
30943,121,224
30944,121,225
30945,121,226
30946,121,227
30947,121,228
30948,121,229
30949,121,230
30950,121,231
30951,121,232
30952,121,233
30953,121,234
30954,121,235
30955,121,236
30956,121,237
30957,121,238
30958,121,239
30959,121,240
30960,121,241
30961,121,242
30962,121,243
30963,121,244
30964,121,245
30965,121,246
30966,121,247
30967,121,248
30968,121,249
30969,121,250
30970,121,251
30971,121,252
30972,121,253
30973,121,254
30974,121,255
30975,121,256
30976,122,1
30977,122,2
30978,122,3
30979,122,4
30980,122,5
30981,122,6
30982,122,7
30983,122,8
30984,122,9
30985,122,10
30986,122,11
30987,122,12
30988,122,13
30989,122,14
30990,122,15
30991,122,16
30992,122,17
30993,122,18
30994,122,19
30995,122,20
30996,122,21
30997,122,22
30998,122,23
30999,122,24
31000,122,25
31001,122,26
31002,122,27
31003,122,28
31004,122,29
31005,122,30
31006,122,31
31007,122,32
31008,122,33
31009,122,34
31010,122,35
31011,122,36
31012,122,37
31013,122,38
31014,122,39
31015,122,40
31016,122,41
31017,122,42
31018,122,43
31019,122,44
31020,122,45
31021,122,46
31022,122,47
31023,122,48
31024,122,49
31025,122,50
31026,122,51
31027,122,52
31028,122,53
31029,122,54
31030,122,55
31031,122,56
31032,122,57
31033,122,58
31034,122,59
31035,122,60
31036,122,61
31037,122,62
31038,122,63
31039,122,64
31040,122,65
31041,122,66
31042,122,67
31043,122,68
31044,122,69
31045,122,70
31046,122,71
31047,122,72
31048,122,73
31049,122,74
31050,122,75
31051,122,76
31052,122,77
31053,122,78
31054,122,79
31055,122,80
31056,122,81
31057,122,82
31058,122,83
31059,122,84
31060,122,85
31061,122,86
31062,122,87
31063,122,88
31064,122,89
31065,122,90
31066,122,91
31067,122,92
31068,122,93
31069,122,94
31070,122,95
31071,122,96
31072,122,97
31073,122,98
31074,122,99
31075,122,100
31076,122,101
31077,122,102
31078,122,103
31079,122,104
31080,122,105
31081,122,106
31082,122,107
31083,122,108
31084,122,109
31085,122,110
31086,122,111
31087,122,112
31088,122,113
31089,122,114
31090,122,115
31091,122,116
31092,122,117
31093,122,118
31094,122,119
31095,122,120
31096,122,121
31097,122,122
31098,122,123
31099,122,124
31100,122,125
31101,122,126
31102,122,127
31103,122,128
31104,122,129
31105,122,130
31106,122,131
31107,122,132
31108,122,133
31109,122,134
31110,122,135
31111,122,136
31112,122,137
31113,122,138
31114,122,139
31115,122,140
31116,122,141
31117,122,142
31118,122,143
31119,122,144
31120,122,145
31121,122,146
31122,122,147
31123,122,148
31124,122,149
31125,122,150
31126,122,151
31127,122,152
31128,122,153
31129,122,154
31130,122,155
31131,122,156
31132,122,157
31133,122,158
31134,122,159
31135,122,160
31136,122,161
31137,122,162
31138,122,163
31139,122,164
31140,122,165
31141,122,166
31142,122,167
31143,122,168
31144,122,169
31145,122,170
31146,122,171
31147,122,172
31148,122,173
31149,122,174
31150,122,175
31151,122,176
31152,122,177
31153,122,178
31154,122,179
31155,122,180
31156,122,181
31157,122,182
31158,122,183
31159,122,184
31160,122,185
31161,122,186
31162,122,187
31163,122,188
31164,122,189
31165,122,190
31166,122,191
31167,122,192
31168,122,193
31169,122,194
31170,122,195
31171,122,196
31172,122,197
31173,122,198
31174,122,199
31175,122,200
31176,122,201
31177,122,202
31178,122,203
31179,122,204
31180,122,205
31181,122,206
31182,122,207
31183,122,208
31184,122,209
31185,122,210
31186,122,211
31187,122,212
31188,122,213
31189,122,214
31190,122,215
31191,122,216
31192,122,217
31193,122,218
31194,122,219
31195,122,220
31196,122,221
31197,122,222
31198,122,223
31199,122,224
31200,122,225
31201,122,226
31202,122,227
31203,122,228
31204,122,229
31205,122,230
31206,122,231
31207,122,232
31208,122,233
31209,122,234
31210,122,235
31211,122,236
31212,122,237
31213,122,238
31214,122,239
31215,122,240
31216,122,241
31217,122,242
31218,122,243
31219,122,244
31220,122,245
31221,122,246
31222,122,247
31223,122,248
31224,122,249
31225,122,250
31226,122,251
31227,122,252
31228,122,253
31229,122,254
31230,122,255
31231,122,256
31232,123,1
31233,123,2
31234,123,3
31235,123,4
31236,123,5
31237,123,6
31238,123,7
31239,123,8
31240,123,9
31241,123,10
31242,123,11
31243,123,12
31244,123,13
31245,123,14
31246,123,15
31247,123,16
31248,123,17
31249,123,18
31250,123,19
31251,123,20
31252,123,21
31253,123,22
31254,123,23
31255,123,24
31256,123,25
31257,123,26
31258,123,27
31259,123,28
31260,123,29
31261,123,30
31262,123,31
31263,123,32
31264,123,33
31265,123,34
31266,123,35
31267,123,36
31268,123,37
31269,123,38
31270,123,39
31271,123,40
31272,123,41
31273,123,42
31274,123,43
31275,123,44
31276,123,45
31277,123,46
31278,123,47
31279,123,48
31280,123,49
31281,123,50
31282,123,51
31283,123,52
31284,123,53
31285,123,54
31286,123,55
31287,123,56
31288,123,57
31289,123,58
31290,123,59
31291,123,60
31292,123,61
31293,123,62
31294,123,63
31295,123,64
31296,123,65
31297,123,66
31298,123,67
31299,123,68
31300,123,69
31301,123,70
31302,123,71
31303,123,72
31304,123,73
31305,123,74
31306,123,75
31307,123,76
31308,123,77
31309,123,78
31310,123,79
31311,123,80
31312,123,81
31313,123,82
31314,123,83
31315,123,84
31316,123,85
31317,123,86
31318,123,87
31319,123,88
31320,123,89
31321,123,90
31322,123,91
31323,123,92
31324,123,93
31325,123,94
31326,123,95
31327,123,96
31328,123,97
31329,123,98
31330,123,99
31331,123,100
31332,123,101
31333,123,102
31334,123,103
31335,123,104
31336,123,105
31337,123,106
31338,123,107
31339,123,108
31340,123,109
31341,123,110
31342,123,111
31343,123,112
31344,123,113
31345,123,114
31346,123,115
31347,123,116
31348,123,117
31349,123,118
31350,123,119
31351,123,120
31352,123,121
31353,123,122
31354,123,123
31355,123,124
31356,123,125
31357,123,126
31358,123,127
31359,123,128
31360,123,129
31361,123,130
31362,123,131
31363,123,132
31364,123,133
31365,123,134
31366,123,135
31367,123,136
31368,123,137
31369,123,138
31370,123,139
31371,123,140
31372,123,141
31373,123,142
31374,123,143
31375,123,144
31376,123,145
31377,123,146
31378,123,147
31379,123,148
31380,123,149
31381,123,150
31382,123,151
31383,123,152
31384,123,153
31385,123,154
31386,123,155
31387,123,156
31388,123,157
31389,123,158
31390,123,159
31391,123,160
31392,123,161
31393,123,162
31394,123,163
31395,123,164
31396,123,165
31397,123,166
31398,123,167
31399,123,168
31400,123,169
31401,123,170
31402,123,171
31403,123,172
31404,123,173
31405,123,174
31406,123,175
31407,123,176
31408,123,177
31409,123,178
31410,123,179
31411,123,180
31412,123,181
31413,123,182
31414,123,183
31415,123,184
31416,123,185
31417,123,186
31418,123,187
31419,123,188
31420,123,189
31421,123,190
31422,123,191
31423,123,192
31424,123,193
31425,123,194
31426,123,195
31427,123,196
31428,123,197
31429,123,198
31430,123,199
31431,123,200
31432,123,201
31433,123,202
31434,123,203
31435,123,204
31436,123,205
31437,123,206
31438,123,207
31439,123,208
31440,123,209
31441,123,210
31442,123,211
31443,123,212
31444,123,213
31445,123,214
31446,123,215
31447,123,216
31448,123,217
31449,123,218
31450,123,219
31451,123,220
31452,123,221
31453,123,222
31454,123,223
31455,123,224
31456,123,225
31457,123,226
31458,123,227
31459,123,228
31460,123,229
31461,123,230
31462,123,231
31463,123,232
31464,123,233
31465,123,234
31466,123,235
31467,123,236
31468,123,237
31469,123,238
31470,123,239
31471,123,240
31472,123,241
31473,123,242
31474,123,243
31475,123,244
31476,123,245
31477,123,246
31478,123,247
31479,123,248
31480,123,249
31481,123,250
31482,123,251
31483,123,252
31484,123,253
31485,123,254
31486,123,255
31487,123,256
31488,124,1
31489,124,2
31490,124,3
31491,124,4
31492,124,5
31493,124,6
31494,124,7
31495,124,8
31496,124,9
31497,124,10
31498,124,11
31499,124,12
31500,124,13
31501,124,14
31502,124,15
31503,124,16
31504,124,17
31505,124,18
31506,124,19
31507,124,20
31508,124,21
31509,124,22
31510,124,23
31511,124,24
31512,124,25
31513,124,26
31514,124,27
31515,124,28
31516,124,29
31517,124,30
31518,124,31
31519,124,32
31520,124,33
31521,124,34
31522,124,35
31523,124,36
31524,124,37
31525,124,38
31526,124,39
31527,124,40
31528,124,41
31529,124,42
31530,124,43
31531,124,44
31532,124,45
31533,124,46
31534,124,47
31535,124,48
31536,124,49
31537,124,50
31538,124,51
31539,124,52
31540,124,53
31541,124,54
31542,124,55
31543,124,56
31544,124,57
31545,124,58
31546,124,59
31547,124,60
31548,124,61
31549,124,62
31550,124,63
31551,124,64
31552,124,65
31553,124,66
31554,124,67
31555,124,68
31556,124,69
31557,124,70
31558,124,71
31559,124,72
31560,124,73
31561,124,74
31562,124,75
31563,124,76
31564,124,77
31565,124,78
31566,124,79
31567,124,80
31568,124,81
31569,124,82
31570,124,83
31571,124,84
31572,124,85
31573,124,86
31574,124,87
31575,124,88
31576,124,89
31577,124,90
31578,124,91
31579,124,92
31580,124,93
31581,124,94
31582,124,95
31583,124,96
31584,124,97
31585,124,98
31586,124,99
31587,124,100
31588,124,101
31589,124,102
31590,124,103
31591,124,104
31592,124,105
31593,124,106
31594,124,107
31595,124,108
31596,124,109
31597,124,110
31598,124,111
31599,124,112
31600,124,113
31601,124,114
31602,124,115
31603,124,116
31604,124,117
31605,124,118
31606,124,119
31607,124,120
31608,124,121
31609,124,122
31610,124,123
31611,124,124
31612,124,125
31613,124,126
31614,124,127
31615,124,128
31616,124,129
31617,124,130
31618,124,131
31619,124,132
31620,124,133
31621,124,134
31622,124,135
31623,124,136
31624,124,137
31625,124,138
31626,124,139
31627,124,140
31628,124,141
31629,124,142
31630,124,143
31631,124,144
31632,124,145
31633,124,146
31634,124,147
31635,124,148
31636,124,149
31637,124,150
31638,124,151
31639,124,152
31640,124,153
31641,124,154
31642,124,155
31643,124,156
31644,124,157
31645,124,158
31646,124,159
31647,124,160
31648,124,161
31649,124,162
31650,124,163
31651,124,164
31652,124,165
31653,124,166
31654,124,167
31655,124,168
31656,124,169
31657,124,170
31658,124,171
31659,124,172
31660,124,173
31661,124,174
31662,124,175
31663,124,176
31664,124,177
31665,124,178
31666,124,179
31667,124,180
31668,124,181
31669,124,182
31670,124,183
31671,124,184
31672,124,185
31673,124,186
31674,124,187
31675,124,188
31676,124,189
31677,124,190
31678,124,191
31679,124,192
31680,124,193
31681,124,194
31682,124,195
31683,124,196
31684,124,197
31685,124,198
31686,124,199
31687,124,200
31688,124,201
31689,124,202
31690,124,203
31691,124,204
31692,124,205
31693,124,206
31694,124,207
31695,124,208
31696,124,209
31697,124,210
31698,124,211
31699,124,212
31700,124,213
31701,124,214
31702,124,215
31703,124,216
31704,124,217
31705,124,218
31706,124,219
31707,124,220
31708,124,221
31709,124,222
31710,124,223
31711,124,224
31712,124,225
31713,124,226
31714,124,227
31715,124,228
31716,124,229
31717,124,230
31718,124,231
31719,124,232
31720,124,233
31721,124,234
31722,124,235
31723,124,236
31724,124,237
31725,124,238
31726,124,239
31727,124,240
31728,124,241
31729,124,242
31730,124,243
31731,124,244
31732,124,245
31733,124,246
31734,124,247
31735,124,248
31736,124,249
31737,124,250
31738,124,251
31739,124,252
31740,124,253
31741,124,254
31742,124,255
31743,124,256
31744,125,1
31745,125,2
31746,125,3
31747,125,4
31748,125,5
31749,125,6
31750,125,7
31751,125,8
31752,125,9
31753,125,10
31754,125,11
31755,125,12
31756,125,13
31757,125,14
31758,125,15
31759,125,16
31760,125,17
31761,125,18
31762,125,19
31763,125,20
31764,125,21
31765,125,22
31766,125,23
31767,125,24
31768,125,25
31769,125,26
31770,125,27
31771,125,28
31772,125,29
31773,125,30
31774,125,31
31775,125,32
31776,125,33
31777,125,34
31778,125,35
31779,125,36
31780,125,37
31781,125,38
31782,125,39
31783,125,40
31784,125,41
31785,125,42
31786,125,43
31787,125,44
31788,125,45
31789,125,46
31790,125,47
31791,125,48
31792,125,49
31793,125,50
31794,125,51
31795,125,52
31796,125,53
31797,125,54
31798,125,55
31799,125,56
31800,125,57
31801,125,58
31802,125,59
31803,125,60
31804,125,61
31805,125,62
31806,125,63
31807,125,64
31808,125,65
31809,125,66
31810,125,67
31811,125,68
31812,125,69
31813,125,70
31814,125,71
31815,125,72
31816,125,73
31817,125,74
31818,125,75
31819,125,76
31820,125,77
31821,125,78
31822,125,79
31823,125,80
31824,125,81
31825,125,82
31826,125,83
31827,125,84
31828,125,85
31829,125,86
31830,125,87
31831,125,88
31832,125,89
31833,125,90
31834,125,91
31835,125,92
31836,125,93
31837,125,94
31838,125,95
31839,125,96
31840,125,97
31841,125,98
31842,125,99
31843,125,100
31844,125,101
31845,125,102
31846,125,103
31847,125,104
31848,125,105
31849,125,106
31850,125,107
31851,125,108
31852,125,109
31853,125,110
31854,125,111
31855,125,112
31856,125,113
31857,125,114
31858,125,115
31859,125,116
31860,125,117
31861,125,118
31862,125,119
31863,125,120
31864,125,121
31865,125,122
31866,125,123
31867,125,124
31868,125,125
31869,125,126
31870,125,127
31871,125,128
31872,125,129
31873,125,130
31874,125,131
31875,125,132
31876,125,133
31877,125,134
31878,125,135
31879,125,136
31880,125,137
31881,125,138
31882,125,139
31883,125,140
31884,125,141
31885,125,142
31886,125,143
31887,125,144
31888,125,145
31889,125,146
31890,125,147
31891,125,148
31892,125,149
31893,125,150
31894,125,151
31895,125,152
31896,125,153
31897,125,154
31898,125,155
31899,125,156
31900,125,157
31901,125,158
31902,125,159
31903,125,160
31904,125,161
31905,125,162
31906,125,163
31907,125,164
31908,125,165
31909,125,166
31910,125,167
31911,125,168
31912,125,169
31913,125,170
31914,125,171
31915,125,172
31916,125,173
31917,125,174
31918,125,175
31919,125,176
31920,125,177
31921,125,178
31922,125,179
31923,125,180
31924,125,181
31925,125,182
31926,125,183
31927,125,184
31928,125,185
31929,125,186
31930,125,187
31931,125,188
31932,125,189
31933,125,190
31934,125,191
31935,125,192
31936,125,193
31937,125,194
31938,125,195
31939,125,196
31940,125,197
31941,125,198
31942,125,199
31943,125,200
31944,125,201
31945,125,202
31946,125,203
31947,125,204
31948,125,205
31949,125,206
31950,125,207
31951,125,208
31952,125,209
31953,125,210
31954,125,211
31955,125,212
31956,125,213
31957,125,214
31958,125,215
31959,125,216
31960,125,217
31961,125,218
31962,125,219
31963,125,220
31964,125,221
31965,125,222
31966,125,223
31967,125,224
31968,125,225
31969,125,226
31970,125,227
31971,125,228
31972,125,229
31973,125,230
31974,125,231
31975,125,232
31976,125,233
31977,125,234
31978,125,235
31979,125,236
31980,125,237
31981,125,238
31982,125,239
31983,125,240
31984,125,241
31985,125,242
31986,125,243
31987,125,244
31988,125,245
31989,125,246
31990,125,247
31991,125,248
31992,125,249
31993,125,250
31994,125,251
31995,125,252
31996,125,253
31997,125,254
31998,125,255
31999,125,256
32000,126,1
32001,126,2
32002,126,3
32003,126,4
32004,126,5
32005,126,6
32006,126,7
32007,126,8
32008,126,9
32009,126,10
32010,126,11
32011,126,12
32012,126,13
32013,126,14
32014,126,15
32015,126,16
32016,126,17
32017,126,18
32018,126,19
32019,126,20
32020,126,21
32021,126,22
32022,126,23
32023,126,24
32024,126,25
32025,126,26
32026,126,27
32027,126,28
32028,126,29
32029,126,30
32030,126,31
32031,126,32
32032,126,33
32033,126,34
32034,126,35
32035,126,36
32036,126,37
32037,126,38
32038,126,39
32039,126,40
32040,126,41
32041,126,42
32042,126,43
32043,126,44
32044,126,45
32045,126,46
32046,126,47
32047,126,48
32048,126,49
32049,126,50
32050,126,51
32051,126,52
32052,126,53
32053,126,54
32054,126,55
32055,126,56
32056,126,57
32057,126,58
32058,126,59
32059,126,60
32060,126,61
32061,126,62
32062,126,63
32063,126,64
32064,126,65
32065,126,66
32066,126,67
32067,126,68
32068,126,69
32069,126,70
32070,126,71
32071,126,72
32072,126,73
32073,126,74
32074,126,75
32075,126,76
32076,126,77
32077,126,78
32078,126,79
32079,126,80
32080,126,81
32081,126,82
32082,126,83
32083,126,84
32084,126,85
32085,126,86
32086,126,87
32087,126,88
32088,126,89
32089,126,90
32090,126,91
32091,126,92
32092,126,93
32093,126,94
32094,126,95
32095,126,96
32096,126,97
32097,126,98
32098,126,99
32099,126,100
32100,126,101
32101,126,102
32102,126,103
32103,126,104
32104,126,105
32105,126,106
32106,126,107
32107,126,108
32108,126,109
32109,126,110
32110,126,111
32111,126,112
32112,126,113
32113,126,114
32114,126,115
32115,126,116
32116,126,117
32117,126,118
32118,126,119
32119,126,120
32120,126,121
32121,126,122
32122,126,123
32123,126,124
32124,126,125
32125,126,126
32126,126,127
32127,126,128
32128,126,129
32129,126,130
32130,126,131
32131,126,132
32132,126,133
32133,126,134
32134,126,135
32135,126,136
32136,126,137
32137,126,138
32138,126,139
32139,126,140
32140,126,141
32141,126,142
32142,126,143
32143,126,144
32144,126,145
32145,126,146
32146,126,147
32147,126,148
32148,126,149
32149,126,150
32150,126,151
32151,126,152
32152,126,153
32153,126,154
32154,126,155
32155,126,156
32156,126,157
32157,126,158
32158,126,159
32159,126,160
32160,126,161
32161,126,162
32162,126,163
32163,126,164
32164,126,165
32165,126,166
32166,126,167
32167,126,168
32168,126,169
32169,126,170
32170,126,171
32171,126,172
32172,126,173
32173,126,174
32174,126,175
32175,126,176
32176,126,177
32177,126,178
32178,126,179
32179,126,180
32180,126,181
32181,126,182
32182,126,183
32183,126,184
32184,126,185
32185,126,186
32186,126,187
32187,126,188
32188,126,189
32189,126,190
32190,126,191
32191,126,192
32192,126,193
32193,126,194
32194,126,195
32195,126,196
32196,126,197
32197,126,198
32198,126,199
32199,126,200
32200,126,201
32201,126,202
32202,126,203
32203,126,204
32204,126,205
32205,126,206
32206,126,207
32207,126,208
32208,126,209
32209,126,210
32210,126,211
32211,126,212
32212,126,213
32213,126,214
32214,126,215
32215,126,216
32216,126,217
32217,126,218
32218,126,219
32219,126,220
32220,126,221
32221,126,222
32222,126,223
32223,126,224
32224,126,225
32225,126,226
32226,126,227
32227,126,228
32228,126,229
32229,126,230
32230,126,231
32231,126,232
32232,126,233
32233,126,234
32234,126,235
32235,126,236
32236,126,237
32237,126,238
32238,126,239
32239,126,240
32240,126,241
32241,126,242
32242,126,243
32243,126,244
32244,126,245
32245,126,246
32246,126,247
32247,126,248
32248,126,249
32249,126,250
32250,126,251
32251,126,252
32252,126,253
32253,126,254
32254,126,255
32255,126,256
32256,127,1
32257,127,2
32258,127,3
32259,127,4
32260,127,5
32261,127,6
32262,127,7
32263,127,8
32264,127,9
32265,127,10
32266,127,11
32267,127,12
32268,127,13
32269,127,14
32270,127,15
32271,127,16
32272,127,17
32273,127,18
32274,127,19
32275,127,20
32276,127,21
32277,127,22
32278,127,23
32279,127,24
32280,127,25
32281,127,26
32282,127,27
32283,127,28
32284,127,29
32285,127,30
32286,127,31
32287,127,32
32288,127,33
32289,127,34
32290,127,35
32291,127,36
32292,127,37
32293,127,38
32294,127,39
32295,127,40
32296,127,41
32297,127,42
32298,127,43
32299,127,44
32300,127,45
32301,127,46
32302,127,47
32303,127,48
32304,127,49
32305,127,50
32306,127,51
32307,127,52
32308,127,53
32309,127,54
32310,127,55
32311,127,56
32312,127,57
32313,127,58
32314,127,59
32315,127,60
32316,127,61
32317,127,62
32318,127,63
32319,127,64
32320,127,65
32321,127,66
32322,127,67
32323,127,68
32324,127,69
32325,127,70
32326,127,71
32327,127,72
32328,127,73
32329,127,74
32330,127,75
32331,127,76
32332,127,77
32333,127,78
32334,127,79
32335,127,80
32336,127,81
32337,127,82
32338,127,83
32339,127,84
32340,127,85
32341,127,86
32342,127,87
32343,127,88
32344,127,89
32345,127,90
32346,127,91
32347,127,92
32348,127,93
32349,127,94
32350,127,95
32351,127,96
32352,127,97
32353,127,98
32354,127,99
32355,127,100
32356,127,101
32357,127,102
32358,127,103
32359,127,104
32360,127,105
32361,127,106
32362,127,107
32363,127,108
32364,127,109
32365,127,110
32366,127,111
32367,127,112
32368,127,113
32369,127,114
32370,127,115
32371,127,116
32372,127,117
32373,127,118
32374,127,119
32375,127,120
32376,127,121
32377,127,122
32378,127,123
32379,127,124
32380,127,125
32381,127,126
32382,127,127
32383,127,128
32384,127,129
32385,127,130
32386,127,131
32387,127,132
32388,127,133
32389,127,134
32390,127,135
32391,127,136
32392,127,137
32393,127,138
32394,127,139
32395,127,140
32396,127,141
32397,127,142
32398,127,143
32399,127,144
32400,127,145
32401,127,146
32402,127,147
32403,127,148
32404,127,149
32405,127,150
32406,127,151
32407,127,152
32408,127,153
32409,127,154
32410,127,155
32411,127,156
32412,127,157
32413,127,158
32414,127,159
32415,127,160
32416,127,161
32417,127,162
32418,127,163
32419,127,164
32420,127,165
32421,127,166
32422,127,167
32423,127,168
32424,127,169
32425,127,170
32426,127,171
32427,127,172
32428,127,173
32429,127,174
32430,127,175
32431,127,176
32432,127,177
32433,127,178
32434,127,179
32435,127,180
32436,127,181
32437,127,182
32438,127,183
32439,127,184
32440,127,185
32441,127,186
32442,127,187
32443,127,188
32444,127,189
32445,127,190
32446,127,191
32447,127,192
32448,127,193
32449,127,194
32450,127,195
32451,127,196
32452,127,197
32453,127,198
32454,127,199
32455,127,200
32456,127,201
32457,127,202
32458,127,203
32459,127,204
32460,127,205
32461,127,206
32462,127,207
32463,127,208
32464,127,209
32465,127,210
32466,127,211
32467,127,212
32468,127,213
32469,127,214
32470,127,215
32471,127,216
32472,127,217
32473,127,218
32474,127,219
32475,127,220
32476,127,221
32477,127,222
32478,127,223
32479,127,224
32480,127,225
32481,127,226
32482,127,227
32483,127,228
32484,127,229
32485,127,230
32486,127,231
32487,127,232
32488,127,233
32489,127,234
32490,127,235
32491,127,236
32492,127,237
32493,127,238
32494,127,239
32495,127,240
32496,127,241
32497,127,242
32498,127,243
32499,127,244
32500,127,245
32501,127,246
32502,127,247
32503,127,248
32504,127,249
32505,127,250
32506,127,251
32507,127,252
32508,127,253
32509,127,254
32510,127,255
32511,127,256
32512,128,1
32513,128,2
32514,128,3
32515,128,4
32516,128,5
32517,128,6
32518,128,7
32519,128,8
32520,128,9
32521,128,10
32522,128,11
32523,128,12
32524,128,13
32525,128,14
32526,128,15
32527,128,16
32528,128,17
32529,128,18
32530,128,19
32531,128,20
32532,128,21
32533,128,22
32534,128,23
32535,128,24
32536,128,25
32537,128,26
32538,128,27
32539,128,28
32540,128,29
32541,128,30
32542,128,31
32543,128,32
32544,128,33
32545,128,34
32546,128,35
32547,128,36
32548,128,37
32549,128,38
32550,128,39
32551,128,40
32552,128,41
32553,128,42
32554,128,43
32555,128,44
32556,128,45
32557,128,46
32558,128,47
32559,128,48
32560,128,49
32561,128,50
32562,128,51
32563,128,52
32564,128,53
32565,128,54
32566,128,55
32567,128,56
32568,128,57
32569,128,58
32570,128,59
32571,128,60
32572,128,61
32573,128,62
32574,128,63
32575,128,64
32576,128,65
32577,128,66
32578,128,67
32579,128,68
32580,128,69
32581,128,70
32582,128,71
32583,128,72
32584,128,73
32585,128,74
32586,128,75
32587,128,76
32588,128,77
32589,128,78
32590,128,79
32591,128,80
32592,128,81
32593,128,82
32594,128,83
32595,128,84
32596,128,85
32597,128,86
32598,128,87
32599,128,88
32600,128,89
32601,128,90
32602,128,91
32603,128,92
32604,128,93
32605,128,94
32606,128,95
32607,128,96
32608,128,97
32609,128,98
32610,128,99
32611,128,100
32612,128,101
32613,128,102
32614,128,103
32615,128,104
32616,128,105
32617,128,106
32618,128,107
32619,128,108
32620,128,109
32621,128,110
32622,128,111
32623,128,112
32624,128,113
32625,128,114
32626,128,115
32627,128,116
32628,128,117
32629,128,118
32630,128,119
32631,128,120
32632,128,121
32633,128,122
32634,128,123
32635,128,124
32636,128,125
32637,128,126
32638,128,127
32639,128,128
32640,128,129
32641,128,130
32642,128,131
32643,128,132
32644,128,133
32645,128,134
32646,128,135
32647,128,136
32648,128,137
32649,128,138
32650,128,139
32651,128,140
32652,128,141
32653,128,142
32654,128,143
32655,128,144
32656,128,145
32657,128,146
32658,128,147
32659,128,148
32660,128,149
32661,128,150
32662,128,151
ENSG00000254772,128,152
32664,128,153
32665,128,154
32666,128,155
32667,128,156
32668,128,157
32669,128,158
32670,128,159
32671,128,160
32672,128,161
32673,128,162
32674,128,163
32675,128,164
32676,128,165
32677,128,166
32678,128,167
32679,128,168
32680,128,169
32681,128,170
32682,128,171
32683,128,172
32684,128,173
32685,128,174
32686,128,175
32687,128,176
32688,128,177
32689,128,178
32690,128,179
32691,128,180
32692,128,181
32693,128,182
32694,128,183
32695,128,184
32696,128,185
32697,128,186
32698,128,187
32699,128,188
32700,128,189
32701,128,190
32702,128,191
32703,128,192
32704,128,193
32705,128,194
32706,128,195
32707,128,196
32708,128,197
32709,128,198
32710,128,199
32711,128,200
32712,128,201
32713,128,202
32714,128,203
32715,128,204
32716,128,205
32717,128,206
32718,128,207
32719,128,208
32720,128,209
32721,128,210
32722,128,211
32723,128,212
32724,128,213
32725,128,214
32726,128,215
32727,128,216
32728,128,217
32729,128,218
32730,128,219
32731,128,220
32732,128,221
32733,128,222
32734,128,223
32735,128,224
32736,128,225
32737,128,226
32738,128,227
32739,128,228
32740,128,229
32741,128,230
32742,128,231
32743,128,232
32744,128,233
32745,128,234
32746,128,235
32747,128,236
32748,128,237
32749,128,238
32750,128,239
32751,128,240
32752,128,241
32753,128,242
32754,128,243
32755,128,244
32756,128,245
32757,128,246
32758,128,247
32759,128,248
32760,128,249
32761,128,250
32762,128,251
32763,128,252
32764,128,253
32765,128,254
32766,128,255
32767,128,256
